{
	"credit": "Made with Blockbench",
	"textures": {
		"0": "block/stripped_dark_oak_log",
		"particle": "block/stripped_dark_oak_log"
	},
	"elements": [
		{
			"from": [12.9, 1.6, 8],
			"to": [15.6, 2.6, 9],
			"rotation": {"angle": 22.5, "axis": "z", "origin": [0, 0, 0]},
			"faces": {
				"north": {"uv": [6, 4, 11, 11], "rotation": 90, "texture": "#0"},
				"east": {"uv": [5, 5, 10, 10], "rotation": 90, "texture": "#0"},
				"south": {"uv": [0, 9, 5, 16], "rotation": 90, "texture": "#0"},
				"west": {"uv": [0, 0, 1, 1], "texture": "#0"},
				"up": {"uv": [0, 2, 5, 9], "rotation": 90, "texture": "#0"},
				"down": {"uv": [6, 4, 11, 11], "rotation": 90, "texture": "#0"}
			}
		},
		{
			"from": [15.89687, 8.36036, 8.09],
			"to": [16.59687, 10.96036, 8.91],
			"rotation": {"angle": -22.5, "axis": "z", "origin": [16.19687, 10.66036, 8.5]},
			"faces": {
				"north": {"uv": [13, 0, 16, 12], "texture": "#0"},
				"east": {"uv": [9, 1, 12, 13], "texture": "#0"},
				"south": {"uv": [2, 2, 5, 14], "texture": "#0"},
				"west": {"uv": [10, 0, 13, 12], "texture": "#0"},
				"up": {"uv": [0, 0, 0.8, 0.7], "rotation": 270, "texture": "#0"},
				"down": {"uv": [0, 0, 0.8, 0.7], "rotation": 270, "texture": "#0"}
			}
		},
		{
			"from": [18.65295, 2.0872, 8.1],
			"to": [21.75295, 2.8872, 8.9],
			"rotation": {"angle": 22.5, "axis": "z", "origin": [-3.04705, 0.5872, 0]},
			"faces": {
				"north": {"uv": [5, 4, 8, 16], "rotation": 90, "texture": "#0"},
				"east": {"uv": [5, 5, 10, 10], "rotation": 90, "texture": "#0"},
				"south": {"uv": [10, 2, 13, 14], "rotation": 90, "texture": "#0"},
				"west": {"uv": [0, 0, 0.8, 0.8], "texture": "#0"},
				"up": {"uv": [1, 0, 4, 12], "rotation": 90, "texture": "#0"},
				"down": {"uv": [1, 1, 4, 13], "rotation": 90, "texture": "#0"}
			}
		},
		{
			"from": [13.88976, 7.89521, 8.2],
			"to": [14.48976, 9.19521, 8.8],
			"rotation": {"angle": 45, "axis": "z", "origin": [13.68976, 9.59521, 8.5]},
			"faces": {
				"north": {"uv": [12, 8, 15, 15], "texture": "#0"},
				"east": {"uv": [5, 8, 8, 15], "texture": "#0"},
				"south": {"uv": [3, 9, 6, 16], "texture": "#0"},
				"west": {"uv": [12, 8, 15, 15], "texture": "#0"},
				"up": {"uv": [7, 11, 10, 14], "texture": "#0"},
				"down": {"uv": [0, 0, 0.6, 0.6], "rotation": 270, "texture": "#0"}
			}
		},
		{
			"from": [21.7317, 10.7542, 8.3],
			"to": [22.1317, 11.9542, 8.7],
			"rotation": {"angle": -22.5, "axis": "z", "origin": [21.8317, 14.0542, 8.9]},
			"faces": {
				"north": {"uv": [5, 3, 8, 13], "texture": "#0"},
				"east": {"uv": [8, 6, 11, 16], "texture": "#0"},
				"south": {"uv": [4, 6, 7, 16], "texture": "#0"},
				"west": {"uv": [6, 6, 9, 16], "texture": "#0"},
				"up": {"uv": [13, 0, 16, 2], "texture": "#0"},
				"down": {"uv": [0, 0, 0.4, 0.4], "rotation": 270, "texture": "#0"}
			}
		},
		{
			"from": [20.72974, 10.81155, 8.3],
			"to": [22.22974, 11.21155, 8.7],
			"rotation": {"angle": 0, "axis": "z", "origin": [26.72974, 11.21155, 8.5]},
			"faces": {
				"north": {"uv": [11, 8, 14, 16], "rotation": 90, "texture": "#0"},
				"east": {"uv": [11, 11, 16, 16], "rotation": 90, "texture": "#0"},
				"south": {"uv": [0, 2, 3, 10], "rotation": 90, "texture": "#0"},
				"west": {"uv": [0, 0, 0.4, 0.4], "texture": "#0"},
				"up": {"uv": [2, 0, 5, 8], "rotation": 90, "texture": "#0"},
				"down": {"uv": [11, 0, 14, 8], "rotation": 90, "texture": "#0"}
			}
		},
		{
			"from": [19.25153, 9.42656, 8.2],
			"to": [21.25153, 10.02656, 8.8],
			"rotation": {"angle": -22.5, "axis": "z", "origin": [24.35153, 11.22656, 8.5]},
			"faces": {
				"north": {"uv": [11, 6, 14, 16], "rotation": 90, "texture": "#0"},
				"east": {"uv": [5, 5, 10, 10], "rotation": 90, "texture": "#0"},
				"south": {"uv": [10, 6, 13, 16], "rotation": 90, "texture": "#0"},
				"west": {"uv": [0, 0, 0.6, 0.6], "texture": "#0"},
				"up": {"uv": [5, 2, 8, 12], "rotation": 90, "texture": "#0"},
				"down": {"uv": [0, 0, 3, 10], "rotation": 90, "texture": "#0"}
			}
		},
		{
			"from": [21.02701, 11.81426, 8.35],
			"to": [22.02701, 12.11426, 8.65],
			"rotation": {"angle": 0, "axis": "z", "origin": [23.52701, 12.21426, 8.9]},
			"faces": {
				"north": {"uv": [5, 2, 8, 12], "rotation": 90, "texture": "#0"},
				"east": {"uv": [0, 0, 5, 5], "rotation": 180, "texture": "#0"},
				"south": {"uv": [9, 3, 12, 13], "rotation": 90, "texture": "#0"},
				"west": {"uv": [0, 0, 0.3, 0.3], "texture": "#0"},
				"up": {"uv": [7, 2, 10, 12], "rotation": 90, "texture": "#0"},
				"down": {"uv": [8, 2, 11, 12], "rotation": 90, "texture": "#0"}
			}
		},
		{
			"from": [15.99094, 10.87006, 8.2],
			"to": [16.59094, 11.87006, 8.8],
			"rotation": {"angle": 0, "axis": "z", "origin": [16.49094, 13.87006, 8.5]},
			"faces": {
				"north": {"uv": [13, 0, 16, 10], "texture": "#0"},
				"east": {"uv": [13, 6, 16, 16], "texture": "#0"},
				"south": {"uv": [2, 2, 5, 12], "texture": "#0"},
				"west": {"uv": [11, 3, 14, 13], "texture": "#0"},
				"up": {"uv": [0, 0, 0.6, 0.6], "rotation": 270, "texture": "#0"},
				"down": {"uv": [0, 0, 0.6, 0.6], "rotation": 270, "texture": "#0"}
			}
		},
		{
			"from": [17.52715, 10.66575, 8.2],
			"to": [18.12715, 13.46575, 8.8],
			"rotation": {"angle": -22.5, "axis": "z", "origin": [21.12715, 8.16575, 8.5]},
			"faces": {
				"north": {"uv": [11, 3, 14, 16], "texture": "#0"},
				"east": {"uv": [0, 3, 3, 16], "texture": "#0"},
				"south": {"uv": [7, 3, 10, 16], "texture": "#0"},
				"west": {"uv": [0, 0, 3, 13], "texture": "#0"},
				"up": {"uv": [5, 5, 10, 10], "rotation": 90, "texture": "#0"},
				"down": {"uv": [0, 0, 0.6, 0.6], "rotation": 270, "texture": "#0"}
			}
		},
		{
			"from": [19.32514, 15.15085, 8.3],
			"to": [19.82514, 16.95085, 8.7],
			"rotation": {"angle": 22.5, "axis": "z", "origin": [22.52514, 15.85085, 8.5]},
			"faces": {
				"north": {"uv": [4, 2, 7, 15], "texture": "#0"},
				"east": {"uv": [9, 3, 12, 16], "texture": "#0"},
				"south": {"uv": [8, 2, 12, 15], "texture": "#0"},
				"west": {"uv": [8, 2, 11, 15], "texture": "#0"},
				"up": {"uv": [8, 5, 12, 12], "rotation": 90, "texture": "#0"},
				"down": {"uv": [0, 0, 0.4, 0.5], "rotation": 270, "texture": "#0"}
			}
		},
		{
			"from": [20.02514, 15.55085, 8.39],
			"to": [20.32514, 16.95085, 8.61],
			"rotation": {"angle": 22.5, "axis": "z", "origin": [19.72514, 13.75085, 8.1]},
			"faces": {
				"north": {"uv": [8, 3, 11, 15], "texture": "#0"},
				"east": {"uv": [3, 0, 6, 12], "texture": "#0"},
				"south": {"uv": [5, 3, 8, 15], "texture": "#0"},
				"west": {"uv": [3, 3, 6, 15], "texture": "#0"},
				"up": {"uv": [5, 11, 8, 15], "texture": "#0"},
				"down": {"uv": [0, 0, 0.22, 0.3], "rotation": 270, "texture": "#0"}
			}
		},
		{
			"from": [18.0719, 16.48593, 8.4],
			"to": [18.3719, 17.58593, 8.6],
			"rotation": {"angle": -45, "axis": "z", "origin": [17.8719, 14.68593, 8.1]},
			"faces": {
				"north": {"uv": [13, 3, 16, 15], "texture": "#0"},
				"east": {"uv": [13, 4, 16, 16], "texture": "#0"},
				"south": {"uv": [2, 0, 5, 12], "texture": "#0"},
				"west": {"uv": [9, 4, 12, 16], "texture": "#0"},
				"up": {"uv": [8, 9, 10, 12], "rotation": 90, "texture": "#0"},
				"down": {"uv": [0, 0, 0.2, 0.3], "rotation": 270, "texture": "#0"}
			}
		},
		{
			"from": [13.55322, 10.16309, 8.3002],
			"to": [13.83578, 10.44565, 8.6998],
			"rotation": {"angle": 0, "axis": "z", "origin": [13.04695, 9.72401, 8.5]},
			"faces": {
				"north": {"uv": [3, 4, 6, 7], "texture": "#0"},
				"east": {"uv": [13, 0, 16, 9], "texture": "#0"},
				"south": {"uv": [3, 4, 6, 7], "texture": "#0"},
				"west": {"uv": [13, 0, 16, 9], "texture": "#0"},
				"up": {"uv": [3, 4, 6, 8], "texture": "#0"},
				"down": {"uv": [0, 0, 0.4, 0.4], "rotation": 270, "texture": "#0"}
			}
		},
		{
			"from": [16.09094, 11.77006, 8.3],
			"to": [16.49094, 12.77006, 8.7],
			"rotation": {"angle": 0, "axis": "z", "origin": [16.49094, 13.87006, 8.5]},
			"faces": {
				"north": {"uv": [9, 0, 12, 9], "texture": "#0"},
				"east": {"uv": [13, 0, 16, 9], "texture": "#0"},
				"south": {"uv": [2, 3, 5, 12], "texture": "#0"},
				"west": {"uv": [0, 7, 3, 16], "texture": "#0"},
				"up": {"uv": [7, 11, 10, 14], "texture": "#0"},
				"down": {"uv": [0, 0, 0.4, 0.4], "rotation": 270, "texture": "#0"}
			}
		},
		{
			"from": [13.98976, 9.19521, 8.3],
			"to": [14.38976, 10.09521, 8.7],
			"rotation": {"angle": 45, "axis": "z", "origin": [13.68976, 9.59521, 8.5]},
			"faces": {
				"north": {"uv": [11, 7, 14, 16], "texture": "#0"},
				"east": {"uv": [13, 0, 16, 9], "texture": "#0"},
				"south": {"uv": [3, 4, 6, 13], "texture": "#0"},
				"west": {"uv": [13, 0, 16, 9], "texture": "#0"},
				"up": {"uv": [7, 11, 10, 14], "texture": "#0"},
				"down": {"uv": [0, 0, 0.4, 0.4], "rotation": 270, "texture": "#0"}
			}
		},
		{
			"from": [15.5999, 12.35944, 8.3002],
			"to": [15.88246, 12.642, 8.6998],
			"rotation": {"angle": 45, "axis": "z", "origin": [15.6925, 13.30137, 8.5]},
			"faces": {
				"north": {"uv": [3, 4, 6, 7], "rotation": 270, "texture": "#0"},
				"east": {"uv": [3, 4, 6, 8], "rotation": 90, "texture": "#0"},
				"south": {"uv": [3, 4, 6, 7], "rotation": 90, "texture": "#0"},
				"west": {"uv": [0, 0, 0.4, 0.4], "texture": "#0"},
				"up": {"uv": [13, 0, 16, 9], "rotation": 90, "texture": "#0"},
				"down": {"uv": [13, 0, 16, 9], "rotation": 90, "texture": "#0"}
			}
		},
		{
			"from": [18.80984, 16.76899, 8.39011],
			"to": [19.02176, 16.98091, 8.60989],
			"rotation": {"angle": -22.5, "axis": "z", "origin": [18.9158, 16.87495, 8.45504]},
			"faces": {
				"north": {"uv": [3, 4, 6, 7], "texture": "#0"},
				"east": {"uv": [13, 0, 16, 9], "texture": "#0"},
				"south": {"uv": [3, 4, 6, 7], "texture": "#0"},
				"west": {"uv": [13, 0, 16, 9], "texture": "#0"},
				"up": {"uv": [3, 4, 6, 8], "texture": "#0"},
				"down": {"uv": [0, 0, 0.4, 0.4], "rotation": 270, "texture": "#0"}
			}
		},
		{
			"from": [20.06229, 16.37897, 8.4001],
			"to": [20.27421, 16.59089, 8.5999],
			"rotation": {"angle": 0, "axis": "z", "origin": [18.9158, 16.87495, 8.45504]},
			"faces": {
				"north": {"uv": [3, 4, 6, 7], "texture": "#0"},
				"east": {"uv": [13, 0, 16, 9], "texture": "#0"},
				"south": {"uv": [3, 4, 6, 7], "texture": "#0"},
				"west": {"uv": [13, 0, 16, 9], "texture": "#0"},
				"up": {"uv": [3, 4, 6, 8], "texture": "#0"},
				"down": {"uv": [0, 0, 0.4, 0.4], "rotation": 270, "texture": "#0"}
			}
		},
		{
			"from": [19.60233, 15.8218, 8.3002],
			"to": [19.95553, 16.175, 8.6998],
			"rotation": {"angle": -22.5, "axis": "z", "origin": [18.9158, 16.87495, 8.45504]},
			"faces": {
				"north": {"uv": [3, 4, 6, 7], "texture": "#0"},
				"east": {"uv": [13, 0, 16, 9], "texture": "#0"},
				"south": {"uv": [3, 4, 6, 7], "texture": "#0"},
				"west": {"uv": [13, 0, 16, 9], "texture": "#0"},
				"up": {"uv": [3, 4, 6, 8], "texture": "#0"},
				"down": {"uv": [0, 0, 0.4, 0.4], "rotation": 270, "texture": "#0"}
			}
		},
		{
			"from": [19.62418, 14.14335, 8.2003],
			"to": [20.04802, 14.56719, 8.7997],
			"rotation": {"angle": 22.5, "axis": "z", "origin": [20.05111, 15.01489, 8.4001]},
			"faces": {
				"north": {"uv": [3, 4, 6, 7], "texture": "#0"},
				"east": {"uv": [13, 0, 16, 9], "texture": "#0"},
				"south": {"uv": [3, 4, 6, 7], "texture": "#0"},
				"west": {"uv": [13, 0, 16, 9], "texture": "#0"},
				"up": {"uv": [3, 4, 6, 8], "texture": "#0"},
				"down": {"uv": [0, 0, 0.4, 0.4], "rotation": 270, "texture": "#0"}
			}
		},
		{
			"from": [14.8935, 11.65304, 8.2003],
			"to": [15.31734, 12.07688, 8.7997],
			"rotation": {"angle": 45, "axis": "z", "origin": [15.6925, 13.30137, 8.5]},
			"faces": {
				"north": {"uv": [3, 4, 6, 7], "rotation": 270, "texture": "#0"},
				"east": {"uv": [3, 4, 6, 8], "rotation": 90, "texture": "#0"},
				"south": {"uv": [3, 4, 6, 7], "rotation": 90, "texture": "#0"},
				"west": {"uv": [0, 0, 0.4, 0.4], "texture": "#0"},
				"up": {"uv": [13, 0, 16, 9], "rotation": 90, "texture": "#0"},
				"down": {"uv": [13, 0, 16, 9], "rotation": 90, "texture": "#0"}
			}
		},
		{
			"from": [14.11834, 9.45669, 8.2003],
			"to": [14.54218, 9.88053, 8.7997],
			"rotation": {"angle": 0, "axis": "z", "origin": [13.04695, 9.72401, 8.5]},
			"faces": {
				"north": {"uv": [3, 4, 6, 7], "texture": "#0"},
				"east": {"uv": [13, 0, 16, 9], "texture": "#0"},
				"south": {"uv": [3, 4, 6, 7], "texture": "#0"},
				"west": {"uv": [13, 0, 16, 9], "texture": "#0"},
				"up": {"uv": [3, 4, 6, 8], "texture": "#0"},
				"down": {"uv": [0, 0, 0.4, 0.4], "rotation": 270, "texture": "#0"}
			}
		},
		{
			"from": [15.96885, 7.6665, 8.0005],
			"to": [16.67525, 8.3729, 8.9995],
			"rotation": {"angle": -22.5, "axis": "z", "origin": [17.6905, 10.30437, 8.5]},
			"faces": {
				"north": {"uv": [3, 4, 6, 7], "texture": "#0"},
				"east": {"uv": [13, 0, 16, 9], "texture": "#0"},
				"south": {"uv": [3, 4, 6, 7], "texture": "#0"},
				"west": {"uv": [13, 0, 16, 9], "texture": "#0"},
				"up": {"uv": [3, 4, 6, 8], "texture": "#0"},
				"down": {"uv": [0, 0, 0.4, 0.4], "rotation": 270, "texture": "#0"}
			}
		},
		{
			"from": [16.0541, 10.70708, 8.09041],
			"to": [16.54858, 11.20156, 8.90959],
			"rotation": {"angle": 22.5, "axis": "z", "origin": [16.41733, 11.08438, 8.7997]},
			"faces": {
				"north": {"uv": [3, 4, 6, 8], "rotation": 90, "texture": "#0"},
				"east": {"uv": [3, 4, 6, 7], "rotation": 90, "texture": "#0"},
				"south": {"uv": [0, 0, 3, 4], "rotation": 270, "texture": "#0"},
				"west": {"uv": [3, 4, 6, 7], "rotation": 270, "texture": "#0"},
				"up": {"uv": [13, 0, 16, 9], "texture": "#0"},
				"down": {"uv": [13, 0, 16, 9], "rotation": 180, "texture": "#0"}
			}
		},
		{
			"from": [18.36101, 12.53496, 8.1004],
			"to": [18.92613, 13.10008, 8.8996],
			"rotation": {"angle": -22.5, "axis": "z", "origin": [16.41733, 11.08438, 8.7997]},
			"faces": {
				"north": {"uv": [3, 4, 6, 8], "rotation": 180, "texture": "#0"},
				"east": {"uv": [13, 0, 16, 9], "rotation": 90, "texture": "#0"},
				"south": {"uv": [3, 1, 7, 5], "rotation": 270, "texture": "#0"},
				"west": {"uv": [13, 0, 16, 9], "rotation": 270, "texture": "#0"},
				"up": {"uv": [3, 4, 6, 7], "texture": "#0"},
				"down": {"uv": [3, 4, 6, 7], "rotation": 180, "texture": "#0"}
			}
		},
		{
			"from": [20.68901, 10.84723, 8.2003],
			"to": [21.11285, 11.27106, 8.7997],
			"rotation": {"angle": 22.5, "axis": "z", "origin": [20.98326, 11.06905, 8.495]},
			"faces": {
				"north": {"uv": [3, 4, 6, 8], "rotation": 180, "texture": "#0"},
				"east": {"uv": [13, 0, 16, 9], "rotation": 90, "texture": "#0"},
				"south": {"uv": [0, 0, 3, 4], "rotation": 270, "texture": "#0"},
				"west": {"uv": [13, 0, 16, 9], "rotation": 270, "texture": "#0"},
				"up": {"uv": [3, 4, 6, 7], "texture": "#0"},
				"down": {"uv": [3, 4, 6, 7], "rotation": 180, "texture": "#0"}
			}
		},
		{
			"from": [21.91745, 11.8587, 8.35015],
			"to": [22.12937, 12.07062, 8.64985],
			"rotation": {"angle": 45, "axis": "z", "origin": [22.02341, 11.96466, 8.42507]},
			"faces": {
				"north": {"uv": [3, 4, 6, 8], "rotation": 180, "texture": "#0"},
				"east": {"uv": [13, 0, 16, 9], "rotation": 90, "texture": "#0"},
				"south": {"uv": [0, 0, 3, 4], "rotation": 270, "texture": "#0"},
				"west": {"uv": [13, 0, 16, 9], "rotation": 270, "texture": "#0"},
				"up": {"uv": [3, 4, 6, 7], "texture": "#0"},
				"down": {"uv": [3, 4, 6, 7], "rotation": 180, "texture": "#0"}
			}
		},
		{
			"from": [21.35234, 11.00718, 8.3002],
			"to": [21.6349, 11.28974, 8.6998],
			"rotation": {"angle": 45, "axis": "z", "origin": [22.02341, 11.96466, 8.42507]},
			"faces": {
				"north": {"uv": [3, 4, 6, 8], "rotation": 180, "texture": "#0"},
				"east": {"uv": [13, 0, 16, 9], "rotation": 90, "texture": "#0"},
				"south": {"uv": [0, 0, 3, 4], "rotation": 270, "texture": "#0"},
				"west": {"uv": [13, 0, 16, 9], "rotation": 270, "texture": "#0"},
				"up": {"uv": [3, 4, 6, 7], "texture": "#0"},
				"down": {"uv": [3, 4, 6, 7], "rotation": 180, "texture": "#0"}
			}
		},
		{
			"from": [20.60293, 12.16893, 8.3002],
			"to": [20.88549, 12.45149, 8.6998],
			"rotation": {"angle": 22.5, "axis": "z", "origin": [21.51953, 13.13209, 8.5]},
			"faces": {
				"north": {"uv": [3, 4, 6, 8], "rotation": 180, "texture": "#0"},
				"east": {"uv": [13, 0, 16, 9], "rotation": 90, "texture": "#0"},
				"south": {"uv": [0, 0, 3, 4], "rotation": 270, "texture": "#0"},
				"west": {"uv": [13, 0, 16, 9], "rotation": 270, "texture": "#0"},
				"up": {"uv": [3, 4, 6, 7], "texture": "#0"},
				"down": {"uv": [3, 4, 6, 7], "rotation": 180, "texture": "#0"}
			}
		},
		{
			"from": [15.04037, 9.23208, 8.62597],
			"to": [15.64037, 9.83208, 10.02597],
			"rotation": {"angle": -22.5, "axis": "x", "origin": [15.24037, 9.63208, 11.02597]},
			"faces": {
				"north": {"uv": [0, 0, 1, 1], "rotation": 90, "texture": "#0"},
				"east": {"uv": [4, 5, 9, 16], "rotation": 270, "texture": "#0"},
				"south": {"uv": [4, 11, 9, 16], "rotation": 270, "texture": "#0"},
				"west": {"uv": [5, 3, 9, 13], "rotation": 90, "texture": "#0"},
				"up": {"uv": [9, 2, 14, 13], "rotation": 180, "texture": "#0"},
				"down": {"uv": [4, 5, 9, 16], "rotation": 180, "texture": "#0"}
			}
		},
		{
			"from": [15.14037, 9.19825, 9.725],
			"to": [15.54037, 9.79825, 10.125],
			"rotation": {"angle": 22.5, "axis": "x", "origin": [15.44037, 8.44825, 9.85991]},
			"faces": {
				"north": {"uv": [3, 1, 7, 6], "rotation": 180, "texture": "#0"},
				"east": {"uv": [8, 7, 12, 12], "rotation": 180, "texture": "#0"},
				"south": {"uv": [0, 11, 4, 16], "rotation": 180, "texture": "#0"},
				"west": {"uv": [6, 3, 10, 8], "rotation": 180, "texture": "#0"},
				"up": {"uv": [5, 5, 10, 10], "texture": "#0"},
				"down": {"uv": [0, 0, 1, 1], "rotation": 270, "texture": "#0"}
			}
		},
		{
			"from": [15.19, 9.81161, 9.79],
			"to": [15.49, 10.31161, 10.09],
			"rotation": {"angle": 22.5, "axis": "x", "origin": [15.34037, 8.46161, 9.82766]},
			"faces": {
				"north": {"uv": [12, 11, 16, 16], "rotation": 180, "texture": "#0"},
				"east": {"uv": [1, 0, 5, 5], "rotation": 180, "texture": "#0"},
				"south": {"uv": [5, 3, 9, 8], "rotation": 180, "texture": "#0"},
				"west": {"uv": [6, 9, 10, 14], "rotation": 180, "texture": "#0"},
				"up": {"uv": [9, 11, 14, 16], "rotation": 180, "texture": "#0"},
				"down": {"uv": [0, 0, 1, 1], "rotation": 270, "texture": "#0"}
			}
		},
		{
			"from": [15.04067, 8.64314, 10.17767],
			"to": [15.64007, 9.06698, 10.60151],
			"rotation": {"angle": 22.5, "axis": "x", "origin": [15.24047, 9.6321, 11.02535]},
			"faces": {
				"north": {"uv": [0, 0, 1, 1], "rotation": 90, "texture": "#0"},
				"east": {"uv": [5, 9, 9, 13], "rotation": 90, "texture": "#0"},
				"south": {"uv": [10, 8, 14, 13], "rotation": 90, "texture": "#0"},
				"west": {"uv": [5, 9, 9, 13], "rotation": 90, "texture": "#0"},
				"up": {"uv": [9, 2, 14, 13], "rotation": 180, "texture": "#0"},
				"down": {"uv": [4, 5, 9, 16], "rotation": 180, "texture": "#0"}
			}
		},
		{
			"from": [15.19015, 10.05604, 11.00175],
			"to": [15.48985, 9.84412, 10.78983],
			"rotation": {"angle": -22.5, "axis": "x", "origin": [15.34037, 9.39368, 10.32195]},
			"faces": {
				"north": {"uv": [0, 7, 4, 14], "rotation": 270, "texture": "#0"},
				"east": {"uv": [11, 11, 16, 16], "rotation": 270, "texture": "#0"},
				"south": {"uv": [5, 5, 10, 10], "texture": "#0"},
				"west": {"uv": [11, 11, 16, 16], "rotation": 270, "texture": "#0"},
				"up": {"uv": [11, 0, 16, 8], "texture": "#0"},
				"down": {"uv": [6, 4, 10, 11], "rotation": 270, "texture": "#0"}
			}
		},
		{
			"from": [15.14057, 9.46432, 10.39259],
			"to": [15.54017, 9.74688, 10.67515],
			"rotation": {"angle": -22.5, "axis": "x", "origin": [15.34037, 9.39368, 10.32195]},
			"faces": {
				"north": {"uv": [0, 0, 1, 1], "rotation": 90, "texture": "#0"},
				"east": {"uv": [8, 5, 13, 13], "rotation": 90, "texture": "#0"},
				"south": {"uv": [5, 5, 10, 10], "texture": "#0"},
				"west": {"uv": [11, 8, 16, 16], "rotation": 270, "texture": "#0"},
				"up": {"uv": [11, 0, 16, 8], "texture": "#0"},
				"down": {"uv": [0, 8, 5, 16], "rotation": 180, "texture": "#0"}
			}
		},
		{
			"from": [15.6, 1.6, 8],
			"to": [17.7, 2.6, 9],
			"rotation": {"angle": 22.5, "axis": "z", "origin": [0, 0, 0]},
			"faces": {
				"north": {"uv": [6, 4, 11, 11], "rotation": 90, "texture": "#0"},
				"east": {"uv": [5, 5, 10, 10], "rotation": 90, "texture": "#0"},
				"south": {"uv": [0, 9, 5, 16], "rotation": 90, "texture": "#0"},
				"west": {"uv": [0, 0, 1, 1], "texture": "#0"},
				"up": {"uv": [0, 2, 5, 9], "rotation": 90, "texture": "#0"},
				"down": {"uv": [4, 5, 9, 12], "rotation": 90, "texture": "#0"}
			}
		},
		{
			"from": [0.4, 1.6, 8],
			"to": [3.1, 2.6, 9],
			"rotation": {"angle": -22.5, "axis": "z", "origin": [16, 0, 0]},
			"faces": {
				"north": {"uv": [6, 11, 11, 4], "rotation": 90, "texture": "#0"},
				"east": {"uv": [1, 0, 0, 1], "texture": "#0"},
				"south": {"uv": [0, 16, 5, 9], "rotation": 90, "texture": "#0"},
				"west": {"uv": [5, 10, 10, 5], "rotation": 90, "texture": "#0"},
				"up": {"uv": [0, 9, 5, 2], "rotation": 90, "texture": "#0"},
				"down": {"uv": [4, 12, 9, 5], "rotation": 90, "texture": "#0"}
			}
		},
		{
			"from": [-0.59687, 8.36036, 8.09],
			"to": [0.10313, 10.96036, 8.91],
			"rotation": {"angle": 22.5, "axis": "z", "origin": [-0.19687, 10.66036, 8.5]},
			"faces": {
				"north": {"uv": [16, 0, 13, 12], "texture": "#0"},
				"east": {"uv": [13, 0, 10, 12], "texture": "#0"},
				"south": {"uv": [5, 2, 2, 14], "texture": "#0"},
				"west": {"uv": [12, 1, 9, 13], "texture": "#0"},
				"up": {"uv": [0, 0.7, 0.8, 0], "rotation": 270, "texture": "#0"},
				"down": {"uv": [0, 0.7, 0.8, 0], "rotation": 270, "texture": "#0"}
			}
		},
		{
			"from": [-5.75295, 2.0872, 8.1],
			"to": [-2.65295, 2.8872, 8.9],
			"rotation": {"angle": -22.5, "axis": "z", "origin": [19.04705, 0.5872, 0]},
			"faces": {
				"north": {"uv": [5, 16, 8, 4], "rotation": 90, "texture": "#0"},
				"east": {"uv": [0.8, 0, 0, 0.8], "texture": "#0"},
				"south": {"uv": [10, 14, 13, 2], "rotation": 90, "texture": "#0"},
				"west": {"uv": [5, 10, 10, 5], "rotation": 90, "texture": "#0"},
				"up": {"uv": [1, 12, 4, 0], "rotation": 90, "texture": "#0"},
				"down": {"uv": [1, 13, 4, 1], "rotation": 90, "texture": "#0"}
			}
		},
		{
			"from": [1.51024, 7.89521, 8.2],
			"to": [2.11024, 9.19521, 8.8],
			"rotation": {"angle": -45, "axis": "z", "origin": [2.31024, 9.59521, 8.5]},
			"faces": {
				"north": {"uv": [15, 8, 12, 15], "texture": "#0"},
				"east": {"uv": [15, 8, 12, 15], "texture": "#0"},
				"south": {"uv": [6, 9, 3, 16], "texture": "#0"},
				"west": {"uv": [8, 8, 5, 15], "texture": "#0"},
				"up": {"uv": [10, 11, 7, 14], "texture": "#0"},
				"down": {"uv": [0, 0.6, 0.6, 0], "rotation": 270, "texture": "#0"}
			}
		},
		{
			"from": [-6.1317, 10.7542, 8.3],
			"to": [-5.7317, 11.9542, 8.7],
			"rotation": {"angle": 22.5, "axis": "z", "origin": [-5.8317, 14.0542, 8.9]},
			"faces": {
				"north": {"uv": [8, 3, 5, 13], "texture": "#0"},
				"east": {"uv": [9, 6, 6, 16], "texture": "#0"},
				"south": {"uv": [7, 6, 4, 16], "texture": "#0"},
				"west": {"uv": [11, 6, 8, 16], "texture": "#0"},
				"up": {"uv": [16, 0, 13, 2], "texture": "#0"},
				"down": {"uv": [0, 0.4, 0.4, 0], "rotation": 270, "texture": "#0"}
			}
		},
		{
			"from": [-6.22974, 10.81155, 8.3],
			"to": [-4.72974, 11.21155, 8.7],
			"rotation": {"angle": 0, "axis": "z", "origin": [-10.72974, 11.21155, 8.5]},
			"faces": {
				"north": {"uv": [11, 16, 14, 8], "rotation": 90, "texture": "#0"},
				"east": {"uv": [0.4, 0, 0, 0.4], "texture": "#0"},
				"south": {"uv": [0, 10, 3, 2], "rotation": 90, "texture": "#0"},
				"west": {"uv": [11, 16, 16, 11], "rotation": 90, "texture": "#0"},
				"up": {"uv": [2, 8, 5, 0], "rotation": 90, "texture": "#0"},
				"down": {"uv": [11, 8, 14, 0], "rotation": 90, "texture": "#0"}
			}
		},
		{
			"from": [-5.25153, 9.42656, 8.2],
			"to": [-3.25153, 10.02656, 8.8],
			"rotation": {"angle": 22.5, "axis": "z", "origin": [-8.35153, 11.22656, 8.5]},
			"faces": {
				"north": {"uv": [11, 16, 14, 6], "rotation": 90, "texture": "#0"},
				"east": {"uv": [0.6, 0, 0, 0.6], "texture": "#0"},
				"south": {"uv": [10, 16, 13, 6], "rotation": 90, "texture": "#0"},
				"west": {"uv": [5, 10, 10, 5], "rotation": 90, "texture": "#0"},
				"up": {"uv": [5, 12, 8, 2], "rotation": 90, "texture": "#0"},
				"down": {"uv": [0, 10, 3, 0], "rotation": 90, "texture": "#0"}
			}
		},
		{
			"from": [-6.02701, 11.81426, 8.35],
			"to": [-5.02701, 12.11426, 8.65],
			"rotation": {"angle": 0, "axis": "z", "origin": [-7.52701, 12.21426, 8.9]},
			"faces": {
				"north": {"uv": [5, 12, 8, 2], "rotation": 90, "texture": "#0"},
				"east": {"uv": [0.3, 0, 0, 0.3], "texture": "#0"},
				"south": {"uv": [9, 13, 12, 3], "rotation": 90, "texture": "#0"},
				"west": {"uv": [5, 0, 0, 5], "rotation": 180, "texture": "#0"},
				"up": {"uv": [7, 12, 10, 2], "rotation": 90, "texture": "#0"},
				"down": {"uv": [8, 12, 11, 2], "rotation": 90, "texture": "#0"}
			}
		},
		{
			"from": [-0.59094, 10.87006, 8.2],
			"to": [0.00906, 11.87006, 8.8],
			"rotation": {"angle": 0, "axis": "z", "origin": [-0.49094, 13.87006, 8.5]},
			"faces": {
				"north": {"uv": [16, 0, 13, 10], "texture": "#0"},
				"east": {"uv": [14, 3, 11, 13], "texture": "#0"},
				"south": {"uv": [5, 2, 2, 12], "texture": "#0"},
				"west": {"uv": [16, 6, 13, 16], "texture": "#0"},
				"up": {"uv": [0, 0.6, 0.6, 0], "rotation": 270, "texture": "#0"},
				"down": {"uv": [0, 0.6, 0.6, 0], "rotation": 270, "texture": "#0"}
			}
		},
		{
			"from": [-2.12715, 10.66575, 8.2],
			"to": [-1.52715, 13.46575, 8.8],
			"rotation": {"angle": 22.5, "axis": "z", "origin": [-5.12715, 8.16575, 8.5]},
			"faces": {
				"north": {"uv": [14, 3, 11, 16], "texture": "#0"},
				"east": {"uv": [3, 0, 0, 13], "texture": "#0"},
				"south": {"uv": [10, 3, 7, 16], "texture": "#0"},
				"west": {"uv": [3, 3, 0, 16], "texture": "#0"},
				"up": {"uv": [5, 10, 10, 5], "rotation": 90, "texture": "#0"},
				"down": {"uv": [0, 0.6, 0.6, 0], "rotation": 270, "texture": "#0"}
			}
		},
		{
			"from": [-3.82514, 15.15085, 8.3],
			"to": [-3.32514, 16.95085, 8.7],
			"rotation": {"angle": -22.5, "axis": "z", "origin": [-6.52514, 15.85085, 8.5]},
			"faces": {
				"north": {"uv": [7, 2, 4, 15], "texture": "#0"},
				"east": {"uv": [11, 2, 8, 15], "texture": "#0"},
				"south": {"uv": [12, 2, 8, 15], "texture": "#0"},
				"west": {"uv": [12, 3, 9, 16], "texture": "#0"},
				"up": {"uv": [8, 12, 12, 5], "rotation": 90, "texture": "#0"},
				"down": {"uv": [0, 0.5, 0.4, 0], "rotation": 270, "texture": "#0"}
			}
		},
		{
			"from": [-4.32514, 15.55085, 8.39],
			"to": [-4.02514, 16.95085, 8.61],
			"rotation": {"angle": -22.5, "axis": "z", "origin": [-3.72514, 13.75085, 8.1]},
			"faces": {
				"north": {"uv": [11, 3, 8, 15], "texture": "#0"},
				"east": {"uv": [6, 3, 3, 15], "texture": "#0"},
				"south": {"uv": [8, 3, 5, 15], "texture": "#0"},
				"west": {"uv": [6, 0, 3, 12], "texture": "#0"},
				"up": {"uv": [8, 11, 5, 15], "texture": "#0"},
				"down": {"uv": [0, 0.3, 0.22, 0], "rotation": 270, "texture": "#0"}
			}
		},
		{
			"from": [-2.3719, 16.48593, 8.4],
			"to": [-2.0719, 17.58593, 8.6],
			"rotation": {"angle": 45, "axis": "z", "origin": [-1.8719, 14.68593, 8.1]},
			"faces": {
				"north": {"uv": [16, 3, 13, 15], "texture": "#0"},
				"east": {"uv": [12, 4, 9, 16], "texture": "#0"},
				"south": {"uv": [5, 0, 2, 12], "texture": "#0"},
				"west": {"uv": [16, 4, 13, 16], "texture": "#0"},
				"up": {"uv": [8, 12, 10, 9], "rotation": 90, "texture": "#0"},
				"down": {"uv": [0, 0.3, 0.2, 0], "rotation": 270, "texture": "#0"}
			}
		},
		{
			"from": [2.16422, 10.16309, 8.3002],
			"to": [2.44678, 10.44565, 8.6998],
			"rotation": {"angle": 0, "axis": "z", "origin": [2.95305, 9.72401, 8.5]},
			"faces": {
				"north": {"uv": [6, 4, 3, 7], "texture": "#0"},
				"east": {"uv": [16, 0, 13, 9], "texture": "#0"},
				"south": {"uv": [6, 4, 3, 7], "texture": "#0"},
				"west": {"uv": [16, 0, 13, 9], "texture": "#0"},
				"up": {"uv": [6, 4, 3, 8], "texture": "#0"},
				"down": {"uv": [0, 0.4, 0.4, 0], "rotation": 270, "texture": "#0"}
			}
		},
		{
			"from": [-0.49094, 11.77006, 8.3],
			"to": [-0.09094, 12.77006, 8.7],
			"rotation": {"angle": 0, "axis": "z", "origin": [-0.49094, 13.87006, 8.5]},
			"faces": {
				"north": {"uv": [12, 0, 9, 9], "texture": "#0"},
				"east": {"uv": [3, 7, 0, 16], "texture": "#0"},
				"south": {"uv": [5, 3, 2, 12], "texture": "#0"},
				"west": {"uv": [16, 0, 13, 9], "texture": "#0"},
				"up": {"uv": [10, 11, 7, 14], "texture": "#0"},
				"down": {"uv": [0, 0.4, 0.4, 0], "rotation": 270, "texture": "#0"}
			}
		},
		{
			"from": [1.61024, 9.19521, 8.3],
			"to": [2.01024, 10.09521, 8.7],
			"rotation": {"angle": -45, "axis": "z", "origin": [2.31024, 9.59521, 8.5]},
			"faces": {
				"north": {"uv": [14, 7, 11, 16], "texture": "#0"},
				"east": {"uv": [16, 0, 13, 9], "texture": "#0"},
				"south": {"uv": [6, 4, 3, 13], "texture": "#0"},
				"west": {"uv": [16, 0, 13, 9], "texture": "#0"},
				"up": {"uv": [10, 11, 7, 14], "texture": "#0"},
				"down": {"uv": [0, 0.4, 0.4, 0], "rotation": 270, "texture": "#0"}
			}
		},
		{
			"from": [0.11754, 12.35944, 8.3002],
			"to": [0.4001, 12.642, 8.6998],
			"rotation": {"angle": -45, "axis": "z", "origin": [0.3075, 13.30137, 8.5]},
			"faces": {
				"north": {"uv": [3, 7, 6, 4], "rotation": 270, "texture": "#0"},
				"east": {"uv": [0.4, 0, 0, 0.4], "texture": "#0"},
				"south": {"uv": [3, 7, 6, 4], "rotation": 90, "texture": "#0"},
				"west": {"uv": [3, 8, 6, 4], "rotation": 90, "texture": "#0"},
				"up": {"uv": [13, 9, 16, 0], "rotation": 90, "texture": "#0"},
				"down": {"uv": [13, 9, 16, 0], "rotation": 90, "texture": "#0"}
			}
		},
		{
			"from": [-3.02176, 16.76899, 8.39011],
			"to": [-2.80984, 16.98091, 8.60989],
			"rotation": {"angle": 22.5, "axis": "z", "origin": [-2.9158, 16.87495, 8.45504]},
			"faces": {
				"north": {"uv": [6, 4, 3, 7], "texture": "#0"},
				"east": {"uv": [16, 0, 13, 9], "texture": "#0"},
				"south": {"uv": [6, 4, 3, 7], "texture": "#0"},
				"west": {"uv": [16, 0, 13, 9], "texture": "#0"},
				"up": {"uv": [6, 4, 3, 8], "texture": "#0"},
				"down": {"uv": [0, 0.4, 0.4, 0], "rotation": 270, "texture": "#0"}
			}
		},
		{
			"from": [-4.27421, 16.37897, 8.4001],
			"to": [-4.06229, 16.59089, 8.5999],
			"rotation": {"angle": 0, "axis": "z", "origin": [-2.9158, 16.87495, 8.45504]},
			"faces": {
				"north": {"uv": [6, 4, 3, 7], "texture": "#0"},
				"east": {"uv": [16, 0, 13, 9], "texture": "#0"},
				"south": {"uv": [6, 4, 3, 7], "texture": "#0"},
				"west": {"uv": [16, 0, 13, 9], "texture": "#0"},
				"up": {"uv": [6, 4, 3, 8], "texture": "#0"},
				"down": {"uv": [0, 0.4, 0.4, 0], "rotation": 270, "texture": "#0"}
			}
		},
		{
			"from": [-3.95553, 15.8218, 8.3002],
			"to": [-3.60233, 16.175, 8.6998],
			"rotation": {"angle": 22.5, "axis": "z", "origin": [-2.9158, 16.87495, 8.45504]},
			"faces": {
				"north": {"uv": [6, 4, 3, 7], "texture": "#0"},
				"east": {"uv": [16, 0, 13, 9], "texture": "#0"},
				"south": {"uv": [6, 4, 3, 7], "texture": "#0"},
				"west": {"uv": [16, 0, 13, 9], "texture": "#0"},
				"up": {"uv": [6, 4, 3, 8], "texture": "#0"},
				"down": {"uv": [0, 0.4, 0.4, 0], "rotation": 270, "texture": "#0"}
			}
		},
		{
			"from": [-4.04802, 14.14335, 8.2003],
			"to": [-3.62418, 14.56719, 8.7997],
			"rotation": {"angle": -22.5, "axis": "z", "origin": [-4.05111, 15.01489, 8.4001]},
			"faces": {
				"north": {"uv": [6, 4, 3, 7], "texture": "#0"},
				"east": {"uv": [16, 0, 13, 9], "texture": "#0"},
				"south": {"uv": [6, 4, 3, 7], "texture": "#0"},
				"west": {"uv": [16, 0, 13, 9], "texture": "#0"},
				"up": {"uv": [6, 4, 3, 8], "texture": "#0"},
				"down": {"uv": [0, 0.4, 0.4, 0], "rotation": 270, "texture": "#0"}
			}
		},
		{
			"from": [0.68266, 11.65304, 8.2003],
			"to": [1.1065, 12.07688, 8.7997],
			"rotation": {"angle": -45, "axis": "z", "origin": [0.3075, 13.30137, 8.5]},
			"faces": {
				"north": {"uv": [3, 7, 6, 4], "rotation": 270, "texture": "#0"},
				"east": {"uv": [0.4, 0, 0, 0.4], "texture": "#0"},
				"south": {"uv": [3, 7, 6, 4], "rotation": 90, "texture": "#0"},
				"west": {"uv": [3, 8, 6, 4], "rotation": 90, "texture": "#0"},
				"up": {"uv": [13, 9, 16, 0], "rotation": 90, "texture": "#0"},
				"down": {"uv": [13, 9, 16, 0], "rotation": 90, "texture": "#0"}
			}
		},
		{
			"from": [1.45782, 9.45669, 8.2003],
			"to": [1.88166, 9.88053, 8.7997],
			"rotation": {"angle": 0, "axis": "z", "origin": [2.95305, 9.72401, 8.5]},
			"faces": {
				"north": {"uv": [6, 4, 3, 7], "texture": "#0"},
				"east": {"uv": [16, 0, 13, 9], "texture": "#0"},
				"south": {"uv": [6, 4, 3, 7], "texture": "#0"},
				"west": {"uv": [16, 0, 13, 9], "texture": "#0"},
				"up": {"uv": [6, 4, 3, 8], "texture": "#0"},
				"down": {"uv": [0, 0.4, 0.4, 0], "rotation": 270, "texture": "#0"}
			}
		},
		{
			"from": [-0.67525, 7.6665, 8.0005],
			"to": [0.03115, 8.3729, 8.9995],
			"rotation": {"angle": 22.5, "axis": "z", "origin": [-1.6905, 10.30437, 8.5]},
			"faces": {
				"north": {"uv": [6, 4, 3, 7], "texture": "#0"},
				"east": {"uv": [16, 0, 13, 9], "texture": "#0"},
				"south": {"uv": [6, 4, 3, 7], "texture": "#0"},
				"west": {"uv": [16, 0, 13, 9], "texture": "#0"},
				"up": {"uv": [6, 4, 3, 8], "texture": "#0"},
				"down": {"uv": [0, 0.4, 0.4, 0], "rotation": 270, "texture": "#0"}
			}
		},
		{
			"from": [-0.54858, 10.70708, 8.09041],
			"to": [-0.0541, 11.20156, 8.90959],
			"rotation": {"angle": -22.5, "axis": "z", "origin": [-0.41733, 11.08438, 8.7997]},
			"faces": {
				"north": {"uv": [3, 8, 6, 4], "rotation": 90, "texture": "#0"},
				"east": {"uv": [3, 7, 6, 4], "rotation": 270, "texture": "#0"},
				"south": {"uv": [0, 4, 3, 0], "rotation": 270, "texture": "#0"},
				"west": {"uv": [3, 7, 6, 4], "rotation": 90, "texture": "#0"},
				"up": {"uv": [16, 0, 13, 9], "texture": "#0"},
				"down": {"uv": [16, 0, 13, 9], "rotation": 180, "texture": "#0"}
			}
		},
		{
			"from": [-2.92613, 12.53496, 8.1004],
			"to": [-2.36101, 13.10008, 8.8996],
			"rotation": {"angle": 22.5, "axis": "z", "origin": [-0.41733, 11.08438, 8.7997]},
			"faces": {
				"north": {"uv": [6, 4, 3, 8], "rotation": 180, "texture": "#0"},
				"east": {"uv": [13, 9, 16, 0], "rotation": 270, "texture": "#0"},
				"south": {"uv": [3, 5, 7, 1], "rotation": 270, "texture": "#0"},
				"west": {"uv": [13, 9, 16, 0], "rotation": 90, "texture": "#0"},
				"up": {"uv": [6, 4, 3, 7], "texture": "#0"},
				"down": {"uv": [6, 4, 3, 7], "rotation": 180, "texture": "#0"}
			}
		},
		{
			"from": [-5.11285, 10.84723, 8.2003],
			"to": [-4.68901, 11.27106, 8.7997],
			"rotation": {"angle": -22.5, "axis": "z", "origin": [-4.98326, 11.06905, 8.495]},
			"faces": {
				"north": {"uv": [6, 4, 3, 8], "rotation": 180, "texture": "#0"},
				"east": {"uv": [13, 9, 16, 0], "rotation": 270, "texture": "#0"},
				"south": {"uv": [0, 4, 3, 0], "rotation": 270, "texture": "#0"},
				"west": {"uv": [13, 9, 16, 0], "rotation": 90, "texture": "#0"},
				"up": {"uv": [6, 4, 3, 7], "texture": "#0"},
				"down": {"uv": [6, 4, 3, 7], "rotation": 180, "texture": "#0"}
			}
		},
		{
			"from": [-6.12937, 11.8587, 8.35015],
			"to": [-5.91745, 12.07062, 8.64985],
			"rotation": {"angle": -45, "axis": "z", "origin": [-6.02341, 11.96466, 8.42507]},
			"faces": {
				"north": {"uv": [6, 4, 3, 8], "rotation": 180, "texture": "#0"},
				"east": {"uv": [13, 9, 16, 0], "rotation": 270, "texture": "#0"},
				"south": {"uv": [0, 4, 3, 0], "rotation": 270, "texture": "#0"},
				"west": {"uv": [13, 9, 16, 0], "rotation": 90, "texture": "#0"},
				"up": {"uv": [6, 4, 3, 7], "texture": "#0"},
				"down": {"uv": [6, 4, 3, 7], "rotation": 180, "texture": "#0"}
			}
		},
		{
			"from": [-5.6349, 11.00718, 8.3002],
			"to": [-5.35234, 11.28974, 8.6998],
			"rotation": {"angle": -45, "axis": "z", "origin": [-6.02341, 11.96466, 8.42507]},
			"faces": {
				"north": {"uv": [6, 4, 3, 8], "rotation": 180, "texture": "#0"},
				"east": {"uv": [13, 9, 16, 0], "rotation": 270, "texture": "#0"},
				"south": {"uv": [0, 4, 3, 0], "rotation": 270, "texture": "#0"},
				"west": {"uv": [13, 9, 16, 0], "rotation": 90, "texture": "#0"},
				"up": {"uv": [6, 4, 3, 7], "texture": "#0"},
				"down": {"uv": [6, 4, 3, 7], "rotation": 180, "texture": "#0"}
			}
		},
		{
			"from": [-4.88549, 12.16893, 8.3002],
			"to": [-4.60293, 12.45149, 8.6998],
			"rotation": {"angle": -22.5, "axis": "z", "origin": [-5.51953, 13.13209, 8.5]},
			"faces": {
				"north": {"uv": [6, 4, 3, 8], "rotation": 180, "texture": "#0"},
				"east": {"uv": [13, 9, 16, 0], "rotation": 270, "texture": "#0"},
				"south": {"uv": [0, 4, 3, 0], "rotation": 270, "texture": "#0"},
				"west": {"uv": [13, 9, 16, 0], "rotation": 90, "texture": "#0"},
				"up": {"uv": [6, 4, 3, 7], "texture": "#0"},
				"down": {"uv": [6, 4, 3, 7], "rotation": 180, "texture": "#0"}
			}
		},
		{
			"from": [0.35963, 9.23208, 8.62597],
			"to": [0.95963, 9.83208, 10.02597],
			"rotation": {"angle": -22.5, "axis": "x", "origin": [0.75963, 9.63208, 11.02597]},
			"faces": {
				"north": {"uv": [0, 1, 1, 0], "rotation": 90, "texture": "#0"},
				"east": {"uv": [5, 13, 9, 3], "rotation": 90, "texture": "#0"},
				"south": {"uv": [4, 16, 9, 11], "rotation": 270, "texture": "#0"},
				"west": {"uv": [4, 16, 9, 5], "rotation": 270, "texture": "#0"},
				"up": {"uv": [14, 2, 9, 13], "rotation": 180, "texture": "#0"},
				"down": {"uv": [9, 5, 4, 16], "rotation": 180, "texture": "#0"}
			}
		},
		{
			"from": [0.45963, 9.19825, 9.725],
			"to": [0.85963, 9.79825, 10.125],
			"rotation": {"angle": 22.5, "axis": "x", "origin": [0.55963, 8.44825, 9.85991]},
			"faces": {
				"north": {"uv": [7, 1, 3, 6], "rotation": 180, "texture": "#0"},
				"east": {"uv": [10, 3, 6, 8], "rotation": 180, "texture": "#0"},
				"south": {"uv": [4, 11, 0, 16], "rotation": 180, "texture": "#0"},
				"west": {"uv": [12, 7, 8, 12], "rotation": 180, "texture": "#0"},
				"up": {"uv": [10, 5, 5, 10], "texture": "#0"},
				"down": {"uv": [0, 1, 1, 0], "rotation": 270, "texture": "#0"}
			}
		},
		{
			"from": [0.51, 9.81161, 9.79],
			"to": [0.81, 10.31161, 10.09],
			"rotation": {"angle": 22.5, "axis": "x", "origin": [0.65963, 8.46161, 9.82766]},
			"faces": {
				"north": {"uv": [16, 11, 12, 16], "rotation": 180, "texture": "#0"},
				"east": {"uv": [10, 9, 6, 14], "rotation": 180, "texture": "#0"},
				"south": {"uv": [9, 3, 5, 8], "rotation": 180, "texture": "#0"},
				"west": {"uv": [5, 0, 1, 5], "rotation": 180, "texture": "#0"},
				"up": {"uv": [14, 11, 9, 16], "rotation": 180, "texture": "#0"},
				"down": {"uv": [0, 1, 1, 0], "rotation": 270, "texture": "#0"}
			}
		},
		{
			"from": [0.35993, 8.64314, 10.17767],
			"to": [0.95933, 9.06698, 10.60151],
			"rotation": {"angle": 22.5, "axis": "x", "origin": [0.75953, 9.6321, 11.02535]},
			"faces": {
				"north": {"uv": [0, 1, 1, 0], "rotation": 90, "texture": "#0"},
				"east": {"uv": [5, 13, 9, 9], "rotation": 90, "texture": "#0"},
				"south": {"uv": [10, 13, 14, 8], "rotation": 90, "texture": "#0"},
				"west": {"uv": [5, 13, 9, 9], "rotation": 90, "texture": "#0"},
				"up": {"uv": [14, 2, 9, 13], "rotation": 180, "texture": "#0"},
				"down": {"uv": [9, 5, 4, 16], "rotation": 180, "texture": "#0"}
			}
		},
		{
			"from": [0.51015, 10.05604, 11.00175],
			"to": [0.80985, 9.84412, 10.78983],
			"rotation": {"angle": -22.5, "axis": "x", "origin": [0.65963, 9.39368, 10.32195]},
			"faces": {
				"north": {"uv": [0, 14, 4, 7], "rotation": 270, "texture": "#0"},
				"east": {"uv": [11, 16, 16, 11], "rotation": 270, "texture": "#0"},
				"south": {"uv": [10, 5, 5, 10], "texture": "#0"},
				"west": {"uv": [11, 16, 16, 11], "rotation": 270, "texture": "#0"},
				"up": {"uv": [16, 0, 11, 8], "texture": "#0"},
				"down": {"uv": [6, 11, 10, 4], "rotation": 270, "texture": "#0"}
			}
		},
		{
			"from": [0.45983, 9.46432, 10.39259],
			"to": [0.85943, 9.74688, 10.67515],
			"rotation": {"angle": -22.5, "axis": "x", "origin": [0.65963, 9.39368, 10.32195]},
			"faces": {
				"north": {"uv": [0, 1, 1, 0], "rotation": 90, "texture": "#0"},
				"east": {"uv": [11, 16, 16, 8], "rotation": 270, "texture": "#0"},
				"south": {"uv": [10, 5, 5, 10], "texture": "#0"},
				"west": {"uv": [8, 13, 13, 5], "rotation": 90, "texture": "#0"},
				"up": {"uv": [16, 0, 11, 8], "texture": "#0"},
				"down": {"uv": [5, 8, 0, 16], "rotation": 180, "texture": "#0"}
			}
		},
		{
			"from": [-1.7, 1.6, 8],
			"to": [0.4, 2.6, 9],
			"rotation": {"angle": -22.5, "axis": "z", "origin": [16, 0, 0]},
			"faces": {
				"north": {"uv": [6, 11, 11, 4], "rotation": 90, "texture": "#0"},
				"east": {"uv": [1, 0, 0, 1], "texture": "#0"},
				"south": {"uv": [0, 16, 5, 9], "rotation": 90, "texture": "#0"},
				"west": {"uv": [5, 10, 10, 5], "rotation": 90, "texture": "#0"},
				"up": {"uv": [0, 9, 5, 2], "rotation": 90, "texture": "#0"},
				"down": {"uv": [4, 12, 9, 5], "rotation": 90, "texture": "#0"}
			}
		}
	],
	"display": {
		"thirdperson_righthand": {
			"rotation": [0, -29, 23.75],
			"translation": [-0.75, -0.5, 0.5],
			"scale": [0.5, 0.5, 0.5]
		},
		"thirdperson_lefthand": {
			"rotation": [0, -29, 23.75],
			"translation": [-0.75, -0.5, 0.5],
			"scale": [0.5, 0.5, 0.5]
		},
		"firstperson_righthand": {
			"translation": [0, 2.5, 0]
		},
		"firstperson_lefthand": {
			"translation": [0, 2.5, 0]
		},
		"gui": {
			"rotation": [15.5, 33.75, 0],
			"translation": [0, -2.5, 0]
		},
		"head": {
			"rotation": [0, -180, 0],
			"translation": [0, 6.5, 0],
			"scale": [2.1, 2.1, 2.1]
		},
		"fixed": {
			"rotation": [0, -180, 0],
			"translation": [0, 0, 0.75],
			"scale": [2, 2, 2]
		}
	},
	"groups": [
		{
			"name": "rightant",
			"origin": [0, 0, 0],
			"color": 0,
			"children": [0, 1, 2, 3, 4, 5, 6, 7, 8, 9, 10, 11, 12, 13, 14, 15, 16, 17, 18, 19, 20, 21, 22, 23, 24, 25, 26, 27, 28, 29, 30, 31, 32, 33, 34, 35, 36]
		},
		{
			"name": "leftant",
			"origin": [0, 0, 0],
			"color": 0,
			"children": [37, 38, 39, 40, 41, 42, 43, 44, 45, 46, 47, 48, 49, 50, 51, 52, 53, 54, 55, 56, 57, 58, 59, 60, 61, 62, 63, 64, 65, 66, 67, 68, 69, 70, 71, 72, 73]
		}
	]
}