{
	"credit": "ALL CREDITS GO TO MOUSKEGAMER & IMAGINEFUN.NET - MODEL TAKEN & EDIT",
	"textures": {
		"1": "block/yellow_concrete_powder",
		"wool_red": "block/quartz_block_bottom"
	},
	"elements": [
		{
			"name": "shulker_gray6",
			"from": [2.20086, 5.89075, -13.12932],
			"to": [2.54944, 8.42591, 27.94022],
			"rotation": {"angle": 0, "axis": "x", "origin": [-4.98, 0, -1.44], "rescale": true},
			"faces": {
				"north": {"uv": [3, 5.5, 3.5, 10.5], "rotation": 180, "texture": "#wool_red"},
				"east": {"uv": [5.5, 3.5, 10.5, 5.5], "rotation": 270, "texture": "#wool_red"},
				"south": {"uv": [3, 5.5, 3.5, 10.5], "texture": "#wool_red"},
				"west": {"uv": [5.5, 3.5, 10.5, 5.5], "rotation": 90, "texture": "#wool_red"},
				"up": {"uv": [12.5, 3.5, 13, 5.5], "rotation": 180, "texture": "#wool_red"},
				"down": {"uv": [3, 3.5, 3.5, 5.5], "texture": "#wool_red"}
			}
		},
		{
			"name": "shulker_gray7",
			"from": [2.20086, 5.89075, -13.12932],
			"to": [2.54944, 8.42591, 27.94022],
			"rotation": {"angle": 0, "axis": "x", "origin": [-4.98, 0, -141.44], "rescale": true},
			"faces": {
				"north": {"uv": [3, 5.5, 3.5, 10.5], "rotation": 180, "texture": "#wool_red"},
				"east": {"uv": [5.5, 3.5, 10.5, 5.5], "rotation": 270, "texture": "#wool_red"},
				"south": {"uv": [3, 5.5, 3.5, 10.5], "texture": "#wool_red"},
				"west": {"uv": [5.5, 3.5, 10.5, 5.5], "rotation": 90, "texture": "#wool_red"},
				"up": {"uv": [12.5, 3.5, 13, 5.5], "rotation": 180, "texture": "#wool_red"},
				"down": {"uv": [3, 3.5, 3.5, 5.5], "texture": "#wool_red"}
			}
		},
		{
			"name": "shulker_gray8",
			"from": [2.20086, 5.89075, -13.12932],
			"to": [2.54944, 8.42591, 27.94022],
			"rotation": {"angle": 0, "axis": "x", "origin": [-4.98, 0, -281.44], "rescale": true},
			"faces": {
				"north": {"uv": [3, 5.5, 3.5, 10.5], "rotation": 180, "texture": "#wool_red"},
				"east": {"uv": [5.5, 3.5, 10.5, 5.5], "rotation": 270, "texture": "#wool_red"},
				"south": {"uv": [3, 5.5, 3.5, 10.5], "texture": "#wool_red"},
				"west": {"uv": [5.5, 3.5, 10.5, 5.5], "rotation": 90, "texture": "#wool_red"},
				"up": {"uv": [12.5, 3.5, 13, 5.5], "rotation": 180, "texture": "#wool_red"},
				"down": {"uv": [3, 3.5, 3.5, 5.5], "texture": "#wool_red"}
			}
		},
		{
			"name": "shulker_gray9",
			"from": [2.20086, 5.89075, -13.12932],
			"to": [2.54944, 8.42591, 27.94022],
			"rotation": {"angle": 0, "axis": "x", "origin": [-4.98, 0, -421.44], "rescale": true},
			"faces": {
				"north": {"uv": [3, 5.5, 3.5, 10.5], "rotation": 180, "texture": "#wool_red"},
				"east": {"uv": [5.5, 3.5, 10.5, 5.5], "rotation": 270, "texture": "#wool_red"},
				"south": {"uv": [3, 5.5, 3.5, 10.5], "texture": "#wool_red"},
				"west": {"uv": [5.5, 3.5, 10.5, 5.5], "rotation": 90, "texture": "#wool_red"},
				"up": {"uv": [12.5, 3.5, 13, 5.5], "rotation": 180, "texture": "#wool_red"},
				"down": {"uv": [3, 3.5, 3.5, 5.5], "texture": "#wool_red"}
			}
		},
		{
			"name": "shulker_gray10",
			"from": [2.20086, 5.89075, -13.12932],
			"to": [2.54944, 8.42591, 27.94022],
			"rotation": {"angle": 0, "axis": "x", "origin": [-4.98, 0, -587.44], "rescale": true},
			"faces": {
				"north": {"uv": [3, 5.5, 3.5, 10.5], "rotation": 180, "texture": "#wool_red"},
				"east": {"uv": [5.5, 3.5, 10.5, 5.5], "rotation": 270, "texture": "#wool_red"},
				"south": {"uv": [3, 5.5, 3.5, 10.5], "texture": "#wool_red"},
				"west": {"uv": [5.5, 3.5, 10.5, 5.5], "rotation": 90, "texture": "#wool_red"},
				"up": {"uv": [12.5, 3.5, 13, 5.5], "rotation": 180, "texture": "#wool_red"},
				"down": {"uv": [3, 3.5, 3.5, 5.5], "texture": "#wool_red"}
			}
		},
		{
			"name": "shulker_gray11",
			"from": [2.20086, 5.89075, 19.97068],
			"to": [2.54944, 8.42591, 27.94022],
			"rotation": {"angle": 0, "axis": "x", "origin": [-4.98, 0, -447.44], "rescale": true},
			"faces": {
				"north": {"uv": [3, 5.5, 3.5, 10.5], "rotation": 180, "texture": "#wool_red"},
				"east": {"uv": [5.5, 3.5, 10.5, 5.5], "rotation": 270, "texture": "#wool_red"},
				"south": {"uv": [3, 5.5, 3.5, 10.5], "texture": "#wool_red"},
				"west": {"uv": [5.5, 3.5, 10.5, 5.5], "rotation": 90, "texture": "#wool_red"},
				"up": {"uv": [12.5, 3.5, 13, 5.5], "rotation": 180, "texture": "#wool_red"},
				"down": {"uv": [3, 3.5, 3.5, 5.5], "texture": "#wool_red"}
			}
		},
		{
			"name": "wool_red1",
			"from": [2.89805, 9.18648, -13.12932],
			"to": [8.47539, 9.44, 27.94022],
			"rotation": {"angle": 0, "axis": "x", "origin": [-4.98, 0, -1.44], "rescale": true},
			"faces": {
				"north": {"uv": [5.25, 11.875, 7.25, 12], "rotation": 180, "texture": "#wool_red"},
				"east": {"uv": [11.875, 10.25, 12, 16], "rotation": 270, "texture": "#wool_red"},
				"south": {"uv": [5.25, 4, 7.25, 4.125], "texture": "#wool_red"},
				"west": {"uv": [4, 10.25, 4.125, 16], "rotation": 90, "texture": "#wool_red"},
				"up": {"uv": [8.75, 10.25, 10.75, 16], "rotation": 180, "texture": "#wool_red"},
				"down": {"uv": [5.25, 10.25, 7.25, 16], "texture": "#wool_red"}
			}
		},
		{
			"name": "wool_red2",
			"from": [2.89805, 9.18648, -13.12932],
			"to": [8.47539, 9.44, 27.94022],
			"rotation": {"angle": 0, "axis": "x", "origin": [-4.98, 0, -141.44], "rescale": true},
			"faces": {
				"north": {"uv": [5.25, 11.875, 7.25, 12], "rotation": 180, "texture": "#wool_red"},
				"east": {"uv": [11.875, 10.25, 12, 16], "rotation": 270, "texture": "#wool_red"},
				"south": {"uv": [5.25, 4, 7.25, 4.125], "texture": "#wool_red"},
				"west": {"uv": [4, 10.25, 4.125, 16], "rotation": 90, "texture": "#wool_red"},
				"up": {"uv": [8.75, 10.25, 10.75, 16], "rotation": 180, "texture": "#wool_red"},
				"down": {"uv": [5.25, 10.25, 7.25, 16], "texture": "#wool_red"}
			}
		},
		{
			"name": "wool_red3",
			"from": [2.89805, 9.18648, -13.12932],
			"to": [8.47539, 9.44, 27.94022],
			"rotation": {"angle": 0, "axis": "x", "origin": [-4.98, 0, -281.44], "rescale": true},
			"faces": {
				"north": {"uv": [5.25, 11.875, 7.25, 12], "rotation": 180, "texture": "#wool_red"},
				"east": {"uv": [11.875, 10.25, 12, 16], "rotation": 270, "texture": "#wool_red"},
				"south": {"uv": [5.25, 4, 7.25, 4.125], "texture": "#wool_red"},
				"west": {"uv": [4, 10.25, 4.125, 16], "rotation": 90, "texture": "#wool_red"},
				"up": {"uv": [8.75, 10.25, 10.75, 16], "rotation": 180, "texture": "#wool_red"},
				"down": {"uv": [5.25, 10.25, 7.25, 16], "texture": "#wool_red"}
			}
		},
		{
			"name": "wool_red4",
			"from": [2.89805, 9.18648, -13.12932],
			"to": [8.47539, 9.44, 27.94022],
			"rotation": {"angle": 0, "axis": "x", "origin": [-4.98, 0, -421.44], "rescale": true},
			"faces": {
				"north": {"uv": [5.25, 11.875, 7.25, 12], "rotation": 180, "texture": "#wool_red"},
				"east": {"uv": [11.875, 10.25, 12, 16], "rotation": 270, "texture": "#wool_red"},
				"south": {"uv": [5.25, 4, 7.25, 4.125], "texture": "#wool_red"},
				"west": {"uv": [4, 10.25, 4.125, 16], "rotation": 90, "texture": "#wool_red"},
				"up": {"uv": [8.75, 10.25, 10.75, 16], "rotation": 180, "texture": "#wool_red"},
				"down": {"uv": [5.25, 10.25, 7.25, 16], "texture": "#wool_red"}
			}
		},
		{
			"name": "wool_red5",
			"from": [2.89805, 9.18648, -13.12932],
			"to": [8.47539, 9.44, 27.94022],
			"rotation": {"angle": 0, "axis": "x", "origin": [-4.98, 0, -587.44], "rescale": true},
			"faces": {
				"north": {"uv": [5.25, 11.875, 7.25, 12], "rotation": 180, "texture": "#wool_red"},
				"east": {"uv": [11.875, 10.25, 12, 16], "rotation": 270, "texture": "#wool_red"},
				"south": {"uv": [5.25, 4, 7.25, 4.125], "texture": "#wool_red"},
				"west": {"uv": [4, 10.25, 4.125, 16], "rotation": 90, "texture": "#wool_red"},
				"up": {"uv": [8.75, 10.25, 10.75, 16], "rotation": 180, "texture": "#wool_red"},
				"down": {"uv": [5.25, 10.25, 7.25, 16], "texture": "#wool_red"}
			}
		},
		{
			"name": "wool_red6",
			"from": [2.89805, 9.18648, 19.97068],
			"to": [8.47539, 9.44, 27.94022],
			"rotation": {"angle": 0, "axis": "x", "origin": [-4.98, 0, -447.44], "rescale": true},
			"faces": {
				"north": {"uv": [5.25, 11.875, 7.25, 12], "rotation": 180, "texture": "#wool_red"},
				"east": {"uv": [11.875, 10.25, 12, 16], "rotation": 270, "texture": "#wool_red"},
				"south": {"uv": [5.25, 4, 7.25, 4.125], "texture": "#wool_red"},
				"west": {"uv": [4, 10.25, 4.125, 16], "rotation": 90, "texture": "#wool_red"},
				"up": {"uv": [8.75, 10.25, 10.75, 16], "rotation": 180, "texture": "#wool_red"},
				"down": {"uv": [5.25, 10.25, 7.25, 16], "texture": "#wool_red"}
			}
		},
		{
			"name": "wool_red3",
			"from": [8.47539, 5.13029, -13.12932],
			"to": [8.82398, 9.18654, 27.94022],
			"rotation": {"angle": 0, "axis": "x", "origin": [-4.98, 0, -1.44], "rescale": true},
			"faces": {
				"north": {"uv": [7.25, 9.875, 7.375, 11.875], "rotation": 180, "texture": "#wool_red"},
				"east": {"uv": [9.875, 10.25, 11.875, 16], "rotation": 270, "texture": "#wool_red"},
				"south": {"uv": [7.25, 4.125, 7.375, 6.125], "texture": "#wool_red"},
				"west": {"uv": [4.125, 10.25, 6.125, 16], "rotation": 90, "texture": "#wool_red"},
				"up": {"uv": [8.625, 10.25, 8.75, 16], "rotation": 180, "texture": "#wool_red"},
				"down": {"uv": [7.25, 10.25, 7.375, 16], "texture": "#wool_red"}
			}
		},
		{
			"name": "wool_red4",
			"from": [8.47539, 5.13029, -13.12932],
			"to": [8.82398, 9.18654, 27.94022],
			"rotation": {"angle": 0, "axis": "x", "origin": [-4.98, 0, -141.44], "rescale": true},
			"faces": {
				"north": {"uv": [7.25, 9.875, 7.375, 11.875], "rotation": 180, "texture": "#wool_red"},
				"east": {"uv": [9.875, 10.25, 11.875, 16], "rotation": 270, "texture": "#wool_red"},
				"south": {"uv": [7.25, 4.125, 7.375, 6.125], "texture": "#wool_red"},
				"west": {"uv": [4.125, 10.25, 6.125, 16], "rotation": 90, "texture": "#wool_red"},
				"up": {"uv": [8.625, 10.25, 8.75, 16], "rotation": 180, "texture": "#wool_red"},
				"down": {"uv": [7.25, 10.25, 7.375, 16], "texture": "#wool_red"}
			}
		},
		{
			"name": "wool_red5",
			"from": [8.47539, 5.13029, -13.12932],
			"to": [8.82398, 9.18654, 27.94022],
			"rotation": {"angle": 0, "axis": "x", "origin": [-4.98, 0, -281.44], "rescale": true},
			"faces": {
				"north": {"uv": [7.25, 9.875, 7.375, 11.875], "rotation": 180, "texture": "#wool_red"},
				"east": {"uv": [9.875, 10.25, 11.875, 16], "rotation": 270, "texture": "#wool_red"},
				"south": {"uv": [7.25, 4.125, 7.375, 6.125], "texture": "#wool_red"},
				"west": {"uv": [4.125, 10.25, 6.125, 16], "rotation": 90, "texture": "#wool_red"},
				"up": {"uv": [8.625, 10.25, 8.75, 16], "rotation": 180, "texture": "#wool_red"},
				"down": {"uv": [7.25, 10.25, 7.375, 16], "texture": "#wool_red"}
			}
		},
		{
			"name": "wool_red6",
			"from": [8.47539, 5.13029, -13.12932],
			"to": [8.82398, 9.18654, 27.94022],
			"rotation": {"angle": 0, "axis": "x", "origin": [-4.98, 0, -421.44], "rescale": true},
			"faces": {
				"north": {"uv": [7.25, 9.875, 7.375, 11.875], "rotation": 180, "texture": "#wool_red"},
				"east": {"uv": [9.875, 10.25, 11.875, 16], "rotation": 270, "texture": "#wool_red"},
				"south": {"uv": [7.25, 4.125, 7.375, 6.125], "texture": "#wool_red"},
				"west": {"uv": [4.125, 10.25, 6.125, 16], "rotation": 90, "texture": "#wool_red"},
				"up": {"uv": [8.625, 10.25, 8.75, 16], "rotation": 180, "texture": "#wool_red"},
				"down": {"uv": [7.25, 10.25, 7.375, 16], "texture": "#wool_red"}
			}
		},
		{
			"name": "wool_red7",
			"from": [8.47539, 5.13029, -13.12932],
			"to": [8.82398, 9.18654, 27.94022],
			"rotation": {"angle": 0, "axis": "x", "origin": [-4.98, 0, -587.44], "rescale": true},
			"faces": {
				"north": {"uv": [7.25, 9.875, 7.375, 11.875], "rotation": 180, "texture": "#wool_red"},
				"east": {"uv": [9.875, 10.25, 11.875, 16], "rotation": 270, "texture": "#wool_red"},
				"south": {"uv": [7.25, 4.125, 7.375, 6.125], "texture": "#wool_red"},
				"west": {"uv": [4.125, 10.25, 6.125, 16], "rotation": 90, "texture": "#wool_red"},
				"up": {"uv": [8.625, 10.25, 8.75, 16], "rotation": 180, "texture": "#wool_red"},
				"down": {"uv": [7.25, 10.25, 7.375, 16], "texture": "#wool_red"}
			}
		},
		{
			"name": "wool_red8",
			"from": [8.47539, 5.13029, 19.97068],
			"to": [8.82398, 9.18654, 27.94022],
			"rotation": {"angle": 0, "axis": "x", "origin": [-4.98, 0, -447.44], "rescale": true},
			"faces": {
				"north": {"uv": [7.25, 9.875, 7.375, 11.875], "rotation": 180, "texture": "#wool_red"},
				"east": {"uv": [9.875, 10.25, 11.875, 16], "rotation": 270, "texture": "#wool_red"},
				"south": {"uv": [7.25, 4.125, 7.375, 6.125], "texture": "#wool_red"},
				"west": {"uv": [4.125, 10.25, 6.125, 16], "rotation": 90, "texture": "#wool_red"},
				"up": {"uv": [8.625, 10.25, 8.75, 16], "rotation": 180, "texture": "#wool_red"},
				"down": {"uv": [7.25, 10.25, 7.375, 16], "texture": "#wool_red"}
			}
		},
		{
			"name": "shulker_gray8",
			"from": [3.94375, 9.43995, -13.12932],
			"to": [7.42959, 9.69346, 27.94022],
			"rotation": {"angle": 0, "axis": "x", "origin": [-4.98, 0, -1.44], "rescale": true},
			"faces": {
				"north": {"uv": [5.5, 12.5, 10.5, 13], "rotation": 180, "texture": "#wool_red"},
				"east": {"uv": [12.5, 3.5, 13, 5], "rotation": 270, "texture": "#wool_red"},
				"south": {"uv": [5.5, 3, 10.5, 3.5], "texture": "#wool_red"},
				"west": {"uv": [3, 3.5, 3.5, 5], "rotation": 90, "texture": "#wool_red"},
				"up": {"uv": [5.5, 3.5, 10.5, 5], "rotation": 180, "texture": "#wool_red"},
				"down": {"uv": [5.5, 3.5, 10.5, 5], "texture": "#wool_red"}
			}
		},
		{
			"name": "shulker_gray9",
			"from": [3.94375, 9.43995, -13.12932],
			"to": [7.42959, 9.69346, 27.94022],
			"rotation": {"angle": 0, "axis": "x", "origin": [-4.98, 0, -141.44], "rescale": true},
			"faces": {
				"north": {"uv": [5.5, 12.5, 10.5, 13], "rotation": 180, "texture": "#wool_red"},
				"east": {"uv": [12.5, 3.5, 13, 5], "rotation": 270, "texture": "#wool_red"},
				"south": {"uv": [5.5, 3, 10.5, 3.5], "texture": "#wool_red"},
				"west": {"uv": [3, 3.5, 3.5, 5], "rotation": 90, "texture": "#wool_red"},
				"up": {"uv": [5.5, 3.5, 10.5, 5], "rotation": 180, "texture": "#wool_red"},
				"down": {"uv": [5.5, 3.5, 10.5, 5], "texture": "#wool_red"}
			}
		},
		{
			"name": "shulker_gray10",
			"from": [3.94375, 9.43995, -13.12932],
			"to": [7.42959, 9.69346, 27.94022],
			"rotation": {"angle": 0, "axis": "x", "origin": [-4.98, 0, -281.44], "rescale": true},
			"faces": {
				"north": {"uv": [5.5, 12.5, 10.5, 13], "rotation": 180, "texture": "#wool_red"},
				"east": {"uv": [12.5, 3.5, 13, 5], "rotation": 270, "texture": "#wool_red"},
				"south": {"uv": [5.5, 3, 10.5, 3.5], "texture": "#wool_red"},
				"west": {"uv": [3, 3.5, 3.5, 5], "rotation": 90, "texture": "#wool_red"},
				"up": {"uv": [5.5, 3.5, 10.5, 5], "rotation": 180, "texture": "#wool_red"},
				"down": {"uv": [5.5, 3.5, 10.5, 5], "texture": "#wool_red"}
			}
		},
		{
			"name": "shulker_gray11",
			"from": [3.94375, 9.43995, -13.12932],
			"to": [7.42959, 9.69346, 27.94022],
			"rotation": {"angle": 0, "axis": "x", "origin": [-4.98, 0, -421.44], "rescale": true},
			"faces": {
				"north": {"uv": [5.5, 12.5, 10.5, 13], "rotation": 180, "texture": "#wool_red"},
				"east": {"uv": [12.5, 3.5, 13, 5], "rotation": 270, "texture": "#wool_red"},
				"south": {"uv": [5.5, 3, 10.5, 3.5], "texture": "#wool_red"},
				"west": {"uv": [3, 3.5, 3.5, 5], "rotation": 90, "texture": "#wool_red"},
				"up": {"uv": [5.5, 3.5, 10.5, 5], "rotation": 180, "texture": "#wool_red"},
				"down": {"uv": [5.5, 3.5, 10.5, 5], "texture": "#wool_red"}
			}
		},
		{
			"name": "shulker_gray12",
			"from": [3.94375, 9.43995, -13.12932],
			"to": [7.42959, 9.69346, 27.94022],
			"rotation": {"angle": 0, "axis": "x", "origin": [-4.98, 0, -587.44], "rescale": true},
			"faces": {
				"north": {"uv": [5.5, 12.5, 10.5, 13], "rotation": 180, "texture": "#wool_red"},
				"east": {"uv": [12.5, 3.5, 13, 5], "rotation": 270, "texture": "#wool_red"},
				"south": {"uv": [5.5, 3, 10.5, 3.5], "texture": "#wool_red"},
				"west": {"uv": [3, 3.5, 3.5, 5], "rotation": 90, "texture": "#wool_red"},
				"up": {"uv": [5.5, 3.5, 10.5, 5], "rotation": 180, "texture": "#wool_red"},
				"down": {"uv": [5.5, 3.5, 10.5, 5], "texture": "#wool_red"}
			}
		},
		{
			"name": "shulker_gray13",
			"from": [3.94375, 9.43995, 19.97068],
			"to": [7.42959, 9.69346, 27.94022],
			"rotation": {"angle": 0, "axis": "x", "origin": [-4.98, 0, -447.44], "rescale": true},
			"faces": {
				"north": {"uv": [5.5, 12.5, 10.5, 13], "rotation": 180, "texture": "#wool_red"},
				"east": {"uv": [12.5, 3.5, 13, 5], "rotation": 270, "texture": "#wool_red"},
				"south": {"uv": [5.5, 3, 10.5, 3.5], "texture": "#wool_red"},
				"west": {"uv": [3, 3.5, 3.5, 5], "rotation": 90, "texture": "#wool_red"},
				"up": {"uv": [5.5, 3.5, 10.5, 5], "rotation": 180, "texture": "#wool_red"},
				"down": {"uv": [5.5, 3.5, 10.5, 5], "texture": "#wool_red"}
			}
		},
		{
			"name": "wool_red4",
			"from": [2.54937, 5.13029, -13.12932],
			"to": [2.89796, 9.18654, 27.94022],
			"rotation": {"angle": 0, "axis": "x", "origin": [-4.98, 0, -1.44], "rescale": true},
			"faces": {
				"north": {"uv": [5.125, 9.875, 5.25, 11.875], "rotation": 180, "texture": "#wool_red"},
				"east": {"uv": [9.875, 10.25, 11.875, 16], "rotation": 270, "texture": "#wool_red"},
				"south": {"uv": [5.125, 4.125, 5.25, 6.125], "texture": "#wool_red"},
				"west": {"uv": [4.125, 10.25, 6.125, 16], "rotation": 90, "texture": "#wool_red"},
				"up": {"uv": [10.75, 10.25, 10.875, 16], "rotation": 180, "texture": "#wool_red"},
				"down": {"uv": [5.125, 10.25, 5.25, 16], "texture": "#wool_red"}
			}
		},
		{
			"name": "wool_red5",
			"from": [2.54937, 5.13029, -13.12932],
			"to": [2.89796, 9.18654, 27.94022],
			"rotation": {"angle": 0, "axis": "x", "origin": [-4.98, 0, -141.44], "rescale": true},
			"faces": {
				"north": {"uv": [5.125, 9.875, 5.25, 11.875], "rotation": 180, "texture": "#wool_red"},
				"east": {"uv": [9.875, 10.25, 11.875, 16], "rotation": 270, "texture": "#wool_red"},
				"south": {"uv": [5.125, 4.125, 5.25, 6.125], "texture": "#wool_red"},
				"west": {"uv": [4.125, 10.25, 6.125, 16], "rotation": 90, "texture": "#wool_red"},
				"up": {"uv": [10.75, 10.25, 10.875, 16], "rotation": 180, "texture": "#wool_red"},
				"down": {"uv": [5.125, 10.25, 5.25, 16], "texture": "#wool_red"}
			}
		},
		{
			"name": "wool_red6",
			"from": [2.54937, 5.13029, -13.12932],
			"to": [2.89796, 9.18654, 27.94022],
			"rotation": {"angle": 0, "axis": "x", "origin": [-4.98, 0, -281.44], "rescale": true},
			"faces": {
				"north": {"uv": [5.125, 9.875, 5.25, 11.875], "rotation": 180, "texture": "#wool_red"},
				"east": {"uv": [9.875, 10.25, 11.875, 16], "rotation": 270, "texture": "#wool_red"},
				"south": {"uv": [5.125, 4.125, 5.25, 6.125], "texture": "#wool_red"},
				"west": {"uv": [4.125, 10.25, 6.125, 16], "rotation": 90, "texture": "#wool_red"},
				"up": {"uv": [10.75, 10.25, 10.875, 16], "rotation": 180, "texture": "#wool_red"},
				"down": {"uv": [5.125, 10.25, 5.25, 16], "texture": "#wool_red"}
			}
		},
		{
			"name": "wool_red7",
			"from": [2.54937, 5.13029, -13.12932],
			"to": [2.89796, 9.18654, 27.94022],
			"rotation": {"angle": 0, "axis": "x", "origin": [-4.98, 0, -421.44], "rescale": true},
			"faces": {
				"north": {"uv": [5.125, 9.875, 5.25, 11.875], "rotation": 180, "texture": "#wool_red"},
				"east": {"uv": [9.875, 10.25, 11.875, 16], "rotation": 270, "texture": "#wool_red"},
				"south": {"uv": [5.125, 4.125, 5.25, 6.125], "texture": "#wool_red"},
				"west": {"uv": [4.125, 10.25, 6.125, 16], "rotation": 90, "texture": "#wool_red"},
				"up": {"uv": [10.75, 10.25, 10.875, 16], "rotation": 180, "texture": "#wool_red"},
				"down": {"uv": [5.125, 10.25, 5.25, 16], "texture": "#wool_red"}
			}
		},
		{
			"name": "wool_red8",
			"from": [2.54937, 5.13029, -13.12932],
			"to": [2.89796, 9.18654, 27.94022],
			"rotation": {"angle": 0, "axis": "x", "origin": [-4.98, 0, -587.44], "rescale": true},
			"faces": {
				"north": {"uv": [5.125, 9.875, 5.25, 11.875], "rotation": 180, "texture": "#wool_red"},
				"east": {"uv": [9.875, 10.25, 11.875, 16], "rotation": 270, "texture": "#wool_red"},
				"south": {"uv": [5.125, 4.125, 5.25, 6.125], "texture": "#wool_red"},
				"west": {"uv": [4.125, 10.25, 6.125, 16], "rotation": 90, "texture": "#wool_red"},
				"up": {"uv": [10.75, 10.25, 10.875, 16], "rotation": 180, "texture": "#wool_red"},
				"down": {"uv": [5.125, 10.25, 5.25, 16], "texture": "#wool_red"}
			}
		},
		{
			"name": "wool_red9",
			"from": [2.54937, 5.13029, 19.97068],
			"to": [2.89796, 9.18654, 27.94022],
			"rotation": {"angle": 0, "axis": "x", "origin": [-4.98, 0, -447.44], "rescale": true},
			"faces": {
				"north": {"uv": [5.125, 9.875, 5.25, 11.875], "rotation": 180, "texture": "#wool_red"},
				"east": {"uv": [9.875, 10.25, 11.875, 16], "rotation": 270, "texture": "#wool_red"},
				"south": {"uv": [5.125, 4.125, 5.25, 6.125], "texture": "#wool_red"},
				"west": {"uv": [4.125, 10.25, 6.125, 16], "rotation": 90, "texture": "#wool_red"},
				"up": {"uv": [10.75, 10.25, 10.875, 16], "rotation": 180, "texture": "#wool_red"},
				"down": {"uv": [5.125, 10.25, 5.25, 16], "texture": "#wool_red"}
			}
		},
		{
			"name": "wool_red1",
			"from": [2.89805, 4.87677, -13.12932],
			"to": [8.47539, 5.13029, 27.94022],
			"rotation": {"angle": 0, "axis": "x", "origin": [-4.98, 0, -1.44], "rescale": true},
			"faces": {
				"north": {"uv": [5.25, 9.75, 7.25, 9.875], "rotation": 180, "texture": "#wool_red"},
				"east": {"uv": [9.75, 10.25, 9.875, 16], "rotation": 270, "texture": "#wool_red"},
				"south": {"uv": [5.25, 6.125, 7.25, 6.25], "texture": "#wool_red"},
				"west": {"uv": [6.125, 10.25, 6.25, 16], "rotation": 90, "texture": "#wool_red"},
				"up": {"uv": [8.75, 10.25, 10.75, 16], "rotation": 180, "texture": "#wool_red"},
				"down": {"uv": [5.25, 10.25, 7.25, 16], "texture": "#wool_red"}
			}
		},
		{
			"name": "wool_red2",
			"from": [2.89805, 4.87677, -13.12932],
			"to": [8.47539, 5.13029, 27.94022],
			"rotation": {"angle": 0, "axis": "x", "origin": [-4.98, 0, -141.44], "rescale": true},
			"faces": {
				"north": {"uv": [5.25, 9.75, 7.25, 9.875], "rotation": 180, "texture": "#wool_red"},
				"east": {"uv": [9.75, 10.25, 9.875, 16], "rotation": 270, "texture": "#wool_red"},
				"south": {"uv": [5.25, 6.125, 7.25, 6.25], "texture": "#wool_red"},
				"west": {"uv": [6.125, 10.25, 6.25, 16], "rotation": 90, "texture": "#wool_red"},
				"up": {"uv": [8.75, 10.25, 10.75, 16], "rotation": 180, "texture": "#wool_red"},
				"down": {"uv": [5.25, 10.25, 7.25, 16], "texture": "#wool_red"}
			}
		},
		{
			"name": "wool_red3",
			"from": [2.89805, 4.87677, -13.12932],
			"to": [8.47539, 5.13029, 27.94022],
			"rotation": {"angle": 0, "axis": "x", "origin": [-4.98, 0, -281.44], "rescale": true},
			"faces": {
				"north": {"uv": [5.25, 9.75, 7.25, 9.875], "rotation": 180, "texture": "#wool_red"},
				"east": {"uv": [9.75, 10.25, 9.875, 16], "rotation": 270, "texture": "#wool_red"},
				"south": {"uv": [5.25, 6.125, 7.25, 6.25], "texture": "#wool_red"},
				"west": {"uv": [6.125, 10.25, 6.25, 16], "rotation": 90, "texture": "#wool_red"},
				"up": {"uv": [8.75, 10.25, 10.75, 16], "rotation": 180, "texture": "#wool_red"},
				"down": {"uv": [5.25, 10.25, 7.25, 16], "texture": "#wool_red"}
			}
		},
		{
			"name": "wool_red4",
			"from": [2.89805, 4.87677, -13.12932],
			"to": [8.47539, 5.13029, 27.94022],
			"rotation": {"angle": 0, "axis": "x", "origin": [-4.98, 0, -421.44], "rescale": true},
			"faces": {
				"north": {"uv": [5.25, 9.75, 7.25, 9.875], "rotation": 180, "texture": "#wool_red"},
				"east": {"uv": [9.75, 10.25, 9.875, 16], "rotation": 270, "texture": "#wool_red"},
				"south": {"uv": [5.25, 6.125, 7.25, 6.25], "texture": "#wool_red"},
				"west": {"uv": [6.125, 10.25, 6.25, 16], "rotation": 90, "texture": "#wool_red"},
				"up": {"uv": [8.75, 10.25, 10.75, 16], "rotation": 180, "texture": "#wool_red"},
				"down": {"uv": [5.25, 10.25, 7.25, 16], "texture": "#wool_red"}
			}
		},
		{
			"name": "wool_red5",
			"from": [2.89805, 4.87677, -13.12932],
			"to": [8.47539, 5.13029, 27.94022],
			"rotation": {"angle": 0, "axis": "x", "origin": [-4.98, 0, -587.44], "rescale": true},
			"faces": {
				"north": {"uv": [5.25, 9.75, 7.25, 9.875], "rotation": 180, "texture": "#wool_red"},
				"east": {"uv": [9.75, 10.25, 9.875, 16], "rotation": 270, "texture": "#wool_red"},
				"south": {"uv": [5.25, 6.125, 7.25, 6.25], "texture": "#wool_red"},
				"west": {"uv": [6.125, 10.25, 6.25, 16], "rotation": 90, "texture": "#wool_red"},
				"up": {"uv": [8.75, 10.25, 10.75, 16], "rotation": 180, "texture": "#wool_red"},
				"down": {"uv": [5.25, 10.25, 7.25, 16], "texture": "#wool_red"}
			}
		},
		{
			"name": "wool_red6",
			"from": [2.89805, 4.87677, 19.97068],
			"to": [8.47539, 5.13029, 27.94022],
			"rotation": {"angle": 0, "axis": "x", "origin": [-4.98, 0, -447.44], "rescale": true},
			"faces": {
				"north": {"uv": [5.25, 9.75, 7.25, 9.875], "rotation": 180, "texture": "#wool_red"},
				"east": {"uv": [9.75, 10.25, 9.875, 16], "rotation": 270, "texture": "#wool_red"},
				"south": {"uv": [5.25, 6.125, 7.25, 6.25], "texture": "#wool_red"},
				"west": {"uv": [6.125, 10.25, 6.25, 16], "rotation": 90, "texture": "#wool_red"},
				"up": {"uv": [8.75, 10.25, 10.75, 16], "rotation": 180, "texture": "#wool_red"},
				"down": {"uv": [5.25, 10.25, 7.25, 16], "texture": "#wool_red"}
			}
		},
		{
			"name": "shulker_gray6",
			"from": [8.82391, 5.89075, -13.12932],
			"to": [9.17249, 8.42591, 27.94022],
			"rotation": {"angle": 0, "axis": "x", "origin": [-4.98, 0, -1.44], "rescale": true},
			"faces": {
				"north": {"uv": [3, 5.5, 3.5, 10.5], "rotation": 180, "texture": "#wool_red"},
				"east": {"uv": [5.5, 3.5, 10.5, 5.5], "rotation": 270, "texture": "#wool_red"},
				"south": {"uv": [3, 5.5, 3.5, 10.5], "texture": "#wool_red"},
				"west": {"uv": [5.5, 3.5, 10.5, 5.5], "rotation": 90, "texture": "#wool_red"},
				"up": {"uv": [12.5, 3.5, 13, 5.5], "rotation": 180, "texture": "#wool_red"},
				"down": {"uv": [3, 3.5, 3.5, 5.5], "texture": "#wool_red"}
			}
		},
		{
			"name": "shulker_gray7",
			"from": [8.82391, 5.89075, -13.12932],
			"to": [9.17249, 8.42591, 27.94022],
			"rotation": {"angle": 0, "axis": "x", "origin": [-4.98, 0, -141.44], "rescale": true},
			"faces": {
				"north": {"uv": [3, 5.5, 3.5, 10.5], "rotation": 180, "texture": "#wool_red"},
				"east": {"uv": [5.5, 3.5, 10.5, 5.5], "rotation": 270, "texture": "#wool_red"},
				"south": {"uv": [3, 5.5, 3.5, 10.5], "texture": "#wool_red"},
				"west": {"uv": [5.5, 3.5, 10.5, 5.5], "rotation": 90, "texture": "#wool_red"},
				"up": {"uv": [12.5, 3.5, 13, 5.5], "rotation": 180, "texture": "#wool_red"},
				"down": {"uv": [3, 3.5, 3.5, 5.5], "texture": "#wool_red"}
			}
		},
		{
			"name": "shulker_gray8",
			"from": [8.82391, 5.89075, -13.12932],
			"to": [9.17249, 8.42591, 27.94022],
			"rotation": {"angle": 0, "axis": "x", "origin": [-4.98, 0, -281.44], "rescale": true},
			"faces": {
				"north": {"uv": [3, 5.5, 3.5, 10.5], "rotation": 180, "texture": "#wool_red"},
				"east": {"uv": [5.5, 3.5, 10.5, 5.5], "rotation": 270, "texture": "#wool_red"},
				"south": {"uv": [3, 5.5, 3.5, 10.5], "texture": "#wool_red"},
				"west": {"uv": [5.5, 3.5, 10.5, 5.5], "rotation": 90, "texture": "#wool_red"},
				"up": {"uv": [12.5, 3.5, 13, 5.5], "rotation": 180, "texture": "#wool_red"},
				"down": {"uv": [3, 3.5, 3.5, 5.5], "texture": "#wool_red"}
			}
		},
		{
			"name": "shulker_gray9",
			"from": [8.82391, 5.89075, -13.12932],
			"to": [9.17249, 8.42591, 27.94022],
			"rotation": {"angle": 0, "axis": "x", "origin": [-4.98, 0, -421.44], "rescale": true},
			"faces": {
				"north": {"uv": [3, 5.5, 3.5, 10.5], "rotation": 180, "texture": "#wool_red"},
				"east": {"uv": [5.5, 3.5, 10.5, 5.5], "rotation": 270, "texture": "#wool_red"},
				"south": {"uv": [3, 5.5, 3.5, 10.5], "texture": "#wool_red"},
				"west": {"uv": [5.5, 3.5, 10.5, 5.5], "rotation": 90, "texture": "#wool_red"},
				"up": {"uv": [12.5, 3.5, 13, 5.5], "rotation": 180, "texture": "#wool_red"},
				"down": {"uv": [3, 3.5, 3.5, 5.5], "texture": "#wool_red"}
			}
		},
		{
			"name": "shulker_gray10",
			"from": [8.82391, 5.89075, -13.12932],
			"to": [9.17249, 8.42591, 27.94022],
			"rotation": {"angle": 0, "axis": "x", "origin": [-4.98, 0, -587.44], "rescale": true},
			"faces": {
				"north": {"uv": [3, 5.5, 3.5, 10.5], "rotation": 180, "texture": "#wool_red"},
				"east": {"uv": [5.5, 3.5, 10.5, 5.5], "rotation": 270, "texture": "#wool_red"},
				"south": {"uv": [3, 5.5, 3.5, 10.5], "texture": "#wool_red"},
				"west": {"uv": [5.5, 3.5, 10.5, 5.5], "rotation": 90, "texture": "#wool_red"},
				"up": {"uv": [12.5, 3.5, 13, 5.5], "rotation": 180, "texture": "#wool_red"},
				"down": {"uv": [3, 3.5, 3.5, 5.5], "texture": "#wool_red"}
			}
		},
		{
			"name": "shulker_gray11",
			"from": [8.82391, 5.89075, 19.97068],
			"to": [9.17249, 8.42591, 27.94022],
			"rotation": {"angle": 0, "axis": "x", "origin": [-4.98, 0, -447.44], "rescale": true},
			"faces": {
				"north": {"uv": [3, 5.5, 3.5, 10.5], "rotation": 180, "texture": "#wool_red"},
				"east": {"uv": [5.5, 3.5, 10.5, 5.5], "rotation": 270, "texture": "#wool_red"},
				"south": {"uv": [3, 5.5, 3.5, 10.5], "texture": "#wool_red"},
				"west": {"uv": [5.5, 3.5, 10.5, 5.5], "rotation": 90, "texture": "#wool_red"},
				"up": {"uv": [12.5, 3.5, 13, 5.5], "rotation": 180, "texture": "#wool_red"},
				"down": {"uv": [3, 3.5, 3.5, 5.5], "texture": "#wool_red"}
			}
		},
		{
			"name": "shulker_gray8",
			"from": [3.94375, 4.62319, -13.12932],
			"to": [7.42959, 4.8767, 27.94022],
			"rotation": {"angle": 0, "axis": "x", "origin": [-4.98, 0, -1.44], "rescale": true},
			"faces": {
				"north": {"uv": [5.5, 12.5, 10.5, 13], "rotation": 180, "texture": "#wool_red"},
				"east": {"uv": [12.5, 3.5, 13, 5], "rotation": 270, "texture": "#wool_red"},
				"south": {"uv": [5.5, 3, 10.5, 3.5], "texture": "#wool_red"},
				"west": {"uv": [3, 3.5, 3.5, 5], "rotation": 90, "texture": "#wool_red"},
				"up": {"uv": [5.5, 3.5, 10.5, 5], "rotation": 180, "texture": "#wool_red"},
				"down": {"uv": [5.5, 3.5, 10.5, 5], "texture": "#wool_red"}
			}
		},
		{
			"name": "shulker_gray9",
			"from": [3.94375, 4.62319, -13.12932],
			"to": [7.42959, 4.8767, 27.94022],
			"rotation": {"angle": 0, "axis": "x", "origin": [-4.98, 0, -141.44], "rescale": true},
			"faces": {
				"north": {"uv": [5.5, 12.5, 10.5, 13], "rotation": 180, "texture": "#wool_red"},
				"east": {"uv": [12.5, 3.5, 13, 5], "rotation": 270, "texture": "#wool_red"},
				"south": {"uv": [5.5, 3, 10.5, 3.5], "texture": "#wool_red"},
				"west": {"uv": [3, 3.5, 3.5, 5], "rotation": 90, "texture": "#wool_red"},
				"up": {"uv": [5.5, 3.5, 10.5, 5], "rotation": 180, "texture": "#wool_red"},
				"down": {"uv": [5.5, 3.5, 10.5, 5], "texture": "#wool_red"}
			}
		},
		{
			"name": "shulker_gray10",
			"from": [3.94375, 4.62319, -13.12932],
			"to": [7.42959, 4.8767, 27.94022],
			"rotation": {"angle": 0, "axis": "x", "origin": [-4.98, 0, -281.44], "rescale": true},
			"faces": {
				"north": {"uv": [5.5, 12.5, 10.5, 13], "rotation": 180, "texture": "#wool_red"},
				"east": {"uv": [12.5, 3.5, 13, 5], "rotation": 270, "texture": "#wool_red"},
				"south": {"uv": [5.5, 3, 10.5, 3.5], "texture": "#wool_red"},
				"west": {"uv": [3, 3.5, 3.5, 5], "rotation": 90, "texture": "#wool_red"},
				"up": {"uv": [5.5, 3.5, 10.5, 5], "rotation": 180, "texture": "#wool_red"},
				"down": {"uv": [5.5, 3.5, 10.5, 5], "texture": "#wool_red"}
			}
		},
		{
			"name": "shulker_gray11",
			"from": [3.94375, 4.62319, -13.12932],
			"to": [7.42959, 4.8767, 27.94022],
			"rotation": {"angle": 0, "axis": "x", "origin": [-4.98, 0, -421.44], "rescale": true},
			"faces": {
				"north": {"uv": [5.5, 12.5, 10.5, 13], "rotation": 180, "texture": "#wool_red"},
				"east": {"uv": [12.5, 3.5, 13, 5], "rotation": 270, "texture": "#wool_red"},
				"south": {"uv": [5.5, 3, 10.5, 3.5], "texture": "#wool_red"},
				"west": {"uv": [3, 3.5, 3.5, 5], "rotation": 90, "texture": "#wool_red"},
				"up": {"uv": [5.5, 3.5, 10.5, 5], "rotation": 180, "texture": "#wool_red"},
				"down": {"uv": [5.5, 3.5, 10.5, 5], "texture": "#wool_red"}
			}
		},
		{
			"name": "shulker_gray12",
			"from": [3.94375, 4.62319, -13.12932],
			"to": [7.42959, 4.8767, 27.94022],
			"rotation": {"angle": 0, "axis": "x", "origin": [-4.98, 0, -587.44], "rescale": true},
			"faces": {
				"north": {"uv": [5.5, 12.5, 10.5, 13], "rotation": 180, "texture": "#wool_red"},
				"east": {"uv": [12.5, 3.5, 13, 5], "rotation": 270, "texture": "#wool_red"},
				"south": {"uv": [5.5, 3, 10.5, 3.5], "texture": "#wool_red"},
				"west": {"uv": [3, 3.5, 3.5, 5], "rotation": 90, "texture": "#wool_red"},
				"up": {"uv": [5.5, 3.5, 10.5, 5], "rotation": 180, "texture": "#wool_red"},
				"down": {"uv": [5.5, 3.5, 10.5, 5], "texture": "#wool_red"}
			}
		},
		{
			"name": "shulker_gray13",
			"from": [3.94375, 4.62319, 19.97068],
			"to": [7.42959, 4.8767, 27.94022],
			"rotation": {"angle": 0, "axis": "x", "origin": [-4.98, 0, -447.44], "rescale": true},
			"faces": {
				"north": {"uv": [5.5, 12.5, 10.5, 13], "rotation": 180, "texture": "#wool_red"},
				"east": {"uv": [12.5, 3.5, 13, 5], "rotation": 270, "texture": "#wool_red"},
				"south": {"uv": [5.5, 3, 10.5, 3.5], "texture": "#wool_red"},
				"west": {"uv": [3, 3.5, 3.5, 5], "rotation": 90, "texture": "#wool_red"},
				"up": {"uv": [5.5, 3.5, 10.5, 5], "rotation": 180, "texture": "#wool_red"},
				"down": {"uv": [5.5, 3.5, 10.5, 5], "texture": "#wool_red"}
			}
		},
		{
			"name": "shulker_gray8",
			"from": [3.94375, 9.18648, 9.18],
			"to": [7.42959, 9.44, 29.20774],
			"rotation": {"angle": 0, "axis": "x", "origin": [-4.98, 0, -589.44], "rescale": true},
			"faces": {
				"north": {"uv": [5.5, 12.5, 10.5, 13], "rotation": 180, "texture": "#wool_red"},
				"east": {"uv": [12.5, 3.5, 13, 5], "rotation": 270, "texture": "#wool_red"},
				"south": {"uv": [5.5, 3, 10.5, 3.5], "texture": "#wool_red"},
				"west": {"uv": [3, 3.5, 3.5, 5], "rotation": 90, "texture": "#wool_red"},
				"up": {"uv": [5.5, 3.5, 10.5, 5], "rotation": 180, "texture": "#wool_red"},
				"down": {"uv": [5.5, 3.5, 10.5, 5], "texture": "#wool_red"}
			}
		},
		{
			"name": "shulker_gray8",
			"from": [3.94375, 4.87677, 9.18],
			"to": [7.42959, 5.13029, 29.20774],
			"rotation": {"angle": 0, "axis": "x", "origin": [-4.98, 0, -589.44], "rescale": true},
			"faces": {
				"north": {"uv": [5.5, 12.5, 10.5, 13], "rotation": 180, "texture": "#wool_red"},
				"east": {"uv": [12.5, 3.5, 13, 5], "rotation": 270, "texture": "#wool_red"},
				"south": {"uv": [5.5, 3, 10.5, 3.5], "texture": "#wool_red"},
				"west": {"uv": [3, 3.5, 3.5, 5], "rotation": 90, "texture": "#wool_red"},
				"up": {"uv": [5.5, 3.5, 10.5, 5], "rotation": 180, "texture": "#wool_red"},
				"down": {"uv": [5.5, 3.5, 10.5, 5], "texture": "#wool_red"}
			}
		},
		{
			"name": "shulker_gray8",
			"from": [2.89805, 5.13029, 9.18],
			"to": [8.47539, 9.18654, 29.20774],
			"rotation": {"angle": 0, "axis": "x", "origin": [-4.98, 0, -589.44], "rescale": true},
			"faces": {
				"north": {"uv": [5.25, 9.875, 7.25, 11.875], "rotation": 180, "texture": "#wool_red"},
				"east": {"uv": [9.875, 1, 11.875, 10.875], "rotation": 270, "texture": "#wool_red"},
				"south": {"uv": [5.25, 4.125, 7.25, 6.125], "texture": "#wool_red"},
				"west": {"uv": [4.125, 1, 6.125, 10.875], "rotation": 90, "texture": "#wool_red"},
				"up": {"uv": [8.75, 1, 10.75, 10.875], "rotation": 180, "texture": "#wool_red"},
				"down": {"uv": [5.25, 1, 7.25, 10.875], "texture": "#wool_red"}
			}
		},
		{
			"name": "shulker_gray6",
			"from": [2.54937, 5.89075, 9.18],
			"to": [2.89796, 8.42591, 29.20774],
			"rotation": {"angle": 0, "axis": "x", "origin": [-4.98, 0, -589.44], "rescale": true},
			"faces": {
				"north": {"uv": [3, 5.5, 3.5, 10.5], "rotation": 180, "texture": "#wool_red"},
				"east": {"uv": [5.5, 3.5, 10.5, 5.5], "rotation": 270, "texture": "#wool_red"},
				"south": {"uv": [3, 5.5, 3.5, 10.5], "texture": "#wool_red"},
				"west": {"uv": [5.5, 3.5, 10.5, 5.5], "rotation": 90, "texture": "#wool_red"},
				"up": {"uv": [12.5, 3.5, 13, 5.5], "rotation": 180, "texture": "#wool_red"},
				"down": {"uv": [3, 3.5, 3.5, 5.5], "texture": "#wool_red"}
			}
		},
		{
			"name": "shulker_gray6",
			"from": [8.47539, 5.89075, 9.18],
			"to": [8.82398, 8.42591, 29.20774],
			"rotation": {"angle": 0, "axis": "x", "origin": [-4.98, 0, -589.44], "rescale": true},
			"faces": {
				"north": {"uv": [3, 5.5, 3.5, 10.5], "rotation": 180, "texture": "#wool_red"},
				"east": {"uv": [5.5, 3.5, 10.5, 5.5], "rotation": 270, "texture": "#wool_red"},
				"south": {"uv": [3, 5.5, 3.5, 10.5], "texture": "#wool_red"},
				"west": {"uv": [5.5, 3.5, 10.5, 5.5], "rotation": 90, "texture": "#wool_red"},
				"up": {"uv": [12.5, 3.5, 13, 5.5], "rotation": 180, "texture": "#wool_red"},
				"down": {"uv": [3, 3.5, 3.5, 5.5], "texture": "#wool_red"}
			}
		},
		{
			"name": "shulker_gray8",
			"from": [3.94375, 8.93302, 9.94051],
			"to": [7.42959, 9.18654, 29.71473],
			"rotation": {"angle": 0, "axis": "x", "origin": [-4.98, 0, -589.44], "rescale": true},
			"faces": {
				"north": {"uv": [5.5, 12.5, 10.5, 13], "rotation": 180, "texture": "#wool_red"},
				"east": {"uv": [12.5, 3.5, 13, 5], "rotation": 270, "texture": "#wool_red"},
				"south": {"uv": [5.5, 3, 10.5, 3.5], "texture": "#wool_red"},
				"west": {"uv": [3, 3.5, 3.5, 5], "rotation": 90, "texture": "#wool_red"},
				"up": {"uv": [5.5, 3.5, 10.5, 5], "rotation": 180, "texture": "#wool_red"},
				"down": {"uv": [5.5, 3.5, 10.5, 5], "texture": "#wool_red"}
			}
		},
		{
			"name": "shulker_gray8",
			"from": [3.94375, 5.13023, 9.94051],
			"to": [7.42959, 5.38375, 29.71473],
			"rotation": {"angle": 0, "axis": "x", "origin": [-4.98, 0, -589.44], "rescale": true},
			"faces": {
				"north": {"uv": [5.5, 12.5, 10.5, 13], "rotation": 180, "texture": "#wool_red"},
				"east": {"uv": [12.5, 3.5, 13, 5], "rotation": 270, "texture": "#wool_red"},
				"south": {"uv": [5.5, 3, 10.5, 3.5], "texture": "#wool_red"},
				"west": {"uv": [3, 3.5, 3.5, 5], "rotation": 90, "texture": "#wool_red"},
				"up": {"uv": [5.5, 3.5, 10.5, 5], "rotation": 180, "texture": "#wool_red"},
				"down": {"uv": [5.5, 3.5, 10.5, 5], "texture": "#wool_red"}
			}
		},
		{
			"name": "shulker_gray6",
			"from": [2.89805, 5.89075, 9.94051],
			"to": [3.24663, 8.42591, 29.71473],
			"rotation": {"angle": 0, "axis": "x", "origin": [-4.98, 0, -589.44], "rescale": true},
			"faces": {
				"north": {"uv": [3, 5.5, 3.5, 10.5], "rotation": 180, "texture": "#wool_red"},
				"east": {"uv": [5.5, 3.5, 10.5, 5.5], "rotation": 270, "texture": "#wool_red"},
				"south": {"uv": [3, 5.5, 3.5, 10.5], "texture": "#wool_red"},
				"west": {"uv": [5.5, 3.5, 10.5, 5.5], "rotation": 90, "texture": "#wool_red"},
				"up": {"uv": [12.5, 3.5, 13, 5.5], "rotation": 180, "texture": "#wool_red"},
				"down": {"uv": [3, 3.5, 3.5, 5.5], "texture": "#wool_red"}
			}
		},
		{
			"name": "shulker_gray6",
			"from": [8.12672, 5.89075, 9.94051],
			"to": [8.4753, 8.42591, 29.71473],
			"rotation": {"angle": 0, "axis": "x", "origin": [-4.98, 0, -589.44], "rescale": true},
			"faces": {
				"north": {"uv": [3, 5.5, 3.5, 10.5], "rotation": 180, "texture": "#wool_red"},
				"east": {"uv": [5.5, 3.5, 10.5, 5.5], "rotation": 270, "texture": "#wool_red"},
				"south": {"uv": [3, 5.5, 3.5, 10.5], "texture": "#wool_red"},
				"west": {"uv": [5.5, 3.5, 10.5, 5.5], "rotation": 90, "texture": "#wool_red"},
				"up": {"uv": [12.5, 3.5, 13, 5.5], "rotation": 180, "texture": "#wool_red"},
				"down": {"uv": [3, 3.5, 3.5, 5.5], "texture": "#wool_red"}
			}
		},
		{
			"name": "shulker_gray8",
			"from": [3.24656, 5.38374, 9.94051],
			"to": [8.12674, 8.93295, 29.71473],
			"rotation": {"angle": 0, "axis": "x", "origin": [-4.98, 0, -589.44], "rescale": true},
			"faces": {
				"north": {"uv": [5.375, 10, 7.125, 11.75], "rotation": 180, "texture": "#wool_red"},
				"east": {"uv": [10, 0.75, 11.75, 10.5], "rotation": 270, "texture": "#wool_red"},
				"south": {"uv": [5.375, 4.25, 7.125, 6], "texture": "#wool_red"},
				"west": {"uv": [4.25, 0.75, 6, 10.5], "rotation": 90, "texture": "#wool_red"},
				"up": {"uv": [8.875, 0.75, 10.625, 10.5], "rotation": 180, "texture": "#wool_red"},
				"down": {"uv": [5.375, 0.75, 7.125, 10.5], "texture": "#wool_red"}
			}
		},
		{
			"name": "shulker_gray6",
			"from": [3.24656, 5.89075, 10.44756],
			"to": [8.12674, 8.42591, 29.96826],
			"rotation": {"angle": 0, "axis": "x", "origin": [-4.98, 0, -589.44], "rescale": true},
			"faces": {
				"north": {"uv": [5.375, 10.25, 7.125, 11.5], "rotation": 180, "texture": "#wool_red"},
				"east": {"uv": [10.25, 0.625, 11.5, 10.25], "rotation": 270, "texture": "#wool_red"},
				"south": {"uv": [5.375, 4.5, 7.125, 5.75], "texture": "#wool_red"},
				"west": {"uv": [4.5, 0.625, 5.75, 10.25], "rotation": 90, "texture": "#wool_red"},
				"up": {"uv": [8.875, 0.625, 10.625, 10.25], "rotation": 180, "texture": "#wool_red"},
				"down": {"uv": [5.375, 0.625, 7.125, 10.25], "texture": "#wool_red"}
			}
		},
		{
			"name": "shulker_gray6",
			"from": [3.94375, 8.42592, 10.44756],
			"to": [7.42959, 8.93295, 29.96826],
			"rotation": {"angle": 0, "axis": "x", "origin": [-4.98, 0, -589.44], "rescale": true},
			"faces": {
				"north": {"uv": [5.625, 11.5, 6.875, 11.75], "rotation": 180, "texture": "#wool_red"},
				"east": {"uv": [11.5, 0.625, 11.75, 10.25], "rotation": 270, "texture": "#wool_red"},
				"south": {"uv": [5.625, 4.25, 6.875, 4.5], "texture": "#wool_red"},
				"west": {"uv": [4.25, 0.625, 4.5, 10.25], "rotation": 90, "texture": "#wool_red"},
				"up": {"uv": [9.125, 0.625, 10.375, 10.25], "rotation": 180, "texture": "#wool_red"},
				"down": {"uv": [5.625, 0.625, 6.875, 10.25], "texture": "#wool_red"}
			}
		},
		{
			"name": "shulker_gray6",
			"from": [3.94375, 5.38377, 10.44756],
			"to": [7.42959, 5.8908, 29.96826],
			"rotation": {"angle": 0, "axis": "x", "origin": [-4.98, 0, -589.44], "rescale": true},
			"faces": {
				"north": {"uv": [5.625, 10, 6.875, 10.25], "rotation": 180, "texture": "#wool_red"},
				"east": {"uv": [10, 0.625, 10.25, 10.25], "rotation": 270, "texture": "#wool_red"},
				"south": {"uv": [5.625, 5.75, 6.875, 6], "texture": "#wool_red"},
				"west": {"uv": [5.75, 0.625, 6, 10.25], "rotation": 90, "texture": "#wool_red"},
				"up": {"uv": [9.125, 0.625, 10.375, 10.25], "rotation": 180, "texture": "#wool_red"},
				"down": {"uv": [5.625, 0.625, 6.875, 10.25], "texture": "#wool_red"}
			}
		},
		{
			"name": "shulker_gray6",
			"from": [4.29226, 6.14432, 10.70114],
			"to": [7.08093, 8.17244, 30.22184],
			"rotation": {"angle": 0, "axis": "x", "origin": [-4.98, 0, -589.44], "rescale": true},
			"faces": {
				"north": {"uv": [5.75, 10.375, 6.75, 11.375], "rotation": 180, "texture": "#wool_red"},
				"east": {"uv": [10.375, 0.5, 11.375, 10.125], "rotation": 270, "texture": "#wool_red"},
				"south": {"uv": [5.75, 4.625, 6.75, 5.625], "texture": "#wool_red"},
				"west": {"uv": [4.625, 0.5, 5.625, 10.125], "rotation": 90, "texture": "#wool_red"},
				"up": {"uv": [9.25, 0.5, 10.25, 10.125], "rotation": 180, "texture": "#wool_red"},
				"down": {"uv": [5.75, 0.5, 6.75, 10.125], "texture": "#wool_red"}
			}
		},
		{
			"name": "shulker_gray8",
			"from": [3.94375, 2.59506, -14.65045],
			"to": [7.42959, 4.8767, -14.39694],
			"rotation": {"angle": 0, "axis": "x", "origin": [-4.98, 0, -1.44], "rescale": true},
			"faces": {
				"north": {"uv": [5.625, 8.625, 6.875, 9.75], "rotation": 180, "texture": "#wool_red"},
				"east": {"uv": [8.625, 15.125, 9.75, 15.25], "rotation": 270, "texture": "#wool_red"},
				"south": {"uv": [5.625, 6.25, 6.875, 7.375], "texture": "#wool_red"},
				"west": {"uv": [6.25, 15.125, 7.375, 15.25], "rotation": 90, "texture": "#wool_red"},
				"up": {"uv": [9.125, 15.125, 10.375, 15.25], "rotation": 180, "texture": "#wool_red"},
				"down": {"uv": [5.625, 15.125, 6.875, 15.25], "texture": "#wool_red"}
			}
		},
		{
			"name": "shulker_gray6",
			"from": [2.20086, 5.89075, -14.39699],
			"to": [2.54944, 8.42591, -13.12941],
			"rotation": {"angle": 0, "axis": "x", "origin": [-4.98, 0, -1.44], "rescale": true},
			"faces": {
				"north": {"uv": [3, 5.5, 3.5, 10.5], "rotation": 180, "texture": "#1"},
				"east": {"uv": [5.5, 3.5, 10.5, 5.5], "rotation": 270, "texture": "#1"},
				"south": {"uv": [3, 5.5, 3.5, 10.5], "texture": "#1"},
				"west": {"uv": [5.5, 3.5, 10.5, 5.5], "rotation": 90, "texture": "#1"},
				"up": {"uv": [12.5, 3.5, 13, 5.5], "rotation": 180, "texture": "#1"},
				"down": {"uv": [3, 3.5, 3.5, 5.5], "texture": "#1"}
			}
		},
		{
			"name": "wool_red4",
			"from": [2.54937, 5.13029, -14.39699],
			"to": [2.89796, 9.18654, -13.12941],
			"rotation": {"angle": 0, "axis": "x", "origin": [-4.98, 0, -1.44], "rescale": true},
			"faces": {
				"north": {"uv": [5.125, 9.875, 5.25, 11.875], "rotation": 180, "texture": "#1"},
				"east": {"uv": [9.875, 14.5, 11.875, 15.125], "rotation": 270, "texture": "#1"},
				"south": {"uv": [5.125, 4.125, 5.25, 6.125], "texture": "#1"},
				"west": {"uv": [4.125, 14.5, 6.125, 15.125], "rotation": 90, "texture": "#1"},
				"up": {"uv": [10.75, 14.5, 10.875, 15.125], "rotation": 180, "texture": "#1"},
				"down": {"uv": [5.125, 14.5, 5.25, 15.125], "texture": "#1"}
			}
		},
		{
			"name": "wool_red1",
			"from": [2.89805, 4.87677, -14.39699],
			"to": [8.47539, 5.13029, -13.12941],
			"rotation": {"angle": 0, "axis": "x", "origin": [-4.98, 0, -1.44], "rescale": true},
			"faces": {
				"north": {"uv": [5.25, 9.75, 7.25, 9.875], "rotation": 180, "texture": "#1"},
				"east": {"uv": [9.75, 14.5, 9.875, 15.125], "rotation": 270, "texture": "#1"},
				"south": {"uv": [5.25, 6.125, 7.25, 6.25], "texture": "#1"},
				"west": {"uv": [6.125, 14.5, 6.25, 15.125], "rotation": 90, "texture": "#1"},
				"up": {"uv": [8.75, 14.5, 10.75, 15.125], "rotation": 180, "texture": "#1"},
				"down": {"uv": [5.25, 14.5, 7.25, 15.125], "texture": "#1"}
			}
		},
		{
			"name": "shulker_gray8",
			"from": [3.94375, 4.62319, -14.39699],
			"to": [7.42959, 4.8767, -13.12941],
			"rotation": {"angle": 0, "axis": "x", "origin": [-4.98, 0, -1.44], "rescale": true},
			"faces": {
				"north": {"uv": [5.5, 12.5, 10.5, 13], "rotation": 180, "texture": "#1"},
				"east": {"uv": [12.5, 3.5, 13, 5], "rotation": 270, "texture": "#1"},
				"south": {"uv": [5.5, 3, 10.5, 3.5], "texture": "#1"},
				"west": {"uv": [3, 3.5, 3.5, 5], "rotation": 90, "texture": "#1"},
				"up": {"uv": [5.5, 3.5, 10.5, 5], "rotation": 180, "texture": "#1"},
				"down": {"uv": [5.5, 3.5, 10.5, 5], "texture": "#1"}
			}
		},
		{
			"name": "wool_red1",
			"from": [2.89805, 9.18648, -14.39699],
			"to": [8.47539, 9.44, -13.12941],
			"rotation": {"angle": 0, "axis": "x", "origin": [-4.98, 0, -1.44], "rescale": true},
			"faces": {
				"north": {"uv": [5.25, 11.875, 7.25, 12], "rotation": 180, "texture": "#1"},
				"east": {"uv": [11.875, 14.5, 12, 15.125], "rotation": 270, "texture": "#1"},
				"south": {"uv": [5.25, 4, 7.25, 4.125], "texture": "#1"},
				"west": {"uv": [4, 14.5, 4.125, 15.125], "rotation": 90, "texture": "#1"},
				"up": {"uv": [8.75, 14.5, 10.75, 15.125], "rotation": 180, "texture": "#1"},
				"down": {"uv": [5.25, 14.5, 7.25, 15.125], "texture": "#1"}
			}
		},
		{
			"name": "shulker_gray8",
			"from": [3.94375, 9.43995, -14.39699],
			"to": [7.42959, 9.69346, -13.12941],
			"rotation": {"angle": 0, "axis": "x", "origin": [-4.98, 0, -1.44], "rescale": true},
			"faces": {
				"north": {"uv": [5.5, 12.5, 10.5, 13], "rotation": 180, "texture": "#1"},
				"east": {"uv": [12.5, 3.5, 13, 5], "rotation": 270, "texture": "#1"},
				"south": {"uv": [5.5, 3, 10.5, 3.5], "texture": "#1"},
				"west": {"uv": [3, 3.5, 3.5, 5], "rotation": 90, "texture": "#1"},
				"up": {"uv": [5.5, 3.5, 10.5, 5], "rotation": 180, "texture": "#1"},
				"down": {"uv": [5.5, 3.5, 10.5, 5], "texture": "#1"}
			}
		},
		{
			"name": "wool_red3",
			"from": [8.47539, 5.13029, -14.39699],
			"to": [8.82398, 9.18654, -13.12941],
			"rotation": {"angle": 0, "axis": "x", "origin": [-4.98, 0, -1.44], "rescale": true},
			"faces": {
				"north": {"uv": [7.25, 9.875, 7.375, 11.875], "rotation": 180, "texture": "#1"},
				"east": {"uv": [9.875, 14.5, 11.875, 15.125], "rotation": 270, "texture": "#1"},
				"south": {"uv": [7.25, 4.125, 7.375, 6.125], "texture": "#1"},
				"west": {"uv": [4.125, 14.5, 6.125, 15.125], "rotation": 90, "texture": "#1"},
				"up": {"uv": [8.625, 14.5, 8.75, 15.125], "rotation": 180, "texture": "#1"},
				"down": {"uv": [7.25, 14.5, 7.375, 15.125], "texture": "#1"}
			}
		},
		{
			"name": "shulker_gray6",
			"from": [8.82391, 5.89075, -14.39699],
			"to": [9.17249, 8.42591, -13.12941],
			"rotation": {"angle": 0, "axis": "x", "origin": [-4.98, 0, -1.44], "rescale": true},
			"faces": {
				"north": {"uv": [3, 5.5, 3.5, 10.5], "rotation": 180, "texture": "#1"},
				"east": {"uv": [5.5, 3.5, 10.5, 5.5], "rotation": 270, "texture": "#1"},
				"south": {"uv": [3, 5.5, 3.5, 10.5], "texture": "#1"},
				"west": {"uv": [5.5, 3.5, 10.5, 5.5], "rotation": 90, "texture": "#1"},
				"up": {"uv": [12.5, 3.5, 13, 5.5], "rotation": 180, "texture": "#1"},
				"down": {"uv": [3, 3.5, 3.5, 5.5], "texture": "#1"}
			}
		},
		{
			"name": "shulker_gray8",
			"from": [3.94375, 9.44001, -14.65045],
			"to": [7.42959, 11.72165, -14.39694],
			"rotation": {"angle": 0, "axis": "x", "origin": [-4.98, 0, -1.44], "rescale": true},
			"faces": {
				"north": {"uv": [5.625, 12, 6.875, 13.125], "rotation": 180, "texture": "#wool_red"},
				"east": {"uv": [12, 15.125, 13.125, 15.25], "rotation": 270, "texture": "#wool_red"},
				"south": {"uv": [5.625, 2.875, 6.875, 4], "texture": "#wool_red"},
				"west": {"uv": [2.875, 15.125, 4, 15.25], "rotation": 90, "texture": "#wool_red"},
				"up": {"uv": [9.125, 15.125, 10.375, 15.25], "rotation": 180, "texture": "#wool_red"},
				"down": {"uv": [5.625, 15.125, 6.875, 15.25], "texture": "#wool_red"}
			}
		},
		{
			"name": "shulker_gray8",
			"from": [7.42953, 9.44006, -14.65045],
			"to": [8.47528, 11.46818, -14.39694],
			"rotation": {"angle": 0, "axis": "x", "origin": [-4.98, 0, -1.44], "rescale": true},
			"faces": {
				"north": {"uv": [6.875, 12, 7.25, 13], "rotation": 180, "texture": "#wool_red"},
				"east": {"uv": [12, 15.125, 13, 15.25], "rotation": 270, "texture": "#wool_red"},
				"south": {"uv": [6.875, 3, 7.25, 4], "texture": "#wool_red"},
				"west": {"uv": [3, 15.125, 4, 15.25], "rotation": 90, "texture": "#wool_red"},
				"up": {"uv": [8.75, 15.125, 9.125, 15.25], "rotation": 180, "texture": "#wool_red"},
				"down": {"uv": [6.875, 15.125, 7.25, 15.25], "texture": "#wool_red"}
			}
		},
		{
			"name": "shulker_gray8",
			"from": [2.89805, 9.44006, -14.65045],
			"to": [3.9438, 11.46818, -14.39694],
			"rotation": {"angle": 0, "axis": "x", "origin": [-4.98, 0, -1.44], "rescale": true},
			"faces": {
				"north": {"uv": [5.25, 12, 5.625, 13], "rotation": 180, "texture": "#wool_red"},
				"east": {"uv": [12, 15.125, 13, 15.25], "rotation": 270, "texture": "#wool_red"},
				"south": {"uv": [5.25, 3, 5.625, 4], "texture": "#wool_red"},
				"west": {"uv": [3, 15.125, 4, 15.25], "rotation": 90, "texture": "#wool_red"},
				"up": {"uv": [10.375, 15.125, 10.75, 15.25], "rotation": 180, "texture": "#wool_red"},
				"down": {"uv": [5.25, 15.125, 5.625, 15.25], "texture": "#wool_red"}
			}
		},
		{
			"name": "shulker_gray8",
			"from": [7.42953, 2.84858, -14.65045],
			"to": [8.47528, 4.8767, -14.39694],
			"rotation": {"angle": 0, "axis": "x", "origin": [-4.98, 0, -1.44], "rescale": true},
			"faces": {
				"north": {"uv": [6.875, 8.75, 7.25, 9.75], "rotation": 180, "texture": "#wool_red"},
				"east": {"uv": [8.75, 15.125, 9.75, 15.25], "rotation": 270, "texture": "#wool_red"},
				"south": {"uv": [6.875, 6.25, 7.25, 7.25], "texture": "#wool_red"},
				"west": {"uv": [6.25, 15.125, 7.25, 15.25], "rotation": 90, "texture": "#wool_red"},
				"up": {"uv": [8.75, 15.125, 9.125, 15.25], "rotation": 180, "texture": "#wool_red"},
				"down": {"uv": [6.875, 15.125, 7.25, 15.25], "texture": "#wool_red"}
			}
		},
		{
			"name": "shulker_gray8",
			"from": [2.89805, 2.84858, -14.65045],
			"to": [3.9438, 4.8767, -14.39694],
			"rotation": {"angle": 0, "axis": "x", "origin": [-4.98, 0, -1.44], "rescale": true},
			"faces": {
				"north": {"uv": [5.25, 8.75, 5.625, 9.75], "rotation": 180, "texture": "#wool_red"},
				"east": {"uv": [8.75, 15.125, 9.75, 15.25], "rotation": 270, "texture": "#wool_red"},
				"south": {"uv": [5.25, 6.25, 5.625, 7.25], "texture": "#wool_red"},
				"west": {"uv": [6.25, 15.125, 7.25, 15.25], "rotation": 90, "texture": "#wool_red"},
				"up": {"uv": [10.375, 15.125, 10.75, 15.25], "rotation": 180, "texture": "#wool_red"},
				"down": {"uv": [5.25, 15.125, 5.625, 15.25], "texture": "#wool_red"}
			}
		},
		{
			"name": "shulker_gray8",
			"from": [8.47539, 3.1021, -14.65045],
			"to": [9.17256, 11.2146, -14.39694],
			"rotation": {"angle": 0, "axis": "x", "origin": [-4.98, 0, -1.44], "rescale": true},
			"faces": {
				"north": {"uv": [7.25, 8.875, 7.5, 12.875], "rotation": 180, "texture": "#wool_red"},
				"east": {"uv": [8.875, 15.125, 12.875, 15.25], "rotation": 270, "texture": "#wool_red"},
				"south": {"uv": [7.25, 3.125, 7.5, 7.125], "texture": "#wool_red"},
				"west": {"uv": [3.125, 15.125, 7.125, 15.25], "rotation": 90, "texture": "#wool_red"},
				"up": {"uv": [8.5, 15.125, 8.75, 15.25], "rotation": 180, "texture": "#wool_red"},
				"down": {"uv": [7.25, 15.125, 7.5, 15.25], "texture": "#wool_red"}
			}
		},
		{
			"name": "shulker_gray8",
			"from": [2.20086, 3.1021, -14.65045],
			"to": [2.89803, 11.2146, -14.39694],
			"rotation": {"angle": 0, "axis": "x", "origin": [-4.98, 0, -1.44], "rescale": true},
			"faces": {
				"north": {"uv": [5, 8.875, 5.25, 12.875], "rotation": 180, "texture": "#wool_red"},
				"east": {"uv": [8.875, 15.125, 12.875, 15.25], "rotation": 270, "texture": "#wool_red"},
				"south": {"uv": [5, 3.125, 5.25, 7.125], "texture": "#wool_red"},
				"west": {"uv": [3.125, 15.125, 7.125, 15.25], "rotation": 90, "texture": "#wool_red"},
				"up": {"uv": [10.75, 15.125, 11, 15.25], "rotation": 180, "texture": "#wool_red"},
				"down": {"uv": [5, 15.125, 5.25, 15.25], "texture": "#wool_red"}
			}
		},
		{
			"name": "shulker_gray8",
			"from": [9.17258, 3.35567, -14.65045],
			"to": [9.52117, 10.96114, -14.39694],
			"rotation": {"angle": 0, "axis": "x", "origin": [-4.98, 0, -1.44], "rescale": true},
			"faces": {
				"north": {"uv": [7.5, 9, 7.625, 12.75], "rotation": 180, "texture": "#wool_red"},
				"east": {"uv": [9, 15.125, 12.75, 15.25], "rotation": 270, "texture": "#wool_red"},
				"south": {"uv": [7.5, 3.25, 7.625, 7], "texture": "#wool_red"},
				"west": {"uv": [3.25, 15.125, 7, 15.25], "rotation": 90, "texture": "#wool_red"},
				"up": {"uv": [8.375, 15.125, 8.5, 15.25], "rotation": 180, "texture": "#wool_red"},
				"down": {"uv": [7.5, 15.125, 7.625, 15.25], "texture": "#wool_red"}
			}
		},
		{
			"name": "shulker_gray8",
			"from": [11.61266, 5.89075, -14.65045],
			"to": [11.96124, 8.42591, -14.39694],
			"rotation": {"angle": 0, "axis": "x", "origin": [-4.98, 0, -1.44], "rescale": true},
			"faces": {
				"north": {"uv": [8.375, 10.25, 8.5, 11.5], "rotation": 180, "texture": "#wool_red"},
				"east": {"uv": [10.25, 15.125, 11.5, 15.25], "rotation": 270, "texture": "#wool_red"},
				"south": {"uv": [8.375, 4.5, 8.5, 5.75], "texture": "#wool_red"},
				"west": {"uv": [4.5, 15.125, 5.75, 15.25], "rotation": 90, "texture": "#wool_red"},
				"up": {"uv": [7.5, 15.125, 7.625, 15.25], "rotation": 180, "texture": "#wool_red"},
				"down": {"uv": [8.375, 15.125, 8.5, 15.25], "texture": "#wool_red"}
			}
		},
		{
			"name": "shulker_gray8",
			"from": [11.26398, 5.13029, -14.65045],
			"to": [11.61256, 9.18654, -14.39694],
			"rotation": {"angle": 0, "axis": "x", "origin": [-4.98, 0, -1.44], "rescale": true},
			"faces": {
				"north": {"uv": [8.25, 9.875, 8.375, 11.875], "rotation": 180, "texture": "#wool_red"},
				"east": {"uv": [9.875, 15.125, 11.875, 15.25], "rotation": 270, "texture": "#wool_red"},
				"south": {"uv": [8.25, 4.125, 8.375, 6.125], "texture": "#wool_red"},
				"west": {"uv": [4.125, 15.125, 6.125, 15.25], "rotation": 90, "texture": "#wool_red"},
				"up": {"uv": [7.625, 15.125, 7.75, 15.25], "rotation": 180, "texture": "#wool_red"},
				"down": {"uv": [8.25, 15.125, 8.375, 15.25], "texture": "#wool_red"}
			}
		},
		{
			"name": "shulker_gray8",
			"from": [10.91547, 4.62315, -14.65045],
			"to": [11.26405, 9.69346, -14.39694],
			"rotation": {"angle": 0, "axis": "x", "origin": [-4.98, 0, -1.44], "rescale": true},
			"faces": {
				"north": {"uv": [8.125, 9.625, 8.25, 12.125], "rotation": 180, "texture": "#wool_red"},
				"east": {"uv": [9.625, 15.125, 12.125, 15.25], "rotation": 270, "texture": "#wool_red"},
				"south": {"uv": [8.125, 3.875, 8.25, 6.375], "texture": "#wool_red"},
				"west": {"uv": [3.875, 15.125, 6.375, 15.25], "rotation": 90, "texture": "#wool_red"},
				"up": {"uv": [7.75, 15.125, 7.875, 15.25], "rotation": 180, "texture": "#wool_red"},
				"down": {"uv": [8.125, 15.125, 8.25, 15.25], "texture": "#wool_red"}
			}
		},
		{
			"name": "shulker_gray8",
			"from": [9.52109, 3.60912, -14.65045],
			"to": [10.21826, 10.70756, -14.39694],
			"rotation": {"angle": 0, "axis": "x", "origin": [-4.98, 0, -1.44], "rescale": true},
			"faces": {
				"north": {"uv": [7.625, 9.125, 7.875, 12.625], "rotation": 180, "texture": "#wool_red"},
				"east": {"uv": [9.125, 15.125, 12.625, 15.25], "rotation": 270, "texture": "#wool_red"},
				"south": {"uv": [7.625, 3.375, 7.875, 6.875], "texture": "#wool_red"},
				"west": {"uv": [3.375, 15.125, 6.875, 15.25], "rotation": 90, "texture": "#wool_red"},
				"up": {"uv": [8.125, 15.125, 8.375, 15.25], "rotation": 180, "texture": "#wool_red"},
				"down": {"uv": [7.625, 15.125, 7.875, 15.25], "texture": "#wool_red"}
			}
		},
		{
			"name": "shulker_gray8",
			"from": [10.21828, 3.86269, -14.65045],
			"to": [10.56687, 10.45409, -14.39694],
			"rotation": {"angle": 0, "axis": "x", "origin": [-4.98, 0, -1.44], "rescale": true},
			"faces": {
				"north": {"uv": [7.875, 9.25, 8, 12.5], "rotation": 180, "texture": "#wool_red"},
				"east": {"uv": [9.25, 15.125, 12.5, 15.25], "rotation": 270, "texture": "#wool_red"},
				"south": {"uv": [7.875, 3.5, 8, 6.75], "texture": "#wool_red"},
				"west": {"uv": [3.5, 15.125, 6.75, 15.25], "rotation": 90, "texture": "#wool_red"},
				"up": {"uv": [8, 15.125, 8.125, 15.25], "rotation": 180, "texture": "#wool_red"},
				"down": {"uv": [7.875, 15.125, 8, 15.25], "texture": "#wool_red"}
			}
		},
		{
			"name": "shulker_gray8",
			"from": [10.56679, 4.36965, -14.65045],
			"to": [10.91538, 10.20051, -14.39694],
			"rotation": {"angle": 0, "axis": "x", "origin": [-4.98, 0, -1.44], "rescale": true},
			"faces": {
				"north": {"uv": [8, 9.5, 8.125, 12.375], "rotation": 180, "texture": "#wool_red"},
				"east": {"uv": [9.5, 15.125, 12.375, 15.25], "rotation": 270, "texture": "#wool_red"},
				"south": {"uv": [8, 3.625, 8.125, 6.5], "texture": "#wool_red"},
				"west": {"uv": [3.625, 15.125, 6.5, 15.25], "rotation": 90, "texture": "#wool_red"},
				"up": {"uv": [7.875, 15.125, 8, 15.25], "rotation": 180, "texture": "#wool_red"},
				"down": {"uv": [8, 15.125, 8.125, 15.25], "texture": "#wool_red"}
			}
		},
		{
			"name": "shulker_gray8",
			"from": [1.85219, 3.35567, -14.65045],
			"to": [2.20077, 10.96114, -14.39694],
			"rotation": {"angle": 0, "axis": "x", "origin": [-4.98, 0, -1.44], "rescale": true},
			"faces": {
				"north": {"uv": [4.875, 9, 5, 12.75], "rotation": 180, "texture": "#wool_red"},
				"east": {"uv": [9, 15.125, 12.75, 15.25], "rotation": 270, "texture": "#wool_red"},
				"south": {"uv": [4.875, 3.25, 5, 7], "texture": "#wool_red"},
				"west": {"uv": [3.25, 15.125, 7, 15.25], "rotation": 90, "texture": "#wool_red"},
				"up": {"uv": [11, 15.125, 11.125, 15.25], "rotation": 180, "texture": "#wool_red"},
				"down": {"uv": [4.875, 15.125, 5, 15.25], "texture": "#wool_red"}
			}
		},
		{
			"name": "shulker_gray8",
			"from": [1.155, 3.60912, -14.65045],
			"to": [1.85216, 10.70756, -14.39694],
			"rotation": {"angle": 0, "axis": "x", "origin": [-4.98, 0, -1.44], "rescale": true},
			"faces": {
				"north": {"uv": [4.625, 9.125, 4.875, 12.625], "rotation": 180, "texture": "#wool_red"},
				"east": {"uv": [9.125, 15.125, 12.625, 15.25], "rotation": 270, "texture": "#wool_red"},
				"south": {"uv": [4.625, 3.375, 4.875, 6.875], "texture": "#wool_red"},
				"west": {"uv": [3.375, 15.125, 6.875, 15.25], "rotation": 90, "texture": "#wool_red"},
				"up": {"uv": [11.125, 15.125, 11.375, 15.25], "rotation": 180, "texture": "#wool_red"},
				"down": {"uv": [4.625, 15.125, 4.875, 15.25], "texture": "#wool_red"}
			}
		},
		{
			"name": "shulker_gray8",
			"from": [0.80648, 3.86269, -14.65045],
			"to": [1.15507, 10.45409, -14.39694],
			"rotation": {"angle": 0, "axis": "x", "origin": [-4.98, 0, -1.44], "rescale": true},
			"faces": {
				"north": {"uv": [4.5, 9.25, 4.625, 12.5], "rotation": 180, "texture": "#wool_red"},
				"east": {"uv": [9.25, 15.125, 12.5, 15.25], "rotation": 270, "texture": "#wool_red"},
				"south": {"uv": [4.5, 3.5, 4.625, 6.75], "texture": "#wool_red"},
				"west": {"uv": [3.5, 15.125, 6.75, 15.25], "rotation": 90, "texture": "#wool_red"},
				"up": {"uv": [11.375, 15.125, 11.5, 15.25], "rotation": 180, "texture": "#wool_red"},
				"down": {"uv": [4.5, 15.125, 4.625, 15.25], "texture": "#wool_red"}
			}
		},
		{
			"name": "shulker_gray8",
			"from": [0.45797, 4.36965, -14.65045],
			"to": [0.80656, 10.20051, -14.39694],
			"rotation": {"angle": 0, "axis": "x", "origin": [-4.98, 0, -1.44], "rescale": true},
			"faces": {
				"north": {"uv": [4.375, 9.5, 4.5, 12.375], "rotation": 180, "texture": "#wool_red"},
				"east": {"uv": [9.5, 15.125, 12.375, 15.25], "rotation": 270, "texture": "#wool_red"},
				"south": {"uv": [4.375, 3.625, 4.5, 6.5], "texture": "#wool_red"},
				"west": {"uv": [3.625, 15.125, 6.5, 15.25], "rotation": 90, "texture": "#wool_red"},
				"up": {"uv": [11.5, 15.125, 11.625, 15.25], "rotation": 180, "texture": "#wool_red"},
				"down": {"uv": [4.375, 15.125, 4.5, 15.25], "texture": "#wool_red"}
			}
		},
		{
			"name": "shulker_gray8",
			"from": [0.1093, 4.62315, -14.65045],
			"to": [0.45788, 9.69346, -14.39694],
			"rotation": {"angle": 0, "axis": "x", "origin": [-4.98, 0, -1.44], "rescale": true},
			"faces": {
				"north": {"uv": [4.25, 9.625, 4.375, 12.125], "rotation": 180, "texture": "#wool_red"},
				"east": {"uv": [9.625, 15.125, 12.125, 15.25], "rotation": 270, "texture": "#wool_red"},
				"south": {"uv": [4.25, 3.875, 4.375, 6.375], "texture": "#wool_red"},
				"west": {"uv": [3.875, 15.125, 6.375, 15.25], "rotation": 90, "texture": "#wool_red"},
				"up": {"uv": [11.625, 15.125, 11.75, 15.25], "rotation": 180, "texture": "#wool_red"},
				"down": {"uv": [4.25, 15.125, 4.375, 15.25], "texture": "#wool_red"}
			}
		},
		{
			"name": "shulker_gray8",
			"from": [-0.23922, 5.13029, -14.65045],
			"to": [0.10937, 9.18654, -14.39694],
			"rotation": {"angle": 0, "axis": "x", "origin": [-4.98, 0, -1.44], "rescale": true},
			"faces": {
				"north": {"uv": [4.125, 9.875, 4.25, 11.875], "rotation": 180, "texture": "#wool_red"},
				"east": {"uv": [9.875, 15.125, 11.875, 15.25], "rotation": 270, "texture": "#wool_red"},
				"south": {"uv": [4.125, 4.125, 4.25, 6.125], "texture": "#wool_red"},
				"west": {"uv": [4.125, 15.125, 6.125, 15.25], "rotation": 90, "texture": "#wool_red"},
				"up": {"uv": [11.75, 15.125, 11.875, 15.25], "rotation": 180, "texture": "#wool_red"},
				"down": {"uv": [4.125, 15.125, 4.25, 15.25], "texture": "#wool_red"}
			}
		},
		{
			"name": "shulker_gray8",
			"from": [-0.58789, 5.89075, -14.65045],
			"to": [-0.23931, 8.42591, -14.39694],
			"rotation": {"angle": 0, "axis": "x", "origin": [-4.98, 0, -1.44], "rescale": true},
			"faces": {
				"north": {"uv": [4, 10.25, 4.125, 11.5], "rotation": 180, "texture": "#wool_red"},
				"east": {"uv": [10.25, 15.125, 11.5, 15.25], "rotation": 270, "texture": "#wool_red"},
				"south": {"uv": [4, 4.5, 4.125, 5.75], "texture": "#wool_red"},
				"west": {"uv": [4.5, 15.125, 5.75, 15.25], "rotation": 90, "texture": "#wool_red"},
				"up": {"uv": [11.875, 15.125, 12, 15.25], "rotation": 180, "texture": "#wool_red"},
				"down": {"uv": [4, 15.125, 4.125, 15.25], "texture": "#wool_red"}
			}
		}
	],
	"display": {
		"thirdperson_righthand": {
			"rotation": [87.5, -179.5, 25],
			"translation": [-0.082, -3.304, 0.915],
			"scale": [0.1, 0.1, 0.1]
		},
		"thirdperson_lefthand": {
			"rotation": [87.5, -179.5, 25],
			"translation": [-0.082, -3.304, 0.915],
			"scale": [0.1, 0.1, 0.1]
		},
		"firstperson_righthand": {
			"rotation": [-132.5, 20.5, -95.5],
			"translation": [4.1739, -2.679, -5.564],
			"scale": [0.2, 0.2, 0.2]
		},
		"firstperson_lefthand": {
			"rotation": [87.5, -179.5, 25],
			"translation": [-0.082, -3.304, 0.915],
			"scale": [0.1, 0.1, 0.1]
		},
		"ground": {
			"rotation": [-90, 0, 0],
			"translation": [2, 26.021, 3]
		},
		"gui": {
			"rotation": [-35.25, 0, 3],
			"translation": [3.5, -6.75, 0],
			"scale": [1.41055, 0.6, 0.1]
		},
		"head": {
			"rotation": [90, -180, 0],
			"translation": [-4.5, 62.25, -4.75],
			"scale": [2, 2, 2]
		},
		"fixed": {
			"rotation": [-90, 0, 0],
			"translation": [1.75, 0, 0]
		}
	}
}