{
	"credit": "Made with Blockbench",
	"textures": {
		"0": "item/yellow_dye",
		"1": "paradisu:custom/tmario",
		"2": "block/brown_terracotta",
		"3": "block/anvil",
		"particle": "item/yellow_dye"
	},
	"elements": [
		{
			"from": [2, 0, 6],
			"to": [4, 1, 14],
			"rotation": {"angle": 0, "axis": "y", "origin": [11, 8, 14]},
			"faces": {
				"north": {"uv": [5, 7, 6, 8], "texture": "#0"},
				"east": {"uv": [5, 7, 6, 8], "texture": "#0"},
				"south": {"uv": [5, 7, 6, 8], "texture": "#0"},
				"west": {"uv": [5, 7, 6, 8], "texture": "#0"},
				"up": {"uv": [4, 7, 5, 8], "texture": "#0"},
				"down": {"uv": [5, 7, 6, 8], "texture": "#0"}
			}
		},
		{
			"from": [3, 1, 6],
			"to": [5, 2, 14],
			"rotation": {"angle": 0, "axis": "y", "origin": [12, 9, 14]},
			"faces": {
				"north": {"uv": [5, 7, 6, 8], "texture": "#0"},
				"east": {"uv": [5, 7, 6, 8], "texture": "#0"},
				"south": {"uv": [5, 7, 6, 8], "texture": "#0"},
				"west": {"uv": [5, 7, 6, 8], "texture": "#0"},
				"up": {"uv": [4, 7, 5, 8], "texture": "#0"},
				"down": {"uv": [5, 7, 6, 8], "texture": "#0"}
			}
		},
		{
			"from": [12, 0, 6],
			"to": [14, 1, 14],
			"rotation": {"angle": 0, "axis": "y", "origin": [20, 8, 14]},
			"faces": {
				"north": {"uv": [5, 7, 6, 8], "texture": "#0"},
				"east": {"uv": [5, 7, 6, 8], "texture": "#0"},
				"south": {"uv": [5, 7, 6, 8], "texture": "#0"},
				"west": {"uv": [5, 7, 6, 8], "texture": "#0"},
				"up": {"uv": [4, 7, 5, 8], "texture": "#0"},
				"down": {"uv": [5, 7, 6, 8], "texture": "#0"}
			}
		},
		{
			"from": [11, 1, 6],
			"to": [13, 2, 14],
			"rotation": {"angle": 0, "axis": "y", "origin": [19, 9, 14]},
			"faces": {
				"north": {"uv": [5, 7, 6, 8], "texture": "#0"},
				"east": {"uv": [5, 7, 6, 8], "texture": "#0"},
				"south": {"uv": [5, 7, 6, 8], "texture": "#0"},
				"west": {"uv": [5, 7, 6, 8], "texture": "#0"},
				"up": {"uv": [4, 7, 5, 8], "texture": "#0"},
				"down": {"uv": [5, 7, 6, 8], "texture": "#0"}
			}
		},
		{
			"from": [11, 2, 7],
			"to": [13, 3, 13],
			"rotation": {"angle": 0, "axis": "y", "origin": [19, 10, 14]},
			"faces": {
				"north": {"uv": [5, 7, 6, 8], "texture": "#0"},
				"east": {"uv": [5, 7, 6, 8], "texture": "#0"},
				"south": {"uv": [5, 7, 6, 8], "texture": "#0"},
				"west": {"uv": [5, 7, 6, 8], "texture": "#0"},
				"up": {"uv": [4, 7, 5, 8], "texture": "#0"},
				"down": {"uv": [5, 7, 6, 8], "texture": "#0"}
			}
		},
		{
			"from": [10, 3, 7],
			"to": [12, 4, 13],
			"rotation": {"angle": 0, "axis": "y", "origin": [18, 11, 14]},
			"faces": {
				"north": {"uv": [5, 7, 6, 8], "texture": "#0"},
				"east": {"uv": [5, 7, 6, 8], "texture": "#0"},
				"south": {"uv": [5, 7, 6, 8], "texture": "#0"},
				"west": {"uv": [5, 7, 6, 8], "texture": "#0"},
				"up": {"uv": [5, 7, 6, 8], "texture": "#0"},
				"down": {"uv": [5, 7, 6, 8], "texture": "#0"}
			}
		},
		{
			"from": [4, 3, 7],
			"to": [6, 4, 13],
			"rotation": {"angle": 0, "axis": "y", "origin": [12, 11, 14]},
			"faces": {
				"north": {"uv": [5, 7, 6, 8], "texture": "#0"},
				"east": {"uv": [5, 7, 6, 8], "texture": "#0"},
				"south": {"uv": [5, 7, 6, 8], "texture": "#0"},
				"west": {"uv": [5, 7, 6, 8], "texture": "#0"},
				"up": {"uv": [4, 7, 5, 8], "texture": "#0"},
				"down": {"uv": [5, 7, 6, 8], "texture": "#0"}
			}
		},
		{
			"from": [5, 4, 8],
			"to": [6, 5, 13],
			"rotation": {"angle": 0, "axis": "y", "origin": [12, 12, 14]},
			"faces": {
				"north": {"uv": [5, 7, 6, 8], "texture": "#0"},
				"east": {"uv": [5, 7, 6, 8], "texture": "#0"},
				"south": {"uv": [5, 7, 6, 8], "texture": "#0"},
				"west": {"uv": [5, 7, 6, 8], "texture": "#0"},
				"up": {"uv": [4, 7, 5, 8], "texture": "#0"},
				"down": {"uv": [5, 7, 6, 8], "texture": "#0"}
			}
		},
		{
			"from": [9, 4, 8],
			"to": [11, 5, 13],
			"rotation": {"angle": 0, "axis": "y", "origin": [17, 12, 14]},
			"faces": {
				"north": {"uv": [5, 7, 6, 8], "texture": "#0"},
				"east": {"uv": [5, 7, 6, 8], "texture": "#0"},
				"south": {"uv": [5, 7, 6, 8], "texture": "#0"},
				"west": {"uv": [5, 7, 6, 8], "texture": "#0"},
				"up": {"uv": [4, 7, 5, 8], "texture": "#0"},
				"down": {"uv": [5, 7, 6, 8], "texture": "#0"}
			}
		},
		{
			"from": [6, 5, 8],
			"to": [10, 6, 12],
			"rotation": {"angle": 0, "axis": "y", "origin": [15, 13, 14]},
			"faces": {
				"north": {"uv": [5, 7, 6, 8], "texture": "#0"},
				"east": {"uv": [5, 7, 6, 8], "texture": "#0"},
				"south": {"uv": [5, 7, 6, 8], "texture": "#0"},
				"west": {"uv": [5, 7, 6, 8], "texture": "#0"},
				"up": {"uv": [4, 7, 5, 8], "texture": "#0"},
				"down": {"uv": [5, 7, 6, 8], "texture": "#0"}
			}
		},
		{
			"from": [5, 2, 5],
			"to": [11, 3, 6],
			"rotation": {"angle": 0, "axis": "y", "origin": [19, 10, 7]},
			"faces": {
				"north": {"uv": [5, 7, 6, 8], "texture": "#0"},
				"east": {"uv": [5, 7, 6, 8], "texture": "#0"},
				"south": {"uv": [5, 7, 6, 8], "texture": "#0"},
				"west": {"uv": [5, 7, 6, 8], "texture": "#0"},
				"up": {"uv": [4, 7, 5, 8], "texture": "#0"},
				"down": {"uv": [5, 7, 6, 8], "texture": "#0"}
			}
		},
		{
			"from": [4, 2, 6],
			"to": [12, 3, 7],
			"rotation": {"angle": 0, "axis": "y", "origin": [19, 10, 8]},
			"faces": {
				"north": {"uv": [5, 7, 6, 8], "texture": "#0"},
				"east": {"uv": [5, 7, 6, 8], "texture": "#0"},
				"south": {"uv": [5, 7, 6, 8], "texture": "#0"},
				"west": {"uv": [5, 7, 6, 8], "texture": "#0"},
				"up": {"uv": [4, 7, 5, 8], "texture": "#0"},
				"down": {"uv": [5, 7, 6, 8], "texture": "#0"}
			}
		},
		{
			"from": [5, 3, 6],
			"to": [11, 4, 7],
			"rotation": {"angle": 0, "axis": "y", "origin": [19, 11, 8]},
			"faces": {
				"north": {"uv": [5, 7, 6, 8], "texture": "#0"},
				"east": {"uv": [5, 7, 6, 8], "texture": "#0"},
				"south": {"uv": [5, 7, 6, 8], "texture": "#0"},
				"west": {"uv": [5, 7, 6, 8], "texture": "#0"},
				"up": {"uv": [4, 7, 5, 8], "texture": "#0"},
				"down": {"uv": [5, 7, 6, 8], "texture": "#0"}
			}
		},
		{
			"from": [6, 4, 7],
			"to": [10, 5, 8],
			"rotation": {"angle": 0, "axis": "y", "origin": [19, 12, 9]},
			"faces": {
				"north": {"uv": [5, 7, 6, 8], "texture": "#0"},
				"east": {"uv": [5, 7, 6, 8], "texture": "#0"},
				"south": {"uv": [5, 7, 6, 8], "texture": "#0"},
				"west": {"uv": [5, 7, 6, 8], "texture": "#0"},
				"up": {"uv": [4, 7, 5, 8], "texture": "#0"},
				"down": {"uv": [5, 7, 6, 8], "texture": "#0"}
			}
		},
		{
			"from": [3, 2, 7],
			"to": [5, 3, 13],
			"rotation": {"angle": 0, "axis": "y", "origin": [11, 10, 14]},
			"faces": {
				"north": {"uv": [5, 7, 6, 8], "texture": "#0"},
				"east": {"uv": [5, 7, 6, 8], "texture": "#0"},
				"south": {"uv": [5, 7, 6, 8], "texture": "#0"},
				"west": {"uv": [5, 7, 6, 8], "texture": "#0"},
				"up": {"uv": [4, 7, 5, 8], "texture": "#0"},
				"down": {"uv": [5, 7, 6, 8], "texture": "#0"}
			}
		},
		{
			"from": [4, 0.5, 4],
			"to": [12, 1, 6],
			"rotation": {"angle": 0, "axis": "y", "origin": [13, 8, 13]},
			"faces": {
				"north": {"uv": [5, 7, 6, 8], "texture": "#0"},
				"east": {"uv": [5, 7, 6, 8], "texture": "#0"},
				"south": {"uv": [5, 7, 6, 8], "texture": "#0"},
				"west": {"uv": [5, 7, 6, 8], "texture": "#0"},
				"up": {"uv": [4, 7, 5, 8], "texture": "#0"},
				"down": {"uv": [5, 7, 6, 8], "texture": "#0"}
			}
		},
		{
			"from": [3, 0, 14],
			"to": [13, 1, 15],
			"rotation": {"angle": 0, "axis": "y", "origin": [13, 8, 22]},
			"faces": {
				"north": {"uv": [5, 7, 6, 8], "texture": "#0"},
				"east": {"uv": [5, 7, 6, 8], "texture": "#0"},
				"south": {"uv": [5, 7, 6, 8], "texture": "#0"},
				"west": {"uv": [5, 7, 6, 8], "texture": "#0"},
				"up": {"uv": [4, 7, 5, 8], "texture": "#0"},
				"down": {"uv": [5, 7, 6, 8], "texture": "#0"}
			}
		},
		{
			"from": [3, 0, 5],
			"to": [4, 1, 6],
			"rotation": {"angle": 0, "axis": "y", "origin": [11, 8, 13]},
			"faces": {
				"north": {"uv": [5, 7, 6, 8], "texture": "#0"},
				"east": {"uv": [5, 7, 6, 8], "texture": "#0"},
				"south": {"uv": [5, 7, 6, 8], "texture": "#0"},
				"west": {"uv": [5, 7, 6, 8], "texture": "#0"},
				"up": {"uv": [4, 7, 5, 8], "texture": "#0"},
				"down": {"uv": [5, 7, 6, 8], "texture": "#0"}
			}
		},
		{
			"from": [12, 0, 5],
			"to": [13, 1, 6],
			"rotation": {"angle": 0, "axis": "y", "origin": [20, 8, 13]},
			"faces": {
				"north": {"uv": [5, 7, 6, 8], "texture": "#0"},
				"east": {"uv": [5, 7, 6, 8], "texture": "#0"},
				"south": {"uv": [5, 7, 6, 8], "texture": "#0"},
				"west": {"uv": [5, 7, 6, 8], "texture": "#0"},
				"up": {"uv": [4, 7, 5, 8], "texture": "#0"},
				"down": {"uv": [5, 7, 6, 8], "texture": "#0"}
			}
		},
		{
			"from": [12, 0, 4],
			"to": [13, 1, 5],
			"rotation": {"angle": 0, "axis": "y", "origin": [20, 8, 12]},
			"faces": {
				"north": {"uv": [5, 7, 6, 8], "texture": "#0"},
				"east": {"uv": [5, 7, 6, 8], "texture": "#0"},
				"south": {"uv": [5, 7, 6, 8], "texture": "#0"},
				"west": {"uv": [5, 7, 6, 8], "texture": "#0"},
				"up": {"uv": [4, 7, 5, 8], "texture": "#0"},
				"down": {"uv": [5, 7, 6, 8], "texture": "#0"}
			}
		},
		{
			"from": [3, 0, 4],
			"to": [4, 1, 5],
			"rotation": {"angle": 0, "axis": "y", "origin": [11, 8, 12]},
			"faces": {
				"north": {"uv": [5, 7, 6, 8], "texture": "#0"},
				"east": {"uv": [5, 7, 6, 8], "texture": "#0"},
				"south": {"uv": [5, 7, 6, 8], "texture": "#0"},
				"west": {"uv": [5, 7, 6, 8], "texture": "#0"},
				"up": {"uv": [4, 7, 5, 8], "texture": "#0"},
				"down": {"uv": [5, 7, 6, 8], "texture": "#0"}
			}
		},
		{
			"from": [4, 0, 3],
			"to": [12, 0.75, 4],
			"rotation": {"angle": 0, "axis": "y", "origin": [16, 8, 11]},
			"faces": {
				"north": {"uv": [5, 7, 6, 8], "texture": "#0"},
				"east": {"uv": [5, 7, 6, 8], "texture": "#0"},
				"south": {"uv": [5, 7, 6, 8], "texture": "#0"},
				"west": {"uv": [5, 7, 6, 8], "texture": "#0"},
				"up": {"uv": [4, 7, 5, 8], "texture": "#0"},
				"down": {"uv": [5, 7, 6, 8], "texture": "#0"}
			}
		},
		{
			"from": [5, 0, 2],
			"to": [11, 0.75, 3],
			"rotation": {"angle": 0, "axis": "y", "origin": [16, 8, 10]},
			"faces": {
				"north": {"uv": [5, 7, 6, 8], "texture": "#0"},
				"east": {"uv": [5, 7, 6, 8], "texture": "#0"},
				"south": {"uv": [5, 7, 6, 8], "texture": "#0"},
				"west": {"uv": [5, 7, 6, 8], "texture": "#0"},
				"up": {"uv": [4, 7, 5, 8], "texture": "#0"},
				"down": {"uv": [5, 7, 6, 8], "texture": "#0"}
			}
		},
		{
			"from": [6, 0, 1.75],
			"to": [10, 0.75, 2],
			"rotation": {"angle": 0, "axis": "y", "origin": [16, 8, 9]},
			"faces": {
				"north": {"uv": [5, 7, 6, 8], "texture": "#0"},
				"east": {"uv": [5, 7, 6, 8], "texture": "#0"},
				"south": {"uv": [5, 7, 6, 8], "texture": "#0"},
				"west": {"uv": [5, 7, 6, 8], "texture": "#0"},
				"up": {"uv": [4, 7, 5, 8], "texture": "#0"},
				"down": {"uv": [5, 7, 6, 8], "texture": "#0"}
			}
		},
		{
			"from": [7, 0, 1.5],
			"to": [9, 0.75, 1.75],
			"rotation": {"angle": 0, "axis": "y", "origin": [16, 8, 8.75]},
			"faces": {
				"north": {"uv": [5, 7, 6, 8], "texture": "#0"},
				"east": {"uv": [5, 7, 6, 8], "texture": "#0"},
				"south": {"uv": [5, 7, 6, 8], "texture": "#0"},
				"west": {"uv": [5, 7, 6, 8], "texture": "#0"},
				"up": {"uv": [4, 7, 5, 8], "texture": "#0"},
				"down": {"uv": [5, 7, 6, 8], "texture": "#0"}
			}
		},
		{
			"from": [5, 1, 5],
			"to": [11, 2, 6],
			"rotation": {"angle": 0, "axis": "y", "origin": [13, 9, 13]},
			"faces": {
				"north": {"uv": [5, 7, 6, 8], "texture": "#0"},
				"east": {"uv": [5, 7, 6, 8], "texture": "#0"},
				"south": {"uv": [5, 7, 6, 8], "texture": "#0"},
				"west": {"uv": [5, 7, 6, 8], "texture": "#0"},
				"up": {"uv": [4, 7, 5, 8], "texture": "#0"},
				"down": {"uv": [5, 7, 6, 8], "texture": "#0"}
			}
		},
		{
			"from": [4, 1, 14],
			"to": [12, 2, 15],
			"rotation": {"angle": 0, "axis": "y", "origin": [13, 9, 22]},
			"faces": {
				"north": {"uv": [5, 7, 6, 8], "texture": "#0"},
				"east": {"uv": [5, 7, 6, 8], "texture": "#0"},
				"south": {"uv": [5, 7, 6, 8], "texture": "#0"},
				"west": {"uv": [5, 7, 6, 8], "texture": "#0"},
				"up": {"uv": [4, 7, 5, 8], "texture": "#0"},
				"down": {"uv": [5, 7, 6, 8], "texture": "#0"}
			}
		},
		{
			"from": [4, 2, 14],
			"to": [12, 3, 15],
			"rotation": {"angle": 0, "axis": "y", "origin": [13, 10, 22]},
			"faces": {
				"north": {"uv": [5, 7, 6, 8], "texture": "#0"},
				"east": {"uv": [5, 7, 6, 8], "texture": "#0"},
				"south": {"uv": [5, 7, 6, 8], "texture": "#0"},
				"west": {"uv": [5, 7, 6, 8], "texture": "#0"},
				"up": {"uv": [4, 7, 5, 8], "texture": "#0"},
				"down": {"uv": [5, 7, 6, 8], "texture": "#0"}
			}
		},
		{
			"from": [4, 0, 15],
			"to": [12, 1, 16],
			"rotation": {"angle": 0, "axis": "y", "origin": [13, 8, 23]},
			"faces": {
				"north": {"uv": [5, 7, 6, 8], "texture": "#0"},
				"east": {"uv": [5, 7, 6, 8], "texture": "#0"},
				"south": {"uv": [4, 7, 5, 8], "texture": "#0"},
				"west": {"uv": [5, 7, 6, 8], "texture": "#0"},
				"up": {"uv": [4, 7, 5, 8], "texture": "#0"},
				"down": {"uv": [5, 7, 6, 8], "texture": "#0"}
			}
		},
		{
			"from": [4, 2, 13],
			"to": [12, 3, 14],
			"rotation": {"angle": 0, "axis": "y", "origin": [13, 10, 21]},
			"faces": {
				"north": {"uv": [5, 7, 6, 8], "texture": "#0"},
				"east": {"uv": [5, 7, 6, 8], "texture": "#0"},
				"south": {"uv": [5, 7, 6, 8], "texture": "#0"},
				"west": {"uv": [5, 7, 6, 8], "texture": "#0"},
				"up": {"uv": [4, 7, 5, 8], "texture": "#0"},
				"down": {"uv": [5, 7, 6, 8], "texture": "#0"}
			}
		},
		{
			"from": [5, 3, 13],
			"to": [11, 4, 14],
			"rotation": {"angle": 0, "axis": "y", "origin": [13, 11, 21]},
			"faces": {
				"north": {"uv": [5, 7, 6, 8], "texture": "#0"},
				"east": {"uv": [5, 7, 6, 8], "texture": "#0"},
				"south": {"uv": [5, 7, 6, 8], "texture": "#0"},
				"west": {"uv": [5, 7, 6, 8], "texture": "#0"},
				"up": {"uv": [4, 7, 5, 8], "texture": "#0"},
				"down": {"uv": [5, 7, 6, 8], "texture": "#0"}
			}
		},
		{
			"from": [6, 4, 13],
			"to": [10, 5, 14],
			"rotation": {"angle": 0, "axis": "y", "origin": [13, 12, 21]},
			"faces": {
				"north": {"uv": [5, 7, 6, 8], "texture": "#0"},
				"east": {"uv": [5, 7, 6, 8], "texture": "#0"},
				"south": {"uv": [5, 7, 6, 8], "texture": "#0"},
				"west": {"uv": [5, 7, 6, 8], "texture": "#0"},
				"up": {"uv": [4, 7, 5, 8], "texture": "#0"},
				"down": {"uv": [5, 7, 6, 8], "texture": "#0"}
			}
		},
		{
			"from": [5, 4, 12],
			"to": [11, 5, 13],
			"rotation": {"angle": 0, "axis": "y", "origin": [13, 12, 20]},
			"faces": {
				"north": {"uv": [5, 7, 6, 8], "texture": "#0"},
				"east": {"uv": [5, 7, 6, 8], "texture": "#0"},
				"south": {"uv": [5, 7, 6, 8], "texture": "#0"},
				"west": {"uv": [5, 7, 6, 8], "texture": "#0"},
				"up": {"uv": [4, 7, 5, 8], "texture": "#0"},
				"down": {"uv": [5, 7, 6, 8], "texture": "#0"}
			}
		},
		{
			"from": [7, 3, 5],
			"to": [9, 4, 6],
			"rotation": {"angle": 0, "axis": "y", "origin": [15, 11, 13]},
			"faces": {
				"north": {"uv": [11, 11, 12, 12], "texture": "#0"},
				"east": {"uv": [11, 11, 12, 12], "texture": "#0"},
				"south": {"uv": [0, 0, 2, 1], "texture": "#missing"},
				"west": {"uv": [11, 11, 12, 12], "texture": "#0"},
				"up": {"uv": [11, 11, 12, 12], "texture": "#0"},
				"down": {"uv": [0, 0, 2, 1], "texture": "#missing"}
			}
		},
		{
			"from": [7, 4, 5.8],
			"to": [9, 5, 7],
			"rotation": {"angle": 0, "axis": "y", "origin": [15, 12, 14]},
			"faces": {
				"north": {"uv": [11, 11, 12, 12], "texture": "#0"},
				"east": {"uv": [11, 11, 12, 12], "texture": "#0"},
				"south": {"uv": [0, 0, 2, 1], "texture": "#missing"},
				"west": {"uv": [11, 11, 12, 12], "texture": "#0"},
				"up": {"uv": [11, 11, 12, 12], "texture": "#0"},
				"down": {"uv": [0, 0, 2, 1.2], "texture": "#missing"}
			}
		},
		{
			"from": [7, 5, 7.2],
			"to": [9, 6, 8],
			"rotation": {"angle": 0, "axis": "y", "origin": [15, 13, 15]},
			"faces": {
				"north": {"uv": [11, 11, 12, 12], "texture": "#0"},
				"east": {"uv": [11, 11, 12, 12], "texture": "#0"},
				"south": {"uv": [0, 0, 2, 1], "texture": "#missing"},
				"west": {"uv": [11, 11, 12, 12], "texture": "#0"},
				"up": {"uv": [11, 11, 12, 12], "texture": "#0"},
				"down": {"uv": [0, 0, 2, 0.8], "texture": "#missing"}
			}
		},
		{
			"from": [7, 6, 8],
			"to": [9, 6.3, 12],
			"rotation": {"angle": 0, "axis": "y", "origin": [15, 14, 16]},
			"faces": {
				"north": {"uv": [11, 11, 12, 12], "texture": "#0"},
				"east": {"uv": [11, 11, 12, 12], "texture": "#0"},
				"south": {"uv": [0, 0, 2, 0.3], "texture": "#missing"},
				"west": {"uv": [11, 11, 12, 12], "texture": "#0"},
				"up": {"uv": [11, 11, 12, 12], "texture": "#0"},
				"down": {"uv": [0, 0, 2, 4], "texture": "#missing"}
			}
		},
		{
			"from": [7, 5.25, 11.95],
			"to": [9, 6.3, 12.45],
			"rotation": {"angle": 0, "axis": "y", "origin": [15, 14, 20.2]},
			"faces": {
				"north": {"uv": [0, 0, 2, 1.05], "texture": "#missing"},
				"east": {"uv": [11, 11, 12, 12], "texture": "#0"},
				"south": {"uv": [11, 11, 12, 12], "texture": "#0"},
				"west": {"uv": [11, 11, 12, 12], "texture": "#0"},
				"up": {"uv": [11, 11, 12, 12], "texture": "#0"},
				"down": {"uv": [0, 0, 2, 0.5], "texture": "#missing"}
			}
		},
		{
			"from": [7, 5, 11.95],
			"to": [9, 5.3, 13.7],
			"rotation": {"angle": 0, "axis": "y", "origin": [15, 13, 20.2]},
			"faces": {
				"north": {"uv": [0, 0, 2, 0.3], "texture": "#missing"},
				"east": {"uv": [11, 11, 12, 12], "texture": "#0"},
				"south": {"uv": [11, 11, 12, 12], "texture": "#0"},
				"west": {"uv": [11, 11, 12, 12], "texture": "#0"},
				"up": {"uv": [9, 12, 10, 13], "texture": "#0"},
				"down": {"uv": [0, 0, 2, 1.75], "texture": "#missing"}
			}
		},
		{
			"from": [7, 5.25, 12.45],
			"to": [9, 5.55, 12.7],
			"rotation": {"angle": 0, "axis": "y", "origin": [15, 13.25, 20.7]},
			"faces": {
				"north": {"uv": [0, 0, 2, 0.3], "texture": "#missing"},
				"east": {"uv": [11, 11, 12, 12], "texture": "#0"},
				"south": {"uv": [0, 0, 2, 0.3], "texture": "#missing"},
				"west": {"uv": [11, 11, 12, 12], "texture": "#0"},
				"up": {"uv": [0, 0, 2, 0.25], "texture": "#missing"},
				"down": {"uv": [0, 0, 2, 0.25], "texture": "#missing"}
			}
		},
		{
			"from": [7, 5.5, 12.45],
			"to": [9, 5.8, 12.7],
			"rotation": {"angle": 0, "axis": "y", "origin": [15, 13.5, 20.7]},
			"faces": {
				"north": {"uv": [0, 0, 2, 0.3], "texture": "#missing"},
				"east": {"uv": [11, 11, 12, 12], "texture": "#0"},
				"south": {"uv": [0, 0, 2, 0.3], "texture": "#missing"},
				"west": {"uv": [11, 11, 12, 12], "texture": "#0"},
				"up": {"uv": [0, 0, 2, 0.25], "texture": "#missing"},
				"down": {"uv": [0, 0, 2, 0.25], "texture": "#missing"}
			}
		},
		{
			"from": [7, 4, 5.7],
			"to": [9, 4.3, 5.95],
			"rotation": {"angle": 0, "axis": "y", "origin": [15, 12, 13.95]},
			"faces": {
				"north": {"uv": [11, 11, 12, 12], "texture": "#0"},
				"east": {"uv": [11, 11, 12, 12], "texture": "#0"},
				"south": {"uv": [0, 0, 2, 0.3], "texture": "#missing"},
				"west": {"uv": [11, 11, 12, 12], "texture": "#0"},
				"up": {"uv": [0, 0, 2, 0.25], "texture": "#missing"},
				"down": {"uv": [0, 0, 2, 0.25], "texture": "#missing"}
			}
		},
		{
			"from": [7, 5.25, 12.7],
			"to": [9, 5.55, 12.95],
			"rotation": {"angle": 0, "axis": "y", "origin": [15, 13.25, 20.95]},
			"faces": {
				"north": {"uv": [0, 0, 2, 0.3], "texture": "#missing"},
				"east": {"uv": [11, 11, 12, 12], "texture": "#0"},
				"south": {"uv": [0, 0, 2, 0.3], "texture": "#missing"},
				"west": {"uv": [11, 11, 12, 12], "texture": "#0"},
				"up": {"uv": [0, 0, 2, 0.25], "texture": "#missing"},
				"down": {"uv": [0, 0, 2, 0.25], "texture": "#missing"}
			}
		},
		{
			"from": [7, 5.5, 12.7],
			"to": [9, 5.8, 12.95],
			"rotation": {"angle": 0, "axis": "y", "origin": [15, 13.5, 20.95]},
			"faces": {
				"north": {"uv": [0, 0, 2, 0.3], "texture": "#missing"},
				"east": {"uv": [11, 11, 12, 12], "texture": "#0"},
				"south": {"uv": [11, 11, 12, 12], "texture": "#0"},
				"west": {"uv": [11, 11, 12, 12], "texture": "#0"},
				"up": {"uv": [11, 11, 12, 12], "texture": "#0"},
				"down": {"uv": [0, 0, 2, 0.25], "texture": "#missing"}
			}
		},
		{
			"from": [7, 5.25, 12.95],
			"to": [9, 5.55, 13.2],
			"rotation": {"angle": 0, "axis": "y", "origin": [15, 13.25, 21.2]},
			"faces": {
				"north": {"uv": [0, 0, 2, 0.3], "texture": "#missing"},
				"east": {"uv": [11, 11, 12, 12], "texture": "#0"},
				"south": {"uv": [0, 0, 2, 0.3], "texture": "#missing"},
				"west": {"uv": [11, 11, 12, 12], "texture": "#0"},
				"up": {"uv": [11, 11, 12, 12], "texture": "#0"},
				"down": {"uv": [0, 0, 2, 0.25], "texture": "#missing"}
			}
		},
		{
			"from": [7, 5.25, 13.2],
			"to": [9, 5.55, 13.45],
			"rotation": {"angle": 0, "axis": "y", "origin": [15, 13.25, 21.45]},
			"faces": {
				"north": {"uv": [0, 0, 2, 0.3], "texture": "#missing"},
				"east": {"uv": [11, 11, 12, 12], "texture": "#0"},
				"south": {"uv": [11, 11, 12, 12], "texture": "#0"},
				"west": {"uv": [11, 11, 12, 12], "texture": "#0"},
				"up": {"uv": [11, 11, 12, 12], "texture": "#0"},
				"down": {"uv": [0, 0, 2, 0.25], "texture": "#missing"}
			}
		},
		{
			"from": [7, 5, 6.95],
			"to": [9, 5.3, 7.2],
			"rotation": {"angle": 0, "axis": "y", "origin": [15, 13, 15.2]},
			"faces": {
				"north": {"uv": [11, 11, 12, 12], "texture": "#0"},
				"east": {"uv": [11, 11, 12, 12], "texture": "#0"},
				"south": {"uv": [11, 11, 12, 12], "texture": "#0"},
				"west": {"uv": [11, 11, 12, 12], "texture": "#0"},
				"up": {"uv": [11, 11, 12, 12], "texture": "#0"},
				"down": {"uv": [0, 0, 2, 0.25], "texture": "#missing"}
			}
		},
		{
			"from": [7, 5.75, 12.45],
			"to": [9, 6.05, 12.7],
			"rotation": {"angle": 0, "axis": "y", "origin": [15, 13.75, 20.7]},
			"faces": {
				"north": {"uv": [0, 0, 2, 0.3], "texture": "#missing"},
				"east": {"uv": [11, 11, 12, 12], "texture": "#0"},
				"south": {"uv": [11, 11, 12, 12], "texture": "#0"},
				"west": {"uv": [11, 11, 12, 12], "texture": "#0"},
				"up": {"uv": [11, 11, 12, 12], "texture": "#0"},
				"down": {"uv": [0, 0, 2, 0.25], "texture": "#missing"}
			}
		},
		{
			"from": [7, 6, 8],
			"to": [9, 6.3, 9],
			"rotation": {"angle": 0, "axis": "y", "origin": [15, 14, 16]},
			"faces": {
				"north": {"uv": [11, 11, 12, 12], "texture": "#0"},
				"east": {"uv": [0, 0, 1, 0.3], "texture": "#missing"},
				"south": {"uv": [0, 0, 2, 0.3], "texture": "#missing"},
				"west": {"uv": [0, 0, 1, 0.3], "texture": "#missing"},
				"up": {"uv": [11, 11, 12, 12], "texture": "#0"},
				"down": {"uv": [0, 0, 2, 1], "texture": "#missing"}
			}
		},
		{
			"from": [7.25, 1, 4.85],
			"to": [9, 3, 4.85],
			"rotation": {"angle": 0, "axis": "y", "origin": [15.25, 9, 12.75]},
			"faces": {
				"north": {"uv": [0.21333, 0, 16, 16], "texture": "#1"},
				"east": {"uv": [0, 0, 0, 2], "texture": "#missing"},
				"south": {"uv": [0, 0, 1.75, 2], "texture": "#missing"},
				"west": {"uv": [0, 0, 0, 2], "texture": "#missing"},
				"up": {"uv": [0, 0, 1.75, 0], "texture": "#missing"},
				"down": {"uv": [0, 0, 1.75, 0], "texture": "#missing"}
			}
		},
		{
			"from": [3.75, -5, 7],
			"to": [4, 0, 8],
			"rotation": {"angle": 0, "axis": "y", "origin": [11, 7, 15]},
			"faces": {
				"north": {"uv": [0, 0, 0.25, 5], "texture": "#2"},
				"east": {"uv": [0, 0, 1, 5], "texture": "#2"},
				"south": {"uv": [0, 0, 0.25, 5], "texture": "#2"},
				"west": {"uv": [0, 0, 1, 5], "texture": "#2"},
				"up": {"uv": [0, 0, 0.25, 1], "texture": "#missing"},
				"down": {"uv": [0, 0, 0.25, 1], "texture": "#2"}
			}
		},
		{
			"from": [12, -5, 7],
			"to": [12.25, 0, 8],
			"rotation": {"angle": 0, "axis": "y", "origin": [20, 7, 15]},
			"faces": {
				"north": {"uv": [0, 0, 0.25, 5], "texture": "#2"},
				"east": {"uv": [0, 0, 1, 5], "texture": "#2"},
				"south": {"uv": [0, 0, 0.25, 5], "texture": "#2"},
				"west": {"uv": [0, 0, 1, 5], "texture": "#2"},
				"up": {"uv": [0, 0, 0.25, 1], "texture": "#missing"},
				"down": {"uv": [0, 0, 0.25, 1], "texture": "#2"}
			}
		},
		{
			"from": [4, -5.25, 7],
			"to": [12, -5, 8],
			"rotation": {"angle": 0, "axis": "y", "origin": [10, 2, 15]},
			"faces": {
				"north": {"uv": [0, 0, 8, 0.25], "texture": "#2"},
				"east": {"uv": [0, 0, 1, 0.25], "texture": "#2"},
				"south": {"uv": [0, 0, 8, 0.25], "texture": "#2"},
				"west": {"uv": [0, 0, 1, 0.25], "texture": "#2"},
				"up": {"uv": [0, 0, 8, 1], "texture": "#2"},
				"down": {"uv": [0, 0, 8, 1], "texture": "#2"}
			}
		},
		{
			"from": [7, -5.5, 7],
			"to": [8, -5.25, 8],
			"rotation": {"angle": 0, "axis": "y", "origin": [10, 1.75, 15]},
			"faces": {
				"north": {"uv": [0, 0, 11, 11], "texture": "#3"},
				"east": {"uv": [0, 0, 12, 11], "texture": "#3"},
				"south": {"uv": [0, 0, 12, 14], "texture": "#3"},
				"west": {"uv": [0, 0, 11, 13], "texture": "#3"},
				"up": {"uv": [0, 0, 1, 1], "texture": "#2"},
				"down": {"uv": [0, 0, 12, 8], "texture": "#3"}
			}
		}
	],
	"display": {
		"thirdperson_righthand": {
			"rotation": [10, 45, 0],
			"translation": [-2.25, 5.75, -2],
			"scale": [0.75, 0.75, 0.75]
		},
		"thirdperson_lefthand": {
			"rotation": [10, 45, 0],
			"translation": [-2.25, 5.75, -2],
			"scale": [0.75, 0.75, 0.75]
		},
		"firstperson_righthand": {
			"rotation": [0, 121, 0],
			"translation": [0, 11.25, 0]
		},
		"firstperson_lefthand": {
			"rotation": [0, 121, 0],
			"translation": [0, 11.25, 0]
		},
		"ground": {
			"translation": [0, 11.5, 0]
		},
		"gui": {
			"rotation": [10, 145, 0],
			"translation": [-1, 6.75, 0]
		},
		"head": {
			"translation": [0, 15.25, -3.5],
			"scale": [1.63, 1.65, 1.64]
		},
		"fixed": {
			"rotation": [0, 45, 0],
			"translation": [0, 7.75, -5.25]
		}
	}
}