{
	"credit": "Made with Blockbench",
	"textures": {
		"0": "block/red_mushroom_block",
		"1": "block/white_wool",
		"2": "paradisu:custom/mario",
		"particle": "block/red_mushroom_block"
	},
	"elements": [
		{
			"from": [12, 0, 4],
			"to": [13, 1, 12],
			"rotation": {"angle": 0, "axis": "y", "origin": [20, 8, 12]},
			"faces": {
				"north": {"uv": [0, 0, 1, 1], "texture": "#0"},
				"east": {"uv": [0, 0, 8, 1], "texture": "#0"},
				"south": {"uv": [0, 0, 1, 1], "texture": "#0"},
				"west": {"uv": [0, 0, 8, 1], "texture": "#0"},
				"up": {"uv": [0, 0, 1, 8], "texture": "#0"},
				"down": {"uv": [0, 0, 1, 8], "texture": "#0"}
			}
		},
		{
			"from": [3, 0, 4],
			"to": [4, 1, 12],
			"rotation": {"angle": 0, "axis": "y", "origin": [11, 8, 12]},
			"faces": {
				"north": {"uv": [0, 0, 1, 1], "texture": "#missing"},
				"east": {"uv": [0, 0, 8, 1], "texture": "#0"},
				"south": {"uv": [0, 0, 1, 1], "texture": "#0"},
				"west": {"uv": [0, 0, 8, 1], "texture": "#0"},
				"up": {"uv": [0, 0, 1, 8], "texture": "#0"},
				"down": {"uv": [0, 0, 1, 8], "texture": "#0"}
			}
		},
		{
			"from": [2, 1, 5],
			"to": [3, 4, 12],
			"rotation": {"angle": 0, "axis": "y", "origin": [10, 9, 12]},
			"faces": {
				"north": {"uv": [0, 0, 1, 3], "texture": "#0"},
				"east": {"uv": [0, 0, 7, 3], "texture": "#0"},
				"south": {"uv": [0, 0, 1, 3], "texture": "#0"},
				"west": {"uv": [0, 0, 7, 3], "texture": "#0"},
				"up": {"uv": [0, 0, 1, 7], "texture": "#0"},
				"down": {"uv": [0, 0, 1, 7], "texture": "#0"}
			}
		},
		{
			"from": [3, 4, 5],
			"to": [4, 5, 12],
			"rotation": {"angle": 0, "axis": "y", "origin": [11, 12, 12]},
			"faces": {
				"north": {"uv": [0, 0, 1, 1], "texture": "#0"},
				"east": {"uv": [0, 0, 7, 1], "texture": "#0"},
				"south": {"uv": [0, 0, 1, 1], "texture": "#0"},
				"west": {"uv": [0, 0, 7, 1], "texture": "#0"},
				"up": {"uv": [0, 0, 1, 7], "texture": "#0"},
				"down": {"uv": [0, 0, 1, 7], "texture": "#0"}
			}
		},
		{
			"from": [4, 5, 5],
			"to": [5, 6, 9],
			"rotation": {"angle": 0, "axis": "y", "origin": [12, 13, 12]},
			"faces": {
				"north": {"uv": [0, 0, 1, 1], "texture": "#0"},
				"east": {"uv": [0, 0, 4, 1], "texture": "#0"},
				"south": {"uv": [0, 0, 1, 1], "texture": "#0"},
				"west": {"uv": [0, 0, 4, 1], "texture": "#0"},
				"up": {"uv": [0, 0, 1, 4], "texture": "#0"},
				"down": {"uv": [0, 0, 1, 4], "texture": "#0"}
			}
		},
		{
			"from": [11, 5, 5],
			"to": [12, 6, 9],
			"rotation": {"angle": 0, "axis": "y", "origin": [19, 13, 12]},
			"faces": {
				"north": {"uv": [0, 0, 1, 1], "texture": "#0"},
				"east": {"uv": [0, 0, 4, 1], "texture": "#0"},
				"south": {"uv": [0, 0, 1, 1], "texture": "#0"},
				"west": {"uv": [0, 0, 4, 1], "texture": "#0"},
				"up": {"uv": [0, 0, 1, 4], "texture": "#0"},
				"down": {"uv": [0, 0, 1, 4], "texture": "#0"}
			}
		},
		{
			"from": [12, 4, 5],
			"to": [13, 5, 12],
			"rotation": {"angle": 0, "axis": "y", "origin": [20, 12, 12]},
			"faces": {
				"north": {"uv": [0, 0, 1, 1], "texture": "#0"},
				"east": {"uv": [0, 0, 7, 1], "texture": "#0"},
				"south": {"uv": [0, 0, 1, 1], "texture": "#0"},
				"west": {"uv": [0, 0, 7, 1], "texture": "#0"},
				"up": {"uv": [0, 0, 1, 7], "texture": "#0"},
				"down": {"uv": [0, 0, 1, 7], "texture": "#0"}
			}
		},
		{
			"from": [4, 4, 4],
			"to": [5, 5, 13],
			"rotation": {"angle": 0, "axis": "y", "origin": [12, 12, 12]},
			"faces": {
				"north": {"uv": [0, 0, 1, 1], "texture": "#0"},
				"east": {"uv": [0, 0, 9, 1], "texture": "#0"},
				"south": {"uv": [0, 0, 1, 1], "texture": "#0"},
				"west": {"uv": [0, 0, 9, 1], "texture": "#0"},
				"up": {"uv": [0, 0, 1, 9], "texture": "#0"},
				"down": {"uv": [0, 0, 1, 9], "texture": "#0"}
			}
		},
		{
			"from": [11, 4, 4],
			"to": [12, 5, 13],
			"rotation": {"angle": 0, "axis": "y", "origin": [19, 12, 12]},
			"faces": {
				"north": {"uv": [0, 0, 1, 1], "texture": "#0"},
				"east": {"uv": [0, 0, 9, 1], "texture": "#0"},
				"south": {"uv": [0, 0, 1, 1], "texture": "#0"},
				"west": {"uv": [0, 0, 9, 1], "texture": "#0"},
				"up": {"uv": [0, 0, 1, 9], "texture": "#0"},
				"down": {"uv": [0, 0, 1, 9], "texture": "#0"}
			}
		},
		{
			"from": [13, 1, 5],
			"to": [14, 4, 12],
			"rotation": {"angle": 0, "axis": "y", "origin": [21, 9, 12]},
			"faces": {
				"north": {"uv": [0, 0, 1, 3], "texture": "#0"},
				"east": {"uv": [0, 0, 7, 3], "texture": "#0"},
				"south": {"uv": [0, 0, 1, 3], "texture": "#0"},
				"west": {"uv": [0, 0, 7, 3], "texture": "#0"},
				"up": {"uv": [0, 0, 1, 7], "texture": "#0"},
				"down": {"uv": [0, 0, 1, 7], "texture": "#0"}
			}
		},
		{
			"from": [4, 1, 0],
			"to": [12, 2, 3],
			"rotation": {"angle": 0, "axis": "y", "origin": [14, 9, 10]},
			"faces": {
				"north": {"uv": [0, 0, 8, 1], "texture": "#0"},
				"east": {"uv": [0, 0, 3, 1], "texture": "#0"},
				"south": {"uv": [0, 0, 8, 1], "texture": "#0"},
				"west": {"uv": [0, 0, 3, 1], "texture": "#0"},
				"up": {"uv": [0, 0, 8, 3], "texture": "#0"},
				"down": {"uv": [0, 0, 8, 3], "texture": "#0"}
			}
		},
		{
			"from": [5, 1, -1],
			"to": [11, 2, 0],
			"rotation": {"angle": 0, "axis": "y", "origin": [14, 9, 8]},
			"faces": {
				"north": {"uv": [0, 0, 6, 1], "texture": "#0"},
				"east": {"uv": [0, 0, 1, 1], "texture": "#0"},
				"south": {"uv": [0, 0, 6, 1], "texture": "#0"},
				"west": {"uv": [0, 0, 1, 1], "texture": "#0"},
				"up": {"uv": [0, 0, 6, 1], "texture": "#0"},
				"down": {"uv": [0, 0, 6, 1], "texture": "#0"}
			}
		},
		{
			"from": [3, 0, 12],
			"to": [13, 1, 13],
			"rotation": {"angle": 0, "axis": "y", "origin": [14, 8, 20]},
			"faces": {
				"north": {"uv": [0, 0, 10, 1], "texture": "#0"},
				"east": {"uv": [0, 0, 1, 1], "texture": "#0"},
				"south": {"uv": [0, 0, 10, 1], "texture": "#0"},
				"west": {"uv": [0, 0, 1, 1], "texture": "#0"},
				"up": {"uv": [0, 0, 10, 1], "texture": "#0"},
				"down": {"uv": [0, 0, 10, 1], "texture": "#0"}
			}
		},
		{
			"from": [4, 1, 13],
			"to": [12, 4, 14],
			"rotation": {"angle": 0, "axis": "y", "origin": [14, 9, 21]},
			"faces": {
				"north": {"uv": [0, 0, 8, 3], "texture": "#0"},
				"east": {"uv": [0, 0, 1, 3], "texture": "#0"},
				"south": {"uv": [0, 0, 8, 3], "texture": "#0"},
				"west": {"uv": [0, 0, 1, 3], "texture": "#0"},
				"up": {"uv": [0, 0, 8, 1], "texture": "#0"},
				"down": {"uv": [0, 0, 8, 1], "texture": "#0"}
			}
		},
		{
			"from": [3, 0, 3],
			"to": [4, 1, 4],
			"rotation": {"angle": 0, "axis": "y", "origin": [11, 8, 11]},
			"faces": {
				"north": {"uv": [0, 0, 1, 1], "texture": "#0"},
				"east": {"uv": [0, 0, 1, 1], "texture": "#0"},
				"south": {"uv": [0, 0, 1, 1], "texture": "#0"},
				"west": {"uv": [0, 0, 1, 1], "texture": "#0"},
				"up": {"uv": [0, 0, 1, 1], "texture": "#0"},
				"down": {"uv": [0, 0, 1, 1], "texture": "#0"}
			}
		},
		{
			"from": [3, 0, 1],
			"to": [4, 1, 3],
			"rotation": {"angle": 0, "axis": "y", "origin": [11, 8, 10]},
			"faces": {
				"north": {"uv": [0, 0, 1, 1], "texture": "#0"},
				"east": {"uv": [0, 0, 2, 1], "texture": "#0"},
				"south": {"uv": [0, 0, 1, 1], "texture": "#0"},
				"west": {"uv": [0, 0, 2, 1], "texture": "#0"},
				"up": {"uv": [0, 0, 1, 2], "texture": "#0"},
				"down": {"uv": [0, 0, 1, 2], "texture": "#0"}
			}
		},
		{
			"from": [5, 4, 3],
			"to": [6, 5, 4],
			"rotation": {"angle": 0, "axis": "y", "origin": [13, 12, 11]},
			"faces": {
				"north": {"uv": [0, 0, 1, 1], "texture": "#0"},
				"east": {"uv": [0, 0, 1, 1], "texture": "#0"},
				"south": {"uv": [0, 0, 1, 1], "texture": "#0"},
				"west": {"uv": [0, 0, 1, 1], "texture": "#0"},
				"up": {"uv": [0, 0, 1, 1], "texture": "#0"},
				"down": {"uv": [0, 0, 1, 1], "texture": "#0"}
			}
		},
		{
			"from": [12, 0, 3],
			"to": [13, 1, 4],
			"rotation": {"angle": 0, "axis": "y", "origin": [20, 8, 11]},
			"faces": {
				"north": {"uv": [0, 0, 1, 1], "texture": "#0"},
				"east": {"uv": [15, 15, 16, 16], "texture": "#0"},
				"south": {"uv": [0, 0, 1, 1], "texture": "#0"},
				"west": {"uv": [0, 0, 1, 1], "texture": "#0"},
				"up": {"uv": [0, 0, 1, 1], "texture": "#0"},
				"down": {"uv": [0, 0, 1, 1], "texture": "#0"}
			}
		},
		{
			"from": [12, 0, 1],
			"to": [13, 1, 3],
			"rotation": {"angle": 0, "axis": "y", "origin": [20, 8, 10]},
			"faces": {
				"north": {"uv": [0, 0, 1, 1], "texture": "#0"},
				"east": {"uv": [0, 0, 2, 1], "texture": "#0"},
				"south": {"uv": [0, 0, 1, 1], "texture": "#0"},
				"west": {"uv": [0, 0, 2, 1], "texture": "#0"},
				"up": {"uv": [0, 0, 1, 2], "texture": "#0"},
				"down": {"uv": [0, 0, 1, 2], "texture": "#0"}
			}
		},
		{
			"from": [10, 4, 3],
			"to": [11, 5, 4],
			"rotation": {"angle": 0, "axis": "y", "origin": [18, 12, 11]},
			"faces": {
				"north": {"uv": [0, 0, 1, 1], "texture": "#0"},
				"east": {"uv": [0, 0, 1, 1], "texture": "#0"},
				"south": {"uv": [0, 0, 1, 1], "texture": "#0"},
				"west": {"uv": [0, 0, 1, 1], "texture": "#0"},
				"up": {"uv": [0, 0, 1, 1], "texture": "#0"},
				"down": {"uv": [0, 0, 1, 1], "texture": "#0"}
			}
		},
		{
			"from": [12, 1, 12],
			"to": [13, 4, 13],
			"rotation": {"angle": 0, "axis": "y", "origin": [20, 9, 20]},
			"faces": {
				"north": {"uv": [0, 0, 1, 3], "texture": "#0"},
				"east": {"uv": [0, 0, 1, 3], "texture": "#0"},
				"south": {"uv": [0, 0, 1, 3], "texture": "#0"},
				"west": {"uv": [0, 0, 1, 3], "texture": "#0"},
				"up": {"uv": [0, 0, 1, 1], "texture": "#0"},
				"down": {"uv": [0, 0, 1, 1], "texture": "#0"}
			}
		},
		{
			"from": [12, 1, 4],
			"to": [13, 4, 5],
			"rotation": {"angle": 0, "axis": "y", "origin": [20, 9, 12]},
			"faces": {
				"north": {"uv": [0, 0, 1, 3], "texture": "#0"},
				"east": {"uv": [0, 0, 1, 3], "texture": "#0"},
				"south": {"uv": [0, 0, 1, 3], "texture": "#0"},
				"west": {"uv": [0, 0, 1, 3], "texture": "#0"},
				"up": {"uv": [0, 0, 1, 1], "texture": "#0"},
				"down": {"uv": [0, 0, 1, 1], "texture": "#missing"}
			}
		},
		{
			"from": [10, 1, 3],
			"to": [12, 4, 4],
			"rotation": {"angle": 0, "axis": "y", "origin": [19, 9, 11]},
			"faces": {
				"north": {"uv": [0, 0, 2, 3], "texture": "#0"},
				"east": {"uv": [0, 0, 1, 3], "texture": "#0"},
				"south": {"uv": [0, 0, 2, 3], "texture": "#0"},
				"west": {"uv": [0, 0, 1, 3], "texture": "#0"},
				"up": {"uv": [0, 0, 2, 1], "texture": "#0"},
				"down": {"uv": [0, 0, 2, 1], "texture": "#0"}
			}
		},
		{
			"from": [3, 1, 12],
			"to": [4, 4, 13],
			"rotation": {"angle": 0, "axis": "y", "origin": [11, 9, 20]},
			"faces": {
				"north": {"uv": [0, 0, 1, 3], "texture": "#0"},
				"east": {"uv": [0, 0, 1, 3], "texture": "#0"},
				"south": {"uv": [0, 0, 1, 3], "texture": "#0"},
				"west": {"uv": [0, 0, 1, 3], "texture": "#0"},
				"up": {"uv": [0, 0, 1, 1], "texture": "#0"},
				"down": {"uv": [0, 0, 1, 1], "texture": "#0"}
			}
		},
		{
			"from": [3, 1, 4],
			"to": [4, 4, 5],
			"rotation": {"angle": 0, "axis": "y", "origin": [11, 9, 12]},
			"faces": {
				"north": {"uv": [0, 0, 1, 3], "texture": "#0"},
				"east": {"uv": [0, 0, 1, 3], "texture": "#0"},
				"south": {"uv": [0, 0, 1, 3], "texture": "#0"},
				"west": {"uv": [0, 0, 1, 3], "texture": "#0"},
				"up": {"uv": [0, 0, 1, 1], "texture": "#0"},
				"down": {"uv": [0, 0, 1, 1], "texture": "#missing"}
			}
		},
		{
			"from": [4, 1, 3],
			"to": [6, 4, 4],
			"rotation": {"angle": 0, "axis": "y", "origin": [13, 9, 11]},
			"faces": {
				"north": {"uv": [0, 0, 2, 3], "texture": "#0"},
				"east": {"uv": [0, 0, 1, 3], "texture": "#0"},
				"south": {"uv": [0, 0, 2, 3], "texture": "#0"},
				"west": {"uv": [0, 0, 1, 3], "texture": "#0"},
				"up": {"uv": [0, 0, 2, 1], "texture": "#0"},
				"down": {"uv": [0, 0, 2, 1], "texture": "#0"}
			}
		},
		{
			"from": [5, 5, 3],
			"to": [11, 6, 9],
			"rotation": {"angle": 0, "axis": "y", "origin": [13, 11, 10]},
			"faces": {
				"north": {"uv": [0, 0, 6, 1], "texture": "#0"},
				"east": {"uv": [0, 0, 7, 1], "texture": "#0"},
				"south": {"uv": [0, 0, 6, 1], "texture": "#0"},
				"west": {"uv": [0, 0, 7, 1], "texture": "#0"},
				"up": {"uv": [0, 0, 5, 3], "texture": "#0"},
				"down": {"uv": [0, 0, 6, 7], "texture": "#0"}
			}
		},
		{
			"from": [5, 5, 5],
			"to": [11, 6, 10],
			"rotation": {"angle": 0, "axis": "y", "origin": [13, 11, 13]},
			"faces": {
				"north": {"uv": [0, 0, 6, 1], "texture": "#0"},
				"east": {"uv": [0, 0, 7, 1], "texture": "#0"},
				"south": {"uv": [0, 0, 6, 1], "texture": "#0"},
				"west": {"uv": [0, 0, 7, 1], "texture": "#0"},
				"up": {"uv": [0, 0, 4, 1], "texture": "#0"},
				"down": {"uv": [0, 0, 6, 7], "texture": "#0"}
			}
		},
		{
			"from": [5, 4, 6],
			"to": [11, 5, 13],
			"rotation": {"angle": 0, "axis": "y", "origin": [13, 10, 14]},
			"faces": {
				"north": {"uv": [0, 0, 6, 1], "texture": "#0"},
				"east": {"uv": [0, 0, 7, 1], "texture": "#0"},
				"south": {"uv": [0, 0, 6, 1], "texture": "#0"},
				"west": {"uv": [0, 0, 7, 1], "texture": "#0"},
				"up": {"uv": [0, 0, 4, 1], "texture": "#0"},
				"down": {"uv": [0, 0, 6, 7], "texture": "#0"}
			}
		},
		{
			"from": [5, 6, 4],
			"to": [11, 7, 8],
			"rotation": {"angle": 0, "axis": "y", "origin": [13, 12, 12]},
			"faces": {
				"north": {"uv": [0, 0, 6, 1], "texture": "#0"},
				"east": {"uv": [0, 0, 4, 1], "texture": "#0"},
				"south": {"uv": [0, 0, 6, 1], "texture": "#0"},
				"west": {"uv": [0, 0, 4, 1], "texture": "#0"},
				"up": {"uv": [0, 0, 6, 2], "texture": "#0"},
				"down": {"uv": [0, 0, 6, 4], "texture": "#0"}
			}
		},
		{
			"from": [6, 2, 3],
			"to": [10, 5, 4],
			"rotation": {"angle": 0, "axis": "y", "origin": [16, 10, 11]},
			"faces": {
				"north": {"uv": [0, 0, 16, 16], "texture": "#2"},
				"east": {"uv": [0, 0, 1, 2], "texture": "#1"},
				"south": {"uv": [0, 0, 2, 2], "texture": "#0"},
				"west": {"uv": [0, 0, 1, 2], "texture": "#1"},
				"up": {"uv": [0, 0, 2, 1], "texture": "#1"},
				"down": {"uv": [0, 0, 2, 1], "texture": "#0"}
			}
		}
	],
	"display": {
		"thirdperson_righthand": {
			"rotation": [10, 45, 0],
			"translation": [0, 2.5, 0],
			"scale": [0.5, 0.5, 0.5]
		},
		"thirdperson_lefthand": {
			"rotation": [10, 45, 0],
			"translation": [0, 2.5, 0],
			"scale": [0.5, 0.5, 0.5]
		},
		"firstperson_righthand": {
			"rotation": [0, 134, 0],
			"translation": [21, 9.25, -27.5],
			"scale": [2, 2, 2]
		},
		"firstperson_lefthand": {
			"rotation": [0, 134, 0],
			"translation": [21, 9.25, -27.5],
			"scale": [2, 2, 2]
		},
		"ground": {
			"translation": [0, 6, 0]
		},
		"gui": {
			"rotation": [10, 145, 0],
			"translation": [0.25, 5, 0]
		},
		"head": {
			"translation": [0, 13.75, -1.25],
			"scale": [1.6, 1.6, 1.6]
		},
		"fixed": {
			"rotation": [0, 60, 0],
			"translation": [0, 5, 0]
		}
	}
}