{
	"credit": "Made with Blockbench",
	"textures": {
		"0": "block/redstone_block",
		"1": "block/beacon",
		"2": "block/gold_block",
		"particle": "block/redstone_block"
	},
	"elements": [
		{
			"from": [7, 1, -1],
			"to": [9, 7, 0],
			"rotation": {"angle": 0, "axis": "y", "origin": [16, 13, 7]},
			"faces": {
				"north": {"uv": [0, 10, 2, 16], "texture": "#0"},
				"east": {"uv": [0, 0, 1, 6], "texture": "#0"},
				"south": {"uv": [0, 0, 2, 6], "texture": "#0"},
				"west": {"uv": [0, 0, 1, 6], "texture": "#0"},
				"up": {"uv": [0, 0, 2, 1], "texture": "#0"},
				"down": {"uv": [0, 0, 2, 1], "texture": "#0"}
			}
		},
		{
			"from": [7, 1, 16],
			"to": [9, 7, 17],
			"rotation": {"angle": 0, "axis": "y", "origin": [16, 13, 24]},
			"faces": {
				"north": {"uv": [0, 10, 2, 16], "texture": "#0"},
				"east": {"uv": [0, 0, 1, 6], "texture": "#0"},
				"south": {"uv": [14, 10, 16, 16], "texture": "#0"},
				"west": {"uv": [0, 0, 1, 6], "texture": "#0"},
				"up": {"uv": [0, 0, 2, 1], "texture": "#0"},
				"down": {"uv": [0, 0, 2, 1], "texture": "#0"}
			}
		},
		{
			"from": [16, 1, 7],
			"to": [17, 7, 9],
			"rotation": {"angle": 0, "axis": "y", "origin": [25, 13, 15]},
			"faces": {
				"north": {"uv": [4, 4, 5, 10], "texture": "#1"},
				"east": {"uv": [13, 1, 15, 7], "texture": "#1"},
				"south": {"uv": [1, 2, 2, 8], "texture": "#1"},
				"west": {"uv": [0, 0, 2, 6], "texture": "#0"},
				"up": {"uv": [5, 3, 6, 5], "texture": "#1"},
				"down": {"uv": [2, 1, 3, 3], "texture": "#1"}
			}
		},
		{
			"from": [-1, 1, 7],
			"to": [0, 7, 9],
			"rotation": {"angle": 0, "axis": "y", "origin": [8, 13, 15]},
			"faces": {
				"north": {"uv": [4, 4, 5, 10], "texture": "#1"},
				"east": {"uv": [13, 1, 15, 7], "texture": "#1"},
				"south": {"uv": [1, 2, 2, 8], "texture": "#1"},
				"west": {"uv": [1, 2, 3, 8], "texture": "#1"},
				"up": {"uv": [5, 3, 6, 5], "texture": "#1"},
				"down": {"uv": [3, 5, 4, 7], "texture": "#1"}
			}
		},
		{
			"from": [9, 2, -1],
			"to": [10, 6, 0],
			"rotation": {"angle": 0, "axis": "y", "origin": [18, 12, 7]},
			"faces": {
				"north": {"uv": [0, 9, 1, 13], "texture": "#0"},
				"east": {"uv": [0, 0, 1, 4], "texture": "#0"},
				"south": {"uv": [0, 0, 1, 4], "texture": "#0"},
				"west": {"uv": [0, 0, 1, 4], "texture": "#0"},
				"up": {"uv": [0, 0, 1, 1], "texture": "#0"},
				"down": {"uv": [0, 0, 1, 1], "texture": "#0"}
			}
		},
		{
			"from": [9, 2, 16],
			"to": [10, 6, 17],
			"rotation": {"angle": 0, "axis": "y", "origin": [18, 12, 24]},
			"faces": {
				"north": {"uv": [0, 9, 1, 13], "texture": "#0"},
				"east": {"uv": [0, 0, 1, 4], "texture": "#0"},
				"south": {"uv": [0, 0, 1, 4], "texture": "#0"},
				"west": {"uv": [0, 0, 1, 4], "texture": "#0"},
				"up": {"uv": [0, 0, 1, 1], "texture": "#0"},
				"down": {"uv": [0, 0, 1, 1], "texture": "#0"}
			}
		},
		{
			"from": [16, 2, 9],
			"to": [17, 6, 10],
			"rotation": {"angle": 0, "axis": "y", "origin": [25, 12, 17]},
			"faces": {
				"north": {"uv": [0, 0, 1, 4], "texture": "#0"},
				"east": {"uv": [1, 1, 2, 5], "texture": "#1"},
				"south": {"uv": [2, 3, 3, 7], "texture": "#1"},
				"west": {"uv": [0, 0, 1, 4], "texture": "#0"},
				"up": {"uv": [1, 2, 4, 5], "texture": "#1"},
				"down": {"uv": [2, 2, 3, 3], "texture": "#1"}
			}
		},
		{
			"from": [-1, 2, 9],
			"to": [0, 6, 10],
			"rotation": {"angle": 0, "axis": "y", "origin": [8, 12, 17]},
			"faces": {
				"north": {"uv": [0, 0, 1, 4], "texture": "#0"},
				"east": {"uv": [1, 1, 2, 5], "texture": "#1"},
				"south": {"uv": [2, 3, 3, 7], "texture": "#1"},
				"west": {"uv": [3, 1, 4, 5], "texture": "#1"},
				"up": {"uv": [1, 2, 4, 5], "texture": "#1"},
				"down": {"uv": [5, 3, 6, 4], "texture": "#1"}
			}
		},
		{
			"from": [16, 2, 6],
			"to": [17, 6, 7],
			"rotation": {"angle": 0, "axis": "y", "origin": [25, 12, 14]},
			"faces": {
				"north": {"uv": [13, 11, 14, 15], "texture": "#1"},
				"east": {"uv": [1, 1, 3, 6], "texture": "#1"},
				"south": {"uv": [0, 0, 1, 4], "texture": "#0"},
				"west": {"uv": [0, 0, 1, 4], "texture": "#0"},
				"up": {"uv": [2, 3, 3, 4], "texture": "#1"},
				"down": {"uv": [1, 2, 2, 3], "texture": "#1"}
			}
		},
		{
			"from": [-1, 2, 6],
			"to": [0, 6, 7],
			"rotation": {"angle": 0, "axis": "y", "origin": [8, 12, 14]},
			"faces": {
				"north": {"uv": [13, 11, 14, 15], "texture": "#1"},
				"east": {"uv": [1, 1, 3, 6], "texture": "#1"},
				"south": {"uv": [0, 0, 1, 4], "texture": "#0"},
				"west": {"uv": [5, 3, 6, 7], "texture": "#1"},
				"up": {"uv": [2, 3, 3, 4], "texture": "#1"},
				"down": {"uv": [1, 1, 2, 2], "texture": "#1"}
			}
		},
		{
			"from": [6, 2, -1],
			"to": [7, 6, 0],
			"rotation": {"angle": 0, "axis": "y", "origin": [15, 12, 7]},
			"faces": {
				"north": {"uv": [0, 0, 1, 4], "texture": "#0"},
				"east": {"uv": [0, 0, 1, 4], "texture": "#0"},
				"south": {"uv": [0, 0, 1, 4], "texture": "#0"},
				"west": {"uv": [0, 0, 1, 4], "texture": "#0"},
				"up": {"uv": [0, 0, 1, 1], "texture": "#0"},
				"down": {"uv": [0, 0, 1, 1], "texture": "#0"}
			}
		},
		{
			"from": [6, 2, 16],
			"to": [7, 6, 17],
			"rotation": {"angle": 0, "axis": "y", "origin": [15, 12, 24]},
			"faces": {
				"north": {"uv": [0, 0, 1, 4], "texture": "#0"},
				"east": {"uv": [0, 0, 1, 4], "texture": "#0"},
				"south": {"uv": [1, 0, 2, 4], "texture": "#0"},
				"west": {"uv": [0, 0, 1, 4], "texture": "#0"},
				"up": {"uv": [0, 0, 1, 1], "texture": "#0"},
				"down": {"uv": [0, 0, 1, 1], "texture": "#0"}
			}
		},
		{
			"from": [3, 0, 1],
			"to": [4, 6, 2],
			"rotation": {"angle": 0, "axis": "y", "origin": [7, 13, 9]},
			"faces": {
				"north": {"uv": [0, 0, 1, 6], "texture": "#2"},
				"east": {"uv": [0, 0, 1, 6], "texture": "#2"},
				"south": {"uv": [0, 0, 1, 6], "texture": "#2"},
				"west": {"uv": [0, 0, 1, 6], "texture": "#2"},
				"up": {"uv": [0, 0, 1, 1], "texture": "#2"},
				"down": {"uv": [0, 0, 1, 1], "texture": "#2"}
			}
		},
		{
			"from": [12, 0, 1],
			"to": [13, 6, 2],
			"rotation": {"angle": 0, "axis": "y", "origin": [16, 13, 9]},
			"faces": {
				"north": {"uv": [0, 0, 1, 6], "texture": "#2"},
				"east": {"uv": [0, 0, 1, 6], "texture": "#2"},
				"south": {"uv": [0, 0, 1, 6], "texture": "#2"},
				"west": {"uv": [0, 0, 1, 6], "texture": "#2"},
				"up": {"uv": [0, 0, 1, 1], "texture": "#2"},
				"down": {"uv": [0, 0, 1, 1], "texture": "#2"}
			}
		},
		{
			"from": [13, 0, 1],
			"to": [14, 5, 2],
			"rotation": {"angle": 0, "axis": "y", "origin": [17, 13, 9]},
			"faces": {
				"north": {"uv": [0, 0, 1, 5], "texture": "#2"},
				"east": {"uv": [0, 0, 1, 5], "texture": "#2"},
				"south": {"uv": [0, 0, 1, 5], "texture": "#2"},
				"west": {"uv": [0, 0, 1, 5], "texture": "#0"},
				"up": {"uv": [0, 0, 1, 1], "texture": "#2"},
				"down": {"uv": [0, 0, 1, 1], "texture": "#2"}
			}
		},
		{
			"from": [14, 0, 2],
			"to": [15, 5, 3],
			"rotation": {"angle": 0, "axis": "y", "origin": [18, 13, 10]},
			"faces": {
				"north": {"uv": [0, 0, 1, 5], "texture": "#2"},
				"east": {"uv": [0, 0, 1, 5], "texture": "#2"},
				"south": {"uv": [0, 0, 1, 5], "texture": "#0"},
				"west": {"uv": [0, 0, 1, 5], "texture": "#2"},
				"up": {"uv": [0, 0, 1, 1], "texture": "#2"},
				"down": {"uv": [0, 0, 1, 1], "texture": "#2"}
			}
		},
		{
			"from": [14, 0, 3],
			"to": [15, 6, 4],
			"rotation": {"angle": 0, "axis": "y", "origin": [18, 13, 11]},
			"faces": {
				"north": {"uv": [0, 0, 1, 6], "texture": "#2"},
				"east": {"uv": [0, 0, 1, 6], "texture": "#2"},
				"south": {"uv": [0, 0, 1, 6], "texture": "#2"},
				"west": {"uv": [0, 0, 1, 6], "texture": "#2"},
				"up": {"uv": [0, 0, 1, 1], "texture": "#2"},
				"down": {"uv": [0, 0, 1, 1], "texture": "#2"}
			}
		},
		{
			"from": [15, 0, 4],
			"to": [16, 7, 12],
			"rotation": {"angle": 0, "axis": "y", "origin": [19, 13, 12]},
			"faces": {
				"north": {"uv": [0, 0, 1, 8], "texture": "#2"},
				"east": {"uv": [0, 0, 1, 8], "texture": "#2"},
				"south": {"uv": [0, 0, 1, 8], "texture": "#2"},
				"west": {"uv": [0, 0, 1, 8], "texture": "#2"},
				"up": {"uv": [0, 0, 1, 8], "texture": "#2"},
				"down": {"uv": [0, 0, 1, 8], "texture": "#2"}
			}
		},
		{
			"from": [2, 0, 1],
			"to": [3, 5, 2],
			"rotation": {"angle": 0, "axis": "y", "origin": [6, 13, 9]},
			"faces": {
				"north": {"uv": [0, 0, 1, 5], "texture": "#2"},
				"east": {"uv": [0, 0, 1, 5], "texture": "#0"},
				"south": {"uv": [0, 0, 1, 5], "texture": "#2"},
				"west": {"uv": [0, 0, 1, 5], "texture": "#2"},
				"up": {"uv": [0, 0, 1, 1], "texture": "#2"},
				"down": {"uv": [0, 0, 1, 1], "texture": "#2"}
			}
		},
		{
			"from": [1, 0, 2],
			"to": [2, 5, 3],
			"rotation": {"angle": 0, "axis": "y", "origin": [5, 13, 10]},
			"faces": {
				"north": {"uv": [0, 0, 1, 5], "texture": "#2"},
				"east": {"uv": [0, 0, 1, 5], "texture": "#2"},
				"south": {"uv": [0, 0, 1, 5], "texture": "#0"},
				"west": {"uv": [0, 0, 1, 5], "texture": "#2"},
				"up": {"uv": [0, 0, 1, 1], "texture": "#2"},
				"down": {"uv": [0, 0, 1, 1], "texture": "#2"}
			}
		},
		{
			"from": [1, 0, 3],
			"to": [2, 6, 4],
			"rotation": {"angle": 0, "axis": "y", "origin": [5, 13, 11]},
			"faces": {
				"north": {"uv": [0, 0, 1, 6], "texture": "#2"},
				"east": {"uv": [0, 0, 1, 6], "texture": "#2"},
				"south": {"uv": [0, 0, 1, 6], "texture": "#2"},
				"west": {"uv": [0, 0, 1, 6], "texture": "#2"},
				"up": {"uv": [0, 0, 1, 1], "texture": "#2"},
				"down": {"uv": [0, 0, 1, 1], "texture": "#2"}
			}
		},
		{
			"from": [1, 0, 12],
			"to": [2, 6, 13],
			"rotation": {"angle": 0, "axis": "y", "origin": [5, 13, 20]},
			"faces": {
				"north": {"uv": [0, 0, 1, 6], "texture": "#2"},
				"east": {"uv": [0, 0, 1, 6], "texture": "#2"},
				"south": {"uv": [0, 0, 1, 6], "texture": "#2"},
				"west": {"uv": [0, 0, 1, 6], "texture": "#2"},
				"up": {"uv": [0, 0, 1, 1], "texture": "#2"},
				"down": {"uv": [0, 0, 1, 1], "texture": "#2"}
			}
		},
		{
			"from": [1, 0, 13],
			"to": [2, 5, 14],
			"rotation": {"angle": 0, "axis": "y", "origin": [5, 13, 21]},
			"faces": {
				"north": {"uv": [0, 0, 1, 5], "texture": "#0"},
				"east": {"uv": [0, 0, 1, 5], "texture": "#2"},
				"south": {"uv": [0, 0, 1, 5], "texture": "#2"},
				"west": {"uv": [0, 0, 1, 5], "texture": "#2"},
				"up": {"uv": [0, 0, 1, 1], "texture": "#2"},
				"down": {"uv": [0, 0, 1, 1], "texture": "#2"}
			}
		},
		{
			"from": [2, 0, 14],
			"to": [3, 5, 15],
			"rotation": {"angle": 0, "axis": "y", "origin": [6, 13, 22]},
			"faces": {
				"north": {"uv": [0, 0, 1, 5], "texture": "#2"},
				"east": {"uv": [0, 0, 1, 5], "texture": "#0"},
				"south": {"uv": [0, 0, 1, 5], "texture": "#2"},
				"west": {"uv": [0, 0, 1, 5], "texture": "#2"},
				"up": {"uv": [0, 0, 1, 1], "texture": "#2"},
				"down": {"uv": [0, 0, 1, 1], "texture": "#2"}
			}
		},
		{
			"from": [13, 0, 14],
			"to": [14, 5, 15],
			"rotation": {"angle": 0, "axis": "y", "origin": [17, 13, 22]},
			"faces": {
				"north": {"uv": [0, 0, 1, 5], "texture": "#2"},
				"east": {"uv": [0, 0, 1, 5], "texture": "#2"},
				"south": {"uv": [0, 0, 1, 5], "texture": "#2"},
				"west": {"uv": [0, 0, 1, 5], "texture": "#0"},
				"up": {"uv": [0, 0, 1, 1], "texture": "#2"},
				"down": {"uv": [0, 0, 1, 1], "texture": "#2"}
			}
		},
		{
			"from": [14, 0, 13],
			"to": [15, 5, 14],
			"rotation": {"angle": 0, "axis": "y", "origin": [18, 13, 21]},
			"faces": {
				"north": {"uv": [0, 0, 1, 5], "texture": "#0"},
				"east": {"uv": [0, 0, 1, 5], "texture": "#2"},
				"south": {"uv": [0, 0, 1, 5], "texture": "#2"},
				"west": {"uv": [0, 0, 1, 5], "texture": "#2"},
				"up": {"uv": [0, 0, 1, 1], "texture": "#2"},
				"down": {"uv": [0, 0, 1, 1], "texture": "#2"}
			}
		},
		{
			"from": [14, 0, 12],
			"to": [15, 6, 13],
			"rotation": {"angle": 0, "axis": "y", "origin": [18, 13, 20]},
			"faces": {
				"north": {"uv": [0, 0, 1, 6], "texture": "#2"},
				"east": {"uv": [0, 0, 1, 6], "texture": "#2"},
				"south": {"uv": [0, 0, 1, 6], "texture": "#2"},
				"west": {"uv": [0, 0, 1, 6], "texture": "#2"},
				"up": {"uv": [0, 0, 1, 1], "texture": "#2"},
				"down": {"uv": [0, 0, 1, 1], "texture": "#2"}
			}
		},
		{
			"from": [3, 0, 14],
			"to": [4, 6, 15],
			"rotation": {"angle": 0, "axis": "y", "origin": [7, 13, 22]},
			"faces": {
				"north": {"uv": [0, 0, 1, 6], "texture": "#2"},
				"east": {"uv": [0, 0, 1, 6], "texture": "#2"},
				"south": {"uv": [0, 0, 1, 6], "texture": "#2"},
				"west": {"uv": [0, 0, 1, 6], "texture": "#2"},
				"up": {"uv": [0, 0, 1, 1], "texture": "#2"},
				"down": {"uv": [0, 0, 1, 1], "texture": "#2"}
			}
		},
		{
			"from": [12, 0, 14],
			"to": [13, 6, 15],
			"rotation": {"angle": 0, "axis": "y", "origin": [16, 13, 22]},
			"faces": {
				"north": {"uv": [0, 0, 1, 6], "texture": "#2"},
				"east": {"uv": [0, 0, 1, 6], "texture": "#2"},
				"south": {"uv": [0, 0, 1, 6], "texture": "#2"},
				"west": {"uv": [0, 0, 1, 6], "texture": "#2"},
				"up": {"uv": [0, 0, 1, 1], "texture": "#2"},
				"down": {"uv": [0, 0, 1, 1], "texture": "#2"}
			}
		},
		{
			"from": [4, 0, 15],
			"to": [12, 7, 16],
			"rotation": {"angle": 0, "axis": "y", "origin": [8, 13, 23]},
			"faces": {
				"north": {"uv": [0, 0, 1, 8], "texture": "#2"},
				"east": {"uv": [0, 0, 1, 8], "texture": "#2"},
				"south": {"uv": [0, 0, 1, 8], "texture": "#2"},
				"west": {"uv": [0, 0, 1, 8], "texture": "#2"},
				"up": {"uv": [0, 0, 1, 8], "texture": "#2"},
				"down": {"uv": [0, 0, 1, 8], "texture": "#2"}
			}
		},
		{
			"from": [0, 0, 4],
			"to": [1, 7, 12],
			"rotation": {"angle": 0, "axis": "y", "origin": [4, 13, 12]},
			"faces": {
				"north": {"uv": [0, 0, 1, 8], "texture": "#2"},
				"east": {"uv": [0, 0, 1, 8], "texture": "#2"},
				"south": {"uv": [0, 0, 1, 8], "texture": "#2"},
				"west": {"uv": [0, 0, 1, 8], "texture": "#2"},
				"up": {"uv": [0, 0, 1, 8], "texture": "#2"},
				"down": {"uv": [0, 0, 1, 8], "texture": "#2"}
			}
		},
		{
			"from": [4, 0, 0],
			"to": [12, 7, 1],
			"rotation": {"angle": 0, "axis": "y", "origin": [15, 13, 8]},
			"faces": {
				"north": {"uv": [0, 0, 1, 8], "texture": "#2"},
				"east": {"uv": [0, 0, 1, 8], "texture": "#2"},
				"south": {"uv": [0, 0, 1, 8], "texture": "#2"},
				"west": {"uv": [0, 0, 1, 8], "texture": "#2"},
				"up": {"uv": [0, 0, 1, 8], "texture": "#2"},
				"down": {"uv": [0, 0, 1, 8], "texture": "#2"}
			}
		},
		{
			"from": [5, 7, 0],
			"to": [11, 8, 1],
			"rotation": {"angle": 0, "axis": "y", "origin": [13, 15, 8]},
			"faces": {
				"north": {"uv": [0, 0, 6, 1], "texture": "#2"},
				"east": {"uv": [0, 0, 1, 1], "texture": "#2"},
				"south": {"uv": [0, 0, 6, 1], "texture": "#2"},
				"west": {"uv": [0, 0, 1, 1], "texture": "#2"},
				"up": {"uv": [0, 0, 6, 1], "texture": "#2"},
				"down": {"uv": [0, 0, 6, 1], "texture": "#0"}
			}
		},
		{
			"from": [5, 7, 15],
			"to": [11, 8, 16],
			"rotation": {"angle": 0, "axis": "y", "origin": [13, 15, 23]},
			"faces": {
				"north": {"uv": [0, 0, 6, 1], "texture": "#2"},
				"east": {"uv": [0, 0, 1, 1], "texture": "#2"},
				"south": {"uv": [0, 0, 6, 1], "texture": "#2"},
				"west": {"uv": [0, 0, 1, 1], "texture": "#2"},
				"up": {"uv": [0, 0, 6, 1], "texture": "#2"},
				"down": {"uv": [0, 0, 6, 1], "texture": "#0"}
			}
		},
		{
			"from": [6, 8, 0],
			"to": [10, 9, 1],
			"rotation": {"angle": 0, "axis": "y", "origin": [13, 16, 8]},
			"faces": {
				"north": {"uv": [0, 0, 4, 1], "texture": "#2"},
				"east": {"uv": [0, 0, 1, 1], "texture": "#2"},
				"south": {"uv": [0, 0, 4, 1], "texture": "#2"},
				"west": {"uv": [0, 0, 1, 1], "texture": "#2"},
				"up": {"uv": [0, 0, 4, 1], "texture": "#2"},
				"down": {"uv": [0, 0, 4, 1], "texture": "#0"}
			}
		},
		{
			"from": [6, 8, 15],
			"to": [10, 9, 16],
			"rotation": {"angle": 0, "axis": "y", "origin": [13, 16, 23]},
			"faces": {
				"north": {"uv": [0, 0, 4, 1], "texture": "#2"},
				"east": {"uv": [0, 0, 1, 1], "texture": "#2"},
				"south": {"uv": [0, 0, 4, 1], "texture": "#2"},
				"west": {"uv": [0, 0, 1, 1], "texture": "#2"},
				"up": {"uv": [0, 0, 4, 1], "texture": "#2"},
				"down": {"uv": [0, 0, 4, 1], "texture": "#0"}
			}
		},
		{
			"from": [7, 9, 0],
			"to": [9, 10, 1],
			"rotation": {"angle": 0, "axis": "y", "origin": [13, 17, 8]},
			"faces": {
				"north": {"uv": [0, 0, 2, 1], "texture": "#2"},
				"east": {"uv": [0, 0, 1, 1], "texture": "#2"},
				"south": {"uv": [0, 0, 2, 1], "texture": "#2"},
				"west": {"uv": [0, 0, 1, 1], "texture": "#2"},
				"up": {"uv": [0, 0, 2, 1], "texture": "#2"},
				"down": {"uv": [0, 0, 2, 1], "texture": "#0"}
			}
		},
		{
			"from": [7, 9, 15],
			"to": [9, 10, 16],
			"rotation": {"angle": 0, "axis": "y", "origin": [13, 17, 23]},
			"faces": {
				"north": {"uv": [0, 0, 2, 1], "texture": "#2"},
				"east": {"uv": [0, 0, 1, 1], "texture": "#2"},
				"south": {"uv": [0, 0, 2, 1], "texture": "#2"},
				"west": {"uv": [0, 0, 1, 1], "texture": "#2"},
				"up": {"uv": [0, 0, 2, 1], "texture": "#2"},
				"down": {"uv": [0, 0, 2, 1], "texture": "#0"}
			}
		},
		{
			"from": [15, 9, 7],
			"to": [16, 10, 9],
			"rotation": {"angle": 0, "axis": "y", "origin": [20, 17, 15]},
			"faces": {
				"north": {"uv": [0, 0, 1, 1], "texture": "#2"},
				"east": {"uv": [0, 0, 2, 1], "texture": "#2"},
				"south": {"uv": [0, 0, 1, 1], "texture": "#2"},
				"west": {"uv": [0, 0, 2, 1], "texture": "#2"},
				"up": {"uv": [0, 0, 1, 2], "texture": "#2"},
				"down": {"uv": [0, 0, 1, 2], "texture": "#0"}
			}
		},
		{
			"from": [0, 9, 7],
			"to": [1, 10, 9],
			"rotation": {"angle": 0, "axis": "y", "origin": [5, 17, 15]},
			"faces": {
				"north": {"uv": [0, 0, 1, 1], "texture": "#2"},
				"east": {"uv": [0, 0, 2, 1], "texture": "#2"},
				"south": {"uv": [0, 0, 1, 1], "texture": "#2"},
				"west": {"uv": [0, 0, 2, 1], "texture": "#2"},
				"up": {"uv": [0, 0, 1, 2], "texture": "#2"},
				"down": {"uv": [0, 0, 1, 2], "texture": "#0"}
			}
		},
		{
			"from": [15, 8, 6],
			"to": [16, 9, 10],
			"rotation": {"angle": 0, "axis": "y", "origin": [20, 16, 15]},
			"faces": {
				"north": {"uv": [0, 0, 1, 1], "texture": "#2"},
				"east": {"uv": [1, 0, 5, 1], "texture": "#2"},
				"south": {"uv": [0, 0, 1, 1], "texture": "#2"},
				"west": {"uv": [0, 0, 4, 1], "texture": "#2"},
				"up": {"uv": [0, 0, 1, 4], "texture": "#2"},
				"down": {"uv": [0, 0, 1, 4], "texture": "#0"}
			}
		},
		{
			"from": [0, 8, 6],
			"to": [1, 9, 10],
			"rotation": {"angle": 0, "axis": "y", "origin": [5, 16, 15]},
			"faces": {
				"north": {"uv": [0, 0, 1, 1], "texture": "#2"},
				"east": {"uv": [0, 0, 4, 1], "texture": "#2"},
				"south": {"uv": [0, 0, 1, 1], "texture": "#2"},
				"west": {"uv": [0, 0, 4, 1], "texture": "#2"},
				"up": {"uv": [0, 0, 1, 4], "texture": "#2"},
				"down": {"uv": [0, 0, 1, 4], "texture": "#0"}
			}
		},
		{
			"from": [15, 7, 5],
			"to": [16, 8, 11],
			"rotation": {"angle": 0, "axis": "y", "origin": [20, 15, 15]},
			"faces": {
				"north": {"uv": [0, 0, 1, 1], "texture": "#2"},
				"east": {"uv": [0, 0, 6, 1], "texture": "#2"},
				"south": {"uv": [0, 0, 1, 1], "texture": "#2"},
				"west": {"uv": [0, 0, 6, 1], "texture": "#2"},
				"up": {"uv": [0, 0, 1, 6], "texture": "#2"},
				"down": {"uv": [0, 0, 1, 6], "texture": "#0"}
			}
		},
		{
			"from": [0, 7, 5],
			"to": [1, 8, 11],
			"rotation": {"angle": 0, "axis": "y", "origin": [5, 15, 15]},
			"faces": {
				"north": {"uv": [0, 0, 1, 1], "texture": "#2"},
				"east": {"uv": [0, 0, 6, 1], "texture": "#2"},
				"south": {"uv": [0, 0, 1, 1], "texture": "#2"},
				"west": {"uv": [0, 0, 6, 1], "texture": "#2"},
				"up": {"uv": [0, 0, 1, 6], "texture": "#2"},
				"down": {"uv": [0, 0, 1, 6], "texture": "#0"}
			}
		}
	],
	"display": {
		"thirdperson_righthand": {
			"rotation": [-45, 0, 0],
			"translation": [0, 0, -2.5],
			"scale": [0.3, 0.3, 0.3]
		},
		"thirdperson_lefthand": {
			"rotation": [-45, 0, 0],
			"translation": [0, 0, -2.5],
			"scale": [0.3, 0.3, 0.3]
		},
		"firstperson_righthand": {
			"rotation": [0, -137, -1],
			"translation": [42.5, 0, -40.5]
		},
		"firstperson_lefthand": {
			"rotation": [0, -137, -1],
			"translation": [42.5, 0, -40.5]
		},
		"ground": {
			"translation": [0, 1.5, 0],
			"scale": [0.5, 0.5, 0.5]
		},
		"gui": {
			"rotation": [10, 45, 0],
			"translation": [0, 2.25, 0],
			"scale": [0.75, 0.75, 0.75]
		},
		"head": {
			"translation": [-0.25, 9.5, 0],
			"scale": [0.4, 0.4, 0.4]
		},
		"fixed": {
			"translation": [0, 0, -9.5]
		}
	}
}