{
	"credit": "Made with Blockbench",
	"textures": {
		"0": "block/coal_block",
		"1": "block/white_concrete_powder",
		"3": "block/pink_terracotta",
		"4": "block/gold_block",
		"5": "block/white_concrete",
		"particle": "block/coal_block"
	},
	"elements": [
		{
			"from": [14.3, -2, 7],
			"to": [15.3, 8.3, 8],
			"faces": {
				"north": {"uv": [0, 0, 0.5, 6.3], "texture": "#0"},
				"east": {"uv": [0, 0, 1, 6.3], "texture": "#0"},
				"south": {"uv": [0, 0, 0.5, 6.3], "texture": "#0"},
				"west": {"uv": [0, 0, 1, 6.3], "texture": "#0"},
				"up": {"uv": [0, 0, 1, 2], "texture": "#0"},
				"down": {"uv": [0, 0, 1, 2], "texture": "#0"}
			}
		},
		{
			"from": [1.2, 7.8, 7],
			"to": [14.8, 8.8, 8],
			"faces": {
				"north": {"uv": [0, 0, 8, 1], "texture": "#0"},
				"east": {"uv": [0, 0, 1, 0.2], "texture": "#0"},
				"south": {"uv": [0, 0, 8, 1], "texture": "#0"},
				"west": {"uv": [0, 0, 1, 0.2], "texture": "#0"},
				"up": {"uv": [0, 0, 11, 1], "texture": "#0"},
				"down": {"uv": [0, 0, 8.6, 1], "texture": "#0"}
			}
		},
		{
			"from": [0.7, -2, 7],
			"to": [1.7, 8.3, 8],
			"faces": {
				"north": {"uv": [0, 0, 1, 10.3], "texture": "#0"},
				"east": {"uv": [0, 0, 1, 10.3], "texture": "#0"},
				"south": {"uv": [0, 0, 1, 10.3], "texture": "#0"},
				"west": {"uv": [0, 0, 1, 10.3], "texture": "#0"},
				"up": {"uv": [0, 0, 1, 1], "texture": "#0"},
				"down": {"uv": [0, 0, 1, 1], "texture": "#0"}
			}
		},
		{
			"from": [15.5915, 12.06582, 7.1],
			"to": [15.8915, 12.52582, 7.2],
			"rotation": {"angle": 22.5, "axis": "z", "origin": [14.5415, 11.31582, 7.4]},
			"faces": {
				"north": {"uv": [0, 0, 0.36, 0.3], "rotation": 270, "texture": "#1"},
				"east": {"uv": [0, 0, 0.36, 0.3], "rotation": 270, "texture": "#1"},
				"south": {"uv": [0, 0, 2, 2], "texture": "#1"},
				"west": {"uv": [0, 0, 0.36, 0.3], "rotation": 270, "texture": "#1"},
				"up": {"uv": [0, 0, 0.36, 0.3], "rotation": 270, "texture": "#1"},
				"down": {"uv": [0, 0, 0.36, 0.3], "rotation": 270, "texture": "#1"}
			}
		},
		{
			"from": [14.8, 8.3, 7.2],
			"to": [15.3, 8.8, 7.8],
			"rotation": {"angle": 0, "axis": "z", "origin": [12.6, 8.8, 8]},
			"faces": {
				"north": {"uv": [0, 0, 2, 2], "texture": "#1"},
				"east": {"uv": [0, 0, 2, 2], "texture": "#1"},
				"south": {"uv": [0, 0, 2, 2], "texture": "#1"},
				"west": {"uv": [0, 0, 2, 2], "texture": "#1"},
				"up": {"uv": [0, 0, 2, 2], "texture": "#1"},
				"down": {"uv": [0, 0, 2, 2], "texture": "#1"}
			}
		},
		{
			"from": [14.3, 7.8, 7.201],
			"to": [14.8, 8.3, 7.803],
			"rotation": {"angle": 0, "axis": "z", "origin": [12.6, 8.8, 8]},
			"faces": {
				"north": {"uv": [0, 0, 2, 2], "texture": "#1"},
				"east": {"uv": [0, 0, 2, 2], "texture": "#1"},
				"south": {"uv": [0, 0, 2, 2], "texture": "#1"},
				"west": {"uv": [0, 0, 2, 2], "texture": "#1"},
				"up": {"uv": [0, 0, 2, 2], "texture": "#1"},
				"down": {"uv": [0, 0, 2, 2], "texture": "#1"}
			}
		},
		{
			"from": [11.5, 8.8, 7.2],
			"to": [15.3, 9.3, 7.8],
			"rotation": {"angle": 0, "axis": "z", "origin": [12.6, 8.8, 8]},
			"faces": {
				"north": {"uv": [0, 0, 8, 1], "texture": "#1"},
				"east": {"uv": [0, 0, 1, 0.2], "texture": "#1"},
				"south": {"uv": [0, 0, 8, 1], "texture": "#1"},
				"west": {"uv": [0, 0, 1, 0.2], "texture": "#1"},
				"up": {"uv": [0, 0, 11, 1], "texture": "#1"},
				"down": {"uv": [0, 0, 8.6, 1], "texture": "#1"}
			}
		},
		{
			"from": [14.5, 8.3, 6.6],
			"to": [15.1, 8.9, 7.2],
			"rotation": {"angle": 0, "axis": "z", "origin": [12.6, 8.8, 8]},
			"faces": {
				"north": {"uv": [0, 0, 16, 16], "texture": "#4"},
				"east": {"uv": [0, 0, 16, 16], "texture": "#4"},
				"south": {"uv": [0, 0, 16, 16], "texture": "#4"},
				"west": {"uv": [0, 0, 16, 16], "texture": "#4"},
				"up": {"uv": [0, 0, 16, 16], "texture": "#4"},
				"down": {"uv": [0, 0, 16, 16], "texture": "#4"}
			}
		},
		{
			"from": [14.03065, 8.53756, 6.8],
			"to": [14.23065, 9.18756, 7],
			"rotation": {"angle": 0, "axis": "z", "origin": [14.33065, 8.23756, 6.9]},
			"faces": {
				"north": {"uv": [0, 0, 1, 1], "rotation": 270, "texture": "#5"},
				"east": {"uv": [0, 0, 1, 1], "rotation": 270, "texture": "#5"},
				"south": {"uv": [0, 0, 1, 1], "rotation": 270, "texture": "#5"},
				"west": {"uv": [0, 0, 1, 1], "rotation": 270, "texture": "#5"},
				"up": {"uv": [0, 0, 1, 1], "rotation": 270, "texture": "#5"},
				"down": {"uv": [0, 0, 1, 1], "rotation": 270, "texture": "#5"}
			}
		},
		{
			"from": [14.03868, 8.6972, 6.8],
			"to": [14.63868, 8.8972, 7],
			"rotation": {"angle": 22.5, "axis": "z", "origin": [14.93868, 8.6972, 6.9]},
			"faces": {
				"north": {"uv": [0, 0, 1, 1], "texture": "#5"},
				"east": {"uv": [0, 0, 1, 1], "texture": "#5"},
				"south": {"uv": [0, 0, 1, 1], "texture": "#5"},
				"west": {"uv": [0, 0, 1, 1], "texture": "#5"},
				"up": {"uv": [0, 0, 1, 1], "texture": "#5"},
				"down": {"uv": [0, 0, 1, 1], "texture": "#5"}
			}
		},
		{
			"from": [14.23065, 8.53756, 6.8],
			"to": [14.43065, 8.98756, 7],
			"rotation": {"angle": 0, "axis": "z", "origin": [14.33065, 8.23756, 6.9]},
			"faces": {
				"north": {"uv": [0, 0, 1, 1], "rotation": 270, "texture": "#5"},
				"east": {"uv": [0, 0, 1, 1], "rotation": 270, "texture": "#5"},
				"south": {"uv": [0, 0, 1, 1], "rotation": 270, "texture": "#5"},
				"west": {"uv": [0, 0, 1, 1], "rotation": 270, "texture": "#5"},
				"up": {"uv": [0, 0, 1, 1], "rotation": 270, "texture": "#5"},
				"down": {"uv": [0, 0, 1, 1], "rotation": 270, "texture": "#5"}
			}
		},
		{
			"from": [14.63868, 8.9972, 6.8],
			"to": [14.83868, 9.6972, 7],
			"rotation": {"angle": 45, "axis": "z", "origin": [14.93868, 8.6972, 6.9]},
			"faces": {
				"north": {"uv": [0, 0, 1, 1], "rotation": 270, "texture": "#5"},
				"east": {"uv": [0, 0, 1, 1], "rotation": 270, "texture": "#5"},
				"south": {"uv": [0, 0, 1, 1], "rotation": 270, "texture": "#5"},
				"west": {"uv": [0, 0, 1, 1], "rotation": 270, "texture": "#5"},
				"up": {"uv": [0, 0, 1, 1], "rotation": 270, "texture": "#5"},
				"down": {"uv": [0, 0, 1, 1], "rotation": 270, "texture": "#5"}
			}
		},
		{
			"from": [14.83868, 7.6972, 6.9],
			"to": [15.03868, 8.3972, 7],
			"rotation": {"angle": 22.5, "axis": "z", "origin": [14.93868, 8.6972, 6.9]},
			"faces": {
				"north": {"uv": [0, 0, 1, 1], "rotation": 270, "texture": "#5"},
				"east": {"uv": [0, 0, 1, 1], "rotation": 270, "texture": "#5"},
				"south": {"uv": [0, 0, 1, 1], "rotation": 270, "texture": "#5"},
				"west": {"uv": [0, 0, 1, 1], "rotation": 270, "texture": "#5"},
				"up": {"uv": [0, 0, 1, 1], "rotation": 270, "texture": "#5"},
				"down": {"uv": [0, 0, 1, 1], "rotation": 270, "texture": "#5"}
			}
		},
		{
			"from": [14.53868, 7.6972, 6.9],
			"to": [14.73868, 8.3972, 7],
			"rotation": {"angle": -22.5, "axis": "z", "origin": [14.93868, 8.6972, 6.9]},
			"faces": {
				"north": {"uv": [0, 0, 1, 1], "rotation": 270, "texture": "#5"},
				"east": {"uv": [0, 0, 1, 1], "rotation": 270, "texture": "#5"},
				"south": {"uv": [0, 0, 1, 1], "rotation": 270, "texture": "#5"},
				"west": {"uv": [0, 0, 1, 1], "rotation": 270, "texture": "#5"},
				"up": {"uv": [0, 0, 1, 1], "rotation": 270, "texture": "#5"},
				"down": {"uv": [0, 0, 1, 1], "rotation": 270, "texture": "#5"}
			}
		},
		{
			"from": [14.43065, 8.53756, 6.8],
			"to": [14.53065, 8.88756, 7],
			"rotation": {"angle": 0, "axis": "z", "origin": [14.33065, 8.23756, 6.9]},
			"faces": {
				"north": {"uv": [0, 0, 1, 1], "rotation": 270, "texture": "#5"},
				"east": {"uv": [0, 0, 1, 1], "rotation": 270, "texture": "#5"},
				"south": {"uv": [0, 0, 1, 1], "rotation": 270, "texture": "#5"},
				"west": {"uv": [0, 0, 1, 1], "rotation": 270, "texture": "#5"},
				"up": {"uv": [0, 0, 1, 1], "rotation": 270, "texture": "#5"},
				"down": {"uv": [0, 0, 1, 1], "rotation": 270, "texture": "#5"}
			}
		},
		{
			"from": [15.36935, 8.43756, 6.8],
			"to": [15.56935, 9.08756, 7],
			"rotation": {"angle": 0, "axis": "z", "origin": [15.26935, 8.13756, 6.9]},
			"faces": {
				"north": {"uv": [0, 1, 1, 0], "rotation": 270, "texture": "#5"},
				"east": {"uv": [0, 1, 1, 0], "rotation": 270, "texture": "#5"},
				"south": {"uv": [0, 1, 1, 0], "rotation": 270, "texture": "#5"},
				"west": {"uv": [0, 1, 1, 0], "rotation": 270, "texture": "#5"},
				"up": {"uv": [0, 1, 1, 0], "rotation": 270, "texture": "#5"},
				"down": {"uv": [0, 1, 1, 0], "rotation": 270, "texture": "#5"}
			}
		},
		{
			"from": [14.96132, 8.5972, 6.8],
			"to": [15.56132, 8.7972, 7],
			"rotation": {"angle": -22.5, "axis": "z", "origin": [14.66132, 8.5972, 6.9]},
			"faces": {
				"north": {"uv": [1, 0, 0, 1], "texture": "#5"},
				"east": {"uv": [1, 0, 0, 1], "texture": "#5"},
				"south": {"uv": [1, 0, 0, 1], "texture": "#5"},
				"west": {"uv": [1, 0, 0, 1], "texture": "#5"},
				"up": {"uv": [1, 0, 0, 1], "texture": "#5"},
				"down": {"uv": [1, 0, 0, 1], "texture": "#5"}
			}
		},
		{
			"from": [15.16935, 8.43756, 6.8],
			"to": [15.36935, 8.88756, 7],
			"rotation": {"angle": 0, "axis": "z", "origin": [15.26935, 8.13756, 6.9]},
			"faces": {
				"north": {"uv": [0, 1, 1, 0], "rotation": 270, "texture": "#5"},
				"east": {"uv": [0, 1, 1, 0], "rotation": 270, "texture": "#5"},
				"south": {"uv": [0, 1, 1, 0], "rotation": 270, "texture": "#5"},
				"west": {"uv": [0, 1, 1, 0], "rotation": 270, "texture": "#5"},
				"up": {"uv": [0, 1, 1, 0], "rotation": 270, "texture": "#5"},
				"down": {"uv": [0, 1, 1, 0], "rotation": 270, "texture": "#5"}
			}
		},
		{
			"from": [14.76132, 8.8972, 6.8],
			"to": [14.96132, 9.5972, 7],
			"rotation": {"angle": -45, "axis": "z", "origin": [14.66132, 8.5972, 6.9]},
			"faces": {
				"north": {"uv": [0, 1, 1, 0], "rotation": 270, "texture": "#5"},
				"east": {"uv": [0, 1, 1, 0], "rotation": 270, "texture": "#5"},
				"south": {"uv": [0, 1, 1, 0], "rotation": 270, "texture": "#5"},
				"west": {"uv": [0, 1, 1, 0], "rotation": 270, "texture": "#5"},
				"up": {"uv": [0, 1, 1, 0], "rotation": 270, "texture": "#5"},
				"down": {"uv": [0, 1, 1, 0], "rotation": 270, "texture": "#5"}
			}
		},
		{
			"from": [15.06935, 8.43756, 6.8],
			"to": [15.16935, 8.78756, 7],
			"rotation": {"angle": 0, "axis": "z", "origin": [15.26935, 8.13756, 6.9]},
			"faces": {
				"north": {"uv": [0, 1, 1, 0], "rotation": 270, "texture": "#5"},
				"east": {"uv": [0, 1, 1, 0], "rotation": 270, "texture": "#5"},
				"south": {"uv": [0, 1, 1, 0], "rotation": 270, "texture": "#5"},
				"west": {"uv": [0, 1, 1, 0], "rotation": 270, "texture": "#5"},
				"up": {"uv": [0, 1, 1, 0], "rotation": 270, "texture": "#5"},
				"down": {"uv": [0, 1, 1, 0], "rotation": 270, "texture": "#5"}
			}
		},
		{
			"from": [12, 9.3, 7.4],
			"to": [15.3, 9.8, 7.6],
			"rotation": {"angle": 0, "axis": "z", "origin": [12.6, 8.8, 8]},
			"faces": {
				"north": {"uv": [0, 0, 8, 1], "texture": "#3"},
				"east": {"uv": [0, 0, 1, 0.2], "texture": "#3"},
				"south": {"uv": [0, 0, 8, 1], "texture": "#3"},
				"west": {"uv": [0, 0, 1, 0.2], "texture": "#3"},
				"up": {"uv": [0, 0, 11, 1], "texture": "#3"},
				"down": {"uv": [0, 0, 8.6, 1], "texture": "#3"}
			}
		},
		{
			"from": [15.1, 9.3, 7.3],
			"to": [15.3, 12.5, 7.5],
			"rotation": {"angle": 0, "axis": "z", "origin": [12.6, 8.8, 8]},
			"faces": {
				"north": {"uv": [0, 0, 1, 13], "texture": "#3"},
				"east": {"uv": [0, 0, 1, 0.2], "texture": "#3"},
				"south": {"uv": [0, 0, 8, 1], "texture": "#3"},
				"west": {"uv": [0, 0, 1, 0.2], "texture": "#3"},
				"up": {"uv": [0, 0, 11, 1], "texture": "#3"},
				"down": {"uv": [0, 0, 8.6, 1], "texture": "#3"}
			}
		},
		{
			"from": [14.4, 9.9, 7.31],
			"to": [14.8, 11, 7.5],
			"rotation": {"angle": -22.5, "axis": "z", "origin": [12.6, 8.8, 8]},
			"faces": {
				"north": {"uv": [0, 0, 1, 13], "texture": "#3"},
				"east": {"uv": [0, 0, 1, 0.2], "texture": "#3"},
				"south": {"uv": [0, 0, 8, 1], "texture": "#3"},
				"west": {"uv": [0, 0, 1, 0.2], "texture": "#3"},
				"up": {"uv": [0, 0, 11, 1], "texture": "#3"},
				"down": {"uv": [0, 0, 8.6, 1], "texture": "#3"}
			}
		},
		{
			"from": [11.7, 8.8, 7.6],
			"to": [15.3, 9.3, 7.9],
			"rotation": {"angle": 0, "axis": "z", "origin": [12.6, 8.8, 8]},
			"faces": {
				"north": {"uv": [0, 0, 8, 1], "texture": "#1"},
				"east": {"uv": [0, 0, 1, 0.2], "texture": "#1"},
				"south": {"uv": [2, 6, 10, 7], "texture": "#1"},
				"west": {"uv": [0, 0, 1, 0.2], "texture": "#1"},
				"up": {"uv": [0, 0, 11, 1], "texture": "#1"},
				"down": {"uv": [0, 0, 8.6, 1], "texture": "#1"}
			}
		},
		{
			"from": [14.8, 8.3, 7.6],
			"to": [15.3, 8.8, 7.9],
			"rotation": {"angle": 0, "axis": "z", "origin": [12.6, 8.8, 8]},
			"faces": {
				"north": {"uv": [0, 0, 8, 1], "texture": "#1"},
				"east": {"uv": [0, 0, 1, 0.2], "texture": "#1"},
				"south": {"uv": [15, 15, 16, 16], "texture": "#1"},
				"west": {"uv": [0, 0, 1, 0.2], "texture": "#1"},
				"up": {"uv": [0, 0, 11, 1], "texture": "#1"},
				"down": {"uv": [0, 0, 8.6, 1], "texture": "#1"}
			}
		},
		{
			"from": [12, 9.3, 7.6],
			"to": [15.3, 9.8, 7.9],
			"rotation": {"angle": 0, "axis": "z", "origin": [12.6, 8.8, 8]},
			"faces": {
				"north": {"uv": [0, 0, 8, 1], "texture": "#1"},
				"east": {"uv": [0, 0, 1, 0.2], "texture": "#1"},
				"south": {"uv": [8, 15, 16, 16], "texture": "#1"},
				"west": {"uv": [0, 0, 1, 0.2], "texture": "#1"},
				"up": {"uv": [0, 0, 11, 1], "texture": "#1"},
				"down": {"uv": [0, 0, 8.6, 1], "texture": "#1"}
			}
		},
		{
			"from": [12.4, 9.8, 7.4],
			"to": [15.3, 10.3, 7.6],
			"rotation": {"angle": 0, "axis": "z", "origin": [12.6, 8.8, 8]},
			"faces": {
				"north": {"uv": [0, 1, 7, 2], "texture": "#3"},
				"east": {"uv": [0, 0, 1, 0.2], "texture": "#3"},
				"south": {"uv": [0, 0, 8, 1], "texture": "#3"},
				"west": {"uv": [0, 0, 1, 0.2], "texture": "#3"},
				"up": {"uv": [0, 0, 11, 1], "texture": "#3"},
				"down": {"uv": [0, 0, 8.6, 1], "texture": "#3"}
			}
		},
		{
			"from": [12.6, 9.8, 7.6],
			"to": [15.3, 10.3, 7.9],
			"rotation": {"angle": 0, "axis": "z", "origin": [12.6, 8.8, 8]},
			"faces": {
				"north": {"uv": [0, 0, 8, 1], "texture": "#1"},
				"east": {"uv": [0, 0, 1, 0.2], "texture": "#1"},
				"south": {"uv": [10, 14, 16, 15], "texture": "#1"},
				"west": {"uv": [0, 0, 1, 0.2], "texture": "#1"},
				"up": {"uv": [0, 0, 11, 1], "texture": "#1"},
				"down": {"uv": [0, 0, 8.6, 1], "texture": "#1"}
			}
		},
		{
			"from": [13.4, 10.8, 7.4],
			"to": [15.3, 11.3, 7.6],
			"rotation": {"angle": 0, "axis": "z", "origin": [12.6, 8.8, 8]},
			"faces": {
				"north": {"uv": [0, 4, 5, 5], "texture": "#3"},
				"east": {"uv": [0, 0, 1, 0.2], "texture": "#3"},
				"south": {"uv": [0, 0, 8, 1], "texture": "#3"},
				"west": {"uv": [0, 0, 1, 0.2], "texture": "#3"},
				"up": {"uv": [0, 0, 11, 1], "texture": "#3"},
				"down": {"uv": [0, 0, 8.6, 1], "texture": "#3"}
			}
		},
		{
			"from": [13.5, 10.8, 7.6],
			"to": [15.3, 11.3, 7.9],
			"rotation": {"angle": 0, "axis": "z", "origin": [12.6, 8.8, 8]},
			"faces": {
				"north": {"uv": [0, 0, 8, 1], "texture": "#1"},
				"east": {"uv": [0, 0, 1, 0.2], "texture": "#1"},
				"south": {"uv": [13, 11, 16, 12], "texture": "#1"},
				"west": {"uv": [0, 0, 1, 0.2], "texture": "#1"},
				"up": {"uv": [0, 0, 11, 1], "texture": "#1"},
				"down": {"uv": [0, 0, 8.6, 1], "texture": "#1"}
			}
		},
		{
			"from": [14, 11.3, 7.4],
			"to": [15.3, 11.8, 7.6],
			"rotation": {"angle": 0, "axis": "z", "origin": [12.6, 8.8, 8]},
			"faces": {
				"north": {"uv": [0, 6, 3, 7], "texture": "#3"},
				"east": {"uv": [0, 0, 1, 0.2], "texture": "#3"},
				"south": {"uv": [0, 0, 8, 1], "texture": "#3"},
				"west": {"uv": [0, 0, 1, 0.2], "texture": "#3"},
				"up": {"uv": [0, 0, 11, 1], "texture": "#3"},
				"down": {"uv": [0, 0, 8.6, 1], "texture": "#3"}
			}
		},
		{
			"from": [14.1, 11.3, 7.6],
			"to": [15.3, 11.8, 7.9],
			"rotation": {"angle": 0, "axis": "z", "origin": [12.6, 8.8, 8]},
			"faces": {
				"north": {"uv": [0, 0, 8, 1], "texture": "#1"},
				"east": {"uv": [0, 0, 1, 0.2], "texture": "#1"},
				"south": {"uv": [14, 8, 16, 9], "texture": "#1"},
				"west": {"uv": [0, 0, 1, 0.2], "texture": "#1"},
				"up": {"uv": [0, 0, 11, 1], "texture": "#1"},
				"down": {"uv": [0, 0, 8.6, 1], "texture": "#1"}
			}
		},
		{
			"from": [14.4, 11.8, 7.4],
			"to": [15.3, 12.3, 7.6],
			"rotation": {"angle": 0, "axis": "z", "origin": [12.6, 8.8, 8]},
			"faces": {
				"north": {"uv": [0, 7, 1, 8], "texture": "#3"},
				"east": {"uv": [0, 0, 1, 0.2], "texture": "#3"},
				"south": {"uv": [0, 0, 8, 1], "texture": "#3"},
				"west": {"uv": [0, 0, 1, 0.2], "texture": "#3"},
				"up": {"uv": [0, 0, 11, 1], "texture": "#3"},
				"down": {"uv": [0, 0, 8.6, 1], "texture": "#3"}
			}
		},
		{
			"from": [14.5, 11.8, 7.6],
			"to": [15.3, 12.3, 7.9],
			"rotation": {"angle": 0, "axis": "z", "origin": [12.6, 8.8, 8]},
			"faces": {
				"north": {"uv": [0, 0, 8, 1], "texture": "#1"},
				"east": {"uv": [0, 0, 1, 0.2], "texture": "#1"},
				"south": {"uv": [14, 2, 16, 3], "texture": "#1"},
				"west": {"uv": [0, 0, 1, 0.2], "texture": "#1"},
				"up": {"uv": [0, 0, 11, 1], "texture": "#1"},
				"down": {"uv": [0, 0, 8.6, 1], "texture": "#1"}
			}
		},
		{
			"from": [14.9, 12.3, 7.4],
			"to": [15.3, 12.8, 7.6],
			"rotation": {"angle": 0, "axis": "z", "origin": [12.6, 8.8, 8]},
			"faces": {
				"north": {"uv": [0, 0, 8, 1], "texture": "#3"},
				"east": {"uv": [0, 0, 1, 0.2], "texture": "#3"},
				"south": {"uv": [0, 0, 8, 1], "texture": "#3"},
				"west": {"uv": [0, 0, 1, 0.2], "texture": "#3"},
				"up": {"uv": [0, 0, 11, 1], "texture": "#3"},
				"down": {"uv": [0, 0, 8.6, 1], "texture": "#3"}
			}
		},
		{
			"from": [14.9, 12.3, 7.6],
			"to": [15.3, 12.7, 7.9],
			"rotation": {"angle": 0, "axis": "z", "origin": [12.6, 8.8, 8]},
			"faces": {
				"north": {"uv": [0, 0, 8, 1], "texture": "#1"},
				"east": {"uv": [0, 0, 1, 0.2], "texture": "#1"},
				"south": {"uv": [0, 0, 1, 1], "texture": "#1"},
				"west": {"uv": [0, 0, 1, 0.2], "texture": "#1"},
				"up": {"uv": [0, 0, 11, 1], "texture": "#1"},
				"down": {"uv": [0, 0, 8.6, 1], "texture": "#1"}
			}
		},
		{
			"from": [13, 10.3, 7.4],
			"to": [15.3, 10.8, 7.6],
			"rotation": {"angle": 0, "axis": "z", "origin": [12.6, 8.8, 8]},
			"faces": {
				"north": {"uv": [0, 2, 6, 3], "texture": "#3"},
				"east": {"uv": [0, 0, 1, 0.2], "texture": "#3"},
				"south": {"uv": [0, 0, 8, 1], "texture": "#3"},
				"west": {"uv": [0, 0, 1, 0.2], "texture": "#3"},
				"up": {"uv": [0, 0, 11, 1], "texture": "#3"},
				"down": {"uv": [0, 0, 8.6, 1], "texture": "#3"}
			}
		},
		{
			"from": [13, 10.3, 7.6],
			"to": [15.3, 10.8, 7.9],
			"rotation": {"angle": 0, "axis": "z", "origin": [12.6, 8.8, 8]},
			"faces": {
				"north": {"uv": [0, 0, 8, 1], "texture": "#1"},
				"east": {"uv": [0, 0, 1, 0.2], "texture": "#1"},
				"south": {"uv": [11, 12, 16, 13], "texture": "#1"},
				"west": {"uv": [0, 0, 1, 0.2], "texture": "#1"},
				"up": {"uv": [0, 0, 11, 1], "texture": "#1"},
				"down": {"uv": [0, 0, 8.6, 1], "texture": "#1"}
			}
		},
		{
			"from": [13.23051, 13.38076, 7.2],
			"to": [19.73051, 13.88076, 7.8],
			"rotation": {"angle": 45, "axis": "z", "origin": [18.23051, 8.38076, 8]},
			"faces": {
				"north": {"uv": [0, 0, 8, 1], "texture": "#1"},
				"east": {"uv": [0, 0, 1, 0.2], "texture": "#1"},
				"south": {"uv": [0, 0, 8, 1], "texture": "#1"},
				"west": {"uv": [0, 0, 1, 0.2], "texture": "#1"},
				"up": {"uv": [0, 0, 11, 1], "texture": "#1"},
				"down": {"uv": [0, 0, 8.6, 1], "texture": "#1"}
			}
		},
		{
			"from": [13.23051, 13.28076, 7.1],
			"to": [19.13051, 13.78076, 7.2],
			"rotation": {"angle": 45, "axis": "z", "origin": [18.23051, 8.38076, 8]},
			"faces": {
				"north": {"uv": [0, 0, 8, 1], "texture": "#1"},
				"east": {"uv": [0, 0, 1, 0.2], "texture": "#1"},
				"south": {"uv": [0, 0, 8, 1], "texture": "#1"},
				"west": {"uv": [0, 0, 1, 0.2], "texture": "#1"},
				"up": {"uv": [0, 0, 11, 1], "texture": "#1"},
				"down": {"uv": [0, 0, 8.6, 1], "texture": "#1"}
			}
		},
		{
			"from": [13.63173, 14.73934, 7.5],
			"to": [19.23173, 15.23934, 7.901],
			"rotation": {"angle": 45, "axis": "z", "origin": [20.13173, 8.73934, 8.1]},
			"faces": {
				"north": {"uv": [0, 0, 8, 1], "texture": "#1"},
				"east": {"uv": [0, 0, 1, 0.2], "texture": "#1"},
				"south": {"uv": [0, 0, 8, 1], "texture": "#1"},
				"west": {"uv": [0, 0, 1, 0.2], "texture": "#1"},
				"up": {"uv": [0, 0, 11, 1], "texture": "#1"},
				"down": {"uv": [0, 0, 8.6, 1], "texture": "#1"}
			}
		},
		{
			"from": [15.3, 7.6, 7.2],
			"to": [15.8, 13.1, 7.8],
			"rotation": {"angle": 0, "axis": "z", "origin": [20, 7.4, 8]},
			"faces": {
				"north": {"uv": [0, 0, 8, 1], "rotation": 90, "texture": "#1"},
				"east": {"uv": [0, 0, 8.6, 1], "rotation": 270, "texture": "#1"},
				"south": {"uv": [0, 0, 8, 1], "rotation": 270, "texture": "#1"},
				"west": {"uv": [0, 0, 11, 1], "rotation": 270, "texture": "#1"},
				"up": {"uv": [0, 0, 1, 0.2], "rotation": 270, "texture": "#1"},
				"down": {"uv": [0, 0, 1, 0.2], "rotation": 270, "texture": "#1"}
			}
		},
		{
			"from": [13.67487, 9.86482, 7.2],
			"to": [14.17487, 11.36482, 7.8],
			"rotation": {"angle": 45, "axis": "z", "origin": [18.27487, 9.66482, 8]},
			"faces": {
				"north": {"uv": [0, 0, 2, 2], "texture": "#1"},
				"east": {"uv": [0, 0, 2, 2], "texture": "#1"},
				"south": {"uv": [0, 0, 2, 2], "texture": "#1"},
				"west": {"uv": [0, 0, 2, 2], "texture": "#1"},
				"up": {"uv": [0, 0, 2, 2], "texture": "#1"},
				"down": {"uv": [0, 0, 2, 2], "texture": "#1"}
			}
		},
		{
			"from": [14.1661, 6.10241, 7.2],
			"to": [15.1661, 6.60241, 7.8],
			"rotation": {"angle": -22.5, "axis": "z", "origin": [17.8661, 9.60241, 8]},
			"faces": {
				"north": {"uv": [0, 0, 2, 2], "rotation": 90, "texture": "#1"},
				"east": {"uv": [0, 0, 2, 2], "rotation": 270, "texture": "#1"},
				"south": {"uv": [0, 0, 2, 2], "rotation": 270, "texture": "#1"},
				"west": {"uv": [0, 0, 2, 2], "rotation": 270, "texture": "#1"},
				"up": {"uv": [0, 0, 2, 2], "rotation": 270, "texture": "#1"},
				"down": {"uv": [0, 0, 2, 2], "rotation": 270, "texture": "#1"}
			}
		},
		{
			"from": [14.72635, 9.01924, 7.2],
			"to": [15.62635, 9.41924, 7.8],
			"rotation": {"angle": 45, "axis": "z", "origin": [17.42635, 8.51924, 8]},
			"faces": {
				"north": {"uv": [0, 0, 1, 2], "texture": "#1"},
				"east": {"uv": [0, 0, 1, 2], "texture": "#1"},
				"south": {"uv": [0, 0, 1, 2], "texture": "#1"},
				"west": {"uv": [0, 0, 1, 2], "texture": "#1"},
				"up": {"uv": [0, 0, 1, 2], "texture": "#1"},
				"down": {"uv": [0, 0, 1, 2], "texture": "#1"}
			}
		},
		{
			"from": [15.92804, 12.64808, 7.2],
			"to": [16.22804, 13.00808, 7.8],
			"rotation": {"angle": 22.5, "axis": "z", "origin": [14.87804, 11.79808, 7.5]},
			"faces": {
				"north": {"uv": [0, 0, 0.36, 0.3], "rotation": 270, "texture": "#1"},
				"east": {"uv": [0, 0, 0.36, 0.3], "rotation": 270, "texture": "#1"},
				"south": {"uv": [0, 0, 2, 2], "texture": "#1"},
				"west": {"uv": [0, 0, 0.36, 0.3], "rotation": 270, "texture": "#1"},
				"up": {"uv": [0, 0, 0.36, 0.3], "rotation": 270, "texture": "#1"},
				"down": {"uv": [0, 0, 0.36, 0.3], "rotation": 270, "texture": "#1"}
			}
		},
		{
			"from": [0.1085, 12.06582, 7.1],
			"to": [0.4085, 12.52582, 7.2],
			"rotation": {"angle": -22.5, "axis": "z", "origin": [1.4585, 11.31582, 7.4]},
			"faces": {
				"north": {"uv": [0, 0.3, 0.36, 0], "rotation": 270, "texture": "#1"},
				"east": {"uv": [0, 0.3, 0.36, 0], "rotation": 270, "texture": "#1"},
				"south": {"uv": [2, 0, 0, 2], "texture": "#1"},
				"west": {"uv": [0, 0.3, 0.36, 0], "rotation": 270, "texture": "#1"},
				"up": {"uv": [0, 0.3, 0.36, 0], "rotation": 270, "texture": "#1"},
				"down": {"uv": [0, 0.3, 0.36, 0], "rotation": 270, "texture": "#1"}
			}
		},
		{
			"from": [0.7, 8.3, 7.2],
			"to": [1.2, 8.8, 7.8],
			"rotation": {"angle": 0, "axis": "z", "origin": [3.4, 8.8, 8]},
			"faces": {
				"north": {"uv": [2, 0, 0, 2], "texture": "#1"},
				"east": {"uv": [2, 0, 0, 2], "texture": "#1"},
				"south": {"uv": [2, 0, 0, 2], "texture": "#1"},
				"west": {"uv": [2, 0, 0, 2], "texture": "#1"},
				"up": {"uv": [2, 0, 0, 2], "texture": "#1"},
				"down": {"uv": [2, 0, 0, 2], "texture": "#1"}
			}
		},
		{
			"from": [1.2, 7.8, 7.201],
			"to": [1.7, 8.3, 7.803],
			"rotation": {"angle": 0, "axis": "z", "origin": [3.4, 8.8, 8]},
			"faces": {
				"north": {"uv": [2, 0, 0, 2], "texture": "#1"},
				"east": {"uv": [2, 0, 0, 2], "texture": "#1"},
				"south": {"uv": [2, 0, 0, 2], "texture": "#1"},
				"west": {"uv": [2, 0, 0, 2], "texture": "#1"},
				"up": {"uv": [2, 0, 0, 2], "texture": "#1"},
				"down": {"uv": [2, 0, 0, 2], "texture": "#1"}
			}
		},
		{
			"from": [0.7, 8.8, 7.2],
			"to": [4.5, 9.3, 7.8],
			"rotation": {"angle": 0, "axis": "z", "origin": [3.4, 8.8, 8]},
			"faces": {
				"north": {"uv": [8, 0, 0, 1], "texture": "#1"},
				"east": {"uv": [1, 0, 0, 0.2], "texture": "#1"},
				"south": {"uv": [8, 0, 0, 1], "texture": "#1"},
				"west": {"uv": [1, 0, 0, 0.2], "texture": "#1"},
				"up": {"uv": [11, 0, 0, 1], "texture": "#1"},
				"down": {"uv": [8.6, 0, 0, 1], "texture": "#1"}
			}
		},
		{
			"from": [0.9, 8.3, 6.6],
			"to": [1.5, 8.9, 7.2],
			"rotation": {"angle": 0, "axis": "z", "origin": [3.4, 8.8, 8]},
			"faces": {
				"north": {"uv": [16, 0, 0, 16], "texture": "#4"},
				"east": {"uv": [16, 0, 0, 16], "texture": "#4"},
				"south": {"uv": [16, 0, 0, 16], "texture": "#4"},
				"west": {"uv": [16, 0, 0, 16], "texture": "#4"},
				"up": {"uv": [16, 0, 0, 16], "texture": "#4"},
				"down": {"uv": [16, 0, 0, 16], "texture": "#4"}
			}
		},
		{
			"from": [1.76935, 8.53756, 6.8],
			"to": [1.96935, 9.18756, 7],
			"rotation": {"angle": 0, "axis": "z", "origin": [1.66935, 8.23756, 6.9]},
			"faces": {
				"north": {"uv": [0, 1, 1, 0], "rotation": 270, "texture": "#5"},
				"east": {"uv": [0, 1, 1, 0], "rotation": 270, "texture": "#5"},
				"south": {"uv": [0, 1, 1, 0], "rotation": 270, "texture": "#5"},
				"west": {"uv": [0, 1, 1, 0], "rotation": 270, "texture": "#5"},
				"up": {"uv": [0, 1, 1, 0], "rotation": 270, "texture": "#5"},
				"down": {"uv": [0, 1, 1, 0], "rotation": 270, "texture": "#5"}
			}
		},
		{
			"from": [1.36132, 8.6972, 6.8],
			"to": [1.96132, 8.8972, 7],
			"rotation": {"angle": -22.5, "axis": "z", "origin": [1.06132, 8.6972, 6.9]},
			"faces": {
				"north": {"uv": [1, 0, 0, 1], "texture": "#5"},
				"east": {"uv": [1, 0, 0, 1], "texture": "#5"},
				"south": {"uv": [1, 0, 0, 1], "texture": "#5"},
				"west": {"uv": [1, 0, 0, 1], "texture": "#5"},
				"up": {"uv": [1, 0, 0, 1], "texture": "#5"},
				"down": {"uv": [1, 0, 0, 1], "texture": "#5"}
			}
		},
		{
			"from": [1.56935, 8.53756, 6.8],
			"to": [1.76935, 8.98756, 7],
			"rotation": {"angle": 0, "axis": "z", "origin": [1.66935, 8.23756, 6.9]},
			"faces": {
				"north": {"uv": [0, 1, 1, 0], "rotation": 270, "texture": "#5"},
				"east": {"uv": [0, 1, 1, 0], "rotation": 270, "texture": "#5"},
				"south": {"uv": [0, 1, 1, 0], "rotation": 270, "texture": "#5"},
				"west": {"uv": [0, 1, 1, 0], "rotation": 270, "texture": "#5"},
				"up": {"uv": [0, 1, 1, 0], "rotation": 270, "texture": "#5"},
				"down": {"uv": [0, 1, 1, 0], "rotation": 270, "texture": "#5"}
			}
		},
		{
			"from": [1.16132, 8.9972, 6.8],
			"to": [1.36132, 9.6972, 7],
			"rotation": {"angle": -45, "axis": "z", "origin": [1.06132, 8.6972, 6.9]},
			"faces": {
				"north": {"uv": [0, 1, 1, 0], "rotation": 270, "texture": "#5"},
				"east": {"uv": [0, 1, 1, 0], "rotation": 270, "texture": "#5"},
				"south": {"uv": [0, 1, 1, 0], "rotation": 270, "texture": "#5"},
				"west": {"uv": [0, 1, 1, 0], "rotation": 270, "texture": "#5"},
				"up": {"uv": [0, 1, 1, 0], "rotation": 270, "texture": "#5"},
				"down": {"uv": [0, 1, 1, 0], "rotation": 270, "texture": "#5"}
			}
		},
		{
			"from": [0.96132, 7.6972, 6.9],
			"to": [1.16132, 8.3972, 7],
			"rotation": {"angle": -22.5, "axis": "z", "origin": [1.06132, 8.6972, 6.9]},
			"faces": {
				"north": {"uv": [0, 1, 1, 0], "rotation": 270, "texture": "#5"},
				"east": {"uv": [0, 1, 1, 0], "rotation": 270, "texture": "#5"},
				"south": {"uv": [0, 1, 1, 0], "rotation": 270, "texture": "#5"},
				"west": {"uv": [0, 1, 1, 0], "rotation": 270, "texture": "#5"},
				"up": {"uv": [0, 1, 1, 0], "rotation": 270, "texture": "#5"},
				"down": {"uv": [0, 1, 1, 0], "rotation": 270, "texture": "#5"}
			}
		},
		{
			"from": [1.26132, 7.6972, 6.9],
			"to": [1.46132, 8.3972, 7],
			"rotation": {"angle": 22.5, "axis": "z", "origin": [1.06132, 8.6972, 6.9]},
			"faces": {
				"north": {"uv": [0, 1, 1, 0], "rotation": 270, "texture": "#5"},
				"east": {"uv": [0, 1, 1, 0], "rotation": 270, "texture": "#5"},
				"south": {"uv": [0, 1, 1, 0], "rotation": 270, "texture": "#5"},
				"west": {"uv": [0, 1, 1, 0], "rotation": 270, "texture": "#5"},
				"up": {"uv": [0, 1, 1, 0], "rotation": 270, "texture": "#5"},
				"down": {"uv": [0, 1, 1, 0], "rotation": 270, "texture": "#5"}
			}
		},
		{
			"from": [1.46935, 8.53756, 6.8],
			"to": [1.56935, 8.88756, 7],
			"rotation": {"angle": 0, "axis": "z", "origin": [1.66935, 8.23756, 6.9]},
			"faces": {
				"north": {"uv": [0, 1, 1, 0], "rotation": 270, "texture": "#5"},
				"east": {"uv": [0, 1, 1, 0], "rotation": 270, "texture": "#5"},
				"south": {"uv": [0, 1, 1, 0], "rotation": 270, "texture": "#5"},
				"west": {"uv": [0, 1, 1, 0], "rotation": 270, "texture": "#5"},
				"up": {"uv": [0, 1, 1, 0], "rotation": 270, "texture": "#5"},
				"down": {"uv": [0, 1, 1, 0], "rotation": 270, "texture": "#5"}
			}
		},
		{
			"from": [0.43065, 8.43756, 6.8],
			"to": [0.63065, 9.08756, 7],
			"rotation": {"angle": 0, "axis": "z", "origin": [0.73065, 8.13756, 6.9]},
			"faces": {
				"north": {"uv": [0, 0, 1, 1], "rotation": 270, "texture": "#5"},
				"east": {"uv": [0, 0, 1, 1], "rotation": 270, "texture": "#5"},
				"south": {"uv": [0, 0, 1, 1], "rotation": 270, "texture": "#5"},
				"west": {"uv": [0, 0, 1, 1], "rotation": 270, "texture": "#5"},
				"up": {"uv": [0, 0, 1, 1], "rotation": 270, "texture": "#5"},
				"down": {"uv": [0, 0, 1, 1], "rotation": 270, "texture": "#5"}
			}
		},
		{
			"from": [0.43868, 8.5972, 6.8],
			"to": [1.03868, 8.7972, 7],
			"rotation": {"angle": 22.5, "axis": "z", "origin": [1.33868, 8.5972, 6.9]},
			"faces": {
				"north": {"uv": [0, 0, 1, 1], "texture": "#5"},
				"east": {"uv": [0, 0, 1, 1], "texture": "#5"},
				"south": {"uv": [0, 0, 1, 1], "texture": "#5"},
				"west": {"uv": [0, 0, 1, 1], "texture": "#5"},
				"up": {"uv": [0, 0, 1, 1], "texture": "#5"},
				"down": {"uv": [0, 0, 1, 1], "texture": "#5"}
			}
		},
		{
			"from": [0.63065, 8.43756, 6.8],
			"to": [0.83065, 8.88756, 7],
			"rotation": {"angle": 0, "axis": "z", "origin": [0.73065, 8.13756, 6.9]},
			"faces": {
				"north": {"uv": [0, 0, 1, 1], "rotation": 270, "texture": "#5"},
				"east": {"uv": [0, 0, 1, 1], "rotation": 270, "texture": "#5"},
				"south": {"uv": [0, 0, 1, 1], "rotation": 270, "texture": "#5"},
				"west": {"uv": [0, 0, 1, 1], "rotation": 270, "texture": "#5"},
				"up": {"uv": [0, 0, 1, 1], "rotation": 270, "texture": "#5"},
				"down": {"uv": [0, 0, 1, 1], "rotation": 270, "texture": "#5"}
			}
		},
		{
			"from": [1.03868, 8.8972, 6.8],
			"to": [1.23868, 9.5972, 7],
			"rotation": {"angle": 45, "axis": "z", "origin": [1.33868, 8.5972, 6.9]},
			"faces": {
				"north": {"uv": [0, 0, 1, 1], "rotation": 270, "texture": "#5"},
				"east": {"uv": [0, 0, 1, 1], "rotation": 270, "texture": "#5"},
				"south": {"uv": [0, 0, 1, 1], "rotation": 270, "texture": "#5"},
				"west": {"uv": [0, 0, 1, 1], "rotation": 270, "texture": "#5"},
				"up": {"uv": [0, 0, 1, 1], "rotation": 270, "texture": "#5"},
				"down": {"uv": [0, 0, 1, 1], "rotation": 270, "texture": "#5"}
			}
		},
		{
			"from": [0.83065, 8.43756, 6.8],
			"to": [0.93065, 8.78756, 7],
			"rotation": {"angle": 0, "axis": "z", "origin": [0.73065, 8.13756, 6.9]},
			"faces": {
				"north": {"uv": [0, 0, 1, 1], "rotation": 270, "texture": "#5"},
				"east": {"uv": [0, 0, 1, 1], "rotation": 270, "texture": "#5"},
				"south": {"uv": [0, 0, 1, 1], "rotation": 270, "texture": "#5"},
				"west": {"uv": [0, 0, 1, 1], "rotation": 270, "texture": "#5"},
				"up": {"uv": [0, 0, 1, 1], "rotation": 270, "texture": "#5"},
				"down": {"uv": [0, 0, 1, 1], "rotation": 270, "texture": "#5"}
			}
		},
		{
			"from": [0.7, 9.3, 7.4],
			"to": [4, 9.8, 7.6],
			"rotation": {"angle": 0, "axis": "z", "origin": [3.4, 8.8, 8]},
			"faces": {
				"north": {"uv": [8, 0, 0, 1], "texture": "#3"},
				"east": {"uv": [1, 0, 0, 0.2], "texture": "#3"},
				"south": {"uv": [8, 0, 0, 1], "texture": "#3"},
				"west": {"uv": [1, 0, 0, 0.2], "texture": "#3"},
				"up": {"uv": [11, 0, 0, 1], "texture": "#3"},
				"down": {"uv": [8.6, 0, 0, 1], "texture": "#3"}
			}
		},
		{
			"from": [0.7, 9.3, 7.3],
			"to": [0.9, 12.5, 7.5],
			"rotation": {"angle": 0, "axis": "z", "origin": [3.4, 8.8, 8]},
			"faces": {
				"north": {"uv": [1, 0, 0, 13], "texture": "#3"},
				"east": {"uv": [1, 0, 0, 0.2], "texture": "#3"},
				"south": {"uv": [8, 0, 0, 1], "texture": "#3"},
				"west": {"uv": [1, 0, 0, 0.2], "texture": "#3"},
				"up": {"uv": [11, 0, 0, 1], "texture": "#3"},
				"down": {"uv": [8.6, 0, 0, 1], "texture": "#3"}
			}
		},
		{
			"from": [1.2, 9.9, 7.31],
			"to": [1.6, 11, 7.5],
			"rotation": {"angle": 22.5, "axis": "z", "origin": [3.4, 8.8, 8]},
			"faces": {
				"north": {"uv": [1, 0, 0, 13], "texture": "#3"},
				"east": {"uv": [1, 0, 0, 0.2], "texture": "#3"},
				"south": {"uv": [8, 0, 0, 1], "texture": "#3"},
				"west": {"uv": [1, 0, 0, 0.2], "texture": "#3"},
				"up": {"uv": [11, 0, 0, 1], "texture": "#3"},
				"down": {"uv": [8.6, 0, 0, 1], "texture": "#3"}
			}
		},
		{
			"from": [0.7, 8.8, 7.6],
			"to": [4.3, 9.3, 7.9],
			"rotation": {"angle": 0, "axis": "z", "origin": [3.4, 8.8, 8]},
			"faces": {
				"north": {"uv": [8, 0, 0, 1], "texture": "#1"},
				"east": {"uv": [1, 0, 0, 0.2], "texture": "#1"},
				"south": {"uv": [10, 6, 2, 7], "texture": "#1"},
				"west": {"uv": [1, 0, 0, 0.2], "texture": "#1"},
				"up": {"uv": [11, 0, 0, 1], "texture": "#1"},
				"down": {"uv": [8.6, 0, 0, 1], "texture": "#1"}
			}
		},
		{
			"from": [0.7, 8.3, 7.6],
			"to": [1.2, 8.8, 7.9],
			"rotation": {"angle": 0, "axis": "z", "origin": [3.4, 8.8, 8]},
			"faces": {
				"north": {"uv": [8, 0, 0, 1], "texture": "#1"},
				"east": {"uv": [1, 0, 0, 0.2], "texture": "#1"},
				"south": {"uv": [16, 15, 15, 16], "texture": "#1"},
				"west": {"uv": [1, 0, 0, 0.2], "texture": "#1"},
				"up": {"uv": [11, 0, 0, 1], "texture": "#1"},
				"down": {"uv": [8.6, 0, 0, 1], "texture": "#1"}
			}
		},
		{
			"from": [0.7, 9.3, 7.6],
			"to": [4, 9.8, 7.9],
			"rotation": {"angle": 0, "axis": "z", "origin": [3.4, 8.8, 8]},
			"faces": {
				"north": {"uv": [8, 0, 0, 1], "texture": "#1"},
				"east": {"uv": [1, 0, 0, 0.2], "texture": "#1"},
				"south": {"uv": [16, 15, 8, 16], "texture": "#1"},
				"west": {"uv": [1, 0, 0, 0.2], "texture": "#1"},
				"up": {"uv": [11, 0, 0, 1], "texture": "#1"},
				"down": {"uv": [8.6, 0, 0, 1], "texture": "#1"}
			}
		},
		{
			"from": [0.7, 9.8, 7.4],
			"to": [3.6, 10.3, 7.6],
			"rotation": {"angle": 0, "axis": "z", "origin": [3.4, 8.8, 8]},
			"faces": {
				"north": {"uv": [7, 1, 0, 2], "texture": "#3"},
				"east": {"uv": [1, 0, 0, 0.2], "texture": "#3"},
				"south": {"uv": [8, 0, 0, 1], "texture": "#3"},
				"west": {"uv": [1, 0, 0, 0.2], "texture": "#3"},
				"up": {"uv": [11, 0, 0, 1], "texture": "#3"},
				"down": {"uv": [8.6, 0, 0, 1], "texture": "#3"}
			}
		},
		{
			"from": [0.7, 9.8, 7.6],
			"to": [3.4, 10.3, 7.9],
			"rotation": {"angle": 0, "axis": "z", "origin": [3.4, 8.8, 8]},
			"faces": {
				"north": {"uv": [8, 0, 0, 1], "texture": "#1"},
				"east": {"uv": [1, 0, 0, 0.2], "texture": "#1"},
				"south": {"uv": [16, 14, 10, 15], "texture": "#1"},
				"west": {"uv": [1, 0, 0, 0.2], "texture": "#1"},
				"up": {"uv": [11, 0, 0, 1], "texture": "#1"},
				"down": {"uv": [8.6, 0, 0, 1], "texture": "#1"}
			}
		},
		{
			"from": [0.7, 10.8, 7.4],
			"to": [2.6, 11.3, 7.6],
			"rotation": {"angle": 0, "axis": "z", "origin": [3.4, 8.8, 8]},
			"faces": {
				"north": {"uv": [5, 4, 0, 5], "texture": "#3"},
				"east": {"uv": [1, 0, 0, 0.2], "texture": "#3"},
				"south": {"uv": [8, 0, 0, 1], "texture": "#3"},
				"west": {"uv": [1, 0, 0, 0.2], "texture": "#3"},
				"up": {"uv": [11, 0, 0, 1], "texture": "#3"},
				"down": {"uv": [8.6, 0, 0, 1], "texture": "#3"}
			}
		},
		{
			"from": [0.7, 10.8, 7.6],
			"to": [2.5, 11.3, 7.9],
			"rotation": {"angle": 0, "axis": "z", "origin": [3.4, 8.8, 8]},
			"faces": {
				"north": {"uv": [8, 0, 0, 1], "texture": "#1"},
				"east": {"uv": [1, 0, 0, 0.2], "texture": "#1"},
				"south": {"uv": [16, 11, 13, 12], "texture": "#1"},
				"west": {"uv": [1, 0, 0, 0.2], "texture": "#1"},
				"up": {"uv": [11, 0, 0, 1], "texture": "#1"},
				"down": {"uv": [8.6, 0, 0, 1], "texture": "#1"}
			}
		},
		{
			"from": [0.7, 11.3, 7.4],
			"to": [2, 11.8, 7.6],
			"rotation": {"angle": 0, "axis": "z", "origin": [3.4, 8.8, 8]},
			"faces": {
				"north": {"uv": [3, 6, 0, 7], "texture": "#3"},
				"east": {"uv": [1, 0, 0, 0.2], "texture": "#3"},
				"south": {"uv": [8, 0, 0, 1], "texture": "#3"},
				"west": {"uv": [1, 0, 0, 0.2], "texture": "#3"},
				"up": {"uv": [11, 0, 0, 1], "texture": "#3"},
				"down": {"uv": [8.6, 0, 0, 1], "texture": "#3"}
			}
		},
		{
			"from": [0.7, 11.3, 7.6],
			"to": [1.9, 11.8, 7.9],
			"rotation": {"angle": 0, "axis": "z", "origin": [3.4, 8.8, 8]},
			"faces": {
				"north": {"uv": [8, 0, 0, 1], "texture": "#1"},
				"east": {"uv": [1, 0, 0, 0.2], "texture": "#1"},
				"south": {"uv": [16, 8, 14, 9], "texture": "#1"},
				"west": {"uv": [1, 0, 0, 0.2], "texture": "#1"},
				"up": {"uv": [11, 0, 0, 1], "texture": "#1"},
				"down": {"uv": [8.6, 0, 0, 1], "texture": "#1"}
			}
		},
		{
			"from": [0.7, 11.8, 7.4],
			"to": [1.6, 12.3, 7.6],
			"rotation": {"angle": 0, "axis": "z", "origin": [3.4, 8.8, 8]},
			"faces": {
				"north": {"uv": [1, 7, 0, 8], "texture": "#3"},
				"east": {"uv": [1, 0, 0, 0.2], "texture": "#3"},
				"south": {"uv": [8, 0, 0, 1], "texture": "#3"},
				"west": {"uv": [1, 0, 0, 0.2], "texture": "#3"},
				"up": {"uv": [11, 0, 0, 1], "texture": "#3"},
				"down": {"uv": [8.6, 0, 0, 1], "texture": "#3"}
			}
		},
		{
			"from": [0.7, 11.8, 7.6],
			"to": [1.5, 12.3, 7.9],
			"rotation": {"angle": 0, "axis": "z", "origin": [3.4, 8.8, 8]},
			"faces": {
				"north": {"uv": [8, 0, 0, 1], "texture": "#1"},
				"east": {"uv": [1, 0, 0, 0.2], "texture": "#1"},
				"south": {"uv": [16, 2, 14, 3], "texture": "#1"},
				"west": {"uv": [1, 0, 0, 0.2], "texture": "#1"},
				"up": {"uv": [11, 0, 0, 1], "texture": "#1"},
				"down": {"uv": [8.6, 0, 0, 1], "texture": "#1"}
			}
		},
		{
			"from": [0.7, 12.3, 7.4],
			"to": [1.1, 12.8, 7.6],
			"rotation": {"angle": 0, "axis": "z", "origin": [3.4, 8.8, 8]},
			"faces": {
				"north": {"uv": [8, 0, 0, 1], "texture": "#3"},
				"east": {"uv": [1, 0, 0, 0.2], "texture": "#3"},
				"south": {"uv": [8, 0, 0, 1], "texture": "#3"},
				"west": {"uv": [1, 0, 0, 0.2], "texture": "#3"},
				"up": {"uv": [11, 0, 0, 1], "texture": "#3"},
				"down": {"uv": [8.6, 0, 0, 1], "texture": "#3"}
			}
		},
		{
			"from": [0.7, 12.3, 7.6],
			"to": [1.1, 12.7, 7.9],
			"rotation": {"angle": 0, "axis": "z", "origin": [3.4, 8.8, 8]},
			"faces": {
				"north": {"uv": [8, 0, 0, 1], "texture": "#1"},
				"east": {"uv": [1, 0, 0, 0.2], "texture": "#1"},
				"south": {"uv": [1, 0, 0, 1], "texture": "#1"},
				"west": {"uv": [1, 0, 0, 0.2], "texture": "#1"},
				"up": {"uv": [11, 0, 0, 1], "texture": "#1"},
				"down": {"uv": [8.6, 0, 0, 1], "texture": "#1"}
			}
		},
		{
			"from": [0.7, 10.3, 7.4],
			"to": [3, 10.8, 7.6],
			"rotation": {"angle": 0, "axis": "z", "origin": [3.4, 8.8, 8]},
			"faces": {
				"north": {"uv": [6, 2, 0, 3], "texture": "#3"},
				"east": {"uv": [1, 0, 0, 0.2], "texture": "#3"},
				"south": {"uv": [8, 0, 0, 1], "texture": "#3"},
				"west": {"uv": [1, 0, 0, 0.2], "texture": "#3"},
				"up": {"uv": [11, 0, 0, 1], "texture": "#3"},
				"down": {"uv": [8.6, 0, 0, 1], "texture": "#3"}
			}
		},
		{
			"from": [0.7, 10.3, 7.6],
			"to": [3, 10.8, 7.9],
			"rotation": {"angle": 0, "axis": "z", "origin": [3.4, 8.8, 8]},
			"faces": {
				"north": {"uv": [8, 0, 0, 1], "texture": "#1"},
				"east": {"uv": [1, 0, 0, 0.2], "texture": "#1"},
				"south": {"uv": [16, 12, 11, 13], "texture": "#1"},
				"west": {"uv": [1, 0, 0, 0.2], "texture": "#1"},
				"up": {"uv": [11, 0, 0, 1], "texture": "#1"},
				"down": {"uv": [8.6, 0, 0, 1], "texture": "#1"}
			}
		},
		{
			"from": [-3.73051, 13.38076, 7.2],
			"to": [2.76949, 13.88076, 7.8],
			"rotation": {"angle": -45, "axis": "z", "origin": [-2.23051, 8.38076, 8]},
			"faces": {
				"north": {"uv": [8, 0, 0, 1], "texture": "#1"},
				"east": {"uv": [1, 0, 0, 0.2], "texture": "#1"},
				"south": {"uv": [8, 0, 0, 1], "texture": "#1"},
				"west": {"uv": [1, 0, 0, 0.2], "texture": "#1"},
				"up": {"uv": [11, 0, 0, 1], "texture": "#1"},
				"down": {"uv": [8.6, 0, 0, 1], "texture": "#1"}
			}
		},
		{
			"from": [-3.13051, 13.28076, 7.1],
			"to": [2.76949, 13.78076, 7.2],
			"rotation": {"angle": -45, "axis": "z", "origin": [-2.23051, 8.38076, 8]},
			"faces": {
				"north": {"uv": [8, 0, 0, 1], "texture": "#1"},
				"east": {"uv": [1, 0, 0, 0.2], "texture": "#1"},
				"south": {"uv": [8, 0, 0, 1], "texture": "#1"},
				"west": {"uv": [1, 0, 0, 0.2], "texture": "#1"},
				"up": {"uv": [11, 0, 0, 1], "texture": "#1"},
				"down": {"uv": [8.6, 0, 0, 1], "texture": "#1"}
			}
		},
		{
			"from": [-3.23173, 14.73934, 7.5],
			"to": [2.36827, 15.23934, 7.901],
			"rotation": {"angle": -45, "axis": "z", "origin": [-4.13173, 8.73934, 8.1]},
			"faces": {
				"north": {"uv": [8, 0, 0, 1], "texture": "#1"},
				"east": {"uv": [1, 0, 0, 0.2], "texture": "#1"},
				"south": {"uv": [8, 0, 0, 1], "texture": "#1"},
				"west": {"uv": [1, 0, 0, 0.2], "texture": "#1"},
				"up": {"uv": [11, 0, 0, 1], "texture": "#1"},
				"down": {"uv": [8.6, 0, 0, 1], "texture": "#1"}
			}
		},
		{
			"from": [0.2, 7.6, 7.2],
			"to": [0.7, 13.1, 7.8],
			"rotation": {"angle": 0, "axis": "z", "origin": [-4, 7.4, 8]},
			"faces": {
				"north": {"uv": [0, 1, 8, 0], "rotation": 90, "texture": "#1"},
				"east": {"uv": [0, 1, 11, 0], "rotation": 270, "texture": "#1"},
				"south": {"uv": [0, 1, 8, 0], "rotation": 270, "texture": "#1"},
				"west": {"uv": [0, 1, 8.6, 0], "rotation": 270, "texture": "#1"},
				"up": {"uv": [0, 0.2, 1, 0], "rotation": 270, "texture": "#1"},
				"down": {"uv": [0, 0.2, 1, 0], "rotation": 270, "texture": "#1"}
			}
		},
		{
			"from": [1.82513, 9.86482, 7.2],
			"to": [2.32513, 11.36482, 7.8],
			"rotation": {"angle": -45, "axis": "z", "origin": [-2.27487, 9.66482, 8]},
			"faces": {
				"north": {"uv": [2, 0, 0, 2], "texture": "#1"},
				"east": {"uv": [2, 0, 0, 2], "texture": "#1"},
				"south": {"uv": [2, 0, 0, 2], "texture": "#1"},
				"west": {"uv": [2, 0, 0, 2], "texture": "#1"},
				"up": {"uv": [2, 0, 0, 2], "texture": "#1"},
				"down": {"uv": [2, 0, 0, 2], "texture": "#1"}
			}
		},
		{
			"from": [0.8339, 6.10241, 7.2],
			"to": [1.8339, 6.60241, 7.8],
			"rotation": {"angle": 22.5, "axis": "z", "origin": [-1.8661, 9.60241, 8]},
			"faces": {
				"north": {"uv": [0, 2, 2, 0], "rotation": 90, "texture": "#1"},
				"east": {"uv": [0, 2, 2, 0], "rotation": 270, "texture": "#1"},
				"south": {"uv": [0, 2, 2, 0], "rotation": 270, "texture": "#1"},
				"west": {"uv": [0, 2, 2, 0], "rotation": 270, "texture": "#1"},
				"up": {"uv": [0, 2, 2, 0], "rotation": 270, "texture": "#1"},
				"down": {"uv": [0, 2, 2, 0], "rotation": 270, "texture": "#1"}
			}
		},
		{
			"from": [0.37365, 9.01924, 7.2],
			"to": [1.27365, 9.41924, 7.8],
			"rotation": {"angle": -45, "axis": "z", "origin": [-1.42635, 8.51924, 8]},
			"faces": {
				"north": {"uv": [1, 0, 0, 2], "texture": "#1"},
				"east": {"uv": [1, 0, 0, 2], "texture": "#1"},
				"south": {"uv": [1, 0, 0, 2], "texture": "#1"},
				"west": {"uv": [1, 0, 0, 2], "texture": "#1"},
				"up": {"uv": [1, 0, 0, 2], "texture": "#1"},
				"down": {"uv": [1, 0, 0, 2], "texture": "#1"}
			}
		},
		{
			"from": [-0.22804, 12.64808, 7.2],
			"to": [0.07196, 13.00808, 7.8],
			"rotation": {"angle": -22.5, "axis": "z", "origin": [1.12196, 11.79808, 7.5]},
			"faces": {
				"north": {"uv": [0, 0.3, 0.36, 0], "rotation": 270, "texture": "#1"},
				"east": {"uv": [0, 0.3, 0.36, 0], "rotation": 270, "texture": "#1"},
				"south": {"uv": [2, 0, 0, 2], "texture": "#1"},
				"west": {"uv": [0, 0.3, 0.36, 0], "rotation": 270, "texture": "#1"},
				"up": {"uv": [0, 0.3, 0.36, 0], "rotation": 270, "texture": "#1"},
				"down": {"uv": [0, 0.3, 0.36, 0], "rotation": 270, "texture": "#1"}
			}
		}
	],
	"display": {
		"thirdperson_righthand": {
			"rotation": [0, 40.75, -11.25],
			"scale": [0.25, 0.25, 0.25]
		},
		"thirdperson_lefthand": {
			"rotation": [0, 40.75, -11.25],
			"scale": [0.25, 0.25, 0.25]
		},
		"firstperson_righthand": {
			"rotation": [0, 102.75, -11.25],
			"translation": [0, 3.5, 1],
			"scale": [0.5, 0.5, 0.5]
		},
		"firstperson_lefthand": {
			"rotation": [0, 102.75, -11.25],
			"translation": [0, 3.5, 1],
			"scale": [0.5, 0.5, 0.5]
		},
		"gui": {
			"rotation": [10, 142, 0],
			"translation": [0, 2, 0]
		},
		"head": {
			"translation": [0, 6.75, 0]
		}
	},
	"groups": [
		{
			"name": "Band",
			"origin": [0, 0, 0],
			"children": [0, 1, 2]
		},
		{
			"name": "Left",
			"origin": [14.87804, 11.79808, 7.5],
			"children": [3, 4, 5, 6, 7,
				{
					"name": "group",
					"origin": [14.33065, 8.23756, 6.9],
					"children": [8, 9, 10, 11, 12, 13, 14]
				},
				{
					"name": "group",
					"origin": [14.33065, 8.23756, 6.9],
					"children": [15, 16, 17, 18, 19]
				}, 20, 21, 22, 23, 24, 25, 26, 27, 28, 29, 30, 31, 32, 33, 34, 35, 36, 37, 38, 39, 40, 41, 42, 43, 44, 45]
		},
		{
			"name": "Left",
			"origin": [14.87804, 11.79808, 7.5],
			"children": [46, 47, 48, 49, 50,
				{
					"name": "group",
					"origin": [14.33065, 8.23756, 6.9],
					"children": [51, 52, 53, 54, 55, 56, 57]
				},
				{
					"name": "group",
					"origin": [14.33065, 8.23756, 6.9],
					"children": [58, 59, 60, 61, 62]
				}, 63, 64, 65, 66, 67, 68, 69, 70, 71, 72, 73, 74, 75, 76, 77, 78, 79, 80, 81, 82, 83, 84, 85, 86, 87, 88]
		}
	]
}