{
	"credit": "Made with Blockbench",
	"textures": {
		"0": "paradisu:custom/goomba2",
		"particle": "paradisu:custom/goomba2"
	},
	"elements": [
		{
			"from": [9.00409, 1.1, 8.00409],
			"to": [10.00409, 2.6, 10.00409],
			"rotation": {"angle": 0, "axis": "y", "origin": [19.00409, 9.1, 14.00409]},
			"faces": {
				"north": {"uv": [0, 2.5, 1.5, 5], "texture": "#0"},
				"east": {"uv": [0, 2.5, 1.5, 5], "texture": "#0"},
				"south": {"uv": [0, 2.5, 1.5, 5], "texture": "#0"},
				"west": {"uv": [0, 2.5, 1.5, 5], "texture": "#0"},
				"up": {"uv": [0, 2.5, 1.5, 5], "texture": "#0"},
				"down": {"uv": [0, 2.5, 1.5, 5], "texture": "#0"}
			}
		},
		{
			"from": [5.99591, 1.1, 8.00409],
			"to": [6.99591, 2.6, 10.00409],
			"rotation": {"angle": 0, "axis": "y", "origin": [15.99591, 9.1, 14.00409]},
			"faces": {
				"north": {"uv": [0, 2.5, 1.5, 5], "texture": "#0"},
				"east": {"uv": [0, 2.5, 1.5, 5], "texture": "#0"},
				"south": {"uv": [0, 2.5, 1.5, 5], "texture": "#0"},
				"west": {"uv": [0, 2.5, 1.5, 5], "texture": "#0"},
				"up": {"uv": [0, 2.5, 1.5, 5], "texture": "#0"},
				"down": {"uv": [0, 2.5, 1.5, 5], "texture": "#0"}
			}
		},
		{
			"from": [7, 1.1, 7],
			"to": [9, 2.6, 8],
			"rotation": {"angle": 0, "axis": "y", "origin": [16, 9.1, 14]},
			"faces": {
				"north": {"uv": [0, 2.5, 1.5, 5], "texture": "#0"},
				"east": {"uv": [0, 2.5, 1.5, 5], "texture": "#0"},
				"south": {"uv": [0, 2.5, 1.5, 5], "texture": "#0"},
				"west": {"uv": [0, 2.5, 1.5, 5], "texture": "#0"},
				"up": {"uv": [0, 2.5, 1.5, 5], "texture": "#0"},
				"down": {"uv": [0, 2.5, 1.5, 5], "texture": "#0"}
			}
		},
		{
			"from": [7, 1.1, 8],
			"to": [9, 2.6, 10],
			"rotation": {"angle": 0, "axis": "y", "origin": [16, 9.1, 15]},
			"faces": {
				"north": {"uv": [0, 2.5, 1.5, 5], "texture": "#0"},
				"east": {"uv": [0, 2.5, 1.5, 5], "texture": "#0"},
				"south": {"uv": [0, 2.5, 1.5, 5], "texture": "#0"},
				"west": {"uv": [0, 2.5, 1.5, 5], "texture": "#0"},
				"up": {"uv": [0, 2.5, 1.5, 5], "texture": "#0"},
				"down": {"uv": [0, 2.5, 1.5, 5], "texture": "#0"}
			}
		},
		{
			"from": [7, 1.1, 10.00818],
			"to": [9, 2.6, 11.00818],
			"rotation": {"angle": 0, "axis": "y", "origin": [16, 9.1, 17.00818]},
			"faces": {
				"north": {"uv": [0, 2.5, 1.5, 5], "texture": "#0"},
				"east": {"uv": [0, 2.5, 1.5, 5], "texture": "#0"},
				"south": {"uv": [0, 2.5, 1.5, 5], "texture": "#0"},
				"west": {"uv": [0, 2.5, 1.5, 5], "texture": "#0"},
				"up": {"uv": [0, 2.5, 1.5, 5], "texture": "#0"},
				"down": {"uv": [0, 2.5, 1.5, 5], "texture": "#0"}
			}
		},
		{
			"from": [-1.17566, 1.1, 14.3178],
			"to": [0.24434, 2.6, 15.3178],
			"rotation": {"angle": -45, "axis": "y", "origin": [8.82434, 9.1, 21.3178]},
			"faces": {
				"north": {"uv": [0, 2.5, 1.5, 5], "texture": "#0"},
				"east": {"uv": [0, 2.5, 1.5, 5], "texture": "#0"},
				"south": {"uv": [0, 2.5, 1.5, 5], "texture": "#0"},
				"west": {"uv": [0, 2.5, 1.5, 5], "texture": "#0"},
				"up": {"uv": [0, 2.5, 1.5, 5], "texture": "#0"},
				"down": {"uv": [0, 2.5, 1.5, 5], "texture": "#0"}
			}
		},
		{
			"from": [15.75566, 1.1, 14.3178],
			"to": [17.17566, 2.6, 15.3178],
			"rotation": {"angle": 45, "axis": "y", "origin": [7.17566, 9.1, 21.3178]},
			"faces": {
				"north": {"uv": [0, 2.5, 1.5, 5], "texture": "#0"},
				"east": {"uv": [0, 2.5, 1.5, 5], "texture": "#0"},
				"south": {"uv": [0, 2.5, 1.5, 5], "texture": "#0"},
				"west": {"uv": [0, 2.5, 1.5, 5], "texture": "#0"},
				"up": {"uv": [0, 2.5, 1.5, 5], "texture": "#0"},
				"down": {"uv": [0, 2.5, 1.5, 5], "texture": "#0"}
			}
		},
		{
			"from": [1.68629, 1.1, -0.17157],
			"to": [2.68629, 2.6, 1.24843],
			"rotation": {"angle": -45, "axis": "y", "origin": [-4.31371, 9.1, 9.82843]},
			"faces": {
				"north": {"uv": [0, 2.5, 1.5, 5], "texture": "#0"},
				"east": {"uv": [0, 2.5, 1.5, 5], "texture": "#0"},
				"south": {"uv": [0, 2.5, 1.5, 5], "texture": "#0"},
				"west": {"uv": [0, 2.5, 1.5, 5], "texture": "#0"},
				"up": {"uv": [0, 2.5, 1.5, 5], "texture": "#0"},
				"down": {"uv": [0, 2.5, 1.5, 5], "texture": "#0"}
			}
		},
		{
			"from": [13.31371, 1.1, -0.17157],
			"to": [14.31371, 2.6, 1.24843],
			"rotation": {"angle": 45, "axis": "y", "origin": [20.31371, 9.1, 9.82843]},
			"faces": {
				"north": {"uv": [0, 2.5, 1.5, 5], "texture": "#0"},
				"east": {"uv": [0, 2.5, 1.5, 5], "texture": "#0"},
				"south": {"uv": [0, 2.5, 1.5, 5], "texture": "#0"},
				"west": {"uv": [0, 2.5, 1.5, 5], "texture": "#0"},
				"up": {"uv": [0, 2.5, 1.5, 5], "texture": "#0"},
				"down": {"uv": [0, 2.5, 1.5, 5], "texture": "#0"}
			}
		},
		{
			"from": [5.5, 2.6, 6.5],
			"to": [10.5, 3.6, 11.5],
			"rotation": {"angle": 0, "axis": "y", "origin": [16, 10.6, 14]},
			"faces": {
				"north": {"uv": [7, 0, 12, 2.5], "texture": "#0"},
				"east": {"uv": [7, 0, 12, 2.5], "texture": "#0"},
				"south": {"uv": [7, 0, 12, 2.5], "texture": "#0"},
				"west": {"uv": [7, 0, 12, 2.5], "texture": "#0"},
				"up": {"uv": [7, 0, 12, 2.5], "texture": "#0"},
				"down": {"uv": [7, 0, 12, 2.5], "texture": "#0"}
			}
		},
		{
			"from": [10.5, 5.1, 6.5],
			"to": [11.5, 6.1, 11.5],
			"rotation": {"angle": 0, "axis": "y", "origin": [20.5, 13.1, 14]},
			"faces": {
				"north": {"uv": [7, 0, 12, 2.5], "texture": "#0"},
				"east": {"uv": [7, 0, 12, 2.5], "texture": "#0"},
				"south": {"uv": [7, 0, 12, 2.5], "texture": "#0"},
				"west": {"uv": [7, 0, 12, 2.5], "texture": "#0"},
				"up": {"uv": [7, 0, 12, 2.5], "texture": "#0"},
				"down": {"uv": [7, 0, 12, 2.5], "texture": "#0"}
			}
		},
		{
			"from": [10.5, 2.6, 6.5],
			"to": [11.5, 3.1, 11.5],
			"rotation": {"angle": 0, "axis": "y", "origin": [20.5, 10.1, 14]},
			"faces": {
				"north": {"uv": [7, 0, 12, 2.5], "texture": "#0"},
				"east": {"uv": [7, 0, 12, 2.5], "texture": "#0"},
				"south": {"uv": [7, 0, 12, 2.5], "texture": "#0"},
				"west": {"uv": [7, 0, 12, 2.5], "texture": "#0"},
				"up": {"uv": [7, 0, 12, 2.5], "texture": "#0"},
				"down": {"uv": [7, 0, 12, 2.5], "texture": "#0"}
			}
		},
		{
			"from": [5.5, 5.1, 11.5],
			"to": [10.5, 6.1, 12.5],
			"rotation": {"angle": 0, "axis": "y", "origin": [3, 13.1, 21.5]},
			"faces": {
				"north": {"uv": [7, 0, 12, 2.5], "texture": "#0"},
				"east": {"uv": [7, 0, 12, 2.5], "texture": "#0"},
				"south": {"uv": [7, 0, 12, 2.5], "texture": "#0"},
				"west": {"uv": [7, 0, 12, 2.5], "texture": "#0"},
				"up": {"uv": [7, 0, 12, 2.5], "texture": "#0"},
				"down": {"uv": [7, 0, 12, 2.5], "texture": "#0"}
			}
		},
		{
			"from": [5.5, 2.6, 11.5],
			"to": [10.5, 3.1, 12.5],
			"rotation": {"angle": 0, "axis": "y", "origin": [3, 10.1, 21.5]},
			"faces": {
				"north": {"uv": [7, 0, 12, 2.5], "texture": "#0"},
				"east": {"uv": [7, 0, 12, 2.5], "texture": "#0"},
				"south": {"uv": [7, 0, 12, 2.5], "texture": "#0"},
				"west": {"uv": [7, 0, 12, 2.5], "texture": "#0"},
				"up": {"uv": [7, 0, 12, 2.5], "texture": "#0"},
				"down": {"uv": [7, 0, 12, 2.5], "texture": "#0"}
			}
		},
		{
			"from": [4.5, 5.1, 6.5],
			"to": [5.5, 6.1, 11.5],
			"rotation": {"angle": 0, "axis": "y", "origin": [14.5, 13.1, 14]},
			"faces": {
				"north": {"uv": [7, 0, 12, 2.5], "texture": "#0"},
				"east": {"uv": [7, 0, 12, 2.5], "texture": "#0"},
				"south": {"uv": [7, 0, 12, 2.5], "texture": "#0"},
				"west": {"uv": [7, 0, 12, 2.5], "texture": "#0"},
				"up": {"uv": [7, 0, 12, 2.5], "texture": "#0"},
				"down": {"uv": [7, 0, 12, 2.5], "texture": "#0"}
			}
		},
		{
			"from": [4.5, 2.6, 6.5],
			"to": [5.5, 3.1, 11.5],
			"rotation": {"angle": 0, "axis": "y", "origin": [14.5, 10.1, 14]},
			"faces": {
				"north": {"uv": [7, 0, 12, 2.5], "texture": "#0"},
				"east": {"uv": [7, 0, 12, 2.5], "texture": "#0"},
				"south": {"uv": [7, 0, 12, 2.5], "texture": "#0"},
				"west": {"uv": [7, 0, 12, 2.5], "texture": "#0"},
				"up": {"uv": [7, 0, 12, 2.5], "texture": "#0"},
				"down": {"uv": [7, 0, 12, 2.5], "texture": "#0"}
			}
		},
		{
			"from": [5, 6.1, 7],
			"to": [6, 7.1, 11],
			"rotation": {"angle": 0, "axis": "y", "origin": [15, 14.1, 14]},
			"faces": {
				"north": {"uv": [7, 0, 12, 2.5], "texture": "#0"},
				"east": {"uv": [7, 0, 12, 2.5], "texture": "#0"},
				"south": {"uv": [7, 0, 12, 2.5], "texture": "#0"},
				"west": {"uv": [7, 0, 12, 2.5], "texture": "#0"},
				"up": {"uv": [7, 0, 12, 2.5], "texture": "#0"},
				"down": {"uv": [7, 0, 12, 2.5], "texture": "#0"}
			}
		},
		{
			"from": [6, 6.1, 6],
			"to": [10, 7.1, 7],
			"rotation": {"angle": 0, "axis": "y", "origin": [3, 14.1, 16]},
			"faces": {
				"north": {"uv": [7, 0, 12, 2.5], "texture": "#0"},
				"east": {"uv": [7, 0, 12, 2.5], "texture": "#0"},
				"south": {"uv": [7, 0, 12, 2.5], "texture": "#0"},
				"west": {"uv": [7, 0, 12, 2.5], "texture": "#0"},
				"up": {"uv": [7, 0, 12, 2.5], "texture": "#0"},
				"down": {"uv": [7, 0, 12, 2.5], "texture": "#0"}
			}
		},
		{
			"from": [10, 6.1, 7],
			"to": [11, 7.1, 11],
			"rotation": {"angle": 0, "axis": "y", "origin": [20, 14.1, 14]},
			"faces": {
				"north": {"uv": [7, 0, 12, 2.5], "texture": "#0"},
				"east": {"uv": [7, 0, 12, 2.5], "texture": "#0"},
				"south": {"uv": [7, 0, 12, 2.5], "texture": "#0"},
				"west": {"uv": [7, 0, 12, 2.5], "texture": "#0"},
				"up": {"uv": [7, 0, 12, 2.5], "texture": "#0"},
				"down": {"uv": [7, 0, 12, 2.5], "texture": "#0"}
			}
		},
		{
			"from": [9.5, 7.1, 7.5],
			"to": [10.5, 8.1, 10.5],
			"rotation": {"angle": 0, "axis": "y", "origin": [19.5, 15.1, 14]},
			"faces": {
				"north": {"uv": [7, 0, 12, 2.5], "texture": "#0"},
				"east": {"uv": [7, 0, 12, 2.5], "texture": "#0"},
				"south": {"uv": [7, 0, 12, 2.5], "texture": "#0"},
				"west": {"uv": [7, 0, 12, 2.5], "texture": "#0"},
				"up": {"uv": [7, 0, 12, 2.5], "texture": "#0"},
				"down": {"uv": [7, 0, 12, 2.5], "texture": "#0"}
			}
		},
		{
			"from": [6.5, 7.1, 10.5],
			"to": [9.5, 8.1, 11.5],
			"rotation": {"angle": 0, "axis": "y", "origin": [3, 15.1, 20.5]},
			"faces": {
				"north": {"uv": [7, 0, 12, 2.5], "texture": "#0"},
				"east": {"uv": [7, 0, 12, 2.5], "texture": "#0"},
				"south": {"uv": [7, 0, 12, 2.5], "texture": "#0"},
				"west": {"uv": [7, 0, 12, 2.5], "texture": "#0"},
				"up": {"uv": [7, 0, 12, 2.5], "texture": "#0"},
				"down": {"uv": [7, 0, 12, 2.5], "texture": "#0"}
			}
		},
		{
			"from": [5.5, 7.1, 7.5],
			"to": [6.5, 8.1, 10.5],
			"rotation": {"angle": 0, "axis": "y", "origin": [15.5, 15.1, 14]},
			"faces": {
				"north": {"uv": [7, 0, 12, 2.5], "texture": "#0"},
				"east": {"uv": [7, 0, 12, 2.5], "texture": "#0"},
				"south": {"uv": [7, 0, 12, 2.5], "texture": "#0"},
				"west": {"uv": [7, 0, 12, 2.5], "texture": "#0"},
				"up": {"uv": [7, 0, 12, 2.5], "texture": "#0"},
				"down": {"uv": [7, 0, 12, 2.5], "texture": "#0"}
			}
		},
		{
			"from": [6, 8.1, 8],
			"to": [7, 8.6, 10],
			"rotation": {"angle": 0, "axis": "y", "origin": [16, 16.1, 14]},
			"faces": {
				"north": {"uv": [7, 0, 12, 2.5], "texture": "#0"},
				"east": {"uv": [7, 0, 12, 2.5], "texture": "#0"},
				"south": {"uv": [7, 0, 12, 2.5], "texture": "#0"},
				"west": {"uv": [7, 0, 12, 2.5], "texture": "#0"},
				"up": {"uv": [7, 0, 12, 2.5], "texture": "#0"},
				"down": {"uv": [7, 0, 12, 2.5], "texture": "#0"}
			}
		},
		{
			"from": [6.5, 8.6, 8.5],
			"to": [7.5, 9.1, 9.5],
			"rotation": {"angle": 0, "axis": "y", "origin": [16.5, 16.6, 14]},
			"faces": {
				"north": {"uv": [7, 0, 12, 2.5], "texture": "#0"},
				"east": {"uv": [7, 0, 12, 2.5], "texture": "#0"},
				"south": {"uv": [7, 0, 12, 2.5], "texture": "#0"},
				"west": {"uv": [7, 0, 12, 2.5], "texture": "#0"},
				"up": {"uv": [7, 0, 12, 2.5], "texture": "#0"},
				"down": {"uv": [7, 0, 12, 2.5], "texture": "#0"}
			}
		},
		{
			"from": [8.5, 8.6, 8.5],
			"to": [9.5, 9.1, 9.5],
			"rotation": {"angle": 0, "axis": "y", "origin": [18.5, 16.6, 14]},
			"faces": {
				"north": {"uv": [7, 0, 12, 2.5], "texture": "#0"},
				"east": {"uv": [7, 0, 12, 2.5], "texture": "#0"},
				"south": {"uv": [7, 0, 12, 2.5], "texture": "#0"},
				"west": {"uv": [7, 0, 12, 2.5], "texture": "#0"},
				"up": {"uv": [7, 0, 12, 2.5], "texture": "#0"},
				"down": {"uv": [7, 0, 12, 2.5], "texture": "#0"}
			}
		},
		{
			"from": [7.5, 8.6, 7.5],
			"to": [8.5, 9.1, 8.5],
			"rotation": {"angle": 0, "axis": "y", "origin": [17.5, 16.6, 13]},
			"faces": {
				"north": {"uv": [7, 0, 12, 2.5], "texture": "#0"},
				"east": {"uv": [7, 0, 12, 2.5], "texture": "#0"},
				"south": {"uv": [7, 0, 12, 2.5], "texture": "#0"},
				"west": {"uv": [7, 0, 12, 2.5], "texture": "#0"},
				"up": {"uv": [7, 0, 12, 2.5], "texture": "#0"},
				"down": {"uv": [7, 0, 12, 2.5], "texture": "#0"}
			}
		},
		{
			"from": [7.5, 8.6, 9.5],
			"to": [8.5, 9.1, 10.5],
			"rotation": {"angle": 0, "axis": "y", "origin": [17.5, 16.6, 15]},
			"faces": {
				"north": {"uv": [7, 0, 12, 2.5], "texture": "#0"},
				"east": {"uv": [7, 0, 12, 2.5], "texture": "#0"},
				"south": {"uv": [7, 0, 12, 2.5], "texture": "#0"},
				"west": {"uv": [7, 0, 12, 2.5], "texture": "#0"},
				"up": {"uv": [7, 0, 12, 2.5], "texture": "#0"},
				"down": {"uv": [7, 0, 12, 2.5], "texture": "#0"}
			}
		},
		{
			"from": [7.5, 8.6, 8.5],
			"to": [8.5, 9.1, 9.5],
			"rotation": {"angle": 0, "axis": "y", "origin": [17.5, 16.6, 14]},
			"faces": {
				"north": {"uv": [7, 0, 12, 2.5], "texture": "#0"},
				"east": {"uv": [7, 0, 12, 2.5], "texture": "#0"},
				"south": {"uv": [7, 0, 12, 2.5], "texture": "#0"},
				"west": {"uv": [7, 0, 12, 2.5], "texture": "#0"},
				"up": {"uv": [7, 0, 12, 2.5], "texture": "#0"},
				"down": {"uv": [7, 0, 12, 2.5], "texture": "#0"}
			}
		},
		{
			"from": [9, 8.1, 8],
			"to": [10, 8.6, 10],
			"rotation": {"angle": 0, "axis": "y", "origin": [19, 16.1, 14]},
			"faces": {
				"north": {"uv": [7, 0, 12, 2.5], "texture": "#0"},
				"east": {"uv": [7, 0, 12, 2.5], "texture": "#0"},
				"south": {"uv": [7, 0, 12, 2.5], "texture": "#0"},
				"west": {"uv": [7, 0, 12, 2.5], "texture": "#0"},
				"up": {"uv": [7, 0, 12, 2.5], "texture": "#0"},
				"down": {"uv": [7, 0, 12, 2.5], "texture": "#0"}
			}
		},
		{
			"from": [7, 8.1, 10],
			"to": [9, 8.6, 11],
			"rotation": {"angle": 0, "axis": "y", "origin": [19, 16.1, 16]},
			"faces": {
				"north": {"uv": [7, 0, 12, 2.5], "texture": "#0"},
				"east": {"uv": [7, 0, 12, 2.5], "texture": "#0"},
				"south": {"uv": [7, 0, 12, 2.5], "texture": "#0"},
				"west": {"uv": [7, 0, 12, 2.5], "texture": "#0"},
				"up": {"uv": [7, 0, 12, 2.5], "texture": "#0"},
				"down": {"uv": [7, 0, 12, 2.5], "texture": "#0"}
			}
		},
		{
			"from": [7, 8.1, 7],
			"to": [9, 8.6, 8],
			"rotation": {"angle": 0, "axis": "y", "origin": [19, 16.1, 13]},
			"faces": {
				"north": {"uv": [7, 0, 12, 2.5], "texture": "#0"},
				"east": {"uv": [7, 0, 12, 2.5], "texture": "#0"},
				"south": {"uv": [7, 0, 12, 2.5], "texture": "#0"},
				"west": {"uv": [7, 0, 12, 2.5], "texture": "#0"},
				"up": {"uv": [7, 0, 12, 2.5], "texture": "#0"},
				"down": {"uv": [7, 0, 12, 2.5], "texture": "#0"}
			}
		},
		{
			"from": [6.5, 7.1, 6.5],
			"to": [9.5, 8.1, 7.5],
			"rotation": {"angle": 0, "axis": "y", "origin": [3, 15.1, 16.5]},
			"faces": {
				"north": {"uv": [7, 0, 12, 2.5], "texture": "#0"},
				"east": {"uv": [7, 0, 12, 2.5], "texture": "#0"},
				"south": {"uv": [7, 0, 12, 2.5], "texture": "#0"},
				"west": {"uv": [7, 0, 12, 2.5], "texture": "#0"},
				"up": {"uv": [7, 0, 12, 2.5], "texture": "#0"},
				"down": {"uv": [7, 0, 12, 2.5], "texture": "#0"}
			}
		},
		{
			"from": [6, 6.1, 11],
			"to": [10, 7.1, 12],
			"rotation": {"angle": 0, "axis": "y", "origin": [3, 14.1, 21]},
			"faces": {
				"north": {"uv": [7, 0, 12, 2.5], "texture": "#0"},
				"east": {"uv": [7, 0, 12, 2.5], "texture": "#0"},
				"south": {"uv": [7, 0, 12, 2.5], "texture": "#0"},
				"west": {"uv": [7, 0, 12, 2.5], "texture": "#0"},
				"up": {"uv": [7, 0, 12, 2.5], "texture": "#0"},
				"down": {"uv": [7, 0, 12, 2.5], "texture": "#0"}
			}
		},
		{
			"from": [5.5, 5.1, 5.5],
			"to": [10.5, 6.1, 6.5],
			"rotation": {"angle": 0, "axis": "y", "origin": [3, 13.1, 15.5]},
			"faces": {
				"north": {"uv": [0, 0, 5, 1], "texture": "#0"},
				"east": {"uv": [0, 0, 1, 1], "texture": "#0"},
				"south": {"uv": [0, 0, 5, 1], "texture": "#0"},
				"west": {"uv": [0, 0, 1, 1], "texture": "#0"},
				"up": {"uv": [0, 0, 1, 2.5], "rotation": 90, "texture": "#0"},
				"down": {"uv": [0, 0, 1, 5], "rotation": 270, "texture": "#0"}
			}
		},
		{
			"from": [5.5, 2.6, 5.5],
			"to": [10.5, 3.1, 6.5],
			"rotation": {"angle": 0, "axis": "y", "origin": [3, 10.1, 15.5]},
			"faces": {
				"north": {"uv": [7, 0, 12, 2.5], "texture": "#0"},
				"east": {"uv": [7, 0, 12, 2.5], "texture": "#0"},
				"south": {"uv": [7, 0, 12, 2.5], "texture": "#0"},
				"west": {"uv": [7, 0, 12, 2.5], "texture": "#0"},
				"up": {"uv": [7, 0, 12, 2.5], "texture": "#0"},
				"down": {"uv": [7, 0, 12, 2.5], "texture": "#0"}
			}
		},
		{
			"from": [5, 3.1, 5],
			"to": [11, 5.1, 6],
			"rotation": {"angle": 0, "axis": "y", "origin": [16, 11.1, 8]},
			"faces": {
				"north": {"uv": [2.5, 5, 8.5, 7], "texture": "#0"},
				"east": {"uv": [2.5, 5, 8.5, 7], "texture": "#0"},
				"south": {"uv": [2.5, 5, 8.5, 7], "texture": "#0"},
				"west": {"uv": [2.5, 5, 8.5, 7], "texture": "#0"},
				"up": {"uv": [2.5, 5, 8.5, 5.5], "texture": "#0"},
				"down": {"uv": [2.5, 0, 8.5, 2], "texture": "#0"}
			}
		},
		{
			"from": [11, 3.1, 6],
			"to": [12, 5.1, 12],
			"rotation": {"angle": 0, "axis": "y", "origin": [9, 11.1, 17]},
			"faces": {
				"north": {"uv": [7, 0, 12, 2.5], "texture": "#0"},
				"east": {"uv": [7, 0, 12, 2.5], "texture": "#0"},
				"south": {"uv": [7, 0, 12, 2.5], "texture": "#0"},
				"west": {"uv": [7, 0, 12, 2.5], "texture": "#0"},
				"up": {"uv": [7, 0, 12, 2.5], "texture": "#0"},
				"down": {"uv": [7, 0, 12, 2.5], "texture": "#0"}
			}
		},
		{
			"from": [5, 3.1, 12],
			"to": [11, 5.1, 13],
			"rotation": {"angle": 0, "axis": "y", "origin": [16, 11.1, 15]},
			"faces": {
				"north": {"uv": [7, 0, 12, 2.5], "texture": "#0"},
				"east": {"uv": [7, 0, 12, 2.5], "texture": "#0"},
				"south": {"uv": [7, 0, 12, 2.5], "texture": "#0"},
				"west": {"uv": [7, 0, 12, 2.5], "texture": "#0"},
				"up": {"uv": [7, 0, 12, 2.5], "texture": "#0"},
				"down": {"uv": [7, 0, 12, 2.5], "texture": "#0"}
			}
		},
		{
			"from": [4, 3.1, 6],
			"to": [5, 5.1, 12],
			"rotation": {"angle": 0, "axis": "y", "origin": [2, 11.1, 17]},
			"faces": {
				"north": {"uv": [7, 0, 12, 2.5], "texture": "#0"},
				"east": {"uv": [7, 0, 12, 2.5], "texture": "#0"},
				"south": {"uv": [7, 0, 12, 2.5], "texture": "#0"},
				"west": {"uv": [7, 0, 12, 2.5], "texture": "#0"},
				"up": {"uv": [7, 0, 12, 2.5], "texture": "#0"},
				"down": {"uv": [7, 0, 12, 2.5], "texture": "#0"}
			}
		},
		{
			"from": [-0.30962, 3.1, -2.17566],
			"to": [0.69038, 5.1, -0.75566],
			"rotation": {"angle": -45, "axis": "y", "origin": [-6.30962, 11.1, 7.82434]},
			"faces": {
				"north": {"uv": [7, 0, 12, 2.5], "texture": "#0"},
				"east": {"uv": [7, 0, 12, 2.5], "texture": "#0"},
				"south": {"uv": [7, 0, 12, 2.5], "texture": "#0"},
				"west": {"uv": [7, 0, 12, 2.5], "texture": "#0"},
				"up": {"uv": [7, 0, 12, 2.5], "texture": "#0"},
				"down": {"uv": [7, 0, 12, 2.5], "texture": "#0"}
			}
		},
		{
			"from": [0.19038, 5.1, -1.67566],
			"to": [1.19038, 6.1, -0.25566],
			"rotation": {"angle": -45, "axis": "y", "origin": [-5.80962, 13.1, 8.32434]},
			"faces": {
				"north": {"uv": [7, 0, 12, 2.5], "texture": "#0"},
				"east": {"uv": [7, 0, 12, 2.5], "texture": "#0"},
				"south": {"uv": [7, 0, 12, 2.5], "texture": "#0"},
				"west": {"uv": [7, 0, 12, 2.5], "texture": "#0"},
				"up": {"uv": [7, 0, 12, 2.5], "texture": "#0"},
				"down": {"uv": [7, 0, 12, 2.5], "texture": "#0"}
			}
		},
		{
			"from": [0.19038, 2.6, -1.67566],
			"to": [1.19038, 3.1, -0.25566],
			"rotation": {"angle": -45, "axis": "y", "origin": [-5.80962, 10.1, 8.32434]},
			"faces": {
				"north": {"uv": [7, 0, 12, 2.5], "texture": "#0"},
				"east": {"uv": [7, 0, 12, 2.5], "texture": "#0"},
				"south": {"uv": [7, 0, 12, 2.5], "texture": "#0"},
				"west": {"uv": [7, 0, 12, 2.5], "texture": "#0"},
				"up": {"uv": [7, 0, 12, 2.5], "texture": "#0"},
				"down": {"uv": [7, 0, 12, 2.5], "texture": "#0"}
			}
		},
		{
			"from": [0.69038, 6.1, -1.17566],
			"to": [1.69038, 7.1, 0.24434],
			"rotation": {"angle": -45, "axis": "y", "origin": [-5.30962, 14.1, 8.82434]},
			"faces": {
				"north": {"uv": [7, 0, 12, 2.5], "texture": "#0"},
				"east": {"uv": [7, 0, 12, 2.5], "texture": "#0"},
				"south": {"uv": [7, 0, 12, 2.5], "texture": "#0"},
				"west": {"uv": [7, 0, 12, 2.5], "texture": "#0"},
				"up": {"uv": [7, 0, 12, 2.5], "texture": "#0"},
				"down": {"uv": [7, 0, 12, 2.5], "texture": "#0"}
			}
		},
		{
			"from": [4.98328, 6.1, 3.11723],
			"to": [5.98328, 7.1, 4.53723],
			"rotation": {"angle": -45, "axis": "y", "origin": [-1.01672, 14.1, 13.11723]},
			"faces": {
				"north": {"uv": [7, 0, 12, 2.5], "texture": "#0"},
				"east": {"uv": [7, 0, 12, 2.5], "texture": "#0"},
				"south": {"uv": [7, 0, 12, 2.5], "texture": "#0"},
				"west": {"uv": [7, 0, 12, 2.5], "texture": "#0"},
				"up": {"uv": [7, 0, 12, 2.5], "texture": "#0"},
				"down": {"uv": [7, 0, 12, 2.5], "texture": "#0"}
			}
		},
		{
			"from": [4.47918, 7.1, 2.62132],
			"to": [5.47918, 8.1, 4.04132],
			"rotation": {"angle": -45, "axis": "y", "origin": [-1.52082, 15.1, 12.62132]},
			"faces": {
				"north": {"uv": [7, 0, 12, 2.5], "texture": "#0"},
				"east": {"uv": [7, 0, 12, 2.5], "texture": "#0"},
				"south": {"uv": [7, 0, 12, 2.5], "texture": "#0"},
				"west": {"uv": [7, 0, 12, 2.5], "texture": "#0"},
				"up": {"uv": [7, 0, 12, 2.5], "texture": "#0"},
				"down": {"uv": [7, 0, 12, 2.5], "texture": "#0"}
			}
		},
		{
			"from": [3.97918, 8.1, 2.12132],
			"to": [4.97918, 8.6, 3.54132],
			"rotation": {"angle": -45, "axis": "y", "origin": [-2.02082, 15.6, 12.12132]},
			"faces": {
				"north": {"uv": [7, 0, 12, 2.5], "texture": "#0"},
				"east": {"uv": [7, 0, 12, 2.5], "texture": "#0"},
				"south": {"uv": [7, 0, 12, 2.5], "texture": "#0"},
				"west": {"uv": [7, 0, 12, 2.5], "texture": "#0"},
				"up": {"uv": [7, 0, 12, 2.5], "texture": "#0"},
				"down": {"uv": [7, 0, 12, 2.5], "texture": "#0"}
			}
		},
		{
			"from": [1.68629, 8.1, -0.17157],
			"to": [2.68629, 8.6, 1.24843],
			"rotation": {"angle": -45, "axis": "y", "origin": [-4.31371, 15.6, 9.82843]},
			"faces": {
				"north": {"uv": [7, 0, 12, 2.5], "texture": "#0"},
				"east": {"uv": [7, 0, 12, 2.5], "texture": "#0"},
				"south": {"uv": [7, 0, 12, 2.5], "texture": "#0"},
				"west": {"uv": [7, 0, 12, 2.5], "texture": "#0"},
				"up": {"uv": [7, 0, 12, 2.5], "texture": "#0"},
				"down": {"uv": [7, 0, 12, 2.5], "texture": "#0"}
			}
		},
		{
			"from": [2.19038, 8.6, 0.32434],
			"to": [3.19038, 9.1, 1.74434],
			"rotation": {"angle": -45, "axis": "y", "origin": [-3.80962, 16.1, 10.32434]},
			"faces": {
				"north": {"uv": [7, 0, 12, 2.5], "texture": "#0"},
				"east": {"uv": [7, 0, 12, 2.5], "texture": "#0"},
				"south": {"uv": [7, 0, 12, 2.5], "texture": "#0"},
				"west": {"uv": [7, 0, 12, 2.5], "texture": "#0"},
				"up": {"uv": [7, 0, 12, 2.5], "texture": "#0"},
				"down": {"uv": [7, 0, 12, 2.5], "texture": "#0"}
			}
		},
		{
			"from": [3.48328, 8.6, 1.61723],
			"to": [4.48328, 9.1, 3.03723],
			"rotation": {"angle": -45, "axis": "y", "origin": [-2.51672, 16.1, 11.61723]},
			"faces": {
				"north": {"uv": [7, 0, 12, 2.5], "texture": "#0"},
				"east": {"uv": [7, 0, 12, 2.5], "texture": "#0"},
				"south": {"uv": [7, 0, 12, 2.5], "texture": "#0"},
				"west": {"uv": [7, 0, 12, 2.5], "texture": "#0"},
				"up": {"uv": [7, 0, 12, 2.5], "texture": "#0"},
				"down": {"uv": [7, 0, 12, 2.5], "texture": "#0"}
			}
		},
		{
			"from": [1.18629, 7.1, -0.67157],
			"to": [2.18629, 8.1, 0.74843],
			"rotation": {"angle": -45, "axis": "y", "origin": [-4.81371, 15.1, 9.32843]},
			"faces": {
				"north": {"uv": [7, 0, 12, 2.5], "texture": "#0"},
				"east": {"uv": [7, 0, 12, 2.5], "texture": "#0"},
				"south": {"uv": [7, 0, 12, 2.5], "texture": "#0"},
				"west": {"uv": [7, 0, 12, 2.5], "texture": "#0"},
				"up": {"uv": [7, 0, 12, 2.5], "texture": "#0"},
				"down": {"uv": [7, 0, 12, 2.5], "texture": "#0"}
			}
		},
		{
			"from": [-0.30962, 3.1, 18.75566],
			"to": [0.69038, 5.1, 20.17566],
			"rotation": {"angle": 45, "axis": "y", "origin": [-6.30962, 11.1, 10.17566]},
			"faces": {
				"north": {"uv": [7, 0, 12, 2.5], "texture": "#0"},
				"east": {"uv": [7, 0, 12, 2.5], "texture": "#0"},
				"south": {"uv": [7, 0, 12, 2.5], "texture": "#0"},
				"west": {"uv": [7, 0, 12, 2.5], "texture": "#0"},
				"up": {"uv": [7, 0, 12, 2.5], "texture": "#0"},
				"down": {"uv": [7, 0, 12, 2.5], "texture": "#0"}
			}
		},
		{
			"from": [0.18629, 5.1, 18.25157],
			"to": [1.18629, 6.1, 19.67157],
			"rotation": {"angle": 45, "axis": "y", "origin": [-5.81371, 13.1, 9.67157]},
			"faces": {
				"north": {"uv": [7, 0, 12, 2.5], "texture": "#0"},
				"east": {"uv": [7, 0, 12, 2.5], "texture": "#0"},
				"south": {"uv": [7, 0, 12, 2.5], "texture": "#0"},
				"west": {"uv": [7, 0, 12, 2.5], "texture": "#0"},
				"up": {"uv": [7, 0, 12, 2.5], "texture": "#0"},
				"down": {"uv": [7, 0, 12, 2.5], "texture": "#0"}
			}
		},
		{
			"from": [0.18629, 2.6, 18.25157],
			"to": [1.18629, 3.1, 19.67157],
			"rotation": {"angle": 45, "axis": "y", "origin": [-5.81371, 10.1, 9.67157]},
			"faces": {
				"north": {"uv": [7, 0, 12, 2.5], "texture": "#0"},
				"east": {"uv": [7, 0, 12, 2.5], "texture": "#0"},
				"south": {"uv": [7, 0, 12, 2.5], "texture": "#0"},
				"west": {"uv": [7, 0, 12, 2.5], "texture": "#0"},
				"up": {"uv": [7, 0, 12, 2.5], "texture": "#0"},
				"down": {"uv": [7, 0, 12, 2.5], "texture": "#0"}
			}
		},
		{
			"from": [15.30962, 3.1, 18.75566],
			"to": [16.30962, 5.1, 20.17566],
			"rotation": {"angle": -45, "axis": "y", "origin": [22.30962, 11.1, 10.17566]},
			"faces": {
				"north": {"uv": [7, 0, 12, 2.5], "texture": "#0"},
				"east": {"uv": [7, 0, 12, 2.5], "texture": "#0"},
				"south": {"uv": [7, 0, 12, 2.5], "texture": "#0"},
				"west": {"uv": [7, 0, 12, 2.5], "texture": "#0"},
				"up": {"uv": [7, 0, 12, 2.5], "texture": "#0"},
				"down": {"uv": [7, 0, 12, 2.5], "texture": "#0"}
			}
		},
		{
			"from": [14.80962, 5.1, 18.25566],
			"to": [15.80962, 6.1, 19.67566],
			"rotation": {"angle": -45, "axis": "y", "origin": [21.80962, 13.1, 9.67566]},
			"faces": {
				"north": {"uv": [7, 0, 12, 2.5], "texture": "#0"},
				"east": {"uv": [7, 0, 12, 2.5], "texture": "#0"},
				"south": {"uv": [7, 0, 12, 2.5], "texture": "#0"},
				"west": {"uv": [7, 0, 12, 2.5], "texture": "#0"},
				"up": {"uv": [7, 0, 12, 2.5], "texture": "#0"},
				"down": {"uv": [7, 0, 12, 2.5], "texture": "#0"}
			}
		},
		{
			"from": [14.80962, 2.6, 18.25566],
			"to": [15.80962, 3.1, 19.67566],
			"rotation": {"angle": -45, "axis": "y", "origin": [21.80962, 10.1, 9.67566]},
			"faces": {
				"north": {"uv": [7, 0, 12, 2.5], "texture": "#0"},
				"east": {"uv": [7, 0, 12, 2.5], "texture": "#0"},
				"south": {"uv": [7, 0, 12, 2.5], "texture": "#0"},
				"west": {"uv": [7, 0, 12, 2.5], "texture": "#0"},
				"up": {"uv": [7, 0, 12, 2.5], "texture": "#0"},
				"down": {"uv": [7, 0, 12, 2.5], "texture": "#0"}
			}
		},
		{
			"from": [15.30962, 3.1, -2.17566],
			"to": [16.30962, 5.1, -0.75566],
			"rotation": {"angle": 45, "axis": "y", "origin": [22.30962, 11.1, 7.82434]},
			"faces": {
				"north": {"uv": [7, 0, 12, 2.5], "texture": "#0"},
				"east": {"uv": [7, 0, 12, 2.5], "texture": "#0"},
				"south": {"uv": [7, 0, 12, 2.5], "texture": "#0"},
				"west": {"uv": [7, 0, 12, 2.5], "texture": "#0"},
				"up": {"uv": [7, 0, 12, 2.5], "texture": "#0"},
				"down": {"uv": [7, 0, 12, 2.5], "texture": "#0"}
			}
		},
		{
			"from": [14.81371, 5.1, -1.67157],
			"to": [15.81371, 6.1, -0.25157],
			"rotation": {"angle": 45, "axis": "y", "origin": [21.81371, 13.1, 8.32843]},
			"faces": {
				"north": {"uv": [7, 0, 12, 2.5], "texture": "#0"},
				"east": {"uv": [7, 0, 12, 2.5], "texture": "#0"},
				"south": {"uv": [7, 0, 12, 2.5], "texture": "#0"},
				"west": {"uv": [7, 0, 12, 2.5], "texture": "#0"},
				"up": {"uv": [7, 0, 12, 2.5], "texture": "#0"},
				"down": {"uv": [7, 0, 12, 2.5], "texture": "#0"}
			}
		},
		{
			"from": [14.81371, 2.6, -1.67157],
			"to": [15.81371, 3.1, -0.25157],
			"rotation": {"angle": 45, "axis": "y", "origin": [21.81371, 10.1, 8.32843]},
			"faces": {
				"north": {"uv": [7, 0, 12, 2.5], "texture": "#0"},
				"east": {"uv": [7, 0, 12, 2.5], "texture": "#0"},
				"south": {"uv": [7, 0, 12, 2.5], "texture": "#0"},
				"west": {"uv": [7, 0, 12, 2.5], "texture": "#0"},
				"up": {"uv": [7, 0, 12, 2.5], "texture": "#0"},
				"down": {"uv": [7, 0, 12, 2.5], "texture": "#0"}
			}
		},
		{
			"from": [10.02082, 6.1, 3.12132],
			"to": [11.02082, 7.1, 4.54132],
			"rotation": {"angle": 45, "axis": "y", "origin": [17.02082, 14.1, 13.12132]},
			"faces": {
				"north": {"uv": [7, 0, 12, 2.5], "texture": "#0"},
				"east": {"uv": [7, 0, 12, 2.5], "texture": "#0"},
				"south": {"uv": [7, 0, 12, 2.5], "texture": "#0"},
				"west": {"uv": [7, 0, 12, 2.5], "texture": "#0"},
				"up": {"uv": [7, 0, 12, 2.5], "texture": "#0"},
				"down": {"uv": [7, 0, 12, 2.5], "texture": "#0"}
			}
		},
		{
			"from": [10.51672, 7.1, 2.61723],
			"to": [11.51672, 8.1, 4.03723],
			"rotation": {"angle": 45, "axis": "y", "origin": [17.51672, 15.1, 12.61723]},
			"faces": {
				"north": {"uv": [7, 0, 12, 2.5], "texture": "#0"},
				"east": {"uv": [7, 0, 12, 2.5], "texture": "#0"},
				"south": {"uv": [7, 0, 12, 2.5], "texture": "#0"},
				"west": {"uv": [7, 0, 12, 2.5], "texture": "#0"},
				"up": {"uv": [7, 0, 12, 2.5], "texture": "#0"},
				"down": {"uv": [7, 0, 12, 2.5], "texture": "#0"}
			}
		},
		{
			"from": [13.80962, 7.1, -0.67566],
			"to": [14.80962, 8.1, 0.74434],
			"rotation": {"angle": 45, "axis": "y", "origin": [20.80962, 15.1, 9.32434]},
			"faces": {
				"north": {"uv": [7, 0, 12, 2.5], "texture": "#0"},
				"east": {"uv": [7, 0, 12, 2.5], "texture": "#0"},
				"south": {"uv": [7, 0, 12, 2.5], "texture": "#0"},
				"west": {"uv": [7, 0, 12, 2.5], "texture": "#0"},
				"up": {"uv": [7, 0, 12, 2.5], "texture": "#0"},
				"down": {"uv": [7, 0, 12, 2.5], "texture": "#0"}
			}
		},
		{
			"from": [13.31371, 8.1, -0.17157],
			"to": [14.31371, 8.6, 1.24843],
			"rotation": {"angle": 45, "axis": "y", "origin": [20.31371, 15.6, 9.82843]},
			"faces": {
				"north": {"uv": [7, 0, 12, 2.5], "texture": "#0"},
				"east": {"uv": [7, 0, 12, 2.5], "texture": "#0"},
				"south": {"uv": [7, 0, 12, 2.5], "texture": "#0"},
				"west": {"uv": [7, 0, 12, 2.5], "texture": "#0"},
				"up": {"uv": [7, 0, 12, 2.5], "texture": "#0"},
				"down": {"uv": [7, 0, 12, 2.5], "texture": "#0"}
			}
		},
		{
			"from": [11.02082, 8.1, 2.12132],
			"to": [12.02082, 8.6, 3.54132],
			"rotation": {"angle": 45, "axis": "y", "origin": [18.02082, 15.6, 12.12132]},
			"faces": {
				"north": {"uv": [7, 0, 12, 2.5], "texture": "#0"},
				"east": {"uv": [7, 0, 12, 2.5], "texture": "#0"},
				"south": {"uv": [7, 0, 12, 2.5], "texture": "#0"},
				"west": {"uv": [7, 0, 12, 2.5], "texture": "#0"},
				"up": {"uv": [7, 0, 12, 2.5], "texture": "#0"},
				"down": {"uv": [7, 0, 12, 2.5], "texture": "#0"}
			}
		},
		{
			"from": [11.51672, 8.6, 1.61723],
			"to": [12.51672, 9.1, 3.03723],
			"rotation": {"angle": 45, "axis": "y", "origin": [18.51672, 16.1, 11.61723]},
			"faces": {
				"north": {"uv": [7, 0, 12, 2.5], "texture": "#0"},
				"east": {"uv": [7, 0, 12, 2.5], "texture": "#0"},
				"south": {"uv": [7, 0, 12, 2.5], "texture": "#0"},
				"west": {"uv": [7, 0, 12, 2.5], "texture": "#0"},
				"up": {"uv": [7, 0, 12, 2.5], "texture": "#0"},
				"down": {"uv": [7, 0, 12, 2.5], "texture": "#0"}
			}
		},
		{
			"from": [12.81371, 8.6, 0.32843],
			"to": [13.81371, 9.1, 1.74843],
			"rotation": {"angle": 45, "axis": "y", "origin": [19.81371, 16.1, 10.32843]},
			"faces": {
				"north": {"uv": [7, 0, 12, 2.5], "texture": "#0"},
				"east": {"uv": [7, 0, 12, 2.5], "texture": "#0"},
				"south": {"uv": [7, 0, 12, 2.5], "texture": "#0"},
				"west": {"uv": [7, 0, 12, 2.5], "texture": "#0"},
				"up": {"uv": [7, 0, 12, 2.5], "texture": "#0"},
				"down": {"uv": [7, 0, 12, 2.5], "texture": "#0"}
			}
		},
		{
			"from": [14.31371, 6.1, -1.17157],
			"to": [15.31371, 7.1, 0.24843],
			"rotation": {"angle": 45, "axis": "y", "origin": [21.31371, 14.1, 8.82843]},
			"faces": {
				"north": {"uv": [7, 0, 12, 2.5], "texture": "#0"},
				"east": {"uv": [7, 0, 12, 2.5], "texture": "#0"},
				"south": {"uv": [7, 0, 12, 2.5], "texture": "#0"},
				"west": {"uv": [7, 0, 12, 2.5], "texture": "#0"},
				"up": {"uv": [7, 0, 12, 2.5], "texture": "#0"},
				"down": {"uv": [7, 0, 12, 2.5], "texture": "#0"}
			}
		},
		{
			"from": [5.75, 4.1, 4.75],
			"to": [6.5, 5.6, 5],
			"rotation": {"angle": 0, "axis": "y", "origin": [13.5, 12.1, 12.75]},
			"faces": {
				"north": {"uv": [5, 3, 6, 4.5], "texture": "#0"},
				"east": {"uv": [5, 3, 6, 4.5], "texture": "#0"},
				"south": {"uv": [5, 3, 6, 4.5], "texture": "#0"},
				"west": {"uv": [5, 3, 6, 4.5], "texture": "#0"},
				"up": {"uv": [5, 3, 6, 4.5], "texture": "#0"},
				"down": {"uv": [5, 3, 6, 4.5], "texture": "#0"}
			}
		},
		{
			"from": [9.5, 4.1, 4.75],
			"to": [10.25, 5.6, 5],
			"rotation": {"angle": 0, "axis": "y", "origin": [17.25, 12.1, 12.75]},
			"faces": {
				"north": {"uv": [5, 3, 6, 4.5], "texture": "#0"},
				"east": {"uv": [5, 3, 6, 4.5], "texture": "#0"},
				"south": {"uv": [5, 3, 6, 4.5], "texture": "#0"},
				"west": {"uv": [5, 3, 6, 4.5], "texture": "#0"},
				"up": {"uv": [5, 3, 6, 4.5], "texture": "#0"},
				"down": {"uv": [5, 3, 6, 4.5], "texture": "#0"}
			}
		},
		{
			"from": [6, 6.1, 5.75],
			"to": [7.5, 7.85, 6.75],
			"rotation": {"angle": 0, "axis": "y", "origin": [14, 14.1, 13.75]},
			"faces": {
				"north": {"uv": [6.5, 3, 8, 5], "texture": "#0"},
				"east": {"uv": [0, 0, 1, 1.75], "texture": "#0"},
				"south": {"uv": [0, 0, 1.5, 1.75], "texture": "#0"},
				"west": {"uv": [0, 0, 1, 1.75], "texture": "#0"},
				"up": {"uv": [0, 0, 1.5, 1], "texture": "#0"},
				"down": {"uv": [0, 0, 1.5, 1], "texture": "#0"}
			}
		},
		{
			"from": [8.25, 6.1, 5.75],
			"to": [9.75, 7.85, 6.75],
			"rotation": {"angle": 0, "axis": "y", "origin": [16.25, 14.1, 13.75]},
			"faces": {
				"north": {"uv": [6.5, 3, 8, 5], "texture": "#0"},
				"east": {"uv": [0, 0, 1, 1.75], "texture": "#0"},
				"south": {"uv": [0, 0, 1.5, 1.75], "texture": "#0"},
				"west": {"uv": [0, 0, 1, 1.75], "texture": "#0"},
				"up": {"uv": [0, 0, 1.5, 1], "texture": "#0"},
				"down": {"uv": [0, 0, 1.5, 1], "texture": "#0"}
			}
		},
		{
			"from": [5.98744, 8.73084, 6],
			"to": [6.73744, 9.23084, 7],
			"rotation": {"angle": 0, "axis": "z", "origin": [12.98744, 16.73084, 14]},
			"faces": {
				"north": {"uv": [4, 3, 2, 3.5], "texture": "#0"},
				"east": {"uv": [4, 3, 2, 3.5], "texture": "#0"},
				"south": {"uv": [4, 3, 2, 3.5], "texture": "#0"},
				"west": {"uv": [4, 3, 2, 3.5], "texture": "#0"},
				"up": {"uv": [4, 3, 2, 3.5], "texture": "#0"},
				"down": {"uv": [4, 3, 2, 3.5], "texture": "#0"}
			}
		},
		{
			"from": [9.26256, 8.73084, 6],
			"to": [10.01256, 9.23084, 7],
			"rotation": {"angle": 0, "axis": "z", "origin": [3.01256, 16.73084, 14]},
			"faces": {
				"north": {"uv": [4, 3, 2, 3.5], "texture": "#0"},
				"east": {"uv": [4, 3, 2, 3.5], "texture": "#0"},
				"south": {"uv": [4, 3, 2, 3.5], "texture": "#0"},
				"west": {"uv": [4, 3, 2, 3.5], "texture": "#0"},
				"up": {"uv": [4, 3, 2, 3.5], "texture": "#0"},
				"down": {"uv": [4, 3, 2, 3.5], "texture": "#0"}
			}
		},
		{
			"from": [9.69759, 0.87728, 6],
			"to": [11.94759, 1.37728, 7],
			"rotation": {"angle": -45, "axis": "z", "origin": [17.69759, 8.87728, 14]},
			"faces": {
				"north": {"uv": [4, 3, 2, 3.5], "texture": "#0"},
				"east": {"uv": [4, 3, 2, 3.5], "texture": "#0"},
				"south": {"uv": [4, 3, 2, 3.5], "texture": "#0"},
				"west": {"uv": [4, 3, 2, 3.5], "texture": "#0"},
				"up": {"uv": [4, 3, 2, 3.5], "texture": "#0"},
				"down": {"uv": [4, 3, 2, 3.5], "texture": "#0"}
			}
		},
		{
			"from": [4.05241, 0.87728, 6],
			"to": [6.30241, 1.37728, 7],
			"rotation": {"angle": 45, "axis": "z", "origin": [-1.69759, 8.87728, 14]},
			"faces": {
				"north": {"uv": [4, 3, 2, 3.5], "texture": "#0"},
				"east": {"uv": [4, 3, 2, 3.5], "texture": "#0"},
				"south": {"uv": [4, 3, 2, 3.5], "texture": "#0"},
				"west": {"uv": [4, 3, 2, 3.5], "texture": "#0"},
				"up": {"uv": [4, 3, 2, 3.5], "texture": "#0"},
				"down": {"uv": [4, 3, 2, 3.5], "texture": "#0"}
			}
		},
		{
			"from": [9.25, 0.1, 6.25],
			"to": [11.25, 1.1, 6.75],
			"rotation": {"angle": 0, "axis": "y", "origin": [17.25, 8.1, 13.75]},
			"faces": {
				"north": {"uv": [11.5, 3, 13.5, 3.5], "texture": "#0"},
				"east": {"uv": [11.5, 3, 13.5, 3.5], "texture": "#0"},
				"south": {"uv": [11.5, 3, 13.5, 3.5], "texture": "#0"},
				"west": {"uv": [11.5, 3, 13.5, 3.5], "texture": "#0"},
				"up": {"uv": [11.5, 3, 13.5, 3.5], "texture": "#0"},
				"down": {"uv": [11.5, 3, 13.5, 3.5], "texture": "#0"}
			}
		},
		{
			"from": [9.25, 0, 6.25],
			"to": [11.25, 0.1, 6.75],
			"rotation": {"angle": 0, "axis": "y", "origin": [17.25, 8.1, 13.75]},
			"faces": {
				"north": {"uv": [11.5, 3, 13.5, 3.5], "texture": "#0"},
				"east": {"uv": [11.5, 3, 13.5, 3.5], "texture": "#0"},
				"south": {"uv": [11.5, 3, 13.5, 3.5], "texture": "#0"},
				"west": {"uv": [11.5, 3, 13.5, 3.5], "texture": "#0"},
				"up": {"uv": [11.5, 3, 13.5, 3.5], "texture": "#0"},
				"down": {"uv": [11.5, 3, 13.5, 3.5], "texture": "#0"}
			}
		},
		{
			"from": [9.25, 0, 9.25],
			"to": [11.25, 0.1, 9.75],
			"rotation": {"angle": 0, "axis": "y", "origin": [17.25, 8.1, 13.75]},
			"faces": {
				"north": {"uv": [11.5, 3, 13.5, 3.5], "texture": "#0"},
				"east": {"uv": [11.5, 3, 13.5, 3.5], "texture": "#0"},
				"south": {"uv": [11.5, 3, 13.5, 3.5], "texture": "#0"},
				"west": {"uv": [11.5, 3, 13.5, 3.5], "texture": "#0"},
				"up": {"uv": [11.5, 3, 13.5, 3.5], "texture": "#0"},
				"down": {"uv": [11.5, 3, 13.5, 3.5], "texture": "#0"}
			}
		},
		{
			"from": [4.75, 0, 6.25],
			"to": [6.75, 0.1, 6.75],
			"rotation": {"angle": 0, "axis": "y", "origin": [17.25, 8.1, 13.75]},
			"faces": {
				"north": {"uv": [11.5, 3, 13.5, 3.5], "texture": "#0"},
				"east": {"uv": [11.5, 3, 13.5, 3.5], "texture": "#0"},
				"south": {"uv": [11.5, 3, 13.5, 3.5], "texture": "#0"},
				"west": {"uv": [11.5, 3, 13.5, 3.5], "texture": "#0"},
				"up": {"uv": [11.5, 3, 13.5, 3.5], "texture": "#0"},
				"down": {"uv": [11.5, 3, 13.5, 3.5], "texture": "#0"}
			}
		},
		{
			"from": [4.75, 0, 9.25],
			"to": [6.75, 0.1, 9.75],
			"rotation": {"angle": 0, "axis": "y", "origin": [17.25, 8.1, 13.75]},
			"faces": {
				"north": {"uv": [11.5, 3, 13.5, 3.5], "texture": "#0"},
				"east": {"uv": [11.5, 3, 13.5, 3.5], "texture": "#0"},
				"south": {"uv": [11.5, 3, 13.5, 3.5], "texture": "#0"},
				"west": {"uv": [11.5, 3, 13.5, 3.5], "texture": "#0"},
				"up": {"uv": [11.5, 3, 13.5, 3.5], "texture": "#0"},
				"down": {"uv": [11.5, 3, 13.5, 3.5], "texture": "#0"}
			}
		},
		{
			"from": [9.25, 0.1, 9.25],
			"to": [11.25, 1.1, 9.75],
			"rotation": {"angle": 0, "axis": "y", "origin": [17.25, 8.1, 16.75]},
			"faces": {
				"north": {"uv": [11.5, 3, 13.5, 3.5], "texture": "#0"},
				"east": {"uv": [11.5, 3, 13.5, 3.5], "texture": "#0"},
				"south": {"uv": [11.5, 3, 13.5, 3.5], "texture": "#0"},
				"west": {"uv": [11.5, 3, 13.5, 3.5], "texture": "#0"},
				"up": {"uv": [11.5, 3, 13.5, 3.5], "texture": "#0"},
				"down": {"uv": [11.5, 3, 13.5, 3.5], "texture": "#0"}
			}
		},
		{
			"from": [4.75, 0.1, 6.25],
			"to": [6.75, 1.1, 6.75],
			"rotation": {"angle": 0, "axis": "y", "origin": [13.75, 8.1, 13.75]},
			"faces": {
				"north": {"uv": [11.5, 3, 13.5, 3.5], "texture": "#0"},
				"east": {"uv": [11.5, 3, 13.5, 3.5], "texture": "#0"},
				"south": {"uv": [11.5, 3, 13.5, 3.5], "texture": "#0"},
				"west": {"uv": [11.5, 3, 13.5, 3.5], "texture": "#0"},
				"up": {"uv": [11.5, 3, 13.5, 3.5], "texture": "#0"},
				"down": {"uv": [11.5, 3, 13.5, 3.5], "texture": "#0"}
			}
		},
		{
			"from": [4.75, 0.1, 9.25],
			"to": [6.75, 1.1, 9.75],
			"rotation": {"angle": 0, "axis": "y", "origin": [13.75, 8.1, 16.75]},
			"faces": {
				"north": {"uv": [11.5, 3, 13.5, 3.5], "texture": "#0"},
				"east": {"uv": [11.5, 3, 13.5, 3.5], "texture": "#0"},
				"south": {"uv": [11.5, 3, 13.5, 3.5], "texture": "#0"},
				"west": {"uv": [11.5, 3, 13.5, 3.5], "texture": "#0"},
				"up": {"uv": [11.5, 3, 13.5, 3.5], "texture": "#0"},
				"down": {"uv": [11.5, 3, 13.5, 3.5], "texture": "#0"}
			}
		},
		{
			"from": [4.75, 1.1, 6.25],
			"to": [6.75, 1.2, 9.75],
			"rotation": {"angle": 0, "axis": "y", "origin": [13.75, 8.2, 13.75]},
			"faces": {
				"north": {"uv": [11.5, 3, 13.5, 3.5], "texture": "#0"},
				"east": {"uv": [11.5, 3, 13.5, 3.5], "texture": "#0"},
				"south": {"uv": [11.5, 3, 13.5, 3.5], "texture": "#0"},
				"west": {"uv": [11.5, 3, 13.5, 3.5], "texture": "#0"},
				"up": {"uv": [11.5, 3, 13.5, 3.5], "texture": "#0"},
				"down": {"uv": [11.5, 3, 13.5, 3.5], "texture": "#0"}
			}
		},
		{
			"from": [9.25, 1.1, 6.25],
			"to": [11.25, 1.2, 9.75],
			"rotation": {"angle": 0, "axis": "y", "origin": [18.25, 8.2, 13.75]},
			"faces": {
				"north": {"uv": [11.5, 3, 13.5, 3.5], "texture": "#0"},
				"east": {"uv": [11.5, 3, 13.5, 3.5], "texture": "#0"},
				"south": {"uv": [11.5, 3, 13.5, 3.5], "texture": "#0"},
				"west": {"uv": [11.5, 3, 13.5, 3.5], "texture": "#0"},
				"up": {"uv": [11.5, 3, 13.5, 3.5], "texture": "#0"},
				"down": {"uv": [11.5, 3, 13.5, 3.5], "texture": "#0"}
			}
		},
		{
			"from": [8.67597, 0.1, 7.63582],
			"to": [9.32597, 1.1, 8.36082],
			"rotation": {"angle": 0, "axis": "y", "origin": [17.72597, 8.1, 13.33582]},
			"faces": {
				"north": {"uv": [11.5, 3, 13.5, 3.5], "texture": "#0"},
				"east": {"uv": [11.5, 3, 13.5, 3.5], "texture": "#0"},
				"south": {"uv": [11.5, 3, 13.5, 3.5], "texture": "#0"},
				"west": {"uv": [11.5, 3, 13.5, 3.5], "texture": "#0"},
				"up": {"uv": [11.5, 3, 13.5, 3.5], "texture": "#0"},
				"down": {"uv": [11.5, 3, 13.5, 3.5], "texture": "#0"}
			}
		},
		{
			"from": [4.17597, 0.1, 7.63582],
			"to": [4.82597, 1.1, 8.36082],
			"rotation": {"angle": 0, "axis": "y", "origin": [13.22597, 8.1, 13.33582]},
			"faces": {
				"north": {"uv": [11.5, 3, 13.5, 3.5], "texture": "#0"},
				"east": {"uv": [11.5, 3, 13.5, 3.5], "texture": "#0"},
				"south": {"uv": [11.5, 3, 13.5, 3.5], "texture": "#0"},
				"west": {"uv": [11.5, 3, 13.5, 3.5], "texture": "#0"},
				"up": {"uv": [11.5, 3, 13.5, 3.5], "texture": "#0"},
				"down": {"uv": [11.5, 3, 13.5, 3.5], "texture": "#0"}
			}
		},
		{
			"from": [4.17597, 1.1, 7.63582],
			"to": [4.82597, 1.2, 8.36082],
			"rotation": {"angle": 0, "axis": "y", "origin": [13.22597, 8.2, 13.33582]},
			"faces": {
				"north": {"uv": [11.5, 3, 13.5, 3.5], "texture": "#0"},
				"east": {"uv": [11.5, 3, 13.5, 3.5], "texture": "#0"},
				"south": {"uv": [11.5, 3, 13.5, 3.5], "texture": "#0"},
				"west": {"uv": [11.5, 3, 13.5, 3.5], "texture": "#0"},
				"up": {"uv": [11.5, 3, 13.5, 3.5], "texture": "#0"},
				"down": {"uv": [11.5, 3, 13.5, 3.5], "texture": "#0"}
			}
		},
		{
			"from": [4.17597, 0, 7.63582],
			"to": [4.82597, 0.1, 8.36082],
			"rotation": {"angle": 0, "axis": "y", "origin": [13.22597, 7.1, 13.33582]},
			"faces": {
				"north": {"uv": [11.5, 3, 13.5, 3.5], "texture": "#0"},
				"east": {"uv": [11.5, 3, 13.5, 3.5], "texture": "#0"},
				"south": {"uv": [11.5, 3, 13.5, 3.5], "texture": "#0"},
				"west": {"uv": [11.5, 3, 13.5, 3.5], "texture": "#0"},
				"up": {"uv": [11.5, 3, 13.5, 3.5], "texture": "#0"},
				"down": {"uv": [11.5, 3, 13.5, 3.5], "texture": "#0"}
			}
		},
		{
			"from": [6.67597, 0, 7.63582],
			"to": [7.32597, 0.1, 8.36082],
			"rotation": {"angle": 0, "axis": "y", "origin": [13.22597, 7.1, 13.33582]},
			"faces": {
				"north": {"uv": [11.5, 3, 13.5, 3.5], "texture": "#0"},
				"east": {"uv": [11.5, 3, 13.5, 3.5], "texture": "#0"},
				"south": {"uv": [11.5, 3, 13.5, 3.5], "texture": "#0"},
				"west": {"uv": [11.5, 3, 13.5, 3.5], "texture": "#0"},
				"up": {"uv": [11.5, 3, 13.5, 3.5], "texture": "#0"},
				"down": {"uv": [11.5, 3, 13.5, 3.5], "texture": "#0"}
			}
		},
		{
			"from": [8.67597, 1.1, 7.63582],
			"to": [9.32597, 1.2, 8.36082],
			"rotation": {"angle": 0, "axis": "y", "origin": [17.72597, 8.2, 13.33582]},
			"faces": {
				"north": {"uv": [11.5, 3, 13.5, 3.5], "texture": "#0"},
				"east": {"uv": [11.5, 3, 13.5, 3.5], "texture": "#0"},
				"south": {"uv": [11.5, 3, 13.5, 3.5], "texture": "#0"},
				"west": {"uv": [11.5, 3, 13.5, 3.5], "texture": "#0"},
				"up": {"uv": [11.5, 3, 13.5, 3.5], "texture": "#0"},
				"down": {"uv": [11.5, 3, 13.5, 3.5], "texture": "#0"}
			}
		},
		{
			"from": [6.67403, 0.1, 7.63582],
			"to": [7.32403, 1.1, 8.36082],
			"rotation": {"angle": 0, "axis": "y", "origin": [15.72403, 8.1, 13.33582]},
			"faces": {
				"north": {"uv": [11.5, 3, 13.5, 3.5], "texture": "#0"},
				"east": {"uv": [11.5, 3, 13.5, 3.5], "texture": "#0"},
				"south": {"uv": [11.5, 3, 13.5, 3.5], "texture": "#0"},
				"west": {"uv": [11.5, 3, 13.5, 3.5], "texture": "#0"},
				"up": {"uv": [11.5, 3, 13.5, 3.5], "texture": "#0"},
				"down": {"uv": [11.5, 3, 13.5, 3.5], "texture": "#0"}
			}
		},
		{
			"from": [6.67403, 1.1, 7.63582],
			"to": [7.32403, 1.2, 8.36082],
			"rotation": {"angle": 0, "axis": "y", "origin": [15.72403, 8.2, 13.33582]},
			"faces": {
				"north": {"uv": [11.5, 3, 13.5, 3.5], "texture": "#0"},
				"east": {"uv": [11.5, 3, 13.5, 3.5], "texture": "#0"},
				"south": {"uv": [11.5, 3, 13.5, 3.5], "texture": "#0"},
				"west": {"uv": [11.5, 3, 13.5, 3.5], "texture": "#0"},
				"up": {"uv": [11.5, 3, 13.5, 3.5], "texture": "#0"},
				"down": {"uv": [11.5, 3, 13.5, 3.5], "texture": "#0"}
			}
		},
		{
			"from": [11.17403, 1.1, 7.63582],
			"to": [11.82403, 1.2, 8.36082],
			"rotation": {"angle": 0, "axis": "y", "origin": [20.22403, 8.2, 13.33582]},
			"faces": {
				"north": {"uv": [11.5, 3, 13.5, 3.5], "texture": "#0"},
				"east": {"uv": [11.5, 3, 13.5, 3.5], "texture": "#0"},
				"south": {"uv": [11.5, 3, 13.5, 3.5], "texture": "#0"},
				"west": {"uv": [11.5, 3, 13.5, 3.5], "texture": "#0"},
				"up": {"uv": [11.5, 3, 13.5, 3.5], "texture": "#0"},
				"down": {"uv": [11.5, 3, 13.5, 3.5], "texture": "#0"}
			}
		},
		{
			"from": [11.17403, 0, 7.63582],
			"to": [11.82403, 0.1, 8.36082],
			"rotation": {"angle": 0, "axis": "y", "origin": [20.22403, 7.1, 13.33582]},
			"faces": {
				"north": {"uv": [11.5, 3, 13.5, 3.5], "texture": "#0"},
				"east": {"uv": [11.5, 3, 13.5, 3.5], "texture": "#0"},
				"south": {"uv": [11.5, 3, 13.5, 3.5], "texture": "#0"},
				"west": {"uv": [11.5, 3, 13.5, 3.5], "texture": "#0"},
				"up": {"uv": [11.5, 3, 13.5, 3.5], "texture": "#0"},
				"down": {"uv": [11.5, 3, 13.5, 3.5], "texture": "#0"}
			}
		},
		{
			"from": [8.67403, 0, 7.63582],
			"to": [9.32403, 0.1, 8.36082],
			"rotation": {"angle": 0, "axis": "y", "origin": [20.22403, 7.1, 13.33582]},
			"faces": {
				"north": {"uv": [11.5, 3, 13.5, 3.5], "texture": "#0"},
				"east": {"uv": [11.5, 3, 13.5, 3.5], "texture": "#0"},
				"south": {"uv": [11.5, 3, 13.5, 3.5], "texture": "#0"},
				"west": {"uv": [11.5, 3, 13.5, 3.5], "texture": "#0"},
				"up": {"uv": [11.5, 3, 13.5, 3.5], "texture": "#0"},
				"down": {"uv": [11.5, 3, 13.5, 3.5], "texture": "#0"}
			}
		},
		{
			"from": [11.17403, 0.1, 7.63582],
			"to": [11.82403, 1.1, 8.36082],
			"rotation": {"angle": 0, "axis": "y", "origin": [20.22403, 8.1, 13.33582]},
			"faces": {
				"north": {"uv": [11.5, 3, 13.5, 3.5], "texture": "#0"},
				"east": {"uv": [11.5, 3, 13.5, 3.5], "texture": "#0"},
				"south": {"uv": [11.5, 3, 13.5, 3.5], "texture": "#0"},
				"west": {"uv": [11.5, 3, 13.5, 3.5], "texture": "#0"},
				"up": {"uv": [11.5, 3, 13.5, 3.5], "texture": "#0"},
				"down": {"uv": [11.5, 3, 13.5, 3.5], "texture": "#0"}
			}
		},
		{
			"from": [6.07747, 0.1, 9.19937],
			"to": [6.67747, 1.1, 10.69937],
			"rotation": {"angle": -22.5, "axis": "y", "origin": [15.07747, 8.1, 15.69937]},
			"faces": {
				"north": {"uv": [11.5, 3, 13.5, 3.5], "texture": "#0"},
				"east": {"uv": [11.5, 3, 13.5, 3.5], "texture": "#0"},
				"south": {"uv": [11.5, 3, 13.5, 3.5], "texture": "#0"},
				"west": {"uv": [11.5, 3, 13.5, 3.5], "texture": "#0"},
				"up": {"uv": [11.5, 3, 13.5, 3.5], "texture": "#0"},
				"down": {"uv": [11.5, 3, 13.5, 3.5], "texture": "#0"}
			}
		},
		{
			"from": [1.57747, 0.1, 9.19937],
			"to": [2.17747, 1.1, 10.69937],
			"rotation": {"angle": -22.5, "axis": "y", "origin": [10.57747, 8.1, 15.69937]},
			"faces": {
				"north": {"uv": [11.5, 3, 13.5, 3.5], "texture": "#0"},
				"east": {"uv": [11.5, 3, 13.5, 3.5], "texture": "#0"},
				"south": {"uv": [11.5, 3, 13.5, 3.5], "texture": "#0"},
				"west": {"uv": [11.5, 3, 13.5, 3.5], "texture": "#0"},
				"up": {"uv": [11.5, 3, 13.5, 3.5], "texture": "#0"},
				"down": {"uv": [11.5, 3, 13.5, 3.5], "texture": "#0"}
			}
		},
		{
			"from": [1.57747, 1.1, 9.19937],
			"to": [2.17747, 1.2, 10.69937],
			"rotation": {"angle": -22.5, "axis": "y", "origin": [10.57747, 8.2, 15.69937]},
			"faces": {
				"north": {"uv": [11.5, 3, 13.5, 3.5], "texture": "#0"},
				"east": {"uv": [11.5, 3, 13.5, 3.5], "texture": "#0"},
				"south": {"uv": [11.5, 3, 13.5, 3.5], "texture": "#0"},
				"west": {"uv": [11.5, 3, 13.5, 3.5], "texture": "#0"},
				"up": {"uv": [11.5, 3, 13.5, 3.5], "texture": "#0"},
				"down": {"uv": [11.5, 3, 13.5, 3.5], "texture": "#0"}
			}
		},
		{
			"from": [1.57747, 0, 9.19937],
			"to": [2.17747, 0.1, 10.69937],
			"rotation": {"angle": -22.5, "axis": "y", "origin": [10.57747, 7.1, 15.69937]},
			"faces": {
				"north": {"uv": [11.5, 3, 13.5, 3.5], "texture": "#0"},
				"east": {"uv": [11.5, 3, 13.5, 3.5], "texture": "#0"},
				"south": {"uv": [11.5, 3, 13.5, 3.5], "texture": "#0"},
				"west": {"uv": [11.5, 3, 13.5, 3.5], "texture": "#0"},
				"up": {"uv": [11.5, 3, 13.5, 3.5], "texture": "#0"},
				"down": {"uv": [11.5, 3, 13.5, 3.5], "texture": "#0"}
			}
		},
		{
			"from": [3.59912, 0, 11.08058],
			"to": [4.19912, 0.1, 12.58058],
			"rotation": {"angle": -22.5, "axis": "y", "origin": [12.59912, 7.1, 17.58058]},
			"faces": {
				"north": {"uv": [11.5, 3, 13.5, 3.5], "texture": "#0"},
				"east": {"uv": [11.5, 3, 13.5, 3.5], "texture": "#0"},
				"south": {"uv": [11.5, 3, 13.5, 3.5], "texture": "#0"},
				"west": {"uv": [11.5, 3, 13.5, 3.5], "texture": "#0"},
				"up": {"uv": [11.5, 3, 13.5, 3.5], "texture": "#0"},
				"down": {"uv": [11.5, 3, 13.5, 3.5], "texture": "#0"}
			}
		},
		{
			"from": [6.07747, 1.1, 9.19937],
			"to": [6.67747, 1.2, 10.69937],
			"rotation": {"angle": -22.5, "axis": "y", "origin": [15.07747, 8.2, 15.69937]},
			"faces": {
				"north": {"uv": [11.5, 3, 13.5, 3.5], "texture": "#0"},
				"east": {"uv": [11.5, 3, 13.5, 3.5], "texture": "#0"},
				"south": {"uv": [11.5, 3, 13.5, 3.5], "texture": "#0"},
				"west": {"uv": [11.5, 3, 13.5, 3.5], "texture": "#0"},
				"up": {"uv": [11.5, 3, 13.5, 3.5], "texture": "#0"},
				"down": {"uv": [11.5, 3, 13.5, 3.5], "texture": "#0"}
			}
		},
		{
			"from": [6.07747, 0, 9.19937],
			"to": [6.67747, 0.1, 10.69937],
			"rotation": {"angle": -22.5, "axis": "y", "origin": [15.07747, 7.1, 15.69937]},
			"faces": {
				"north": {"uv": [11.5, 3, 13.5, 3.5], "texture": "#0"},
				"east": {"uv": [11.5, 3, 13.5, 3.5], "texture": "#0"},
				"south": {"uv": [11.5, 3, 13.5, 3.5], "texture": "#0"},
				"west": {"uv": [11.5, 3, 13.5, 3.5], "texture": "#0"},
				"up": {"uv": [11.5, 3, 13.5, 3.5], "texture": "#0"},
				"down": {"uv": [11.5, 3, 13.5, 3.5], "texture": "#0"}
			}
		},
		{
			"from": [7.99803, 0.1, 2.54068],
			"to": [8.59803, 1.1, 4.04068],
			"rotation": {"angle": 22.5, "axis": "y", "origin": [16.99803, 8.1, 9.04068]},
			"faces": {
				"north": {"uv": [11.5, 3, 13.5, 3.5], "texture": "#0"},
				"east": {"uv": [11.5, 3, 13.5, 3.5], "texture": "#0"},
				"south": {"uv": [11.5, 3, 13.5, 3.5], "texture": "#0"},
				"west": {"uv": [11.5, 3, 13.5, 3.5], "texture": "#0"},
				"up": {"uv": [11.5, 3, 13.5, 3.5], "texture": "#0"},
				"down": {"uv": [11.5, 3, 13.5, 3.5], "texture": "#0"}
			}
		},
		{
			"from": [7.99803, 1.1, 2.54068],
			"to": [8.59803, 1.2, 4.04068],
			"rotation": {"angle": 22.5, "axis": "y", "origin": [16.99803, 8.2, 9.04068]},
			"faces": {
				"north": {"uv": [11.5, 3, 13.5, 3.5], "texture": "#0"},
				"east": {"uv": [11.5, 3, 13.5, 3.5], "texture": "#0"},
				"south": {"uv": [11.5, 3, 13.5, 3.5], "texture": "#0"},
				"west": {"uv": [11.5, 3, 13.5, 3.5], "texture": "#0"},
				"up": {"uv": [11.5, 3, 13.5, 3.5], "texture": "#0"},
				"down": {"uv": [11.5, 3, 13.5, 3.5], "texture": "#0"}
			}
		},
		{
			"from": [7.99803, 0, 2.54068],
			"to": [8.59803, 0.1, 4.04068],
			"rotation": {"angle": 22.5, "axis": "y", "origin": [16.99803, 7.1, 9.04068]},
			"faces": {
				"north": {"uv": [11.5, 3, 13.5, 3.5], "texture": "#0"},
				"east": {"uv": [11.5, 3, 13.5, 3.5], "texture": "#0"},
				"south": {"uv": [11.5, 3, 13.5, 3.5], "texture": "#0"},
				"west": {"uv": [11.5, 3, 13.5, 3.5], "texture": "#0"},
				"up": {"uv": [11.5, 3, 13.5, 3.5], "texture": "#0"},
				"down": {"uv": [11.5, 3, 13.5, 3.5], "texture": "#0"}
			}
		},
		{
			"from": [12.49803, 1.1, 2.54068],
			"to": [13.09803, 1.2, 4.04068],
			"rotation": {"angle": 22.5, "axis": "y", "origin": [21.49803, 8.2, 9.04068]},
			"faces": {
				"north": {"uv": [11.5, 3, 13.5, 3.5], "texture": "#0"},
				"east": {"uv": [11.5, 3, 13.5, 3.5], "texture": "#0"},
				"south": {"uv": [11.5, 3, 13.5, 3.5], "texture": "#0"},
				"west": {"uv": [11.5, 3, 13.5, 3.5], "texture": "#0"},
				"up": {"uv": [11.5, 3, 13.5, 3.5], "texture": "#0"},
				"down": {"uv": [11.5, 3, 13.5, 3.5], "texture": "#0"}
			}
		},
		{
			"from": [12.49803, 0, 2.54068],
			"to": [13.09803, 0.1, 4.04068],
			"rotation": {"angle": 22.5, "axis": "y", "origin": [21.49803, 7.1, 9.04068]},
			"faces": {
				"north": {"uv": [11.5, 3, 13.5, 3.5], "texture": "#0"},
				"east": {"uv": [11.5, 3, 13.5, 3.5], "texture": "#0"},
				"south": {"uv": [11.5, 3, 13.5, 3.5], "texture": "#0"},
				"west": {"uv": [11.5, 3, 13.5, 3.5], "texture": "#0"},
				"up": {"uv": [11.5, 3, 13.5, 3.5], "texture": "#0"},
				"down": {"uv": [11.5, 3, 13.5, 3.5], "texture": "#0"}
			}
		},
		{
			"from": [10.47638, 0, 4.42189],
			"to": [11.07638, 0.1, 5.92189],
			"rotation": {"angle": 22.5, "axis": "y", "origin": [19.47638, 7.1, 10.92189]},
			"faces": {
				"north": {"uv": [11.5, 3, 13.5, 3.5], "texture": "#0"},
				"east": {"uv": [11.5, 3, 13.5, 3.5], "texture": "#0"},
				"south": {"uv": [11.5, 3, 13.5, 3.5], "texture": "#0"},
				"west": {"uv": [11.5, 3, 13.5, 3.5], "texture": "#0"},
				"up": {"uv": [11.5, 3, 13.5, 3.5], "texture": "#0"},
				"down": {"uv": [11.5, 3, 13.5, 3.5], "texture": "#0"}
			}
		},
		{
			"from": [12.49803, 0.1, 2.54068],
			"to": [13.09803, 1.1, 4.04068],
			"rotation": {"angle": 22.5, "axis": "y", "origin": [21.49803, 8.1, 9.04068]},
			"faces": {
				"north": {"uv": [11.5, 3, 13.5, 3.5], "texture": "#0"},
				"east": {"uv": [11.5, 3, 13.5, 3.5], "texture": "#0"},
				"south": {"uv": [11.5, 3, 13.5, 3.5], "texture": "#0"},
				"west": {"uv": [11.5, 3, 13.5, 3.5], "texture": "#0"},
				"up": {"uv": [11.5, 3, 13.5, 3.5], "texture": "#0"},
				"down": {"uv": [11.5, 3, 13.5, 3.5], "texture": "#0"}
			}
		},
		{
			"from": [5.97833, 0.1, 4.42189],
			"to": [6.57833, 1.1, 5.92189],
			"rotation": {"angle": 22.5, "axis": "y", "origin": [14.97833, 8.1, 10.92189]},
			"faces": {
				"north": {"uv": [11.5, 3, 13.5, 3.5], "texture": "#0"},
				"east": {"uv": [11.5, 3, 13.5, 3.5], "texture": "#0"},
				"south": {"uv": [11.5, 3, 13.5, 3.5], "texture": "#0"},
				"west": {"uv": [11.5, 3, 13.5, 3.5], "texture": "#0"},
				"up": {"uv": [11.5, 3, 13.5, 3.5], "texture": "#0"},
				"down": {"uv": [11.5, 3, 13.5, 3.5], "texture": "#0"}
			}
		},
		{
			"from": [5.97833, 1.1, 4.42189],
			"to": [6.57833, 1.2, 5.92189],
			"rotation": {"angle": 22.5, "axis": "y", "origin": [14.97833, 8.2, 10.92189]},
			"faces": {
				"north": {"uv": [11.5, 3, 13.5, 3.5], "texture": "#0"},
				"east": {"uv": [11.5, 3, 13.5, 3.5], "texture": "#0"},
				"south": {"uv": [11.5, 3, 13.5, 3.5], "texture": "#0"},
				"west": {"uv": [11.5, 3, 13.5, 3.5], "texture": "#0"},
				"up": {"uv": [11.5, 3, 13.5, 3.5], "texture": "#0"},
				"down": {"uv": [11.5, 3, 13.5, 3.5], "texture": "#0"}
			}
		},
		{
			"from": [5.97833, 0, 4.42189],
			"to": [6.57833, 0.1, 5.92189],
			"rotation": {"angle": 22.5, "axis": "y", "origin": [14.97833, 7.1, 10.92189]},
			"faces": {
				"north": {"uv": [11.5, 3, 13.5, 3.5], "texture": "#0"},
				"east": {"uv": [11.5, 3, 13.5, 3.5], "texture": "#0"},
				"south": {"uv": [11.5, 3, 13.5, 3.5], "texture": "#0"},
				"west": {"uv": [11.5, 3, 13.5, 3.5], "texture": "#0"},
				"up": {"uv": [11.5, 3, 13.5, 3.5], "texture": "#0"},
				"down": {"uv": [11.5, 3, 13.5, 3.5], "texture": "#0"}
			}
		},
		{
			"from": [10.47833, 1.1, 4.42189],
			"to": [11.07833, 1.2, 5.92189],
			"rotation": {"angle": 22.5, "axis": "y", "origin": [19.47833, 8.2, 10.92189]},
			"faces": {
				"north": {"uv": [11.5, 3, 13.5, 3.5], "texture": "#0"},
				"east": {"uv": [11.5, 3, 13.5, 3.5], "texture": "#0"},
				"south": {"uv": [11.5, 3, 13.5, 3.5], "texture": "#0"},
				"west": {"uv": [11.5, 3, 13.5, 3.5], "texture": "#0"},
				"up": {"uv": [11.5, 3, 13.5, 3.5], "texture": "#0"},
				"down": {"uv": [11.5, 3, 13.5, 3.5], "texture": "#0"}
			}
		},
		{
			"from": [10.47833, 0.1, 4.42189],
			"to": [11.07833, 1.1, 5.92189],
			"rotation": {"angle": 22.5, "axis": "y", "origin": [19.47833, 8.1, 10.92189]},
			"faces": {
				"north": {"uv": [11.5, 3, 13.5, 3.5], "texture": "#0"},
				"east": {"uv": [11.5, 3, 13.5, 3.5], "texture": "#0"},
				"south": {"uv": [11.5, 3, 13.5, 3.5], "texture": "#0"},
				"west": {"uv": [11.5, 3, 13.5, 3.5], "texture": "#0"},
				"up": {"uv": [11.5, 3, 13.5, 3.5], "texture": "#0"},
				"down": {"uv": [11.5, 3, 13.5, 3.5], "texture": "#0"}
			}
		},
		{
			"from": [3.59717, 0.1, 11.08394],
			"to": [4.19717, 1.1, 12.58394],
			"rotation": {"angle": -22.5, "axis": "y", "origin": [12.59717, 8.1, 17.58394]},
			"faces": {
				"north": {"uv": [11.5, 3, 13.5, 3.5], "texture": "#0"},
				"east": {"uv": [11.5, 3, 13.5, 3.5], "texture": "#0"},
				"south": {"uv": [11.5, 3, 13.5, 3.5], "texture": "#0"},
				"west": {"uv": [11.5, 3, 13.5, 3.5], "texture": "#0"},
				"up": {"uv": [11.5, 3, 13.5, 3.5], "texture": "#0"},
				"down": {"uv": [11.5, 3, 13.5, 3.5], "texture": "#0"}
			}
		},
		{
			"from": [3.59717, 1.1, 11.08394],
			"to": [4.19717, 1.2, 12.58394],
			"rotation": {"angle": -22.5, "axis": "y", "origin": [12.59717, 8.2, 17.58394]},
			"faces": {
				"north": {"uv": [11.5, 3, 13.5, 3.5], "texture": "#0"},
				"east": {"uv": [11.5, 3, 13.5, 3.5], "texture": "#0"},
				"south": {"uv": [11.5, 3, 13.5, 3.5], "texture": "#0"},
				"west": {"uv": [11.5, 3, 13.5, 3.5], "texture": "#0"},
				"up": {"uv": [11.5, 3, 13.5, 3.5], "texture": "#0"},
				"down": {"uv": [11.5, 3, 13.5, 3.5], "texture": "#0"}
			}
		},
		{
			"from": [8.09717, 1.1, 11.08394],
			"to": [8.69717, 1.2, 12.58394],
			"rotation": {"angle": -22.5, "axis": "y", "origin": [17.09717, 8.2, 17.58394]},
			"faces": {
				"north": {"uv": [11.5, 3, 13.5, 3.5], "texture": "#0"},
				"east": {"uv": [11.5, 3, 13.5, 3.5], "texture": "#0"},
				"south": {"uv": [11.5, 3, 13.5, 3.5], "texture": "#0"},
				"west": {"uv": [11.5, 3, 13.5, 3.5], "texture": "#0"},
				"up": {"uv": [11.5, 3, 13.5, 3.5], "texture": "#0"},
				"down": {"uv": [11.5, 3, 13.5, 3.5], "texture": "#0"}
			}
		},
		{
			"from": [8.09717, 0, 11.08394],
			"to": [8.69717, 0.1, 12.58394],
			"rotation": {"angle": -22.5, "axis": "y", "origin": [17.09717, 7.1, 17.58394]},
			"faces": {
				"north": {"uv": [11.5, 3, 13.5, 3.5], "texture": "#0"},
				"east": {"uv": [11.5, 3, 13.5, 3.5], "texture": "#0"},
				"south": {"uv": [11.5, 3, 13.5, 3.5], "texture": "#0"},
				"west": {"uv": [11.5, 3, 13.5, 3.5], "texture": "#0"},
				"up": {"uv": [11.5, 3, 13.5, 3.5], "texture": "#0"},
				"down": {"uv": [11.5, 3, 13.5, 3.5], "texture": "#0"}
			}
		},
		{
			"from": [8.09717, 0.1, 11.08394],
			"to": [8.69717, 1.1, 12.58394],
			"rotation": {"angle": -22.5, "axis": "y", "origin": [17.09717, 8.1, 17.58394]},
			"faces": {
				"north": {"uv": [11.5, 3, 13.5, 3.5], "texture": "#0"},
				"east": {"uv": [11.5, 3, 13.5, 3.5], "texture": "#0"},
				"south": {"uv": [11.5, 3, 13.5, 3.5], "texture": "#0"},
				"west": {"uv": [11.5, 3, 13.5, 3.5], "texture": "#0"},
				"up": {"uv": [11.5, 3, 13.5, 3.5], "texture": "#0"},
				"down": {"uv": [11.5, 3, 13.5, 3.5], "texture": "#0"}
			}
		},
		{
			"from": [4.75, 0.1, 6.75],
			"to": [6.75, 1.1, 9.25],
			"rotation": {"angle": 0, "axis": "y", "origin": [12.75, 8.1, 15.75]},
			"faces": {
				"north": {"uv": [9, 3, 11, 5.5], "texture": "#0"},
				"east": {"uv": [9, 3, 11, 5.5], "texture": "#0"},
				"south": {"uv": [9, 3, 11, 5.5], "texture": "#0"},
				"west": {"uv": [9, 3, 11, 5.5], "texture": "#0"},
				"up": {"uv": [9, 3, 11, 5.5], "texture": "#0"},
				"down": {"uv": [9, 3, 11, 5.5], "texture": "#0"}
			}
		},
		{
			"from": [9.25, 0.1, 6.75],
			"to": [11.25, 1.1, 9.25],
			"rotation": {"angle": 0, "axis": "y", "origin": [17.25, 8.1, 15.75]},
			"faces": {
				"north": {"uv": [9, 3, 11, 5.5], "texture": "#0"},
				"east": {"uv": [9, 3, 11, 5.5], "texture": "#0"},
				"south": {"uv": [9, 3, 11, 5.5], "texture": "#0"},
				"west": {"uv": [9, 3, 11, 5.5], "texture": "#0"},
				"up": {"uv": [9, 3, 11, 5.5], "texture": "#0"},
				"down": {"uv": [9, 3, 11, 5.5], "texture": "#0"}
			}
		}
	],
	"display": {
		"thirdperson_righthand": {
			"rotation": [0, 128, 0],
			"translation": [0, 6.75, 0]
		},
		"thirdperson_lefthand": {
			"rotation": [0, 128, 0],
			"translation": [0, 6.75, 0]
		},
		"firstperson_righthand": {
			"rotation": [0, 128, 0],
			"translation": [0, 6.65, 0]
		},
		"firstperson_lefthand": {
			"rotation": [0, 128, 0],
			"translation": [0, 6.75, 0]
		},
		"ground": {
			"translation": [0, 5.25, 0]
		},
		"gui": {
			"rotation": [12, 136, 0],
			"translation": [0, 5.75, 0],
			"scale": [1.5, 1.5, 1.5]
		},
		"head": {
			"translation": [0, 29, -2],
			"scale": [2.9, 2.9, 2.9]
		},
		"fixed": {
			"translation": [0, 7.25, -3.25],
			"scale": [2, 2, 2]
		}
	},
	"groups": [
		{
			"name": "goomba",
			"origin": [8, 8, 8],
			"children": [
				{
					"name": "body",
					"origin": [21.31371, 9, 9.82843],
					"children": [
						{
							"name": "stem",
							"origin": [21.31371, 9, 9.82843],
							"children": [0, 1, 2, 3, 4, 5, 6, 7, 8]
						},
						{
							"name": "top",
							"origin": [21.31371, 9, 9.82843],
							"children": [9, 10, 11, 12, 13, 14, 15, 16, 17, 18, 19, 20, 21, 22, 23, 24, 25, 26, 27, 28, 29, 30, 31, 32, 33, 34, 35, 36, 37, 38, 39, 40, 41, 42, 43, 44, 45, 46, 47, 48, 49, 50, 51, 52, 53, 54, 55, 56, 57, 58, 59, 60, 61, 62, 63, 64, 65, 66]
						},
						{
							"name": "teeth",
							"origin": [21.31371, 9, 9.82843],
							"children": [67, 68]
						},
						{
							"name": "eyes",
							"origin": [21.31371, 9, 9.82843],
							"children": [69, 70]
						},
						{
							"name": "eyebrows",
							"origin": [21.31371, 9, 9.82843],
							"children": [71, 72, 73, 74]
						}
					]
				},
				{
					"name": "feet",
					"origin": [13.25, 8, 13.25],
					"children": [
						{
							"name": "darkBrown",
							"origin": [17.09717, 8, 17.58394],
							"children": [75, 76, 77, 78, 79, 80, 81, 82, 83, 84, 85, 86, 87, 88, 89, 90, 91, 92, 93, 94, 95, 96, 97, 98, 99, 100, 101, 102, 103, 104, 105, 106, 107, 108, 109, 110, 111, 112, 113, 114, 115, 116, 117, 118, 119, 120]
						},
						{
							"name": "lightBrown",
							"origin": [17.25, 8, 15.75],
							"children": [121, 122]
						}
					]
				}
			]
		}
	]
}