{
	"credit": "Made with Blockbench",
	"textures": {
		"0": "block/quartz_pillar",
		"1": "paradisu:custom/amitysign",
		"2": "block/yellow_stained_glass",
		"particle": "block/quartz_pillar"
	},
	"elements": [
		{
			"from": [-5.75, 6.25, 7],
			"to": [21, 19.25, 8],
			"faces": {
				"north": {"uv": [0, 0, 16, 16], "texture": "#1"},
				"east": {"uv": [0, 0, 1, 13], "texture": "#0"},
				"south": {"uv": [0, 0, 16, 13], "texture": "#0"},
				"west": {"uv": [0, 0, 1, 13], "texture": "#0"},
				"up": {"uv": [0, 4, 16, 11], "texture": "#0"},
				"down": {"uv": [0, 0, 16, 1], "texture": "#missing"}
			}
		},
		{
			"from": [-6.25, 19.25, 7],
			"to": [21.5, 20, 8],
			"faces": {
				"north": {"uv": [4, 4, 8, 16], "texture": "#0"},
				"east": {"uv": [4, 4, 5, 4.75], "texture": "#0"},
				"south": {"uv": [4, 4, 5, 4.75], "texture": "#0"},
				"west": {"uv": [4, 4, 5, 4.75], "texture": "#0"},
				"up": {"uv": [4, 4, 5, 4.75], "texture": "#0"},
				"down": {"uv": [4, 4, 5, 4.75], "texture": "#0"}
			}
		},
		{
			"from": [-6.25, 20, 6.75],
			"to": [21.25, 20.5, 8],
			"faces": {
				"north": {"uv": [4, 4, 8, 16], "texture": "#0"},
				"east": {"uv": [4, 4, 5, 4.75], "texture": "#0"},
				"south": {"uv": [4, 4, 5, 4.75], "texture": "#0"},
				"west": {"uv": [4, 4, 5, 4.75], "texture": "#0"},
				"up": {"uv": [4, 4, 5, 4.75], "texture": "#0"},
				"down": {"uv": [4, 4, 5, 4.75], "texture": "#0"}
			}
		},
		{
			"from": [-1.75, 20.5, 6.75],
			"to": [-1, 20.75, 8],
			"faces": {
				"north": {"uv": [4, 4, 5, 4.75], "texture": "#0"},
				"east": {"uv": [4, 4, 5, 4.75], "texture": "#0"},
				"south": {"uv": [4, 4, 5, 4.75], "texture": "#0"},
				"west": {"uv": [4, 4, 5, 4.75], "texture": "#0"},
				"up": {"uv": [4, 4, 5, 4.75], "texture": "#0"},
				"down": {"uv": [4, 4, 5, 4.75], "texture": "#0"}
			}
		},
		{
			"from": [11, 20.5, 6.75],
			"to": [11.75, 20.75, 8],
			"faces": {
				"north": {"uv": [4, 4, 5, 4.75], "texture": "#0"},
				"east": {"uv": [4, 4, 5, 4.75], "texture": "#0"},
				"south": {"uv": [4, 4, 5, 4.75], "texture": "#0"},
				"west": {"uv": [4, 4, 5, 4.75], "texture": "#0"},
				"up": {"uv": [4, 4, 5, 4.75], "texture": "#0"},
				"down": {"uv": [4, 4, 5, 4.75], "texture": "#0"}
			}
		},
		{
			"from": [3.5, 20.5, 6.75],
			"to": [4.25, 20.75, 8],
			"faces": {
				"north": {"uv": [4, 4, 5, 4.75], "texture": "#0"},
				"east": {"uv": [4, 4, 5, 4.75], "texture": "#0"},
				"south": {"uv": [4, 4, 5, 4.75], "texture": "#0"},
				"west": {"uv": [4, 4, 5, 4.75], "texture": "#0"},
				"up": {"uv": [4, 4, 5, 4.75], "texture": "#0"},
				"down": {"uv": [4, 4, 5, 4.75], "texture": "#0"}
			}
		},
		{
			"from": [16.25, 20.5, 6.75],
			"to": [17, 20.75, 8],
			"faces": {
				"north": {"uv": [4, 4, 5, 4.75], "texture": "#0"},
				"east": {"uv": [4, 4, 5, 4.75], "texture": "#0"},
				"south": {"uv": [4, 4, 5, 4.75], "texture": "#0"},
				"west": {"uv": [4, 4, 5, 4.75], "texture": "#0"},
				"up": {"uv": [4, 4, 5, 4.75], "texture": "#0"},
				"down": {"uv": [4, 4, 5, 4.75], "texture": "#0"}
			}
		},
		{
			"from": [16.5, 20.75, 7],
			"to": [16.75, 21, 7.75],
			"faces": {
				"north": {"uv": [4, 4, 5, 4.75], "texture": "#0"},
				"east": {"uv": [4, 4, 5, 4.75], "texture": "#0"},
				"south": {"uv": [4, 4, 5, 4.75], "texture": "#0"},
				"west": {"uv": [4, 4, 5, 4.75], "texture": "#0"},
				"up": {"uv": [4, 4, 5, 4.75], "texture": "#0"},
				"down": {"uv": [4, 4, 5, 4.75], "texture": "#0"}
			}
		},
		{
			"from": [11.25, 20.75, 7],
			"to": [11.5, 21, 7.75],
			"faces": {
				"north": {"uv": [4, 4, 5, 4.75], "texture": "#0"},
				"east": {"uv": [4, 4, 5, 4.75], "texture": "#0"},
				"south": {"uv": [4, 4, 5, 4.75], "texture": "#0"},
				"west": {"uv": [4, 4, 5, 4.75], "texture": "#0"},
				"up": {"uv": [4, 4, 5, 4.75], "texture": "#0"},
				"down": {"uv": [4, 4, 5, 4.75], "texture": "#0"}
			}
		},
		{
			"from": [3.75, 20.75, 7],
			"to": [4, 21, 7.75],
			"faces": {
				"north": {"uv": [4, 4, 5, 4.75], "texture": "#0"},
				"east": {"uv": [4, 4, 5, 4.75], "texture": "#0"},
				"south": {"uv": [4, 4, 5, 4.75], "texture": "#0"},
				"west": {"uv": [4, 4, 5, 4.75], "texture": "#0"},
				"up": {"uv": [4, 4, 5, 4.75], "texture": "#0"},
				"down": {"uv": [4, 4, 5, 4.75], "texture": "#0"}
			}
		},
		{
			"from": [-1.5, 20.75, 7],
			"to": [-1.25, 21, 7.75],
			"faces": {
				"north": {"uv": [4, 4, 5, 4.75], "texture": "#0"},
				"east": {"uv": [4, 4, 5, 4.75], "texture": "#0"},
				"south": {"uv": [4, 4, 5, 4.75], "texture": "#0"},
				"west": {"uv": [4, 4, 5, 4.75], "texture": "#0"},
				"up": {"uv": [4, 4, 5, 4.75], "texture": "#0"},
				"down": {"uv": [4, 4, 5, 4.75], "texture": "#0"}
			}
		},
		{
			"from": [16.5, 21, 7.25],
			"to": [16.75, 22.75, 7.5],
			"faces": {
				"north": {"uv": [4, 4, 5, 4.75], "texture": "#0"},
				"east": {"uv": [4, 4, 5, 4.75], "texture": "#0"},
				"south": {"uv": [4, 4, 5, 4.75], "texture": "#0"},
				"west": {"uv": [4, 4, 5, 4.75], "texture": "#0"},
				"up": {"uv": [4, 4, 5, 4.75], "texture": "#0"},
				"down": {"uv": [4, 4, 5, 4.75], "texture": "#0"}
			}
		},
		{
			"from": [11.25, 21, 7.25],
			"to": [11.5, 22.75, 7.5],
			"faces": {
				"north": {"uv": [4, 4, 5, 4.75], "texture": "#0"},
				"east": {"uv": [4, 4, 5, 4.75], "texture": "#0"},
				"south": {"uv": [4, 4, 5, 4.75], "texture": "#0"},
				"west": {"uv": [4, 4, 5, 4.75], "texture": "#0"},
				"up": {"uv": [4, 4, 5, 4.75], "texture": "#0"},
				"down": {"uv": [4, 4, 5, 4.75], "texture": "#0"}
			}
		},
		{
			"from": [3.75, 21, 7.25],
			"to": [4, 22.75, 7.5],
			"faces": {
				"north": {"uv": [4, 4, 5, 4.75], "texture": "#0"},
				"east": {"uv": [4, 4, 5, 4.75], "texture": "#0"},
				"south": {"uv": [4, 4, 5, 4.75], "texture": "#0"},
				"west": {"uv": [4, 4, 5, 4.75], "texture": "#0"},
				"up": {"uv": [4, 4, 5, 4.75], "texture": "#0"},
				"down": {"uv": [4, 4, 5, 4.75], "texture": "#0"}
			}
		},
		{
			"from": [-1.5, 21, 7.25],
			"to": [-1.25, 22.75, 7.5],
			"faces": {
				"north": {"uv": [4, 4, 8, 16], "texture": "#0"},
				"east": {"uv": [4, 4, 5, 4.75], "texture": "#0"},
				"south": {"uv": [4, 4, 5, 4.75], "texture": "#0"},
				"west": {"uv": [4, 4, 5, 4.75], "texture": "#0"},
				"up": {"uv": [4, 4, 5, 4.75], "texture": "#0"},
				"down": {"uv": [4, 4, 5, 4.75], "texture": "#0"}
			}
		},
		{
			"from": [16.5, 22.75, 7],
			"to": [16.75, 23.25, 7.25],
			"faces": {
				"north": {"uv": [4, 4, 5, 4.75], "texture": "#0"},
				"east": {"uv": [4, 4, 5, 4.75], "texture": "#0"},
				"south": {"uv": [4, 4, 5, 4.75], "texture": "#0"},
				"west": {"uv": [4, 4, 5, 4.75], "texture": "#0"},
				"up": {"uv": [4, 4, 5, 4.75], "texture": "#0"},
				"down": {"uv": [4, 4, 5, 4.75], "texture": "#0"}
			}
		},
		{
			"from": [11.25, 22.75, 7],
			"to": [11.5, 23.25, 7.25],
			"faces": {
				"north": {"uv": [4, 4, 5, 4.75], "texture": "#0"},
				"east": {"uv": [4, 4, 5, 4.75], "texture": "#0"},
				"south": {"uv": [4, 4, 5, 4.75], "texture": "#0"},
				"west": {"uv": [4, 4, 5, 4.75], "texture": "#0"},
				"up": {"uv": [4, 4, 5, 4.75], "texture": "#0"},
				"down": {"uv": [4, 4, 5, 4.75], "texture": "#0"}
			}
		},
		{
			"from": [3.75, 22.75, 7],
			"to": [4, 23.25, 7.25],
			"faces": {
				"north": {"uv": [4, 4, 5, 4.75], "texture": "#0"},
				"east": {"uv": [4, 4, 5, 4.75], "texture": "#0"},
				"south": {"uv": [4, 4, 5, 4.75], "texture": "#0"},
				"west": {"uv": [4, 4, 5, 4.75], "texture": "#0"},
				"up": {"uv": [4, 4, 5, 4.75], "texture": "#0"},
				"down": {"uv": [4, 4, 5, 4.75], "texture": "#0"}
			}
		},
		{
			"from": [-1.5, 22.75, 7],
			"to": [-1.25, 23.25, 7.25],
			"faces": {
				"north": {"uv": [4, 4, 8, 16], "texture": "#0"},
				"east": {"uv": [4, 4, 5, 4.75], "texture": "#0"},
				"south": {"uv": [4, 4, 5, 4.75], "texture": "#0"},
				"west": {"uv": [4, 4, 5, 4.75], "texture": "#0"},
				"up": {"uv": [4, 4, 5, 4.75], "texture": "#0"},
				"down": {"uv": [4, 4, 5, 4.75], "texture": "#0"}
			}
		},
		{
			"from": [16.5, 22.75, 5.5],
			"to": [16.75, 23.25, 5.75],
			"faces": {
				"north": {"uv": [4, 4, 5, 4.75], "texture": "#0"},
				"east": {"uv": [4, 4, 5, 4.75], "texture": "#0"},
				"south": {"uv": [4, 4, 5, 4.75], "texture": "#0"},
				"west": {"uv": [4, 4, 5, 4.75], "texture": "#0"},
				"up": {"uv": [4, 4, 5, 4.75], "texture": "#0"},
				"down": {"uv": [4, 4, 5, 4.75], "texture": "#0"}
			}
		},
		{
			"from": [11.25, 22.75, 5.5],
			"to": [11.5, 23.25, 5.75],
			"faces": {
				"north": {"uv": [4, 4, 5, 4.75], "texture": "#0"},
				"east": {"uv": [4, 4, 5, 4.75], "texture": "#0"},
				"south": {"uv": [4, 4, 5, 4.75], "texture": "#0"},
				"west": {"uv": [4, 4, 5, 4.75], "texture": "#0"},
				"up": {"uv": [4, 4, 5, 4.75], "texture": "#0"},
				"down": {"uv": [4, 4, 5, 4.75], "texture": "#0"}
			}
		},
		{
			"from": [3.75, 22.75, 5.5],
			"to": [4, 23.25, 5.75],
			"faces": {
				"north": {"uv": [4, 4, 5, 4.75], "texture": "#0"},
				"east": {"uv": [4, 4, 5, 4.75], "texture": "#0"},
				"south": {"uv": [4, 4, 5, 4.75], "texture": "#0"},
				"west": {"uv": [4, 4, 5, 4.75], "texture": "#0"},
				"up": {"uv": [4, 4, 5, 4.75], "texture": "#0"},
				"down": {"uv": [4, 4, 5, 4.75], "texture": "#0"}
			}
		},
		{
			"from": [-1.5, 22.75, 5.5],
			"to": [-1.25, 23.25, 5.75],
			"faces": {
				"north": {"uv": [4, 4, 8, 16], "texture": "#0"},
				"east": {"uv": [4, 4, 5, 4.75], "texture": "#0"},
				"south": {"uv": [4, 4, 5, 4.75], "texture": "#0"},
				"west": {"uv": [4, 4, 5, 4.75], "texture": "#0"},
				"up": {"uv": [4, 4, 5, 4.75], "texture": "#0"},
				"down": {"uv": [4, 4, 5, 4.75], "texture": "#0"}
			}
		},
		{
			"from": [16.5, 22.25, 5.5],
			"to": [16.75, 22.75, 5.75],
			"faces": {
				"north": {"uv": [4, 4, 5, 4.75], "texture": "#0"},
				"east": {"uv": [4, 4, 5, 4.75], "texture": "#0"},
				"south": {"uv": [4, 4, 5, 4.75], "texture": "#0"},
				"west": {"uv": [4, 4, 5, 4.75], "texture": "#0"},
				"up": {"uv": [4, 4, 5, 4.75], "texture": "#0"},
				"down": {"uv": [4, 4, 5, 4.75], "texture": "#0"}
			}
		},
		{
			"from": [11.25, 22.25, 5.5],
			"to": [11.5, 22.75, 5.75],
			"faces": {
				"north": {"uv": [4, 4, 5, 4.75], "texture": "#0"},
				"east": {"uv": [4, 4, 5, 4.75], "texture": "#0"},
				"south": {"uv": [4, 4, 5, 4.75], "texture": "#0"},
				"west": {"uv": [4, 4, 5, 4.75], "texture": "#0"},
				"up": {"uv": [4, 4, 5, 4.75], "texture": "#0"},
				"down": {"uv": [4, 4, 5, 4.75], "texture": "#0"}
			}
		},
		{
			"from": [11.25, 22, 5.25],
			"to": [11.5, 22.25, 6],
			"faces": {
				"north": {"uv": [4, 4, 5, 4.75], "texture": "#0"},
				"east": {"uv": [4, 4, 5, 4.75], "texture": "#0"},
				"south": {"uv": [4, 4, 5, 4.75], "texture": "#0"},
				"west": {"uv": [4, 4, 5, 4.75], "texture": "#0"},
				"up": {"uv": [4, 4, 5, 4.75], "texture": "#0"},
				"down": {"uv": [4, 4, 5, 4.75], "texture": "#0"}
			}
		},
		{
			"from": [3.75, 22, 5.25],
			"to": [4, 22.25, 6],
			"faces": {
				"north": {"uv": [4, 4, 5, 4.75], "texture": "#0"},
				"east": {"uv": [4, 4, 5, 4.75], "texture": "#0"},
				"south": {"uv": [4, 4, 5, 4.75], "texture": "#0"},
				"west": {"uv": [4, 4, 5, 4.75], "texture": "#0"},
				"up": {"uv": [4, 4, 5, 4.75], "texture": "#0"},
				"down": {"uv": [4, 4, 5, 4.75], "texture": "#0"}
			}
		},
		{
			"from": [16.5, 22, 5.25],
			"to": [16.75, 22.25, 6],
			"faces": {
				"north": {"uv": [4, 4, 5, 4.75], "texture": "#0"},
				"east": {"uv": [4, 4, 5, 4.75], "texture": "#0"},
				"south": {"uv": [4, 4, 5, 4.75], "texture": "#0"},
				"west": {"uv": [4, 4, 5, 4.75], "texture": "#0"},
				"up": {"uv": [4, 4, 5, 4.75], "texture": "#0"},
				"down": {"uv": [4, 4, 5, 4.75], "texture": "#0"}
			}
		},
		{
			"from": [-1.5, 22, 5.25],
			"to": [-1.25, 22.25, 6],
			"faces": {
				"north": {"uv": [4, 4, 5, 4.75], "texture": "#0"},
				"east": {"uv": [4, 4, 5, 4.75], "texture": "#0"},
				"south": {"uv": [4, 4, 5, 4.75], "texture": "#0"},
				"west": {"uv": [4, 4, 5, 4.75], "texture": "#0"},
				"up": {"uv": [4, 4, 5, 4.75], "texture": "#0"},
				"down": {"uv": [4, 4, 5, 4.75], "texture": "#0"}
			}
		},
		{
			"from": [11.5, 22, 5.5],
			"to": [11.75, 22.25, 5.75],
			"faces": {
				"north": {"uv": [4, 4, 5, 4.75], "texture": "#0"},
				"east": {"uv": [4, 4, 5, 4.75], "texture": "#0"},
				"south": {"uv": [4, 4, 5, 4.75], "texture": "#0"},
				"west": {"uv": [4, 4, 5, 4.75], "texture": "#0"},
				"up": {"uv": [4, 4, 5, 4.75], "texture": "#0"},
				"down": {"uv": [4, 4, 5, 4.75], "texture": "#0"}
			}
		},
		{
			"from": [4, 22, 5.5],
			"to": [4.25, 22.25, 5.75],
			"faces": {
				"north": {"uv": [4, 4, 5, 4.75], "texture": "#0"},
				"east": {"uv": [4, 4, 5, 4.75], "texture": "#0"},
				"south": {"uv": [4, 4, 5, 4.75], "texture": "#0"},
				"west": {"uv": [4, 4, 5, 4.75], "texture": "#0"},
				"up": {"uv": [4, 4, 5, 4.75], "texture": "#0"},
				"down": {"uv": [4, 4, 5, 4.75], "texture": "#0"}
			}
		},
		{
			"from": [16.75, 22, 5.5],
			"to": [17, 22.25, 5.75],
			"faces": {
				"north": {"uv": [4, 4, 5, 4.75], "texture": "#0"},
				"east": {"uv": [4, 4, 5, 4.75], "texture": "#0"},
				"south": {"uv": [4, 4, 5, 4.75], "texture": "#0"},
				"west": {"uv": [4, 4, 5, 4.75], "texture": "#0"},
				"up": {"uv": [4, 4, 5, 4.75], "texture": "#0"},
				"down": {"uv": [4, 4, 5, 4.75], "texture": "#0"}
			}
		},
		{
			"from": [-1.25, 22, 5.5],
			"to": [-1, 22.25, 5.75],
			"faces": {
				"north": {"uv": [4, 4, 5, 4.75], "texture": "#0"},
				"east": {"uv": [4, 4, 5, 4.75], "texture": "#0"},
				"south": {"uv": [4, 4, 5, 4.75], "texture": "#0"},
				"west": {"uv": [4, 4, 5, 4.75], "texture": "#0"},
				"up": {"uv": [4, 4, 5, 4.75], "texture": "#0"},
				"down": {"uv": [4, 4, 5, 4.75], "texture": "#0"}
			}
		},
		{
			"from": [11.75, 20.75, 5.25],
			"to": [12, 21.5, 5.5],
			"faces": {
				"north": {"uv": [4, 4, 5, 4.75], "texture": "#0"},
				"east": {"uv": [4, 4, 5, 4.75], "texture": "#0"},
				"south": {"uv": [4, 4, 5, 4.75], "texture": "#0"},
				"west": {"uv": [4, 4, 5, 4.75], "texture": "#0"},
				"up": {"uv": [4, 4, 5, 4.75], "texture": "#0"},
				"down": {"uv": [4, 4, 5, 4.75], "texture": "#0"}
			}
		},
		{
			"from": [4.25, 20.75, 5.25],
			"to": [4.5, 21.5, 5.5],
			"faces": {
				"north": {"uv": [4, 4, 5, 4.75], "texture": "#0"},
				"east": {"uv": [4, 4, 5, 4.75], "texture": "#0"},
				"south": {"uv": [4, 4, 5, 4.75], "texture": "#0"},
				"west": {"uv": [4, 4, 5, 4.75], "texture": "#0"},
				"up": {"uv": [4, 4, 5, 4.75], "texture": "#0"},
				"down": {"uv": [4, 4, 5, 4.75], "texture": "#0"}
			}
		},
		{
			"from": [17, 20.75, 5.25],
			"to": [17.25, 21.5, 5.5],
			"faces": {
				"north": {"uv": [4, 4, 5, 4.75], "texture": "#0"},
				"east": {"uv": [4, 4, 5, 4.75], "texture": "#0"},
				"south": {"uv": [4, 4, 5, 4.75], "texture": "#0"},
				"west": {"uv": [4, 4, 5, 4.75], "texture": "#0"},
				"up": {"uv": [4, 4, 5, 4.75], "texture": "#0"},
				"down": {"uv": [4, 4, 5, 4.75], "texture": "#0"}
			}
		},
		{
			"from": [-1, 20.75, 5.25],
			"to": [-0.75, 21.5, 5.5],
			"faces": {
				"north": {"uv": [4, 4, 5, 4.75], "texture": "#0"},
				"east": {"uv": [4, 4, 5, 4.75], "texture": "#0"},
				"south": {"uv": [4, 4, 5, 4.75], "texture": "#0"},
				"west": {"uv": [4, 4, 5, 4.75], "texture": "#0"},
				"up": {"uv": [4, 4, 5, 4.75], "texture": "#0"},
				"down": {"uv": [4, 4, 5, 4.75], "texture": "#0"}
			}
		},
		{
			"from": [10.75, 20.75, 5.25],
			"to": [11, 21.5, 5.5],
			"faces": {
				"north": {"uv": [4, 4, 5, 4.75], "texture": "#0"},
				"east": {"uv": [4, 4, 5, 4.75], "texture": "#0"},
				"south": {"uv": [4, 4, 5, 4.75], "texture": "#0"},
				"west": {"uv": [4, 4, 5, 4.75], "texture": "#0"},
				"up": {"uv": [4, 4, 5, 4.75], "texture": "#0"},
				"down": {"uv": [4, 4, 5, 4.75], "texture": "#0"}
			}
		},
		{
			"from": [3.25, 20.75, 5.25],
			"to": [3.5, 21.5, 5.5],
			"faces": {
				"north": {"uv": [4, 4, 5, 4.75], "texture": "#0"},
				"east": {"uv": [4, 4, 5, 4.75], "texture": "#0"},
				"south": {"uv": [4, 4, 5, 4.75], "texture": "#0"},
				"west": {"uv": [4, 4, 5, 4.75], "texture": "#0"},
				"up": {"uv": [4, 4, 5, 4.75], "texture": "#0"},
				"down": {"uv": [4, 4, 5, 4.75], "texture": "#0"}
			}
		},
		{
			"from": [16, 20.75, 5.25],
			"to": [16.25, 21.5, 5.5],
			"faces": {
				"north": {"uv": [4, 4, 5, 4.75], "texture": "#0"},
				"east": {"uv": [4, 4, 5, 4.75], "texture": "#0"},
				"south": {"uv": [4, 4, 5, 4.75], "texture": "#0"},
				"west": {"uv": [4, 4, 5, 4.75], "texture": "#0"},
				"up": {"uv": [4, 4, 5, 4.75], "texture": "#0"},
				"down": {"uv": [4, 4, 5, 4.75], "texture": "#0"}
			}
		},
		{
			"from": [-2, 20.75, 5.25],
			"to": [-1.75, 21.5, 5.5],
			"faces": {
				"north": {"uv": [4, 4, 5, 4.75], "texture": "#0"},
				"east": {"uv": [4, 4, 5, 4.75], "texture": "#0"},
				"south": {"uv": [4, 4, 5, 4.75], "texture": "#0"},
				"west": {"uv": [4, 4, 5, 4.75], "texture": "#0"},
				"up": {"uv": [4, 4, 5, 4.75], "texture": "#0"},
				"down": {"uv": [4, 4, 5, 4.75], "texture": "#0"}
			}
		},
		{
			"from": [10.75, 20.75, 5.75],
			"to": [11, 21.5, 6],
			"faces": {
				"north": {"uv": [4, 4, 5, 4.75], "texture": "#0"},
				"east": {"uv": [4, 4, 5, 4.75], "texture": "#0"},
				"south": {"uv": [4, 4, 5, 4.75], "texture": "#0"},
				"west": {"uv": [4, 4, 5, 4.75], "texture": "#0"},
				"up": {"uv": [4, 4, 5, 4.75], "texture": "#0"},
				"down": {"uv": [4, 4, 5, 4.75], "texture": "#0"}
			}
		},
		{
			"from": [3.25, 20.75, 5.75],
			"to": [3.5, 21.5, 6],
			"faces": {
				"north": {"uv": [4, 4, 5, 4.75], "texture": "#0"},
				"east": {"uv": [4, 4, 5, 4.75], "texture": "#0"},
				"south": {"uv": [4, 4, 5, 4.75], "texture": "#0"},
				"west": {"uv": [4, 4, 5, 4.75], "texture": "#0"},
				"up": {"uv": [4, 4, 5, 4.75], "texture": "#0"},
				"down": {"uv": [4, 4, 5, 4.75], "texture": "#0"}
			}
		},
		{
			"from": [16, 20.75, 5.75],
			"to": [16.25, 21.5, 6],
			"faces": {
				"north": {"uv": [4, 4, 5, 4.75], "texture": "#0"},
				"east": {"uv": [4, 4, 5, 4.75], "texture": "#0"},
				"south": {"uv": [4, 4, 5, 4.75], "texture": "#0"},
				"west": {"uv": [4, 4, 5, 4.75], "texture": "#0"},
				"up": {"uv": [4, 4, 5, 4.75], "texture": "#0"},
				"down": {"uv": [4, 4, 5, 4.75], "texture": "#0"}
			}
		},
		{
			"from": [-2, 20.75, 5.75],
			"to": [-1.75, 21.5, 6],
			"faces": {
				"north": {"uv": [4, 4, 5, 4.75], "texture": "#0"},
				"east": {"uv": [4, 4, 5, 4.75], "texture": "#0"},
				"south": {"uv": [4, 4, 5, 4.75], "texture": "#0"},
				"west": {"uv": [4, 4, 5, 4.75], "texture": "#0"},
				"up": {"uv": [4, 4, 5, 4.75], "texture": "#0"},
				"down": {"uv": [4, 4, 5, 4.75], "texture": "#0"}
			}
		},
		{
			"from": [11, 20.75, 6],
			"to": [11.25, 21.5, 6.25],
			"faces": {
				"north": {"uv": [4, 4, 5, 4.75], "texture": "#0"},
				"east": {"uv": [4, 4, 5, 4.75], "texture": "#0"},
				"south": {"uv": [4, 4, 5, 4.75], "texture": "#0"},
				"west": {"uv": [4, 4, 5, 4.75], "texture": "#0"},
				"up": {"uv": [4, 4, 5, 4.75], "texture": "#0"},
				"down": {"uv": [4, 4, 5, 4.75], "texture": "#0"}
			}
		},
		{
			"from": [3.5, 20.75, 6],
			"to": [3.75, 21.5, 6.25],
			"faces": {
				"north": {"uv": [4, 4, 5, 4.75], "texture": "#0"},
				"east": {"uv": [4, 4, 5, 4.75], "texture": "#0"},
				"south": {"uv": [4, 4, 5, 4.75], "texture": "#0"},
				"west": {"uv": [4, 4, 5, 4.75], "texture": "#0"},
				"up": {"uv": [4, 4, 5, 4.75], "texture": "#0"},
				"down": {"uv": [4, 4, 5, 4.75], "texture": "#0"}
			}
		},
		{
			"from": [16.25, 20.75, 6],
			"to": [16.5, 21.5, 6.25],
			"faces": {
				"north": {"uv": [4, 4, 5, 4.75], "texture": "#0"},
				"east": {"uv": [4, 4, 5, 4.75], "texture": "#0"},
				"south": {"uv": [4, 4, 5, 4.75], "texture": "#0"},
				"west": {"uv": [4, 4, 5, 4.75], "texture": "#0"},
				"up": {"uv": [4, 4, 5, 4.75], "texture": "#0"},
				"down": {"uv": [4, 4, 5, 4.75], "texture": "#0"}
			}
		},
		{
			"from": [-1.75, 20.75, 6],
			"to": [-1.5, 21.5, 6.25],
			"faces": {
				"north": {"uv": [4, 4, 5, 4.75], "texture": "#0"},
				"east": {"uv": [4, 4, 5, 4.75], "texture": "#0"},
				"south": {"uv": [4, 4, 5, 4.75], "texture": "#0"},
				"west": {"uv": [4, 4, 5, 4.75], "texture": "#0"},
				"up": {"uv": [4, 4, 5, 4.75], "texture": "#0"},
				"down": {"uv": [4, 4, 5, 4.75], "texture": "#0"}
			}
		},
		{
			"from": [11.5, 20.75, 6],
			"to": [11.75, 21.5, 6.25],
			"faces": {
				"north": {"uv": [4, 4, 5, 4.75], "texture": "#0"},
				"east": {"uv": [4, 4, 5, 4.75], "texture": "#0"},
				"south": {"uv": [4, 4, 5, 4.75], "texture": "#0"},
				"west": {"uv": [4, 4, 5, 4.75], "texture": "#0"},
				"up": {"uv": [4, 4, 5, 4.75], "texture": "#0"},
				"down": {"uv": [4, 4, 5, 4.75], "texture": "#0"}
			}
		},
		{
			"from": [4, 20.75, 6],
			"to": [4.25, 21.5, 6.25],
			"faces": {
				"north": {"uv": [4, 4, 5, 4.75], "texture": "#0"},
				"east": {"uv": [4, 4, 5, 4.75], "texture": "#0"},
				"south": {"uv": [4, 4, 5, 4.75], "texture": "#0"},
				"west": {"uv": [4, 4, 5, 4.75], "texture": "#0"},
				"up": {"uv": [4, 4, 5, 4.75], "texture": "#0"},
				"down": {"uv": [4, 4, 5, 4.75], "texture": "#0"}
			}
		},
		{
			"from": [16.75, 20.75, 6],
			"to": [17, 21.5, 6.25],
			"faces": {
				"north": {"uv": [4, 4, 5, 4.75], "texture": "#0"},
				"east": {"uv": [4, 4, 5, 4.75], "texture": "#0"},
				"south": {"uv": [4, 4, 5, 4.75], "texture": "#0"},
				"west": {"uv": [4, 4, 5, 4.75], "texture": "#0"},
				"up": {"uv": [4, 4, 5, 4.75], "texture": "#0"},
				"down": {"uv": [4, 4, 5, 4.75], "texture": "#0"}
			}
		},
		{
			"from": [-1.25, 20.75, 6],
			"to": [-1, 21.5, 6.25],
			"faces": {
				"north": {"uv": [4, 4, 5, 4.75], "texture": "#0"},
				"east": {"uv": [4, 4, 5, 4.75], "texture": "#0"},
				"south": {"uv": [4, 4, 5, 4.75], "texture": "#0"},
				"west": {"uv": [4, 4, 5, 4.75], "texture": "#0"},
				"up": {"uv": [4, 4, 5, 4.75], "texture": "#0"},
				"down": {"uv": [4, 4, 5, 4.75], "texture": "#0"}
			}
		},
		{
			"from": [11.5, 20.75, 5],
			"to": [11.75, 21.5, 5.25],
			"faces": {
				"north": {"uv": [4, 4, 5, 4.75], "texture": "#0"},
				"east": {"uv": [4, 4, 5, 4.75], "texture": "#0"},
				"south": {"uv": [4, 4, 5, 4.75], "texture": "#0"},
				"west": {"uv": [4, 4, 5, 4.75], "texture": "#0"},
				"up": {"uv": [4, 4, 5, 4.75], "texture": "#0"},
				"down": {"uv": [4, 4, 5, 4.75], "texture": "#0"}
			}
		},
		{
			"from": [4, 20.75, 5],
			"to": [4.25, 21.5, 5.25],
			"faces": {
				"north": {"uv": [4, 4, 5, 4.75], "texture": "#0"},
				"east": {"uv": [4, 4, 5, 4.75], "texture": "#0"},
				"south": {"uv": [4, 4, 5, 4.75], "texture": "#0"},
				"west": {"uv": [4, 4, 5, 4.75], "texture": "#0"},
				"up": {"uv": [4, 4, 5, 4.75], "texture": "#0"},
				"down": {"uv": [4, 4, 5, 4.75], "texture": "#0"}
			}
		},
		{
			"from": [16.75, 20.75, 5],
			"to": [17, 21.5, 5.25],
			"faces": {
				"north": {"uv": [4, 4, 5, 4.75], "texture": "#0"},
				"east": {"uv": [4, 4, 5, 4.75], "texture": "#0"},
				"south": {"uv": [4, 4, 5, 4.75], "texture": "#0"},
				"west": {"uv": [4, 4, 5, 4.75], "texture": "#0"},
				"up": {"uv": [4, 4, 5, 4.75], "texture": "#0"},
				"down": {"uv": [4, 4, 5, 4.75], "texture": "#0"}
			}
		},
		{
			"from": [-1.25, 20.75, 5],
			"to": [-1, 21.5, 5.25],
			"faces": {
				"north": {"uv": [4, 4, 5, 4.75], "texture": "#0"},
				"east": {"uv": [4, 4, 5, 4.75], "texture": "#0"},
				"south": {"uv": [4, 4, 5, 4.75], "texture": "#0"},
				"west": {"uv": [4, 4, 5, 4.75], "texture": "#0"},
				"up": {"uv": [4, 4, 5, 4.75], "texture": "#0"},
				"down": {"uv": [4, 4, 5, 4.75], "texture": "#0"}
			}
		},
		{
			"from": [11, 20.75, 4.75],
			"to": [11.75, 21, 5],
			"faces": {
				"north": {"uv": [4, 4, 5, 4.75], "texture": "#0"},
				"east": {"uv": [4, 4, 5, 4.75], "texture": "#0"},
				"south": {"uv": [4, 4, 5, 4.75], "texture": "#0"},
				"west": {"uv": [4, 4, 5, 4.75], "texture": "#0"},
				"up": {"uv": [4, 4, 5, 4.75], "texture": "#0"},
				"down": {"uv": [4, 4, 5, 4.75], "texture": "#0"}
			}
		},
		{
			"from": [3.5, 20.75, 4.75],
			"to": [4.25, 21, 5],
			"faces": {
				"north": {"uv": [4, 4, 5, 4.75], "texture": "#0"},
				"east": {"uv": [4, 4, 5, 4.75], "texture": "#0"},
				"south": {"uv": [4, 4, 5, 4.75], "texture": "#0"},
				"west": {"uv": [4, 4, 5, 4.75], "texture": "#0"},
				"up": {"uv": [4, 4, 5, 4.75], "texture": "#0"},
				"down": {"uv": [4, 4, 5, 4.75], "texture": "#0"}
			}
		},
		{
			"from": [16.25, 20.75, 4.75],
			"to": [17, 21, 5],
			"faces": {
				"north": {"uv": [4, 4, 5, 4.75], "texture": "#0"},
				"east": {"uv": [4, 4, 5, 4.75], "texture": "#0"},
				"south": {"uv": [4, 4, 5, 4.75], "texture": "#0"},
				"west": {"uv": [4, 4, 5, 4.75], "texture": "#0"},
				"up": {"uv": [4, 4, 5, 4.75], "texture": "#0"},
				"down": {"uv": [4, 4, 5, 4.75], "texture": "#0"}
			}
		},
		{
			"from": [-1.75, 20.75, 4.75],
			"to": [-1, 21, 5],
			"faces": {
				"north": {"uv": [4, 4, 5, 4.75], "texture": "#0"},
				"east": {"uv": [4, 4, 5, 4.75], "texture": "#0"},
				"south": {"uv": [4, 4, 5, 4.75], "texture": "#0"},
				"west": {"uv": [4, 4, 5, 4.75], "texture": "#0"},
				"up": {"uv": [4, 4, 5, 4.75], "texture": "#0"},
				"down": {"uv": [4, 4, 5, 4.75], "texture": "#0"}
			}
		},
		{
			"from": [12, 20.75, 5.25],
			"to": [12.25, 21, 6],
			"faces": {
				"north": {"uv": [4, 4, 5, 4.75], "texture": "#0"},
				"east": {"uv": [4, 4, 5, 4.75], "texture": "#0"},
				"south": {"uv": [4, 4, 5, 4.75], "texture": "#0"},
				"west": {"uv": [4, 4, 5, 4.75], "texture": "#0"},
				"up": {"uv": [4, 4, 5, 4.75], "texture": "#0"},
				"down": {"uv": [4, 4, 5, 4.75], "texture": "#0"}
			}
		},
		{
			"from": [4.5, 20.75, 5.25],
			"to": [4.75, 21, 6],
			"faces": {
				"north": {"uv": [4, 4, 5, 4.75], "texture": "#0"},
				"east": {"uv": [4, 4, 5, 4.75], "texture": "#0"},
				"south": {"uv": [4, 4, 5, 4.75], "texture": "#0"},
				"west": {"uv": [4, 4, 5, 4.75], "texture": "#0"},
				"up": {"uv": [4, 4, 5, 4.75], "texture": "#0"},
				"down": {"uv": [4, 4, 5, 4.75], "texture": "#0"}
			}
		},
		{
			"from": [17.25, 20.75, 5.25],
			"to": [17.5, 21, 6],
			"faces": {
				"north": {"uv": [4, 4, 5, 4.75], "texture": "#0"},
				"east": {"uv": [4, 4, 5, 4.75], "texture": "#0"},
				"south": {"uv": [4, 4, 5, 4.75], "texture": "#0"},
				"west": {"uv": [4, 4, 5, 4.75], "texture": "#0"},
				"up": {"uv": [4, 4, 5, 4.75], "texture": "#0"},
				"down": {"uv": [4, 4, 5, 4.75], "texture": "#0"}
			}
		},
		{
			"from": [-0.75, 20.75, 5.25],
			"to": [-0.5, 21, 6],
			"faces": {
				"north": {"uv": [4, 4, 5, 4.75], "texture": "#0"},
				"east": {"uv": [4, 4, 5, 4.75], "texture": "#0"},
				"south": {"uv": [4, 4, 5, 4.75], "texture": "#0"},
				"west": {"uv": [4, 4, 5, 4.75], "texture": "#0"},
				"up": {"uv": [4, 4, 5, 4.75], "texture": "#0"},
				"down": {"uv": [4, 4, 5, 4.75], "texture": "#0"}
			}
		},
		{
			"from": [11, 20.75, 5.25],
			"to": [11.75, 20.75, 6],
			"faces": {
				"north": {"uv": [4, 4, 5, 4.75], "texture": "#2"},
				"east": {"uv": [4, 4, 5, 4.75], "texture": "#2"},
				"south": {"uv": [4, 4, 5, 4.75], "texture": "#2"},
				"west": {"uv": [4, 4, 5, 4.75], "texture": "#2"},
				"up": {"uv": [4, 4, 5, 4.75], "texture": "#2"},
				"down": {"uv": [0, 0, 16, 16], "texture": "#2"}
			}
		},
		{
			"from": [3.5, 20.75, 5.25],
			"to": [4.25, 21.25, 6],
			"faces": {
				"north": {"uv": [0, 0, 16, 16], "texture": "#2"},
				"east": {"uv": [0, 0, 16, 16], "texture": "#2"},
				"south": {"uv": [0, 0, 16, 16], "texture": "#2"},
				"west": {"uv": [0, 0, 16, 16], "texture": "#2"},
				"up": {"uv": [0, 0, 16, 16], "texture": "#2"},
				"down": {"uv": [0, 0, 16, 16], "texture": "#2"}
			}
		},
		{
			"from": [16.25, 20.75, 5.25],
			"to": [17, 20.75, 6],
			"faces": {
				"north": {"uv": [4, 4, 5, 4.75], "texture": "#2"},
				"east": {"uv": [4, 4, 5, 4.75], "texture": "#2"},
				"south": {"uv": [4, 4, 5, 4.75], "texture": "#2"},
				"west": {"uv": [4, 4, 5, 4.75], "texture": "#2"},
				"up": {"uv": [4, 4, 5, 4.75], "texture": "#2"},
				"down": {"uv": [4, 4, 5, 4.75], "texture": "#2"}
			}
		},
		{
			"from": [-1.75, 20.75, 5.25],
			"to": [-1, 20.75, 6],
			"faces": {
				"north": {"uv": [2, 4, 3, 4.75], "texture": "#2"},
				"east": {"uv": [2, 4, 3, 4.75], "texture": "#2"},
				"south": {"uv": [2, 4, 3, 4.75], "texture": "#2"},
				"west": {"uv": [2, 4, 3, 4.75], "texture": "#2"},
				"up": {"uv": [2, 4, 3, 4.75], "texture": "#2"},
				"down": {"uv": [2, 4, 3, 4.75], "texture": "#2"}
			}
		},
		{
			"from": [11.75, 20.75, 5],
			"to": [12, 21, 5.25],
			"faces": {
				"north": {"uv": [4, 4, 5, 4.75], "texture": "#0"},
				"east": {"uv": [4, 4, 5, 4.75], "texture": "#0"},
				"south": {"uv": [4, 4, 5, 4.75], "texture": "#0"},
				"west": {"uv": [4, 4, 5, 4.75], "texture": "#0"},
				"up": {"uv": [4, 4, 5, 4.75], "texture": "#0"},
				"down": {"uv": [4, 4, 5, 4.75], "texture": "#0"}
			}
		},
		{
			"from": [4.25, 20.75, 5],
			"to": [4.5, 21, 5.25],
			"faces": {
				"north": {"uv": [4, 4, 5, 4.75], "texture": "#0"},
				"east": {"uv": [4, 4, 5, 4.75], "texture": "#0"},
				"south": {"uv": [4, 4, 5, 4.75], "texture": "#0"},
				"west": {"uv": [4, 4, 5, 4.75], "texture": "#0"},
				"up": {"uv": [4, 4, 5, 4.75], "texture": "#0"},
				"down": {"uv": [4, 4, 5, 4.75], "texture": "#0"}
			}
		},
		{
			"from": [17, 20.75, 5],
			"to": [17.25, 21, 5.25],
			"faces": {
				"north": {"uv": [4, 4, 5, 4.75], "texture": "#0"},
				"east": {"uv": [4, 4, 5, 4.75], "texture": "#0"},
				"south": {"uv": [4, 4, 5, 4.75], "texture": "#0"},
				"west": {"uv": [4, 4, 5, 4.75], "texture": "#0"},
				"up": {"uv": [4, 4, 5, 4.75], "texture": "#0"},
				"down": {"uv": [4, 4, 5, 4.75], "texture": "#0"}
			}
		},
		{
			"from": [-1, 20.75, 5],
			"to": [-0.75, 21, 5.25],
			"faces": {
				"north": {"uv": [4, 4, 5, 4.75], "texture": "#0"},
				"east": {"uv": [4, 4, 5, 4.75], "texture": "#0"},
				"south": {"uv": [4, 4, 5, 4.75], "texture": "#0"},
				"west": {"uv": [4, 4, 5, 4.75], "texture": "#0"},
				"up": {"uv": [4, 4, 5, 4.75], "texture": "#0"},
				"down": {"uv": [4, 4, 5, 4.75], "texture": "#0"}
			}
		},
		{
			"from": [11.75, 20.75, 6],
			"to": [12, 21, 6.25],
			"faces": {
				"north": {"uv": [4, 4, 5, 4.75], "texture": "#0"},
				"east": {"uv": [4, 4, 5, 4.75], "texture": "#0"},
				"south": {"uv": [4, 4, 5, 4.75], "texture": "#0"},
				"west": {"uv": [4, 4, 5, 4.75], "texture": "#0"},
				"up": {"uv": [4, 4, 5, 4.75], "texture": "#0"},
				"down": {"uv": [4, 4, 5, 4.75], "texture": "#0"}
			}
		},
		{
			"from": [4.25, 20.75, 6],
			"to": [4.5, 21, 6.25],
			"faces": {
				"north": {"uv": [4, 4, 5, 4.75], "texture": "#0"},
				"east": {"uv": [4, 4, 5, 4.75], "texture": "#0"},
				"south": {"uv": [4, 4, 5, 4.75], "texture": "#0"},
				"west": {"uv": [4, 4, 5, 4.75], "texture": "#0"},
				"up": {"uv": [4, 4, 5, 4.75], "texture": "#0"},
				"down": {"uv": [4, 4, 5, 4.75], "texture": "#0"}
			}
		},
		{
			"from": [17, 20.75, 6],
			"to": [17.25, 21, 6.25],
			"faces": {
				"north": {"uv": [4, 4, 5, 4.75], "texture": "#0"},
				"east": {"uv": [4, 4, 5, 4.75], "texture": "#0"},
				"south": {"uv": [4, 4, 5, 4.75], "texture": "#0"},
				"west": {"uv": [4, 4, 5, 4.75], "texture": "#0"},
				"up": {"uv": [4, 4, 5, 4.75], "texture": "#0"},
				"down": {"uv": [4, 4, 5, 4.75], "texture": "#0"}
			}
		},
		{
			"from": [-1, 20.75, 6],
			"to": [-0.75, 21, 6.25],
			"faces": {
				"north": {"uv": [4, 4, 5, 4.75], "texture": "#0"},
				"east": {"uv": [4, 4, 5, 4.75], "texture": "#0"},
				"south": {"uv": [4, 4, 5, 4.75], "texture": "#0"},
				"west": {"uv": [4, 4, 5, 4.75], "texture": "#0"},
				"up": {"uv": [4, 4, 5, 4.75], "texture": "#0"},
				"down": {"uv": [4, 4, 5, 4.75], "texture": "#0"}
			}
		},
		{
			"from": [10.75, 20.75, 6],
			"to": [11, 21, 6.25],
			"faces": {
				"north": {"uv": [4, 4, 5, 4.75], "texture": "#0"},
				"east": {"uv": [4, 4, 5, 4.75], "texture": "#0"},
				"south": {"uv": [4, 4, 5, 4.75], "texture": "#0"},
				"west": {"uv": [4, 4, 5, 4.75], "texture": "#0"},
				"up": {"uv": [4, 4, 5, 4.75], "texture": "#0"},
				"down": {"uv": [4, 4, 5, 4.75], "texture": "#0"}
			}
		},
		{
			"from": [3.25, 20.75, 6],
			"to": [3.5, 21, 6.25],
			"faces": {
				"north": {"uv": [4, 4, 5, 4.75], "texture": "#0"},
				"east": {"uv": [4, 4, 5, 4.75], "texture": "#0"},
				"south": {"uv": [4, 4, 5, 4.75], "texture": "#0"},
				"west": {"uv": [4, 4, 5, 4.75], "texture": "#0"},
				"up": {"uv": [4, 4, 5, 4.75], "texture": "#0"},
				"down": {"uv": [4, 4, 5, 4.75], "texture": "#0"}
			}
		},
		{
			"from": [16, 20.75, 6],
			"to": [16.25, 21, 6.25],
			"faces": {
				"north": {"uv": [4, 4, 5, 4.75], "texture": "#0"},
				"east": {"uv": [4, 4, 5, 4.75], "texture": "#0"},
				"south": {"uv": [4, 4, 5, 4.75], "texture": "#0"},
				"west": {"uv": [4, 4, 5, 4.75], "texture": "#0"},
				"up": {"uv": [4, 4, 5, 4.75], "texture": "#0"},
				"down": {"uv": [4, 4, 5, 4.75], "texture": "#0"}
			}
		},
		{
			"from": [-2, 20.75, 6],
			"to": [-1.75, 21, 6.25],
			"faces": {
				"north": {"uv": [4, 4, 5, 4.75], "texture": "#0"},
				"east": {"uv": [4, 4, 5, 4.75], "texture": "#0"},
				"south": {"uv": [4, 4, 5, 4.75], "texture": "#0"},
				"west": {"uv": [4, 4, 5, 4.75], "texture": "#0"},
				"up": {"uv": [4, 4, 5, 4.75], "texture": "#0"},
				"down": {"uv": [4, 4, 5, 4.75], "texture": "#0"}
			}
		},
		{
			"from": [10.75, 20.75, 5],
			"to": [11, 21, 5.25],
			"faces": {
				"north": {"uv": [4, 4, 5, 4.75], "texture": "#0"},
				"east": {"uv": [4, 4, 5, 4.75], "texture": "#0"},
				"south": {"uv": [4, 4, 5, 4.75], "texture": "#0"},
				"west": {"uv": [4, 4, 5, 4.75], "texture": "#0"},
				"up": {"uv": [4, 4, 5, 4.75], "texture": "#0"},
				"down": {"uv": [4, 4, 5, 4.75], "texture": "#0"}
			}
		},
		{
			"from": [3.25, 20.75, 5],
			"to": [3.5, 21, 5.25],
			"faces": {
				"north": {"uv": [4, 4, 5, 4.75], "texture": "#0"},
				"east": {"uv": [4, 4, 5, 4.75], "texture": "#0"},
				"south": {"uv": [4, 4, 5, 4.75], "texture": "#0"},
				"west": {"uv": [4, 4, 5, 4.75], "texture": "#0"},
				"up": {"uv": [4, 4, 5, 4.75], "texture": "#0"},
				"down": {"uv": [4, 4, 5, 4.75], "texture": "#0"}
			}
		},
		{
			"from": [16, 20.75, 5],
			"to": [16.25, 21, 5.25],
			"faces": {
				"north": {"uv": [4, 4, 5, 4.75], "texture": "#0"},
				"east": {"uv": [4, 4, 5, 4.75], "texture": "#0"},
				"south": {"uv": [4, 4, 5, 4.75], "texture": "#0"},
				"west": {"uv": [4, 4, 5, 4.75], "texture": "#0"},
				"up": {"uv": [4, 4, 5, 4.75], "texture": "#0"},
				"down": {"uv": [4, 4, 5, 4.75], "texture": "#0"}
			}
		},
		{
			"from": [-2, 20.75, 5],
			"to": [-1.75, 21, 5.25],
			"faces": {
				"north": {"uv": [4, 4, 5, 4.75], "texture": "#0"},
				"east": {"uv": [4, 4, 5, 4.75], "texture": "#0"},
				"south": {"uv": [4, 4, 5, 4.75], "texture": "#0"},
				"west": {"uv": [4, 4, 5, 4.75], "texture": "#0"},
				"up": {"uv": [4, 4, 5, 4.75], "texture": "#0"},
				"down": {"uv": [4, 4, 5, 4.75], "texture": "#0"}
			}
		},
		{
			"from": [10.5, 20.75, 5.25],
			"to": [10.75, 21, 6],
			"faces": {
				"north": {"uv": [4, 4, 5, 4.75], "texture": "#0"},
				"east": {"uv": [4, 4, 5, 4.75], "texture": "#0"},
				"south": {"uv": [4, 4, 5, 4.75], "texture": "#0"},
				"west": {"uv": [4, 4, 5, 4.75], "texture": "#0"},
				"up": {"uv": [4, 4, 5, 4.75], "texture": "#0"},
				"down": {"uv": [4, 4, 5, 4.75], "texture": "#0"}
			}
		},
		{
			"from": [3, 20.75, 5.25],
			"to": [3.25, 21, 6],
			"faces": {
				"north": {"uv": [4, 4, 5, 4.75], "texture": "#0"},
				"east": {"uv": [4, 4, 5, 4.75], "texture": "#0"},
				"south": {"uv": [4, 4, 5, 4.75], "texture": "#0"},
				"west": {"uv": [4, 4, 5, 4.75], "texture": "#0"},
				"up": {"uv": [4, 4, 5, 4.75], "texture": "#0"},
				"down": {"uv": [4, 4, 5, 4.75], "texture": "#0"}
			}
		},
		{
			"from": [15.75, 20.75, 5.25],
			"to": [16, 21, 6],
			"faces": {
				"north": {"uv": [4, 4, 5, 4.75], "texture": "#0"},
				"east": {"uv": [4, 4, 5, 4.75], "texture": "#0"},
				"south": {"uv": [4, 4, 5, 4.75], "texture": "#0"},
				"west": {"uv": [4, 4, 5, 4.75], "texture": "#0"},
				"up": {"uv": [4, 4, 5, 4.75], "texture": "#0"},
				"down": {"uv": [4, 4, 5, 4.75], "texture": "#0"}
			}
		},
		{
			"from": [-2.25, 20.75, 5.25],
			"to": [-2, 21, 6],
			"faces": {
				"north": {"uv": [4, 4, 5, 4.75], "texture": "#0"},
				"east": {"uv": [4, 4, 5, 4.75], "texture": "#0"},
				"south": {"uv": [4, 4, 5, 4.75], "texture": "#0"},
				"west": {"uv": [4, 4, 5, 4.75], "texture": "#0"},
				"up": {"uv": [4, 4, 5, 4.75], "texture": "#0"},
				"down": {"uv": [4, 4, 5, 4.75], "texture": "#0"}
			}
		},
		{
			"from": [11, 20.75, 6.25],
			"to": [11.75, 21, 6.5],
			"faces": {
				"north": {"uv": [4, 4, 5, 4.75], "texture": "#0"},
				"east": {"uv": [4, 4, 5, 4.75], "texture": "#0"},
				"south": {"uv": [4, 4, 5, 4.75], "texture": "#0"},
				"west": {"uv": [4, 4, 5, 4.75], "texture": "#0"},
				"up": {"uv": [4, 4, 5, 4.75], "texture": "#0"},
				"down": {"uv": [4, 4, 5, 4.75], "texture": "#0"}
			}
		},
		{
			"from": [3.5, 20.75, 6.25],
			"to": [4.25, 21, 6.5],
			"faces": {
				"north": {"uv": [4, 4, 5, 4.75], "texture": "#0"},
				"east": {"uv": [4, 4, 5, 4.75], "texture": "#0"},
				"south": {"uv": [4, 4, 5, 4.75], "texture": "#0"},
				"west": {"uv": [4, 4, 5, 4.75], "texture": "#0"},
				"up": {"uv": [4, 4, 5, 4.75], "texture": "#0"},
				"down": {"uv": [4, 4, 5, 4.75], "texture": "#0"}
			}
		},
		{
			"from": [16.25, 20.75, 6.25],
			"to": [17, 21, 6.5],
			"faces": {
				"north": {"uv": [4, 4, 5, 4.75], "texture": "#0"},
				"east": {"uv": [4, 4, 5, 4.75], "texture": "#0"},
				"south": {"uv": [4, 4, 5, 4.75], "texture": "#0"},
				"west": {"uv": [4, 4, 5, 4.75], "texture": "#0"},
				"up": {"uv": [4, 4, 5, 4.75], "texture": "#0"},
				"down": {"uv": [4, 4, 5, 4.75], "texture": "#0"}
			}
		},
		{
			"from": [-1.75, 20.75, 6.25],
			"to": [-1, 21, 6.5],
			"faces": {
				"north": {"uv": [4, 4, 5, 4.75], "texture": "#0"},
				"east": {"uv": [4, 4, 5, 4.75], "texture": "#0"},
				"south": {"uv": [4, 4, 5, 4.75], "texture": "#0"},
				"west": {"uv": [4, 4, 5, 4.75], "texture": "#0"},
				"up": {"uv": [4, 4, 5, 4.75], "texture": "#0"},
				"down": {"uv": [4, 4, 5, 4.75], "texture": "#0"}
			}
		},
		{
			"from": [11, 20.75, 5],
			"to": [11.25, 21.5, 5.25],
			"faces": {
				"north": {"uv": [4, 4, 5, 4.75], "texture": "#0"},
				"east": {"uv": [4, 4, 5, 4.75], "texture": "#0"},
				"south": {"uv": [4, 4, 5, 4.75], "texture": "#0"},
				"west": {"uv": [4, 4, 5, 4.75], "texture": "#0"},
				"up": {"uv": [4, 4, 5, 4.75], "texture": "#0"},
				"down": {"uv": [4, 4, 5, 4.75], "texture": "#0"}
			}
		},
		{
			"from": [3.5, 20.75, 5],
			"to": [3.75, 21.5, 5.25],
			"faces": {
				"north": {"uv": [4, 4, 5, 4.75], "texture": "#0"},
				"east": {"uv": [4, 4, 5, 4.75], "texture": "#0"},
				"south": {"uv": [4, 4, 5, 4.75], "texture": "#0"},
				"west": {"uv": [4, 4, 5, 4.75], "texture": "#0"},
				"up": {"uv": [4, 4, 5, 4.75], "texture": "#0"},
				"down": {"uv": [4, 4, 5, 4.75], "texture": "#0"}
			}
		},
		{
			"from": [16.25, 20.75, 5],
			"to": [16.5, 21.5, 5.25],
			"faces": {
				"north": {"uv": [4, 4, 5, 4.75], "texture": "#0"},
				"east": {"uv": [4, 4, 5, 4.75], "texture": "#0"},
				"south": {"uv": [4, 4, 5, 4.75], "texture": "#0"},
				"west": {"uv": [4, 4, 5, 4.75], "texture": "#0"},
				"up": {"uv": [4, 4, 5, 4.75], "texture": "#0"},
				"down": {"uv": [4, 4, 5, 4.75], "texture": "#0"}
			}
		},
		{
			"from": [-1.75, 20.75, 5],
			"to": [-1.5, 21.5, 5.25],
			"faces": {
				"north": {"uv": [4, 4, 5, 4.75], "texture": "#0"},
				"east": {"uv": [4, 4, 5, 4.75], "texture": "#0"},
				"south": {"uv": [4, 4, 5, 4.75], "texture": "#0"},
				"west": {"uv": [4, 4, 5, 4.75], "texture": "#0"},
				"up": {"uv": [4, 4, 5, 4.75], "texture": "#0"},
				"down": {"uv": [4, 4, 5, 4.75], "texture": "#0"}
			}
		},
		{
			"from": [11.75, 20.75, 5.75],
			"to": [12, 21.5, 6],
			"faces": {
				"north": {"uv": [4, 4, 5, 4.75], "texture": "#0"},
				"east": {"uv": [4, 4, 5, 4.75], "texture": "#0"},
				"south": {"uv": [4, 4, 5, 4.75], "texture": "#0"},
				"west": {"uv": [4, 4, 5, 4.75], "texture": "#0"},
				"up": {"uv": [4, 4, 5, 4.75], "texture": "#0"},
				"down": {"uv": [4, 4, 5, 4.75], "texture": "#0"}
			}
		},
		{
			"from": [4.25, 20.75, 5.75],
			"to": [4.5, 21.5, 6],
			"faces": {
				"north": {"uv": [4, 4, 5, 4.75], "texture": "#0"},
				"east": {"uv": [4, 4, 5, 4.75], "texture": "#0"},
				"south": {"uv": [4, 4, 5, 4.75], "texture": "#0"},
				"west": {"uv": [4, 4, 5, 4.75], "texture": "#0"},
				"up": {"uv": [4, 4, 5, 4.75], "texture": "#0"},
				"down": {"uv": [4, 4, 5, 4.75], "texture": "#0"}
			}
		},
		{
			"from": [17, 20.75, 5.75],
			"to": [17.25, 21.5, 6],
			"faces": {
				"north": {"uv": [4, 4, 5, 4.75], "texture": "#0"},
				"east": {"uv": [4, 4, 5, 4.75], "texture": "#0"},
				"south": {"uv": [4, 4, 5, 4.75], "texture": "#0"},
				"west": {"uv": [4, 4, 5, 4.75], "texture": "#0"},
				"up": {"uv": [4, 4, 5, 4.75], "texture": "#0"},
				"down": {"uv": [4, 4, 5, 4.75], "texture": "#0"}
			}
		},
		{
			"from": [-1, 20.75, 5.75],
			"to": [-0.75, 21.5, 6],
			"faces": {
				"north": {"uv": [4, 4, 5, 4.75], "texture": "#0"},
				"east": {"uv": [4, 4, 5, 4.75], "texture": "#0"},
				"south": {"uv": [4, 4, 5, 4.75], "texture": "#0"},
				"west": {"uv": [4, 4, 5, 4.75], "texture": "#0"},
				"up": {"uv": [4, 4, 5, 4.75], "texture": "#0"},
				"down": {"uv": [4, 4, 5, 4.75], "texture": "#0"}
			}
		},
		{
			"from": [11.75, 20.75, 5.5],
			"to": [12, 22, 5.75],
			"faces": {
				"north": {"uv": [4, 4, 5, 4.75], "texture": "#0"},
				"east": {"uv": [4, 4, 5, 4.75], "texture": "#0"},
				"south": {"uv": [4, 4, 5, 4.75], "texture": "#0"},
				"west": {"uv": [4, 4, 5, 4.75], "texture": "#0"},
				"up": {"uv": [4, 4, 5, 4.75], "texture": "#0"},
				"down": {"uv": [4, 4, 5, 4.75], "texture": "#0"}
			}
		},
		{
			"from": [4.25, 20.75, 5.5],
			"to": [4.5, 22, 5.75],
			"faces": {
				"north": {"uv": [4, 4, 5, 4.75], "texture": "#0"},
				"east": {"uv": [4, 4, 5, 4.75], "texture": "#0"},
				"south": {"uv": [4, 4, 5, 4.75], "texture": "#0"},
				"west": {"uv": [4, 4, 5, 4.75], "texture": "#0"},
				"up": {"uv": [4, 4, 5, 4.75], "texture": "#0"},
				"down": {"uv": [4, 4, 5, 4.75], "texture": "#0"}
			}
		},
		{
			"from": [17, 20.75, 5.5],
			"to": [17.25, 22, 5.75],
			"faces": {
				"north": {"uv": [4, 4, 5, 4.75], "texture": "#0"},
				"east": {"uv": [4, 4, 5, 4.75], "texture": "#0"},
				"south": {"uv": [4, 4, 5, 4.75], "texture": "#0"},
				"west": {"uv": [4, 4, 5, 4.75], "texture": "#0"},
				"up": {"uv": [4, 4, 5, 4.75], "texture": "#0"},
				"down": {"uv": [4, 4, 5, 4.75], "texture": "#0"}
			}
		},
		{
			"from": [-1, 20.75, 5.5],
			"to": [-0.75, 22, 5.75],
			"faces": {
				"north": {"uv": [4, 4, 5, 4.75], "texture": "#0"},
				"east": {"uv": [4, 4, 5, 4.75], "texture": "#0"},
				"south": {"uv": [4, 4, 5, 4.75], "texture": "#0"},
				"west": {"uv": [4, 4, 5, 4.75], "texture": "#0"},
				"up": {"uv": [4, 4, 5, 4.75], "texture": "#0"},
				"down": {"uv": [4, 4, 5, 4.75], "texture": "#0"}
			}
		},
		{
			"from": [11, 21.25, 5.25],
			"to": [11.75, 22, 6],
			"faces": {
				"north": {"uv": [4, 4, 5, 4.75], "texture": "#0"},
				"east": {"uv": [4, 4, 5, 4.75], "texture": "#0"},
				"south": {"uv": [4, 4, 5, 4.75], "texture": "#0"},
				"west": {"uv": [4, 4, 5, 4.75], "texture": "#0"},
				"up": {"uv": [4, 4, 5, 4.75], "texture": "#0"},
				"down": {"uv": [4, 4, 5, 4.75], "texture": "#0"}
			}
		},
		{
			"from": [11, 21.25, 5.25],
			"to": [11.75, 22, 6],
			"faces": {
				"north": {"uv": [4, 4, 5, 4.75], "texture": "#0"},
				"east": {"uv": [4, 4, 5, 4.75], "texture": "#0"},
				"south": {"uv": [4, 4, 5, 4.75], "texture": "#0"},
				"west": {"uv": [4, 4, 5, 4.75], "texture": "#0"},
				"up": {"uv": [4, 4, 5, 4.75], "texture": "#0"},
				"down": {"uv": [4, 4, 5, 4.75], "texture": "#0"}
			}
		},
		{
			"from": [3.5, 21.25, 5.25],
			"to": [4.25, 22, 6],
			"faces": {
				"north": {"uv": [4, 4, 5, 4.75], "texture": "#0"},
				"east": {"uv": [4, 4, 5, 4.75], "texture": "#0"},
				"south": {"uv": [4, 4, 5, 4.75], "texture": "#0"},
				"west": {"uv": [4, 4, 5, 4.75], "texture": "#0"},
				"up": {"uv": [4, 4, 5, 4.75], "texture": "#0"},
				"down": {"uv": [4, 4, 5, 4.75], "texture": "#0"}
			}
		},
		{
			"from": [3.5, 21.25, 5.25],
			"to": [4.25, 22, 6],
			"faces": {
				"north": {"uv": [4, 4, 5, 4.75], "texture": "#0"},
				"east": {"uv": [4, 4, 5, 4.75], "texture": "#0"},
				"south": {"uv": [4, 4, 5, 4.75], "texture": "#0"},
				"west": {"uv": [4, 4, 5, 4.75], "texture": "#0"},
				"up": {"uv": [4, 4, 5, 4.75], "texture": "#0"},
				"down": {"uv": [4, 4, 5, 4.75], "texture": "#0"}
			}
		},
		{
			"from": [16.25, 21.25, 5.25],
			"to": [17, 22, 6],
			"faces": {
				"north": {"uv": [4, 4, 5, 4.75], "texture": "#0"},
				"east": {"uv": [4, 4, 5, 4.75], "texture": "#0"},
				"south": {"uv": [4, 4, 5, 4.75], "texture": "#0"},
				"west": {"uv": [4, 4, 5, 4.75], "texture": "#0"},
				"up": {"uv": [4, 4, 5, 4.75], "texture": "#0"},
				"down": {"uv": [4, 4, 5, 4.75], "texture": "#0"}
			}
		},
		{
			"from": [-1.75, 21.25, 5.25],
			"to": [-1, 22, 6],
			"faces": {
				"north": {"uv": [4, 4, 5, 4.75], "texture": "#0"},
				"east": {"uv": [4, 4, 5, 4.75], "texture": "#0"},
				"south": {"uv": [4, 4, 5, 4.75], "texture": "#0"},
				"west": {"uv": [4, 4, 5, 4.75], "texture": "#0"},
				"up": {"uv": [4, 4, 5, 4.75], "texture": "#0"},
				"down": {"uv": [4, 4, 5, 4.75], "texture": "#0"}
			}
		},
		{
			"from": [10.75, 20.75, 5.5],
			"to": [11, 22, 5.75],
			"faces": {
				"north": {"uv": [4, 4, 5, 4.75], "texture": "#0"},
				"east": {"uv": [4, 4, 5, 4.75], "texture": "#0"},
				"south": {"uv": [4, 4, 5, 4.75], "texture": "#0"},
				"west": {"uv": [4, 4, 5, 4.75], "texture": "#0"},
				"up": {"uv": [4, 4, 5, 4.75], "texture": "#0"},
				"down": {"uv": [4, 4, 5, 4.75], "texture": "#0"}
			}
		},
		{
			"from": [3.25, 20.75, 5.5],
			"to": [3.5, 22, 5.75],
			"faces": {
				"north": {"uv": [4, 4, 5, 4.75], "texture": "#0"},
				"east": {"uv": [4, 4, 5, 4.75], "texture": "#0"},
				"south": {"uv": [4, 4, 5, 4.75], "texture": "#0"},
				"west": {"uv": [4, 4, 5, 4.75], "texture": "#0"},
				"up": {"uv": [4, 4, 5, 4.75], "texture": "#0"},
				"down": {"uv": [4, 4, 5, 4.75], "texture": "#0"}
			}
		},
		{
			"from": [16, 20.75, 5.5],
			"to": [16.25, 22, 5.75],
			"faces": {
				"north": {"uv": [4, 4, 5, 4.75], "texture": "#0"},
				"east": {"uv": [4, 4, 5, 4.75], "texture": "#0"},
				"south": {"uv": [4, 4, 5, 4.75], "texture": "#0"},
				"west": {"uv": [4, 4, 5, 4.75], "texture": "#0"},
				"up": {"uv": [4, 4, 5, 4.75], "texture": "#0"},
				"down": {"uv": [4, 4, 5, 4.75], "texture": "#0"}
			}
		},
		{
			"from": [-2, 20.75, 5.5],
			"to": [-1.75, 22, 5.75],
			"faces": {
				"north": {"uv": [4, 4, 5, 4.75], "texture": "#0"},
				"east": {"uv": [4, 4, 5, 4.75], "texture": "#0"},
				"south": {"uv": [4, 4, 5, 4.75], "texture": "#0"},
				"west": {"uv": [4, 4, 5, 4.75], "texture": "#0"},
				"up": {"uv": [4, 4, 5, 4.75], "texture": "#0"},
				"down": {"uv": [4, 4, 5, 4.75], "texture": "#0"}
			}
		},
		{
			"from": [11.25, 20.75, 5],
			"to": [11.5, 22, 5.25],
			"faces": {
				"north": {"uv": [4, 4, 5, 4.75], "texture": "#0"},
				"east": {"uv": [4, 4, 5, 4.75], "texture": "#0"},
				"south": {"uv": [4, 4, 5, 4.75], "texture": "#0"},
				"west": {"uv": [4, 4, 5, 4.75], "texture": "#0"},
				"up": {"uv": [4, 4, 5, 4.75], "texture": "#0"},
				"down": {"uv": [4, 4, 5, 4.75], "texture": "#0"}
			}
		},
		{
			"from": [3.75, 20.75, 5],
			"to": [4, 22, 5.25],
			"faces": {
				"north": {"uv": [4, 4, 5, 4.75], "texture": "#0"},
				"east": {"uv": [4, 4, 5, 4.75], "texture": "#0"},
				"south": {"uv": [4, 4, 5, 4.75], "texture": "#0"},
				"west": {"uv": [4, 4, 5, 4.75], "texture": "#0"},
				"up": {"uv": [4, 4, 5, 4.75], "texture": "#0"},
				"down": {"uv": [4, 4, 5, 4.75], "texture": "#0"}
			}
		},
		{
			"from": [16.5, 20.75, 5],
			"to": [16.75, 22, 5.25],
			"faces": {
				"north": {"uv": [4, 4, 5, 4.75], "texture": "#0"},
				"east": {"uv": [4, 4, 5, 4.75], "texture": "#0"},
				"south": {"uv": [4, 4, 5, 4.75], "texture": "#0"},
				"west": {"uv": [4, 4, 5, 4.75], "texture": "#0"},
				"up": {"uv": [4, 4, 5, 4.75], "texture": "#0"},
				"down": {"uv": [4, 4, 5, 4.75], "texture": "#0"}
			}
		},
		{
			"from": [-1.5, 20.75, 5],
			"to": [-1.25, 22, 5.25],
			"faces": {
				"north": {"uv": [4, 4, 5, 4.75], "texture": "#0"},
				"east": {"uv": [4, 4, 5, 4.75], "texture": "#0"},
				"south": {"uv": [4, 4, 5, 4.75], "texture": "#0"},
				"west": {"uv": [4, 4, 5, 4.75], "texture": "#0"},
				"up": {"uv": [4, 4, 5, 4.75], "texture": "#0"},
				"down": {"uv": [4, 4, 5, 4.75], "texture": "#0"}
			}
		},
		{
			"from": [11.25, 20.75, 6],
			"to": [11.5, 22, 6.25],
			"faces": {
				"north": {"uv": [4, 4, 5, 4.75], "texture": "#0"},
				"east": {"uv": [4, 4, 5, 4.75], "texture": "#0"},
				"south": {"uv": [4, 4, 5, 4.75], "texture": "#0"},
				"west": {"uv": [4, 4, 5, 4.75], "texture": "#0"},
				"up": {"uv": [4, 4, 5, 4.75], "texture": "#0"},
				"down": {"uv": [4, 4, 5, 4.75], "texture": "#0"}
			}
		},
		{
			"from": [3.75, 20.75, 6],
			"to": [4, 22, 6.25],
			"faces": {
				"north": {"uv": [4, 4, 5, 4.75], "texture": "#0"},
				"east": {"uv": [4, 4, 5, 4.75], "texture": "#0"},
				"south": {"uv": [4, 4, 5, 4.75], "texture": "#0"},
				"west": {"uv": [4, 4, 5, 4.75], "texture": "#0"},
				"up": {"uv": [4, 4, 5, 4.75], "texture": "#0"},
				"down": {"uv": [4, 4, 5, 4.75], "texture": "#0"}
			}
		},
		{
			"from": [16.5, 20.75, 6],
			"to": [16.75, 22, 6.25],
			"faces": {
				"north": {"uv": [4, 4, 5, 4.75], "texture": "#0"},
				"east": {"uv": [4, 4, 5, 4.75], "texture": "#0"},
				"south": {"uv": [4, 4, 5, 4.75], "texture": "#0"},
				"west": {"uv": [4, 4, 5, 4.75], "texture": "#0"},
				"up": {"uv": [4, 4, 5, 4.75], "texture": "#0"},
				"down": {"uv": [4, 4, 5, 4.75], "texture": "#0"}
			}
		},
		{
			"from": [-1.5, 20.75, 6],
			"to": [-1.25, 22, 6.25],
			"faces": {
				"north": {"uv": [4, 4, 5, 4.75], "texture": "#0"},
				"east": {"uv": [4, 4, 5, 4.75], "texture": "#0"},
				"south": {"uv": [4, 4, 5, 4.75], "texture": "#0"},
				"west": {"uv": [4, 4, 5, 4.75], "texture": "#0"},
				"up": {"uv": [4, 4, 5, 4.75], "texture": "#0"},
				"down": {"uv": [4, 4, 5, 4.75], "texture": "#0"}
			}
		},
		{
			"from": [11, 22, 5.5],
			"to": [11.25, 22.25, 5.75],
			"faces": {
				"north": {"uv": [4, 4, 5, 4.75], "texture": "#0"},
				"east": {"uv": [4, 4, 5, 4.75], "texture": "#0"},
				"south": {"uv": [4, 4, 5, 4.75], "texture": "#0"},
				"west": {"uv": [4, 4, 5, 4.75], "texture": "#0"},
				"up": {"uv": [4, 4, 5, 4.75], "texture": "#0"},
				"down": {"uv": [4, 4, 5, 4.75], "texture": "#0"}
			}
		},
		{
			"from": [3.5, 22, 5.5],
			"to": [3.75, 22.25, 5.75],
			"faces": {
				"north": {"uv": [4, 4, 5, 4.75], "texture": "#0"},
				"east": {"uv": [4, 4, 5, 4.75], "texture": "#0"},
				"south": {"uv": [4, 4, 5, 4.75], "texture": "#0"},
				"west": {"uv": [4, 4, 5, 4.75], "texture": "#0"},
				"up": {"uv": [4, 4, 5, 4.75], "texture": "#0"},
				"down": {"uv": [4, 4, 5, 4.75], "texture": "#0"}
			}
		},
		{
			"from": [16.25, 22, 5.5],
			"to": [16.5, 22.25, 5.75],
			"faces": {
				"north": {"uv": [4, 4, 5, 4.75], "texture": "#0"},
				"east": {"uv": [4, 4, 5, 4.75], "texture": "#0"},
				"south": {"uv": [4, 4, 5, 4.75], "texture": "#0"},
				"west": {"uv": [4, 4, 5, 4.75], "texture": "#0"},
				"up": {"uv": [4, 4, 5, 4.75], "texture": "#0"},
				"down": {"uv": [4, 4, 5, 4.75], "texture": "#0"}
			}
		},
		{
			"from": [-1.75, 22, 5.5],
			"to": [-1.5, 22.25, 5.75],
			"faces": {
				"north": {"uv": [4, 4, 5, 4.75], "texture": "#0"},
				"east": {"uv": [4, 4, 5, 4.75], "texture": "#0"},
				"south": {"uv": [4, 4, 5, 4.75], "texture": "#0"},
				"west": {"uv": [4, 4, 5, 4.75], "texture": "#0"},
				"up": {"uv": [4, 4, 5, 4.75], "texture": "#0"},
				"down": {"uv": [4, 4, 5, 4.75], "texture": "#0"}
			}
		},
		{
			"from": [3.75, 22.25, 5.5],
			"to": [4, 22.75, 5.75],
			"faces": {
				"north": {"uv": [4, 4, 5, 4.75], "texture": "#0"},
				"east": {"uv": [4, 4, 5, 4.75], "texture": "#0"},
				"south": {"uv": [4, 4, 5, 4.75], "texture": "#0"},
				"west": {"uv": [4, 4, 5, 4.75], "texture": "#0"},
				"up": {"uv": [4, 4, 5, 4.75], "texture": "#0"},
				"down": {"uv": [4, 4, 5, 4.75], "texture": "#0"}
			}
		},
		{
			"from": [-1.5, 22.25, 5.5],
			"to": [-1.25, 22.75, 5.75],
			"faces": {
				"north": {"uv": [4, 4, 8, 16], "texture": "#0"},
				"east": {"uv": [4, 4, 5, 4.75], "texture": "#0"},
				"south": {"uv": [4, 4, 5, 4.75], "texture": "#0"},
				"west": {"uv": [4, 4, 5, 4.75], "texture": "#0"},
				"up": {"uv": [4, 4, 5, 4.75], "texture": "#0"},
				"down": {"uv": [4, 4, 5, 4.75], "texture": "#0"}
			}
		},
		{
			"from": [16.5, 23.25, 6.75],
			"to": [16.75, 23.5, 7],
			"faces": {
				"north": {"uv": [4, 4, 5, 4.75], "texture": "#0"},
				"east": {"uv": [4, 4, 5, 4.75], "texture": "#0"},
				"south": {"uv": [4, 4, 5, 4.75], "texture": "#0"},
				"west": {"uv": [4, 4, 5, 4.75], "texture": "#0"},
				"up": {"uv": [4, 4, 5, 4.75], "texture": "#0"},
				"down": {"uv": [4, 4, 5, 4.75], "texture": "#0"}
			}
		},
		{
			"from": [11.25, 23.25, 6.75],
			"to": [11.5, 23.5, 7],
			"faces": {
				"north": {"uv": [4, 4, 5, 4.75], "texture": "#0"},
				"east": {"uv": [4, 4, 5, 4.75], "texture": "#0"},
				"south": {"uv": [4, 4, 5, 4.75], "texture": "#0"},
				"west": {"uv": [4, 4, 5, 4.75], "texture": "#0"},
				"up": {"uv": [4, 4, 5, 4.75], "texture": "#0"},
				"down": {"uv": [4, 4, 5, 4.75], "texture": "#0"}
			}
		},
		{
			"from": [3.75, 23.25, 6.75],
			"to": [4, 23.5, 7],
			"faces": {
				"north": {"uv": [4, 4, 5, 4.75], "texture": "#0"},
				"east": {"uv": [4, 4, 5, 4.75], "texture": "#0"},
				"south": {"uv": [4, 4, 5, 4.75], "texture": "#0"},
				"west": {"uv": [4, 4, 5, 4.75], "texture": "#0"},
				"up": {"uv": [4, 4, 5, 4.75], "texture": "#0"},
				"down": {"uv": [4, 4, 5, 4.75], "texture": "#0"}
			}
		},
		{
			"from": [-1.5, 23.25, 6.75],
			"to": [-1.25, 23.5, 7],
			"faces": {
				"north": {"uv": [4, 4, 8, 16], "texture": "#0"},
				"east": {"uv": [4, 4, 5, 4.75], "texture": "#0"},
				"south": {"uv": [4, 4, 5, 4.75], "texture": "#0"},
				"west": {"uv": [4, 4, 5, 4.75], "texture": "#0"},
				"up": {"uv": [4, 4, 5, 4.75], "texture": "#0"},
				"down": {"uv": [4, 4, 5, 4.75], "texture": "#0"}
			}
		},
		{
			"from": [16.5, 23.25, 5.75],
			"to": [16.75, 23.5, 6],
			"faces": {
				"north": {"uv": [4, 4, 5, 4.75], "texture": "#0"},
				"east": {"uv": [4, 4, 5, 4.75], "texture": "#0"},
				"south": {"uv": [4, 4, 5, 4.75], "texture": "#0"},
				"west": {"uv": [4, 4, 5, 4.75], "texture": "#0"},
				"up": {"uv": [4, 4, 5, 4.75], "texture": "#0"},
				"down": {"uv": [4, 4, 5, 4.75], "texture": "#0"}
			}
		},
		{
			"from": [11.25, 23.25, 5.75],
			"to": [11.5, 23.5, 6],
			"faces": {
				"north": {"uv": [4, 4, 5, 4.75], "texture": "#0"},
				"east": {"uv": [4, 4, 5, 4.75], "texture": "#0"},
				"south": {"uv": [4, 4, 5, 4.75], "texture": "#0"},
				"west": {"uv": [4, 4, 5, 4.75], "texture": "#0"},
				"up": {"uv": [4, 4, 5, 4.75], "texture": "#0"},
				"down": {"uv": [4, 4, 5, 4.75], "texture": "#0"}
			}
		},
		{
			"from": [3.75, 23.25, 5.75],
			"to": [4, 23.5, 6],
			"faces": {
				"north": {"uv": [4, 4, 5, 4.75], "texture": "#0"},
				"east": {"uv": [4, 4, 5, 4.75], "texture": "#0"},
				"south": {"uv": [4, 4, 5, 4.75], "texture": "#0"},
				"west": {"uv": [4, 4, 5, 4.75], "texture": "#0"},
				"up": {"uv": [4, 4, 5, 4.75], "texture": "#0"},
				"down": {"uv": [4, 4, 5, 4.75], "texture": "#0"}
			}
		},
		{
			"from": [-1.5, 23.25, 5.75],
			"to": [-1.25, 23.5, 6],
			"faces": {
				"north": {"uv": [4, 4, 8, 16], "texture": "#0"},
				"east": {"uv": [4, 4, 5, 4.75], "texture": "#0"},
				"south": {"uv": [4, 4, 5, 4.75], "texture": "#0"},
				"west": {"uv": [4, 4, 5, 4.75], "texture": "#0"},
				"up": {"uv": [4, 4, 5, 4.75], "texture": "#0"},
				"down": {"uv": [4, 4, 5, 4.75], "texture": "#0"}
			}
		},
		{
			"from": [16.5, 23.5, 6],
			"to": [16.75, 23.75, 6.75],
			"faces": {
				"north": {"uv": [4, 4, 5, 4.75], "texture": "#0"},
				"east": {"uv": [4, 4, 5, 4.75], "texture": "#0"},
				"south": {"uv": [4, 4, 5, 4.75], "texture": "#0"},
				"west": {"uv": [4, 4, 5, 4.75], "texture": "#0"},
				"up": {"uv": [4, 4, 5, 4.75], "texture": "#0"},
				"down": {"uv": [4, 4, 5, 4.75], "texture": "#0"}
			}
		},
		{
			"from": [11.25, 23.5, 6],
			"to": [11.5, 23.75, 6.75],
			"faces": {
				"north": {"uv": [4, 4, 5, 4.75], "texture": "#0"},
				"east": {"uv": [4, 4, 5, 4.75], "texture": "#0"},
				"south": {"uv": [4, 4, 5, 4.75], "texture": "#0"},
				"west": {"uv": [4, 4, 5, 4.75], "texture": "#0"},
				"up": {"uv": [4, 4, 5, 4.75], "texture": "#0"},
				"down": {"uv": [4, 4, 5, 4.75], "texture": "#0"}
			}
		},
		{
			"from": [3.75, 23.5, 6],
			"to": [4, 23.75, 6.75],
			"faces": {
				"north": {"uv": [4, 4, 5, 4.75], "texture": "#0"},
				"east": {"uv": [4, 4, 5, 4.75], "texture": "#0"},
				"south": {"uv": [4, 4, 5, 4.75], "texture": "#0"},
				"west": {"uv": [4, 4, 5, 4.75], "texture": "#0"},
				"up": {"uv": [4, 4, 5, 4.75], "texture": "#0"},
				"down": {"uv": [4, 4, 5, 4.75], "texture": "#0"}
			}
		},
		{
			"from": [-1.5, 23.5, 6],
			"to": [-1.25, 23.75, 6.75],
			"faces": {
				"north": {"uv": [4, 4, 8, 16], "texture": "#0"},
				"east": {"uv": [4, 4, 5, 4.75], "texture": "#0"},
				"south": {"uv": [4, 4, 5, 4.75], "texture": "#0"},
				"west": {"uv": [4, 4, 5, 4.75], "texture": "#0"},
				"up": {"uv": [4, 4, 5, 4.75], "texture": "#0"},
				"down": {"uv": [4, 4, 5, 4.75], "texture": "#0"}
			}
		},
		{
			"from": [-6.25, 5.25, 6.75],
			"to": [21.5, 5.75, 8],
			"faces": {
				"north": {"uv": [4, 4, 8, 16], "texture": "#0"},
				"east": {"uv": [4, 4, 5, 4.75], "texture": "#0"},
				"south": {"uv": [4, 4, 5, 4.75], "texture": "#0"},
				"west": {"uv": [4, 4, 5, 4.75], "texture": "#0"},
				"up": {"uv": [4, 4, 5, 4.75], "texture": "#0"},
				"down": {"uv": [4, 4, 5, 4.75], "texture": "#0"}
			}
		},
		{
			"from": [21, 6.25, 7],
			"to": [21.5, 19.25, 8],
			"faces": {
				"north": {"uv": [4, 4, 8, 16], "texture": "#0"},
				"east": {"uv": [4, 4, 5, 4.75], "texture": "#0"},
				"south": {"uv": [4, 4, 5, 4.75], "texture": "#0"},
				"west": {"uv": [4, 4, 5, 4.75], "texture": "#0"},
				"up": {"uv": [4, 4, 5, 4.75], "texture": "#0"},
				"down": {"uv": [4, 4, 5, 4.75], "texture": "#0"}
			}
		},
		{
			"from": [-6.25, 6.25, 7],
			"to": [-5.75, 19.25, 8],
			"faces": {
				"north": {"uv": [4, 4, 8, 16], "texture": "#0"},
				"east": {"uv": [4, 4, 5, 4.75], "texture": "#0"},
				"south": {"uv": [4, 4, 5, 4.75], "texture": "#0"},
				"west": {"uv": [4, 4, 5, 4.75], "texture": "#0"},
				"up": {"uv": [4, 4, 5, 4.75], "texture": "#0"},
				"down": {"uv": [4, 4, 5, 4.75], "texture": "#0"}
			}
		},
		{
			"from": [-6.75, 5.25, 6.75],
			"to": [-6.25, 20.5, 8],
			"faces": {
				"north": {"uv": [4, 4, 8, 16], "texture": "#0"},
				"east": {"uv": [4, 4, 5, 4.75], "texture": "#0"},
				"south": {"uv": [4, 4, 5, 4.75], "texture": "#0"},
				"west": {"uv": [4, 4, 5, 4.75], "texture": "#0"},
				"up": {"uv": [4, 4, 5, 4.75], "texture": "#0"},
				"down": {"uv": [4, 4, 5, 4.75], "texture": "#0"}
			}
		},
		{
			"from": [21.25, 5.25, 6.75],
			"to": [21.75, 20.5, 8],
			"faces": {
				"north": {"uv": [4, 4, 8, 16], "texture": "#0"},
				"east": {"uv": [4, 4, 5, 4.75], "texture": "#0"},
				"south": {"uv": [4, 4, 5, 4.75], "texture": "#0"},
				"west": {"uv": [4, 4, 5, 4.75], "texture": "#0"},
				"up": {"uv": [4, 4, 5, 4.75], "texture": "#0"},
				"down": {"uv": [4, 4, 5, 4.75], "texture": "#0"}
			}
		},
		{
			"from": [21.25, 2.25, 6.75],
			"to": [21.75, 5.25, 8],
			"faces": {
				"north": {"uv": [4, 4, 5, 4.75], "texture": "#0"},
				"east": {"uv": [4, 4, 5, 4.75], "texture": "#0"},
				"south": {"uv": [4, 4, 5, 4.75], "texture": "#0"},
				"west": {"uv": [4, 4, 5, 4.75], "texture": "#0"},
				"up": {"uv": [4, 4, 5, 4.75], "texture": "#0"},
				"down": {"uv": [4, 4, 5, 4.75], "texture": "#0"}
			}
		},
		{
			"from": [-6.75, 2.25, 6.75],
			"to": [-6.25, 5.25, 8],
			"faces": {
				"north": {"uv": [4, 4, 5, 4.75], "texture": "#0"},
				"east": {"uv": [4, 4, 5, 4.75], "texture": "#0"},
				"south": {"uv": [4, 4, 5, 4.75], "texture": "#0"},
				"west": {"uv": [4, 4, 5, 4.75], "texture": "#0"},
				"up": {"uv": [4, 4, 5, 4.75], "texture": "#0"},
				"down": {"uv": [4, 4, 5, 4.75], "texture": "#0"}
			}
		},
		{
			"from": [-6.25, 5.5, 7],
			"to": [21.5, 6.25, 8],
			"faces": {
				"north": {"uv": [4, 4, 8, 16], "texture": "#0"},
				"east": {"uv": [4, 4, 5, 4.75], "texture": "#0"},
				"south": {"uv": [4, 4, 5, 4.75], "texture": "#0"},
				"west": {"uv": [4, 4, 5, 4.75], "texture": "#0"},
				"up": {"uv": [4, 4, 5, 4.75], "texture": "#0"},
				"down": {"uv": [4, 4, 5, 4.75], "texture": "#0"}
			}
		}
	],
	"display": {
		"thirdperson_righthand": {
			"rotation": [37, 0, 0]
		},
		"thirdperson_lefthand": {
			"rotation": [76, -2, 0],
			"translation": [-4.25, -0.5, 7.25],
			"scale": [0.15, 0.15, 0.15]
		},
		"firstperson_righthand": {
			"rotation": [0, -180, 0],
			"translation": [1, 1.75, 0],
			"scale": [0.29, 0.29, 0.29]
		},
		"firstperson_lefthand": {
			"rotation": [0, -180, 0],
			"translation": [3.5, 1, 0],
			"scale": [0.17, 0.17, 0.17]
		},
		"ground": {
			"translation": [0, 9.5, 0.5]
		},
		"gui": {
			"rotation": [0, -162, 0],
			"translation": [0, -3.25, 0],
			"scale": [0.63, 0.63, 0.63]
		},
		"head": {
			"translation": [1.5, 17.5, 0],
			"scale": [4, 4, 4]
		},
		"fixed": {
			"translation": [0, -4.25, -1.75]
		}
	}
}