{
	"credit": "Made with Blockbench",
	"texture_size": [64, 64],
	"textures": {
		"2": "block/lime_terracotta",
		"particle": "block/white_concrete"
	},
	"elements": [
		{
			"from": [7.04728, -5.0128, 6.33456],
			"to": [8.95272, -3.06746, 9.51032],
			"rotation": {"angle": 0, "axis": "y", "origin": [8, 1.98666, -1]},
			"faces": {
				"north": {"uv": [12.25, 11.75, 12.5, 12], "texture": "#2"},
				"east": {"uv": [11, 2.75, 11.5, 3], "texture": "#2"},
				"south": {"uv": [12.25, 12, 12.5, 12.25], "texture": "#2"},
				"west": {"uv": [11, 3, 11.5, 3.25], "texture": "#2"},
				"up": {"uv": [11.25, 3.75, 11, 3.25], "texture": "#2"},
				"down": {"uv": [11.25, 4, 11, 4.5], "texture": "#2"}
			}
		},
		{
			"from": [6.41212, -4.89276, 6.96972],
			"to": [9.58788, -3.06746, 8.87516],
			"rotation": {"angle": 0, "axis": "y", "origin": [8, 1.98666, -1]},
			"faces": {
				"north": {"uv": [11, 4.5, 11.5, 4.75], "texture": "#2"},
				"east": {"uv": [0, 12.5, 0.25, 12.75], "texture": "#2"},
				"south": {"uv": [11, 4.75, 11.5, 5], "texture": "#2"},
				"west": {"uv": [0.25, 12.5, 0.5, 12.75], "texture": "#2"},
				"up": {"uv": [11.5, 5.25, 11, 5], "texture": "#2"},
				"down": {"uv": [11.5, 5.25, 11, 5.5], "texture": "#2"}
			}
		},
		{
			"from": [6.41212, -4.9778, 5.6994],
			"to": [9.58788, -3.70262, 10.14548],
			"rotation": {"angle": 0, "axis": "y", "origin": [8, 1.98666, -1]},
			"faces": {
				"north": {"uv": [11, 1.75, 11.5, 2], "texture": "#2"},
				"east": {"uv": [11, 2, 11.5, 2.25], "texture": "#2"},
				"south": {"uv": [11, 2.25, 11.5, 2.5], "texture": "#2"},
				"west": {"uv": [11, 2.5, 11.5, 2.75], "texture": "#2"},
				"up": {"uv": [4.5, 10, 4, 9.5], "texture": "#2"},
				"down": {"uv": [5, 9.5, 4.5, 10], "texture": "#2"}
			}
		},
		{
			"from": [5.77696, -4.9778, 6.33456],
			"to": [10.22304, -3.70262, 9.51032],
			"rotation": {"angle": 0, "axis": "y", "origin": [8, 1.98666, -1]},
			"faces": {
				"north": {"uv": [11, 0.5, 11.5, 0.75], "texture": "#2"},
				"east": {"uv": [11, 0.75, 11.5, 1], "texture": "#2"},
				"south": {"uv": [11, 1, 11.5, 1.25], "texture": "#2"},
				"west": {"uv": [11, 1.5, 11.5, 1.75], "texture": "#2"},
				"up": {"uv": [9.75, 6.5, 9.25, 6], "texture": "#2"},
				"down": {"uv": [2.5, 9.5, 2, 10], "texture": "#2"}
			}
		},
		{
			"from": [5.77696, -5.06284, 5.6994],
			"to": [10.22304, -4.33776, 10.14548],
			"rotation": {"angle": 0, "axis": "y", "origin": [8, 1.98666, -1]},
			"faces": {
				"north": {"uv": [11, 6, 11.5, 6.25], "texture": "#2"},
				"east": {"uv": [11, 6.25, 11.5, 6.5], "texture": "#2"},
				"south": {"uv": [11, 6.5, 11.5, 6.75], "texture": "#2"},
				"west": {"uv": [11, 6.75, 11.5, 7], "texture": "#2"},
				"up": {"uv": [5.5, 10, 5, 9.5], "texture": "#2"},
				"down": {"uv": [6, 9.5, 5.5, 10], "texture": "#2"}
			}
		},
		{
			"from": [6.41212, -5.06284, 5.06426],
			"to": [9.58788, -4.33776, 10.78062],
			"rotation": {"angle": 0, "axis": "y", "origin": [8, 1.98666, -1]},
			"faces": {
				"north": {"uv": [11, 5.5, 11.5, 5.75], "texture": "#2"},
				"east": {"uv": [10.25, 2.75, 11, 3], "texture": "#2"},
				"south": {"uv": [11, 5.75, 11.5, 6], "texture": "#2"},
				"west": {"uv": [10.25, 5.5, 11, 5.75], "texture": "#2"},
				"up": {"uv": [8.75, 3.75, 8.25, 3], "texture": "#2"},
				"down": {"uv": [8.75, 4, 8.25, 4.75], "texture": "#2"}
			}
		},
		{
			"from": [5.14182, -5.06284, 7.89498],
			"to": [10.85818, -4.33776, 9.51032],
			"rotation": {"angle": 0, "axis": "y", "origin": [8, 1.98666, -1]},
			"faces": {
				"north": {"uv": [10.25, 8.5, 11, 8.75], "texture": "#2"},
				"east": {"uv": [1, 12.5, 1.25, 12.75], "texture": "#2"},
				"south": {"uv": [10.25, 9, 11, 9.25], "texture": "#2"},
				"west": {"uv": [1.25, 12.5, 1.5, 12.75], "texture": "#2"},
				"up": {"uv": [4.75, 10.75, 4, 10.5], "texture": "#2"},
				"down": {"uv": [5.5, 10.5, 4.75, 10.75], "texture": "#2"}
			}
		},
		{
			"from": [5.14182, -5.06284, 6.33456],
			"to": [10.85818, -4.33776, 7.9499],
			"rotation": {"angle": 0, "axis": "y", "origin": [8, 1.98666, -1]},
			"faces": {
				"north": {"uv": [10.25, 5.75, 11, 6], "texture": "#2"},
				"east": {"uv": [0.5, 12.5, 0.75, 12.75], "texture": "#2"},
				"south": {"uv": [10.25, 6.5, 11, 6.75], "texture": "#2"},
				"west": {"uv": [0.75, 12.5, 1, 12.75], "texture": "#2"},
				"up": {"uv": [11, 7, 10.25, 6.75], "texture": "#2"},
				"down": {"uv": [11, 8.25, 10.25, 8.5], "texture": "#2"}
			}
		},
		{
			"from": [7.41254, 9.1536, 7.46438],
			"to": [8.58746, 11.64512, 9.10572],
			"rotation": {"angle": 0, "axis": "y", "origin": [8, 8.64, -1]},
			"faces": {
				"north": {"uv": [12, 11.25, 12.25, 11.5], "texture": "#2"},
				"east": {"uv": [12, 11.5, 12.25, 11.75], "texture": "#2"},
				"south": {"uv": [12, 11.75, 12.25, 12], "texture": "#2"},
				"west": {"uv": [0, 12.25, 0.25, 12.5], "texture": "#2"},
				"up": {"uv": [0.5, 12.5, 0.25, 12.25], "texture": "#2"},
				"down": {"uv": [0.75, 12.25, 0.5, 12.5], "texture": "#2"}
			}
		},
		{
			"from": [7.41254, 9.1536, 3.86438],
			"to": [8.58746, 10.64512, 6.30572],
			"rotation": {"angle": 0, "axis": "y", "origin": [8, 8.64, -1]},
			"faces": {
				"north": {"uv": [12.75, 12.75, 13, 13], "texture": "#2"},
				"east": {"uv": [12.75, 0, 13, 0.25], "texture": "#2"},
				"south": {"uv": [12.75, 0.25, 13, 0.5], "texture": "#2"},
				"west": {"uv": [12.75, 0.5, 13, 0.75], "texture": "#2"},
				"up": {"uv": [13, 1, 12.75, 0.75], "texture": "#2"},
				"down": {"uv": [13, 1, 12.75, 1.25], "texture": "#2"}
			}
		},
		{
			"from": [7.41254, 7.9536, 8.46438],
			"to": [8.58746, 10.84512, 10.10572],
			"rotation": {"angle": 0, "axis": "y", "origin": [8, 8.64, -1]},
			"faces": {
				"north": {"uv": [11.25, 12.75, 11.5, 13], "texture": "#2"},
				"east": {"uv": [11.5, 12.75, 11.75, 13], "texture": "#2"},
				"south": {"uv": [11.75, 12.75, 12, 13], "texture": "#2"},
				"west": {"uv": [12, 12.75, 12.25, 13], "texture": "#2"},
				"up": {"uv": [12.5, 13, 12.25, 12.75], "texture": "#2"},
				"down": {"uv": [12.75, 12.75, 12.5, 13], "texture": "#2"}
			}
		},
		{
			"from": [7.41254, 9.7536, 5.26438],
			"to": [8.58746, 11.24512, 8.50572],
			"rotation": {"angle": 0, "axis": "y", "origin": [8, 8.64, -1]},
			"faces": {
				"north": {"uv": [1.5, 12.5, 1.75, 12.75], "texture": "#2"},
				"east": {"uv": [11, 7, 11.5, 7.25], "texture": "#2"},
				"south": {"uv": [1.75, 12.5, 2, 12.75], "texture": "#2"},
				"west": {"uv": [11, 7.25, 11.5, 7.5], "texture": "#2"},
				"up": {"uv": [11.25, 8.5, 11, 8], "texture": "#2"},
				"down": {"uv": [11.25, 9, 11, 9.5], "texture": "#2"}
			}
		},
		{
			"from": [7.41254, 6.26208, 9.10572],
			"to": [8.58746, 8.7536, 10.74708],
			"rotation": {"angle": 0, "axis": "y", "origin": [8, 7.14848, -0.95866]},
			"faces": {
				"north": {"uv": [0.75, 12.25, 1, 12.5], "texture": "#2"},
				"east": {"uv": [1, 12.25, 1.25, 12.5], "texture": "#2"},
				"south": {"uv": [1.25, 12.25, 1.5, 12.5], "texture": "#2"},
				"west": {"uv": [1.5, 12.25, 1.75, 12.5], "texture": "#2"},
				"up": {"uv": [2, 12.5, 1.75, 12.25], "texture": "#2"},
				"down": {"uv": [2.25, 12.25, 2, 12.5], "texture": "#2"}
			}
		},
		{
			"from": [7.41254, 3.77056, 8.70572],
			"to": [8.58746, 6.26208, 10.34708],
			"rotation": {"angle": 0, "axis": "y", "origin": [8, 7.05696, -0.95866]},
			"faces": {
				"north": {"uv": [2.25, 12.25, 2.5, 12.5], "texture": "#2"},
				"east": {"uv": [2.5, 12.25, 2.75, 12.5], "texture": "#2"},
				"south": {"uv": [2.75, 12.25, 3, 12.5], "texture": "#2"},
				"west": {"uv": [3, 12.25, 3.25, 12.5], "texture": "#2"},
				"up": {"uv": [3.5, 12.5, 3.25, 12.25], "texture": "#2"},
				"down": {"uv": [3.75, 12.25, 3.5, 12.5], "texture": "#2"}
			}
		},
		{
			"from": [7.21254, 0.97056, 7.70572],
			"to": [8.78746, 4.06208, 9.34708],
			"rotation": {"angle": 0, "axis": "y", "origin": [8, 7.05696, -0.95866]},
			"faces": {
				"north": {"uv": [10.75, 9.25, 11, 9.75], "texture": "#2"},
				"east": {"uv": [10.75, 9.75, 11, 10.25], "texture": "#2"},
				"south": {"uv": [10.75, 10.25, 11, 10.75], "texture": "#2"},
				"west": {"uv": [0.75, 11, 1, 11.5], "texture": "#2"},
				"up": {"uv": [4, 12.5, 3.75, 12.25], "texture": "#2"},
				"down": {"uv": [4.25, 12.25, 4, 12.5], "texture": "#2"}
			}
		},
		{
			"from": [7.21254, -3.22944, 6.90572],
			"to": [8.78746, 1.86208, 8.54708],
			"rotation": {"angle": 0, "axis": "y", "origin": [8, 7.05696, -0.95866]},
			"faces": {
				"north": {"uv": [1.25, 10.5, 1.5, 11.25], "texture": "#2"},
				"east": {"uv": [1.5, 10.5, 1.75, 11.25], "texture": "#2"},
				"south": {"uv": [1.75, 10.5, 2, 11.25], "texture": "#2"},
				"west": {"uv": [2.75, 10.5, 3, 11.25], "texture": "#2"},
				"up": {"uv": [12.5, 11.5, 12.25, 11.25], "texture": "#2"},
				"down": {"uv": [12.5, 11.5, 12.25, 11.75], "texture": "#2"}
			}
		},
		{
			"from": [5.81254, -2.22944, 7.30572],
			"to": [7.58746, -0.73792, 8.94708],
			"rotation": {"angle": 0, "axis": "y", "origin": [8, 7.05696, -0.95866]},
			"faces": {
				"north": {"uv": [4.25, 12.25, 4.5, 12.5], "texture": "#2"},
				"east": {"uv": [4.5, 12.25, 4.75, 12.5], "texture": "#2"},
				"south": {"uv": [4.75, 12.25, 5, 12.5], "texture": "#2"},
				"west": {"uv": [5, 12.25, 5.25, 12.5], "texture": "#2"},
				"up": {"uv": [5.5, 12.5, 5.25, 12.25], "texture": "#2"},
				"down": {"uv": [5.75, 12.25, 5.5, 12.5], "texture": "#2"}
			}
		},
		{
			"from": [8.41254, -2.22944, 7.30572],
			"to": [10.18746, -0.73792, 8.94708],
			"rotation": {"angle": 0, "axis": "y", "origin": [8, 7.05696, -0.95866]},
			"faces": {
				"north": {"uv": [3.5, 12.5, 3.75, 12.75], "texture": "#2"},
				"east": {"uv": [3.75, 12.5, 4, 12.75], "texture": "#2"},
				"south": {"uv": [4, 12.5, 4.25, 12.75], "texture": "#2"},
				"west": {"uv": [4.25, 12.5, 4.5, 12.75], "texture": "#2"},
				"up": {"uv": [4.75, 12.75, 4.5, 12.5], "texture": "#2"},
				"down": {"uv": [5, 12.5, 4.75, 12.75], "texture": "#2"}
			}
		},
		{
			"from": [4.41254, -2.02944, 7.30572],
			"to": [6.18746, -0.53792, 8.94708],
			"rotation": {"angle": 0, "axis": "y", "origin": [8, 7.05696, -0.95866]},
			"faces": {
				"north": {"uv": [2, 12.5, 2.25, 12.75], "texture": "#2"},
				"east": {"uv": [2.25, 12.5, 2.5, 12.75], "texture": "#2"},
				"south": {"uv": [2.5, 12.5, 2.75, 12.75], "texture": "#2"},
				"west": {"uv": [2.75, 12.5, 3, 12.75], "texture": "#2"},
				"up": {"uv": [3.25, 12.75, 3, 12.5], "texture": "#2"},
				"down": {"uv": [3.5, 12.5, 3.25, 12.75], "texture": "#2"}
			}
		},
		{
			"from": [9.81254, -2.02944, 7.30572],
			"to": [11.58746, -0.53792, 8.94708],
			"rotation": {"angle": 0, "axis": "y", "origin": [8, 7.05696, -0.95866]},
			"faces": {
				"north": {"uv": [5, 12.5, 5.25, 12.75], "texture": "#2"},
				"east": {"uv": [5.25, 12.5, 5.5, 12.75], "texture": "#2"},
				"south": {"uv": [5.5, 12.5, 5.75, 12.75], "texture": "#2"},
				"west": {"uv": [5.75, 12.5, 6, 12.75], "texture": "#2"},
				"up": {"uv": [6.25, 12.75, 6, 12.5], "texture": "#2"},
				"down": {"uv": [6.5, 12.5, 6.25, 12.75], "texture": "#2"}
			}
		},
		{
			"from": [1.21254, -1.22944, 7.30572],
			"to": [4.78746, 0.06208, 8.94708],
			"rotation": {"angle": 0, "axis": "y", "origin": [8, 7.05696, -0.95866]},
			"faces": {
				"north": {"uv": [10.75, 1.25, 11.25, 1.5], "texture": "#2"},
				"east": {"uv": [5.75, 12.25, 6, 12.5], "texture": "#2"},
				"south": {"uv": [10.75, 3.75, 11.25, 4], "texture": "#2"},
				"west": {"uv": [6, 12.25, 6.25, 12.5], "texture": "#2"},
				"up": {"uv": [11.25, 8, 10.75, 7.75], "texture": "#2"},
				"down": {"uv": [11.25, 8.75, 10.75, 9], "texture": "#2"}
			}
		},
		{
			"from": [11.21254, -1.22944, 7.30572],
			"to": [14.78746, 0.06208, 8.94708],
			"rotation": {"angle": 0, "axis": "y", "origin": [8, 7.05696, -0.95866]},
			"faces": {
				"north": {"uv": [10.25, 11, 10.75, 11.25], "texture": "#2"},
				"east": {"uv": [12.25, 10.75, 12.5, 11], "texture": "#2"},
				"south": {"uv": [10.75, 11, 11.25, 11.25], "texture": "#2"},
				"west": {"uv": [12.25, 11, 12.5, 11.25], "texture": "#2"},
				"up": {"uv": [11.5, 0.25, 11, 0], "texture": "#2"},
				"down": {"uv": [11.5, 0.25, 11, 0.5], "texture": "#2"}
			}
		},
		{
			"from": [-2.18746, -0.02944, 7.30572],
			"to": [1.38746, 0.66208, 8.94708],
			"rotation": {"angle": 0, "axis": "y", "origin": [8, 7.05696, -0.95866]},
			"faces": {
				"north": {"uv": [2, 11, 2.5, 11.25], "texture": "#2"},
				"east": {"uv": [6.25, 12.25, 6.5, 12.5], "texture": "#2"},
				"south": {"uv": [3, 11, 3.5, 11.25], "texture": "#2"},
				"west": {"uv": [6.5, 12.25, 6.75, 12.5], "texture": "#2"},
				"up": {"uv": [4, 11.25, 3.5, 11], "texture": "#2"},
				"down": {"uv": [4.5, 11, 4, 11.25], "texture": "#2"}
			}
		},
		{
			"from": [14.61254, -0.02944, 7.30572],
			"to": [18.18746, 0.66208, 8.94708],
			"rotation": {"angle": 0, "axis": "y", "origin": [8, 7.05696, -0.95866]},
			"faces": {
				"north": {"uv": [8, 11, 8.5, 11.25], "texture": "#2"},
				"east": {"uv": [12.25, 10.25, 12.5, 10.5], "texture": "#2"},
				"south": {"uv": [8.5, 11, 9, 11.25], "texture": "#2"},
				"west": {"uv": [12.25, 10.5, 12.5, 10.75], "texture": "#2"},
				"up": {"uv": [9.5, 11.25, 9, 11], "texture": "#2"},
				"down": {"uv": [10, 11, 9.5, 11.25], "texture": "#2"}
			}
		},
		{
			"from": [0.61254, -0.42944, 4.50572],
			"to": [1.38746, 0.06208, 11.14708],
			"rotation": {"angle": 0, "axis": "y", "origin": [8, 7.05696, -0.95866]},
			"faces": {
				"north": {"uv": [9.75, 12.25, 10, 12.5], "texture": "#2"},
				"east": {"uv": [9.75, 6, 10.5, 6.25], "texture": "#2"},
				"south": {"uv": [10, 12.25, 10.25, 12.5], "texture": "#2"},
				"west": {"uv": [9.75, 6.25, 10.5, 6.5], "texture": "#2"},
				"up": {"uv": [0.25, 10.75, 0, 10], "texture": "#2"},
				"down": {"uv": [0.5, 10, 0.25, 10.75], "texture": "#2"}
			}
		},
		{
			"from": [14.61254, -0.42944, 4.50572],
			"to": [15.38746, 0.06208, 11.14708],
			"rotation": {"angle": 0, "axis": "y", "origin": [8, 7.05696, -0.95866]},
			"faces": {
				"north": {"uv": [12.25, 6.75, 12.5, 7], "texture": "#2"},
				"east": {"uv": [10.25, 0, 11, 0.25], "texture": "#2"},
				"south": {"uv": [12.25, 7, 12.5, 7.25], "texture": "#2"},
				"west": {"uv": [10.25, 0.25, 11, 0.5], "texture": "#2"},
				"up": {"uv": [10.5, 1.25, 10.25, 0.5], "texture": "#2"},
				"down": {"uv": [10.5, 1.5, 10.25, 2.25], "texture": "#2"}
			}
		},
		{
			"from": [0.61254, -0.82944, 4.90572],
			"to": [2.58746, -0.33792, 10.74708],
			"rotation": {"angle": 0, "axis": "y", "origin": [8, 7.05696, -0.95866]},
			"faces": {
				"north": {"uv": [10.25, 12.25, 10.5, 12.5], "texture": "#2"},
				"east": {"uv": [9.75, 7, 10.5, 7.25], "texture": "#2"},
				"south": {"uv": [10.5, 12.25, 10.75, 12.5], "texture": "#2"},
				"west": {"uv": [9.75, 9.5, 10.5, 9.75], "texture": "#2"},
				"up": {"uv": [0.75, 10.75, 0.5, 10], "texture": "#2"},
				"down": {"uv": [2.25, 10, 2, 10.75], "texture": "#2"}
			}
		},
		{
			"from": [13.41254, -0.82944, 4.90572],
			"to": [15.38746, -0.33792, 10.74708],
			"rotation": {"angle": 0, "axis": "y", "origin": [8, 7.05696, -0.95866]},
			"faces": {
				"north": {"uv": [12.25, 6.25, 12.5, 6.5], "texture": "#2"},
				"east": {"uv": [9.25, 10.25, 10, 10.5], "texture": "#2"},
				"south": {"uv": [12.25, 6.5, 12.5, 6.75], "texture": "#2"},
				"west": {"uv": [10, 10.25, 10.75, 10.5], "texture": "#2"},
				"up": {"uv": [8.75, 11, 8.5, 10.25], "texture": "#2"},
				"down": {"uv": [9, 10.25, 8.75, 11], "texture": "#2"}
			}
		},
		{
			"from": [2.41254, -1.02944, 4.90572],
			"to": [4.38746, -0.53792, 10.74708],
			"rotation": {"angle": 0, "axis": "y", "origin": [8, 7.05696, -0.95866]},
			"faces": {
				"north": {"uv": [11.25, 12.25, 11.5, 12.5], "texture": "#2"},
				"east": {"uv": [4, 10, 4.75, 10.25], "texture": "#2"},
				"south": {"uv": [11.5, 12.25, 11.75, 12.5], "texture": "#2"},
				"west": {"uv": [4.75, 10, 5.5, 10.25], "texture": "#2"},
				"up": {"uv": [2.5, 10.75, 2.25, 10], "texture": "#2"},
				"down": {"uv": [5.75, 10, 5.5, 10.75], "texture": "#2"}
			}
		},
		{
			"from": [11.61254, -1.02944, 4.90572],
			"to": [13.58746, -0.53792, 10.74708],
			"rotation": {"angle": 0, "axis": "y", "origin": [8, 7.05696, -0.95866]},
			"faces": {
				"north": {"uv": [12.25, 4.25, 12.5, 4.5], "texture": "#2"},
				"east": {"uv": [10, 9.25, 10.75, 9.5], "texture": "#2"},
				"south": {"uv": [12.25, 4.5, 12.5, 4.75], "texture": "#2"},
				"west": {"uv": [2.75, 10.25, 3.5, 10.5], "texture": "#2"},
				"up": {"uv": [3.75, 11, 3.5, 10.25], "texture": "#2"},
				"down": {"uv": [4, 10.25, 3.75, 11], "texture": "#2"}
			}
		},
		{
			"from": [5.01254, -1.42944, 4.90572],
			"to": [6.98746, -0.93792, 10.74708],
			"rotation": {"angle": 0, "axis": "y", "origin": [8, 7.05696, -0.95866]},
			"faces": {
				"north": {"uv": [12.25, 1.75, 12.5, 2], "texture": "#2"},
				"east": {"uv": [10, 1.25, 10.75, 1.5], "texture": "#2"},
				"south": {"uv": [12.25, 2, 12.5, 2.25], "texture": "#2"},
				"west": {"uv": [10, 3.75, 10.75, 4], "texture": "#2"},
				"up": {"uv": [10.25, 8.75, 10, 8], "texture": "#2"},
				"down": {"uv": [1, 10.25, 0.75, 11], "texture": "#2"}
			}
		},
		{
			"from": [9.01254, -1.42944, 4.90572],
			"to": [10.98746, -0.93792, 10.74708],
			"rotation": {"angle": 0, "axis": "y", "origin": [8, 7.05696, -0.95866]},
			"faces": {
				"north": {"uv": [12.25, 2.25, 12.5, 2.5], "texture": "#2"},
				"east": {"uv": [10, 7.25, 10.75, 7.5], "texture": "#2"},
				"south": {"uv": [12.25, 2.5, 12.5, 2.75], "texture": "#2"},
				"west": {"uv": [10, 8.75, 10.75, 9], "texture": "#2"},
				"up": {"uv": [1.25, 11, 1, 10.25], "texture": "#2"},
				"down": {"uv": [2.75, 10.25, 2.5, 11], "texture": "#2"}
			}
		},
		{
			"from": [2.41254, -1.02944, 4.50572],
			"to": [3.78746, -0.53792, 11.34708],
			"rotation": {"angle": 0, "axis": "y", "origin": [8, 7.05696, -0.95866]},
			"faces": {
				"north": {"uv": [11.75, 12.25, 12, 12.5], "texture": "#2"},
				"east": {"uv": [7, 10, 7.75, 10.25], "texture": "#2"},
				"south": {"uv": [12, 12.25, 12.25, 12.5], "texture": "#2"},
				"west": {"uv": [7.75, 10, 8.5, 10.25], "texture": "#2"},
				"up": {"uv": [6, 10.75, 5.75, 10], "texture": "#2"},
				"down": {"uv": [9.25, 10, 9, 10.75], "texture": "#2"}
			}
		},
		{
			"from": [12.21254, -1.02944, 4.50572],
			"to": [13.58746, -0.53792, 11.34708],
			"rotation": {"angle": 0, "axis": "y", "origin": [8, 7.05696, -0.95866]},
			"faces": {
				"north": {"uv": [12.25, 4.75, 12.5, 5], "texture": "#2"},
				"east": {"uv": [4, 10.25, 4.75, 10.5], "texture": "#2"},
				"south": {"uv": [12.25, 5, 12.5, 5.25], "texture": "#2"},
				"west": {"uv": [4.75, 10.25, 5.5, 10.5], "texture": "#2"},
				"up": {"uv": [6.25, 11, 6, 10.25], "texture": "#2"},
				"down": {"uv": [6.5, 10.25, 6.25, 11], "texture": "#2"}
			}
		},
		{
			"from": [5.01254, -1.42944, 3.50572],
			"to": [6.38746, -0.93792, 12.14708],
			"rotation": {"angle": 0, "axis": "y", "origin": [8, 7.05696, -0.95866]},
			"faces": {
				"north": {"uv": [12.25, 1.25, 12.5, 1.5], "texture": "#2"},
				"east": {"uv": [9, 1.25, 10, 1.5], "texture": "#2"},
				"south": {"uv": [12.25, 1.5, 12.5, 1.75], "texture": "#2"},
				"west": {"uv": [9, 2.5, 10, 2.75], "texture": "#2"},
				"up": {"uv": [3.25, 10.25, 3, 9.25], "texture": "#2"},
				"down": {"uv": [3.5, 9.25, 3.25, 10.25], "texture": "#2"}
			}
		},
		{
			"from": [9.61254, -1.42944, 3.50572],
			"to": [10.98746, -0.93792, 12.14708],
			"rotation": {"angle": 0, "axis": "y", "origin": [8, 7.05696, -0.95866]},
			"faces": {
				"north": {"uv": [12.25, 2.75, 12.5, 3], "texture": "#2"},
				"east": {"uv": [9, 2.75, 10, 3], "texture": "#2"},
				"south": {"uv": [12.25, 3, 12.5, 3.25], "texture": "#2"},
				"west": {"uv": [9, 7.25, 10, 7.5], "texture": "#2"},
				"up": {"uv": [3.75, 10.25, 3.5, 9.25], "texture": "#2"},
				"down": {"uv": [4, 9.25, 3.75, 10.25], "texture": "#2"}
			}
		},
		{
			"from": [1.61254, -0.82944, 4.50572],
			"to": [2.98746, -0.33792, 11.34708],
			"rotation": {"angle": 0, "axis": "y", "origin": [8, 7.05696, -0.95866]},
			"faces": {
				"north": {"uv": [12.25, 12.25, 12.5, 12.5], "texture": "#2"},
				"east": {"uv": [9.25, 10, 10, 10.25], "texture": "#2"},
				"south": {"uv": [12.25, 0, 12.5, 0.25], "texture": "#2"},
				"west": {"uv": [10, 10, 10.75, 10.25], "texture": "#2"},
				"up": {"uv": [10.25, 1.25, 10, 0.5], "texture": "#2"},
				"down": {"uv": [10.25, 2.25, 10, 3], "texture": "#2"}
			}
		},
		{
			"from": [13.01254, -0.82944, 4.50572],
			"to": [14.38746, -0.33792, 11.34708],
			"rotation": {"angle": 0, "axis": "y", "origin": [8, 7.05696, -0.95866]},
			"faces": {
				"north": {"uv": [12.25, 5.75, 12.5, 6], "texture": "#2"},
				"east": {"uv": [6.5, 10.25, 7.25, 10.5], "texture": "#2"},
				"south": {"uv": [12.25, 6, 12.5, 6.25], "texture": "#2"},
				"west": {"uv": [7.25, 10.25, 8, 10.5], "texture": "#2"},
				"up": {"uv": [8.25, 11, 8, 10.25], "texture": "#2"},
				"down": {"uv": [8.5, 10.25, 8.25, 11], "texture": "#2"}
			}
		},
		{
			"from": [4.21254, -1.22944, 4.10572],
			"to": [4.98746, -0.73792, 11.74708],
			"rotation": {"angle": 0, "axis": "y", "origin": [8, 7.05696, -0.95866]},
			"faces": {
				"north": {"uv": [12.25, 0.25, 12.5, 0.5], "texture": "#2"},
				"east": {"uv": [9, 0.75, 10, 1], "texture": "#2"},
				"south": {"uv": [12.25, 0.5, 12.5, 0.75], "texture": "#2"},
				"west": {"uv": [9, 1, 10, 1.25], "texture": "#2"},
				"up": {"uv": [2.75, 10.25, 2.5, 9.25], "texture": "#2"},
				"down": {"uv": [3, 9.25, 2.75, 10.25], "texture": "#2"}
			}
		},
		{
			"from": [11.01254, -1.22944, 4.10572],
			"to": [11.78746, -0.73792, 11.74708],
			"rotation": {"angle": 0, "axis": "y", "origin": [8, 7.05696, -0.95866]},
			"faces": {
				"north": {"uv": [12.25, 3.75, 12.5, 4], "texture": "#2"},
				"east": {"uv": [4, 9.25, 5, 9.5], "texture": "#2"},
				"south": {"uv": [12.25, 4, 12.5, 4.25], "texture": "#2"},
				"west": {"uv": [5, 9.25, 6, 9.5], "texture": "#2"},
				"up": {"uv": [6.25, 10.25, 6, 9.25], "texture": "#2"},
				"down": {"uv": [6.5, 9.25, 6.25, 10.25], "texture": "#2"}
			}
		},
		{
			"from": [2.21254, -0.82944, 4.10572],
			"to": [2.98746, -0.33792, 11.94708],
			"rotation": {"angle": 0, "axis": "y", "origin": [8, 7.05696, -0.95866]},
			"faces": {
				"north": {"uv": [10.75, 12.25, 11, 12.5], "texture": "#2"},
				"east": {"uv": [8.5, 9, 9.5, 9.25], "texture": "#2"},
				"south": {"uv": [11, 12.25, 11.25, 12.5], "texture": "#2"},
				"west": {"uv": [9, 0.5, 10, 0.75], "texture": "#2"},
				"up": {"uv": [1, 10.25, 0.75, 9.25], "texture": "#2"},
				"down": {"uv": [1.25, 9.25, 1, 10.25], "texture": "#2"}
			}
		},
		{
			"from": [13.01254, -0.82944, 4.10572],
			"to": [13.78746, -0.33792, 11.94708],
			"rotation": {"angle": 0, "axis": "y", "origin": [8, 7.05696, -0.95866]},
			"faces": {
				"north": {"uv": [12.25, 5.25, 12.5, 5.5], "texture": "#2"},
				"east": {"uv": [6.5, 9.25, 7.5, 9.5], "texture": "#2"},
				"south": {"uv": [12.25, 5.5, 12.5, 5.75], "texture": "#2"},
				"west": {"uv": [7.5, 9.25, 8.5, 9.5], "texture": "#2"},
				"up": {"uv": [8.75, 10.25, 8.5, 9.25], "texture": "#2"},
				"down": {"uv": [9, 9.25, 8.75, 10.25], "texture": "#2"}
			}
		},
		{
			"from": [4.81254, -1.22944, 3.30572],
			"to": [5.58746, -0.73792, 12.54708],
			"rotation": {"angle": 0, "axis": "y", "origin": [8, 7.05696, -0.95866]},
			"faces": {
				"north": {"uv": [12.25, 0.75, 12.5, 1], "texture": "#2"},
				"east": {"uv": [8.25, 7.5, 9.5, 7.75], "texture": "#2"},
				"south": {"uv": [12.25, 1, 12.5, 1.25], "texture": "#2"},
				"west": {"uv": [8.25, 7.75, 9.5, 8], "texture": "#2"},
				"up": {"uv": [2.5, 9.5, 2.25, 8.25], "texture": "#2"},
				"down": {"uv": [0.25, 8.5, 0, 9.75], "texture": "#2"}
			}
		},
		{
			"from": [10.41254, -1.22944, 3.30572],
			"to": [11.18746, -0.73792, 12.54708],
			"rotation": {"angle": 0, "axis": "y", "origin": [8, 7.05696, -0.95866]},
			"faces": {
				"north": {"uv": [12.25, 3.25, 12.5, 3.5], "texture": "#2"},
				"east": {"uv": [4.25, 8.5, 5.5, 8.75], "texture": "#2"},
				"south": {"uv": [12.25, 3.5, 12.5, 3.75], "texture": "#2"},
				"west": {"uv": [5.5, 8.5, 6.75, 8.75], "texture": "#2"},
				"up": {"uv": [0.5, 9.75, 0.25, 8.5], "texture": "#2"},
				"down": {"uv": [0.75, 8.5, 0.5, 9.75], "texture": "#2"}
			}
		},
		{
			"from": [-2.18746, -0.62944, 5.10572],
			"to": [-0.21254, 0.06208, 11.14708],
			"rotation": {"angle": 0, "axis": "y", "origin": [8, 7.05696, -0.95866]},
			"faces": {
				"north": {"uv": [8.25, 12.25, 8.5, 12.5], "texture": "#2"},
				"east": {"uv": [9.75, 4.25, 10.5, 4.5], "texture": "#2"},
				"south": {"uv": [8.5, 12.25, 8.75, 12.5], "texture": "#2"},
				"west": {"uv": [9.75, 4.5, 10.5, 4.75], "texture": "#2"},
				"up": {"uv": [1.5, 10.5, 1.25, 9.75], "texture": "#2"},
				"down": {"uv": [10, 8, 9.75, 8.75], "texture": "#2"}
			}
		},
		{
			"from": [16.21254, -0.62944, 5.10572],
			"to": [18.18746, 0.06208, 11.14708],
			"rotation": {"angle": 0, "axis": "y", "origin": [8, 7.05696, -0.95866]},
			"faces": {
				"north": {"uv": [12.25, 7.25, 12.5, 7.5], "texture": "#2"},
				"east": {"uv": [10.25, 2.25, 11, 2.5], "texture": "#2"},
				"south": {"uv": [12.25, 7.5, 12.5, 7.75], "texture": "#2"},
				"west": {"uv": [10.25, 2.5, 11, 2.75], "texture": "#2"},
				"up": {"uv": [10.5, 5.5, 10.25, 4.75], "texture": "#2"},
				"down": {"uv": [10.5, 7.5, 10.25, 8.25], "texture": "#2"}
			}
		},
		{
			"from": [-0.78746, -0.62944, 4.30572],
			"to": [0.58746, 0.06208, 11.74708],
			"rotation": {"angle": 0, "axis": "y", "origin": [8, 7.05696, -0.95866]},
			"faces": {
				"north": {"uv": [9.25, 12.25, 9.5, 12.5], "texture": "#2"},
				"east": {"uv": [6.5, 9, 7.5, 9.25], "texture": "#2"},
				"south": {"uv": [9.5, 12.25, 9.75, 12.5], "texture": "#2"},
				"west": {"uv": [7.5, 9, 8.5, 9.25], "texture": "#2"},
				"up": {"uv": [2.25, 9.5, 2, 8.5], "texture": "#2"},
				"down": {"uv": [1.5, 8.75, 1.25, 9.75], "texture": "#2"}
			}
		},
		{
			"from": [15.41254, -0.62944, 4.30572],
			"to": [16.78746, 0.06208, 11.74708],
			"rotation": {"angle": 0, "axis": "y", "origin": [8, 7.05696, -0.95866]},
			"faces": {
				"north": {"uv": [12.25, 7.75, 12.5, 8], "texture": "#2"},
				"east": {"uv": [9, 9.25, 10, 9.5], "texture": "#2"},
				"south": {"uv": [12.25, 8, 12.5, 8.25], "texture": "#2"},
				"west": {"uv": [9.25, 1.5, 10.25, 1.75], "texture": "#2"},
				"up": {"uv": [1.75, 10.5, 1.5, 9.5], "texture": "#2"},
				"down": {"uv": [2, 9.5, 1.75, 10.5], "texture": "#2"}
			}
		},
		{
			"from": [-3.18746, -0.62944, 6.70572],
			"to": [-2.01254, 0.06208, 9.74708],
			"rotation": {"angle": 0, "axis": "y", "origin": [8, 7.05696, -0.95866]},
			"faces": {
				"north": {"uv": [8.75, 12.25, 9, 12.5], "texture": "#2"},
				"east": {"uv": [4.5, 11, 5, 11.25], "texture": "#2"},
				"south": {"uv": [9, 12.25, 9.25, 12.5], "texture": "#2"},
				"west": {"uv": [5.25, 11, 5.75, 11.25], "texture": "#2"},
				"up": {"uv": [1.25, 11.5, 1, 11], "texture": "#2"},
				"down": {"uv": [2.75, 11, 2.5, 11.5], "texture": "#2"}
			}
		},
		{
			"from": [18.01254, -0.62944, 6.70572],
			"to": [19.18746, 0.06208, 9.74708],
			"rotation": {"angle": 0, "axis": "y", "origin": [8, 7.05696, -0.95866]},
			"faces": {
				"north": {"uv": [12.25, 8.25, 12.5, 8.5], "texture": "#2"},
				"east": {"uv": [6, 11, 6.5, 11.25], "texture": "#2"},
				"south": {"uv": [12.25, 8.5, 12.5, 8.75], "texture": "#2"},
				"west": {"uv": [6.5, 11, 7, 11.25], "texture": "#2"},
				"up": {"uv": [7.25, 11.5, 7, 11], "texture": "#2"},
				"down": {"uv": [8, 11, 7.75, 11.5], "texture": "#2"}
			}
		},
		{
			"from": [-4.18746, -0.42944, 7.30572],
			"to": [-1.21254, 0.26208, 8.94708],
			"rotation": {"angle": 0, "axis": "y", "origin": [8, 7.05696, -0.95866]},
			"faces": {
				"north": {"uv": [6.75, 12.25, 7, 12.5], "texture": "#2"},
				"east": {"uv": [7, 12.25, 7.25, 12.5], "texture": "#2"},
				"south": {"uv": [7.25, 12.25, 7.5, 12.5], "texture": "#2"},
				"west": {"uv": [7.5, 12.25, 7.75, 12.5], "texture": "#2"},
				"up": {"uv": [8, 12.5, 7.75, 12.25], "texture": "#2"},
				"down": {"uv": [8.25, 12.25, 8, 12.5], "texture": "#2"}
			}
		},
		{
			"from": [17.21254, -0.42944, 7.30572],
			"to": [20.18746, 0.26208, 8.94708],
			"rotation": {"angle": 0, "axis": "y", "origin": [8, 7.05696, -0.95866]},
			"faces": {
				"north": {"uv": [12.25, 8.75, 12.5, 9], "texture": "#2"},
				"east": {"uv": [12.25, 9, 12.5, 9.25], "texture": "#2"},
				"south": {"uv": [12.25, 9.25, 12.5, 9.5], "texture": "#2"},
				"west": {"uv": [12.25, 9.5, 12.5, 9.75], "texture": "#2"},
				"up": {"uv": [12.5, 10, 12.25, 9.75], "texture": "#2"},
				"down": {"uv": [12.5, 10, 12.25, 10.25], "texture": "#2"}
			}
		}
	],
	"display": {
		"thirdperson_righthand": {
			"translation": [0, 10.75, 0]
		},
		"thirdperson_lefthand": {
			"translation": [0, 10.75, 0]
		},
		"firstperson_righthand": {
			"translation": [0, 8.5, -1.5]
		},
		"firstperson_lefthand": {
			"translation": [0, 8.5, -1.5]
		},
		"ground": {
			"translation": [0, 22.25, -0.25],
			"scale": [2, 2, 2]
		},
		"gui": {
			"rotation": [13, 127, 0],
			"translation": [0, 5.25, 0]
		},
		"head": {
			"translation": [0, 7.25, -0.25],
			"scale": [4, 4, 4]
		},
		"fixed": {
			"translation": [0, 3.75, -5.25]
		}
	},
	"groups": [
		{
			"name": "tl_ball",
			"origin": [8, 8, 8],
			"children": [0, 1, 2, 3, 4, 5, 6, 7, 8, 9, 10, 11, 12, 13, 14, 15, 16, 17, 18, 19, 20, 21, 22, 23, 24, 25, 26, 27, 28, 29, 30, 31, 32, 33, 34, 35, 36, 37, 38, 39, 40, 41, 42, 43, 44, 45, 46, 47, 48, 49, 50, 51]
		}
	]
}