{
	"credit": "Made with Blockbench",
	"texture_size": [64, 64],
	"textures": {
		"1": "block/white_concrete",
		"particle": "block/white_concrete"
	},
	"elements": [
		{
			"from": [4.88376, 5.7183, 4.32972],
			"to": [10.5986, 7.6512, 7.38236],
			"rotation": {"angle": 0, "axis": "y", "origin": [7.74118, 18.48464, 10.72418]},
			"faces": {
				"north": {"uv": [9.25, 3.75, 10, 4], "texture": "#1"},
				"east": {"uv": [9.25, 10.5, 9.75, 10.75], "texture": "#1"},
				"south": {"uv": [9.25, 8.75, 10, 9], "texture": "#1"},
				"west": {"uv": [9.75, 10.5, 10.25, 10.75], "texture": "#1"},
				"up": {"uv": [8.25, 5.5, 7.5, 5], "texture": "#1"},
				"down": {"uv": [8.25, 5.5, 7.5, 6], "texture": "#1"}
			}
		},
		{
			"from": [4.88376, 5.3183, 5.32972],
			"to": [10.5986, 7.6512, 6.58236],
			"rotation": {"angle": 0, "axis": "y", "origin": [7.74118, 18.48464, 10.72418]},
			"faces": {
				"north": {"uv": [9, 9.75, 9.75, 10], "texture": "#1"},
				"east": {"uv": [9, 11.75, 9.25, 12], "texture": "#1"},
				"south": {"uv": [9.75, 9.75, 10.5, 10], "texture": "#1"},
				"west": {"uv": [9.25, 11.75, 9.5, 12], "texture": "#1"},
				"up": {"uv": [10.5, 3.25, 9.75, 3], "texture": "#1"},
				"down": {"uv": [10.5, 3.25, 9.75, 3.5], "texture": "#1"}
			}
		},
		{
			"from": [7.88376, 6.17568, 5.52972],
			"to": [8.7986, 8.5086, 6.38236],
			"rotation": {"angle": 0, "axis": "y", "origin": [7.74118, 14.54224, 10.72418]},
			"faces": {
				"north": {"uv": [12.5, 7.75, 12.75, 8], "texture": "#1"},
				"east": {"uv": [12.5, 8, 12.75, 8.25], "texture": "#1"},
				"south": {"uv": [12.5, 8.25, 12.75, 8.5], "texture": "#1"},
				"west": {"uv": [12.5, 8.5, 12.75, 8.75], "texture": "#1"},
				"up": {"uv": [12.75, 9, 12.5, 8.75], "texture": "#1"},
				"down": {"uv": [12.75, 9, 12.5, 9.25], "texture": "#1"}
			}
		},
		{
			"from": [5.28376, 6.37568, 5.92972],
			"to": [6.1986, 8.7086, 6.78236],
			"rotation": {"angle": 0, "axis": "y", "origin": [7.74118, 14.54224, 10.72418]},
			"faces": {
				"north": {"uv": [12.5, 10.25, 12.75, 10.5], "texture": "#1"},
				"east": {"uv": [12.5, 10.5, 12.75, 10.75], "texture": "#1"},
				"south": {"uv": [12.5, 10.75, 12.75, 11], "texture": "#1"},
				"west": {"uv": [12.5, 11, 12.75, 11.25], "texture": "#1"},
				"up": {"uv": [12.75, 11.5, 12.5, 11.25], "texture": "#1"},
				"down": {"uv": [12.75, 11.5, 12.5, 11.75], "texture": "#1"}
			}
		},
		{
			"from": [6.68376, 6.17568, 5.52972],
			"to": [7.5986, 8.5086, 6.38236],
			"rotation": {"angle": 0, "axis": "y", "origin": [7.74118, 14.54224, 10.72418]},
			"faces": {
				"north": {"uv": [9.25, 12.75, 9.5, 13], "texture": "#1"},
				"east": {"uv": [9.5, 12.75, 9.75, 13], "texture": "#1"},
				"south": {"uv": [9.75, 12.75, 10, 13], "texture": "#1"},
				"west": {"uv": [10, 12.75, 10.25, 13], "texture": "#1"},
				"up": {"uv": [10.5, 13, 10.25, 12.75], "texture": "#1"},
				"down": {"uv": [10.75, 12.75, 10.5, 13], "texture": "#1"}
			}
		},
		{
			"from": [9.28376, 6.17568, 5.92972],
			"to": [10.1986, 8.5086, 6.78236],
			"rotation": {"angle": 0, "axis": "y", "origin": [7.74118, 14.54224, 10.72418]},
			"faces": {
				"north": {"uv": [3.75, 12.75, 4, 13], "texture": "#1"},
				"east": {"uv": [4, 12.75, 4.25, 13], "texture": "#1"},
				"south": {"uv": [4.25, 12.75, 4.5, 13], "texture": "#1"},
				"west": {"uv": [4.5, 12.75, 4.75, 13], "texture": "#1"},
				"up": {"uv": [5, 13, 4.75, 12.75], "texture": "#1"},
				"down": {"uv": [5.25, 12.75, 5, 13], "texture": "#1"}
			}
		},
		{
			"from": [3.88376, 6.57568, 6.72972],
			"to": [4.7986, 8.9086, 7.58236],
			"rotation": {"angle": 0, "axis": "y", "origin": [7.74118, 14.54224, 10.72418]},
			"faces": {
				"north": {"uv": [12.5, 12.25, 12.75, 12.5], "texture": "#1"},
				"east": {"uv": [0, 12.75, 0.25, 13], "texture": "#1"},
				"south": {"uv": [0.25, 12.75, 0.5, 13], "texture": "#1"},
				"west": {"uv": [0.5, 12.75, 0.75, 13], "texture": "#1"},
				"up": {"uv": [1, 13, 0.75, 12.75], "texture": "#1"},
				"down": {"uv": [1.25, 12.75, 1, 13], "texture": "#1"}
			}
		},
		{
			"from": [10.68376, 6.57568, 7.12972],
			"to": [11.5986, 8.9086, 7.98236],
			"rotation": {"angle": 0, "axis": "y", "origin": [7.74118, 14.54224, 10.72418]},
			"faces": {
				"north": {"uv": [5.75, 12.75, 6, 13], "texture": "#1"},
				"east": {"uv": [6, 12.75, 6.25, 13], "texture": "#1"},
				"south": {"uv": [6.25, 12.75, 6.5, 13], "texture": "#1"},
				"west": {"uv": [6.5, 12.75, 6.75, 13], "texture": "#1"},
				"up": {"uv": [7, 13, 6.75, 12.75], "texture": "#1"},
				"down": {"uv": [7.25, 12.75, 7, 13], "texture": "#1"}
			}
		},
		{
			"from": [11.68376, 7.37568, 8.92972],
			"to": [12.5986, 9.3086, 9.78236],
			"rotation": {"angle": 0, "axis": "y", "origin": [7.74118, 14.54224, 10.72418]},
			"faces": {
				"north": {"uv": [7.75, 12.75, 8, 13], "texture": "#1"},
				"east": {"uv": [8, 12.75, 8.25, 13], "texture": "#1"},
				"south": {"uv": [8.25, 12.75, 8.5, 13], "texture": "#1"},
				"west": {"uv": [8.5, 12.75, 8.75, 13], "texture": "#1"},
				"up": {"uv": [9, 13, 8.75, 12.75], "texture": "#1"},
				"down": {"uv": [9.25, 12.75, 9, 13], "texture": "#1"}
			}
		},
		{
			"from": [8.08376, 6.17568, 5.72972],
			"to": [8.5986, 9.3086, 6.18236],
			"rotation": {"angle": 0, "axis": "y", "origin": [7.74118, 14.54224, 10.72418]},
			"faces": {
				"north": {"uv": [7.5, 11.25, 7.75, 11.75], "texture": "#1"},
				"east": {"uv": [8, 11.25, 8.25, 11.75], "texture": "#1"},
				"south": {"uv": [8.25, 11.25, 8.5, 11.75], "texture": "#1"},
				"west": {"uv": [8.5, 11.25, 8.75, 11.75], "texture": "#1"},
				"up": {"uv": [12.75, 9.5, 12.5, 9.25], "texture": "#1"},
				"down": {"uv": [12.75, 9.5, 12.5, 9.75], "texture": "#1"}
			}
		},
		{
			"from": [5.48376, 6.37568, 6.12972],
			"to": [5.9986, 9.5086, 6.58236],
			"rotation": {"angle": 0, "axis": "y", "origin": [7.74118, 14.54224, 10.72418]},
			"faces": {
				"north": {"uv": [8.75, 11.25, 9, 11.75], "texture": "#1"},
				"east": {"uv": [9, 11.25, 9.25, 11.75], "texture": "#1"},
				"south": {"uv": [9.25, 11.25, 9.5, 11.75], "texture": "#1"},
				"west": {"uv": [9.5, 11.25, 9.75, 11.75], "texture": "#1"},
				"up": {"uv": [12.75, 10, 12.5, 9.75], "texture": "#1"},
				"down": {"uv": [12.75, 10, 12.5, 10.25], "texture": "#1"}
			}
		},
		{
			"from": [6.88376, 6.17568, 5.72972],
			"to": [7.3986, 9.3086, 6.18236],
			"rotation": {"angle": 0, "axis": "y", "origin": [7.74118, 14.54224, 10.72418]},
			"faces": {
				"north": {"uv": [7.75, 11.5, 8, 12], "texture": "#1"},
				"east": {"uv": [11.5, 11.5, 11.75, 12], "texture": "#1"},
				"south": {"uv": [11.5, 0, 11.75, 0.5], "texture": "#1"},
				"west": {"uv": [11.5, 0.5, 11.75, 1], "texture": "#1"},
				"up": {"uv": [11, 13, 10.75, 12.75], "texture": "#1"},
				"down": {"uv": [11.25, 12.75, 11, 13], "texture": "#1"}
			}
		},
		{
			"from": [9.48376, 6.17568, 6.12972],
			"to": [9.9986, 9.3086, 6.58236],
			"rotation": {"angle": 0, "axis": "y", "origin": [7.74118, 14.54224, 10.72418]},
			"faces": {
				"north": {"uv": [11.25, 3.75, 11.5, 4.25], "texture": "#1"},
				"east": {"uv": [11.25, 7.5, 11.5, 8], "texture": "#1"},
				"south": {"uv": [11.25, 8, 11.5, 8.5], "texture": "#1"},
				"west": {"uv": [11.25, 8.5, 11.5, 9], "texture": "#1"},
				"up": {"uv": [3.5, 13, 3.25, 12.75], "texture": "#1"},
				"down": {"uv": [3.75, 12.75, 3.5, 13], "texture": "#1"}
			}
		},
		{
			"from": [4.08376, 6.57568, 6.92972],
			"to": [4.5986, 9.7086, 7.38236],
			"rotation": {"angle": 0, "axis": "y", "origin": [7.74118, 14.54224, 10.72418]},
			"faces": {
				"north": {"uv": [9.75, 11.25, 10, 11.75], "texture": "#1"},
				"east": {"uv": [10, 11.25, 10.25, 11.75], "texture": "#1"},
				"south": {"uv": [10.25, 11.25, 10.5, 11.75], "texture": "#1"},
				"west": {"uv": [10.5, 11.25, 10.75, 11.75], "texture": "#1"},
				"up": {"uv": [12.75, 12, 12.5, 11.75], "texture": "#1"},
				"down": {"uv": [12.75, 12, 12.5, 12.25], "texture": "#1"}
			}
		},
		{
			"from": [10.88376, 6.57568, 7.32972],
			"to": [11.3986, 9.7086, 7.78236],
			"rotation": {"angle": 0, "axis": "y", "origin": [7.74118, 14.54224, 10.72418]},
			"faces": {
				"north": {"uv": [11.25, 9, 11.5, 9.5], "texture": "#1"},
				"east": {"uv": [11.25, 9.5, 11.5, 10], "texture": "#1"},
				"south": {"uv": [11.25, 10, 11.5, 10.5], "texture": "#1"},
				"west": {"uv": [11.25, 10.5, 11.5, 11], "texture": "#1"},
				"up": {"uv": [5.5, 13, 5.25, 12.75], "texture": "#1"},
				"down": {"uv": [5.75, 12.75, 5.5, 13], "texture": "#1"}
			}
		},
		{
			"from": [11.88376, 7.17568, 9.12972],
			"to": [12.3986, 10.1086, 9.58236],
			"rotation": {"angle": 0, "axis": "y", "origin": [7.74118, 14.54224, 10.72418]},
			"faces": {
				"north": {"uv": [0.75, 11.5, 1, 12], "texture": "#1"},
				"east": {"uv": [1, 11.5, 1.25, 12], "texture": "#1"},
				"south": {"uv": [2.5, 11.5, 2.75, 12], "texture": "#1"},
				"west": {"uv": [7, 11.5, 7.25, 12], "texture": "#1"},
				"up": {"uv": [7.5, 13, 7.25, 12.75], "texture": "#1"},
				"down": {"uv": [7.75, 12.75, 7.5, 13], "texture": "#1"}
			}
		},
		{
			"from": [3.58776, 5.7343, 5.39372],
			"to": [5.1826, 7.8672, 8.84636],
			"rotation": {"angle": 0, "axis": "y", "origin": [7.74118, 18.48464, 10.72418]},
			"faces": {
				"north": {"uv": [3.5, 11.75, 3.75, 12], "texture": "#1"},
				"east": {"uv": [3.75, 11.75, 4, 12], "texture": "#1"},
				"south": {"uv": [4, 11.75, 4.25, 12], "texture": "#1"},
				"west": {"uv": [4.25, 11.75, 4.5, 12], "texture": "#1"},
				"up": {"uv": [4.75, 12, 4.5, 11.75], "texture": "#1"},
				"down": {"uv": [5, 11.75, 4.75, 12], "texture": "#1"}
			}
		},
		{
			"from": [10.29976, 5.7343, 5.39372],
			"to": [11.8946, 7.8672, 9.04636],
			"rotation": {"angle": 0, "axis": "y", "origin": [7.74118, 18.48464, 10.72418]},
			"faces": {
				"north": {"uv": [11.75, 8.25, 12, 8.5], "texture": "#1"},
				"east": {"uv": [11.75, 8.5, 12, 8.75], "texture": "#1"},
				"south": {"uv": [11.75, 8.75, 12, 9], "texture": "#1"},
				"west": {"uv": [11.75, 9, 12, 9.25], "texture": "#1"},
				"up": {"uv": [12, 9.5, 11.75, 9.25], "texture": "#1"},
				"down": {"uv": [12, 9.5, 11.75, 9.75], "texture": "#1"}
			}
		},
		{
			"from": [4.18776, 5.9343, 4.59372],
			"to": [4.9826, 7.4672, 8.24636],
			"rotation": {"angle": 0, "axis": "y", "origin": [7.74118, 18.48464, 10.72418]},
			"faces": {
				"north": {"uv": [10, 11.75, 10.25, 12], "texture": "#1"},
				"east": {"uv": [10.5, 4.5, 11, 4.75], "texture": "#1"},
				"south": {"uv": [10.25, 11.75, 10.5, 12], "texture": "#1"},
				"west": {"uv": [10.5, 4.75, 11, 5], "texture": "#1"},
				"up": {"uv": [8, 11, 7.75, 10.5], "texture": "#1"},
				"down": {"uv": [10.75, 5, 10.5, 5.5], "texture": "#1"}
			}
		},
		{
			"from": [10.49976, 5.9343, 4.59372],
			"to": [11.2946, 7.4672, 8.24636],
			"rotation": {"angle": 0, "axis": "y", "origin": [7.74118, 18.48464, 10.72418]},
			"faces": {
				"north": {"uv": [11.75, 7.75, 12, 8], "texture": "#1"},
				"east": {"uv": [5.25, 10.75, 5.75, 11], "texture": "#1"},
				"south": {"uv": [11.75, 8, 12, 8.25], "texture": "#1"},
				"west": {"uv": [6.75, 10.75, 7.25, 11], "texture": "#1"},
				"up": {"uv": [6, 11.25, 5.75, 10.75], "texture": "#1"},
				"down": {"uv": [7.5, 10.75, 7.25, 11.25], "texture": "#1"}
			}
		},
		{
			"from": [2.78776, 6.7343, 5.79372],
			"to": [4.3826, 8.0672, 7.44636],
			"rotation": {"angle": 0, "axis": "y", "origin": [7.74118, 18.48464, 10.72418]},
			"faces": {
				"north": {"uv": [10.5, 11.75, 10.75, 12], "texture": "#1"},
				"east": {"uv": [10.75, 11.75, 11, 12], "texture": "#1"},
				"south": {"uv": [11, 11.75, 11.25, 12], "texture": "#1"},
				"west": {"uv": [11.25, 11.75, 11.5, 12], "texture": "#1"},
				"up": {"uv": [12, 12, 11.75, 11.75], "texture": "#1"},
				"down": {"uv": [12, 0, 11.75, 0.25], "texture": "#1"}
			}
		},
		{
			"from": [11.09976, 6.7343, 5.79372],
			"to": [12.6946, 8.0672, 7.44636],
			"rotation": {"angle": 0, "axis": "y", "origin": [7.74118, 18.48464, 10.72418]},
			"faces": {
				"north": {"uv": [11.75, 9.75, 12, 10], "texture": "#1"},
				"east": {"uv": [11.75, 10, 12, 10.25], "texture": "#1"},
				"south": {"uv": [11.75, 10.25, 12, 10.5], "texture": "#1"},
				"west": {"uv": [11.75, 10.5, 12, 10.75], "texture": "#1"},
				"up": {"uv": [12, 11, 11.75, 10.75], "texture": "#1"},
				"down": {"uv": [12, 11, 11.75, 11.25], "texture": "#1"}
			}
		},
		{
			"from": [11.39576, 6.5983, 6.47372],
			"to": [13.1906, 8.5152, 9.26236],
			"rotation": {"angle": 0, "axis": "y", "origin": [7.74118, 18.48464, 10.72418]},
			"faces": {
				"north": {"uv": [11.75, 11.25, 12, 11.5], "texture": "#1"},
				"east": {"uv": [11.75, 11.5, 12, 11.75], "texture": "#1"},
				"south": {"uv": [0, 12, 0.25, 12.25], "texture": "#1"},
				"west": {"uv": [0.25, 12, 0.5, 12.25], "texture": "#1"},
				"up": {"uv": [0.75, 12.25, 0.5, 12], "texture": "#1"},
				"down": {"uv": [1, 12, 0.75, 12.25], "texture": "#1"}
			}
		},
		{
			"from": [2.29176, 6.5983, 6.47372],
			"to": [4.0866, 8.5152, 9.26236],
			"rotation": {"angle": 0, "axis": "y", "origin": [7.74118, 18.48464, 10.72418]},
			"faces": {
				"north": {"uv": [12, 11.25, 11.75, 11.5], "texture": "#1"},
				"east": {"uv": [0.5, 12, 0.25, 12.25], "texture": "#1"},
				"south": {"uv": [0.25, 12, 0, 12.25], "texture": "#1"},
				"west": {"uv": [12, 11.5, 11.75, 11.75], "texture": "#1"},
				"up": {"uv": [0.5, 12.25, 0.75, 12], "texture": "#1"},
				"down": {"uv": [0.75, 12, 1, 12.25], "texture": "#1"}
			}
		},
		{
			"from": [0.89692, 9.8654, 11.70236],
			"to": [2.04376, 10.7023, 13.25902],
			"rotation": {"angle": 0, "axis": "y", "origin": [7.85834, 18.51174, 12.28084]},
			"faces": {
				"north": {"uv": [11.5, 6.75, 11.75, 7], "texture": "#1"},
				"east": {"uv": [11.5, 7, 11.75, 7.25], "texture": "#1"},
				"south": {"uv": [11.5, 7.25, 11.75, 7.5], "texture": "#1"},
				"west": {"uv": [11.5, 7.5, 11.75, 7.75], "texture": "#1"},
				"up": {"uv": [11.75, 8, 11.5, 7.75], "texture": "#1"},
				"down": {"uv": [11.75, 8, 11.5, 8.25], "texture": "#1"}
			}
		},
		{
			"from": [13.4386, 9.8654, 11.70236],
			"to": [14.58544, 10.7023, 13.25902],
			"rotation": {"angle": 0, "axis": "y", "origin": [7.62402, 18.51174, 12.28084]},
			"faces": {
				"north": {"uv": [7, 12, 7.25, 12.25], "texture": "#1"},
				"east": {"uv": [7.25, 12, 7.5, 12.25], "texture": "#1"},
				"south": {"uv": [7.5, 12, 7.75, 12.25], "texture": "#1"},
				"west": {"uv": [7.75, 12, 8, 12.25], "texture": "#1"},
				"up": {"uv": [8.25, 12.25, 8, 12], "texture": "#1"},
				"down": {"uv": [8.5, 12, 8.25, 12.25], "texture": "#1"}
			}
		},
		{
			"from": [0.89692, 9.4334, 10.83836],
			"to": [2.04376, 10.2703, 12.39502],
			"rotation": {"angle": 0, "axis": "y", "origin": [7.85834, 18.51174, 12.28084]},
			"faces": {
				"north": {"uv": [11.5, 8.25, 11.75, 8.5], "texture": "#1"},
				"east": {"uv": [11.5, 8.5, 11.75, 8.75], "texture": "#1"},
				"south": {"uv": [11.5, 8.75, 11.75, 9], "texture": "#1"},
				"west": {"uv": [11.5, 9, 11.75, 9.25], "texture": "#1"},
				"up": {"uv": [11.75, 9.5, 11.5, 9.25], "texture": "#1"},
				"down": {"uv": [11.75, 9.5, 11.5, 9.75], "texture": "#1"}
			}
		},
		{
			"from": [13.4386, 9.4334, 10.83836],
			"to": [14.58544, 10.2703, 12.39502],
			"rotation": {"angle": 0, "axis": "y", "origin": [7.62402, 18.51174, 12.28084]},
			"faces": {
				"north": {"uv": [5.5, 12, 5.75, 12.25], "texture": "#1"},
				"east": {"uv": [5.75, 12, 6, 12.25], "texture": "#1"},
				"south": {"uv": [6, 12, 6.25, 12.25], "texture": "#1"},
				"west": {"uv": [6.25, 12, 6.5, 12.25], "texture": "#1"},
				"up": {"uv": [6.75, 12.25, 6.5, 12], "texture": "#1"},
				"down": {"uv": [7, 12, 6.75, 12.25], "texture": "#1"}
			}
		},
		{
			"from": [1.11292, 8.7854, 9.54236],
			"to": [2.25976, 9.8383, 11.31502],
			"rotation": {"angle": 0, "axis": "y", "origin": [7.85834, 18.51174, 12.28084]},
			"faces": {
				"north": {"uv": [11.5, 9.75, 11.75, 10], "texture": "#1"},
				"east": {"uv": [11.5, 10, 11.75, 10.25], "texture": "#1"},
				"south": {"uv": [11.5, 10.25, 11.75, 10.5], "texture": "#1"},
				"west": {"uv": [11.5, 10.5, 11.75, 10.75], "texture": "#1"},
				"up": {"uv": [11.75, 11, 11.5, 10.75], "texture": "#1"},
				"down": {"uv": [11.75, 11, 11.5, 11.25], "texture": "#1"}
			}
		},
		{
			"from": [13.2226, 8.7854, 9.54236],
			"to": [14.36944, 9.8383, 11.31502],
			"rotation": {"angle": 0, "axis": "y", "origin": [7.62402, 18.51174, 12.28084]},
			"faces": {
				"north": {"uv": [4, 12, 4.25, 12.25], "texture": "#1"},
				"east": {"uv": [4.25, 12, 4.5, 12.25], "texture": "#1"},
				"south": {"uv": [4.5, 12, 4.75, 12.25], "texture": "#1"},
				"west": {"uv": [4.75, 12, 5, 12.25], "texture": "#1"},
				"up": {"uv": [5.25, 12.25, 5, 12], "texture": "#1"},
				"down": {"uv": [5.5, 12, 5.25, 12.25], "texture": "#1"}
			}
		},
		{
			"from": [1.54492, 8.1054, 9.09436],
			"to": [3.12376, 9.4063, 10.66702],
			"rotation": {"angle": 0, "axis": "y", "origin": [7.85834, 18.51174, 12.28084]},
			"faces": {
				"north": {"uv": [11.5, 11.25, 11.75, 11.5], "texture": "#1"},
				"east": {"uv": [0, 11.75, 0.25, 12], "texture": "#1"},
				"south": {"uv": [0.25, 11.75, 0.5, 12], "texture": "#1"},
				"west": {"uv": [0.5, 11.75, 0.75, 12], "texture": "#1"},
				"up": {"uv": [1.5, 12, 1.25, 11.75], "texture": "#1"},
				"down": {"uv": [1.75, 11.75, 1.5, 12], "texture": "#1"}
			}
		},
		{
			"from": [12.3586, 8.1054, 9.09436],
			"to": [13.93744, 9.4063, 10.66702],
			"rotation": {"angle": 0, "axis": "y", "origin": [7.62402, 18.51174, 12.28084]},
			"faces": {
				"north": {"uv": [2.5, 12, 2.75, 12.25], "texture": "#1"},
				"east": {"uv": [2.75, 12, 3, 12.25], "texture": "#1"},
				"south": {"uv": [3, 12, 3.25, 12.25], "texture": "#1"},
				"west": {"uv": [3.25, 12, 3.5, 12.25], "texture": "#1"},
				"up": {"uv": [3.75, 12.25, 3.5, 12], "texture": "#1"},
				"down": {"uv": [4, 12, 3.75, 12.25], "texture": "#1"}
			}
		},
		{
			"from": [12.0946, 7.0414, 7.81436],
			"to": [13.47344, 8.9743, 10.01902],
			"rotation": {"angle": 0, "axis": "y", "origin": [7.62402, 18.51174, 12.28084]},
			"faces": {
				"north": {"uv": [1, 12, 1.25, 12.25], "texture": "#1"},
				"east": {"uv": [1.25, 12, 1.5, 12.25], "texture": "#1"},
				"south": {"uv": [1.5, 12, 1.75, 12.25], "texture": "#1"},
				"west": {"uv": [1.75, 12, 2, 12.25], "texture": "#1"},
				"up": {"uv": [2.25, 12.25, 2, 12], "texture": "#1"},
				"down": {"uv": [2.5, 12, 2.25, 12.25], "texture": "#1"}
			}
		},
		{
			"from": [2.00892, 7.0414, 7.81436],
			"to": [3.38776, 8.9743, 10.01902],
			"rotation": {"angle": 0, "axis": "y", "origin": [7.85834, 18.51174, 12.28084]},
			"faces": {
				"north": {"uv": [1.25, 12, 1, 12.25], "texture": "#1"},
				"east": {"uv": [2, 12, 1.75, 12.25], "texture": "#1"},
				"south": {"uv": [1.75, 12, 1.5, 12.25], "texture": "#1"},
				"west": {"uv": [1.5, 12, 1.25, 12.25], "texture": "#1"},
				"up": {"uv": [2, 12.25, 2.25, 12], "texture": "#1"},
				"down": {"uv": [2.25, 12, 2.5, 12.25], "texture": "#1"}
			}
		}
	],
	"display": {
		"thirdperson_righthand": {
			"translation": [0.5, 0, 1.5]
		},
		"thirdperson_lefthand": {
			"translation": [0.5, 0, 1.5]
		},
		"firstperson_righthand": {
			"translation": [0, 2.75, 0]
		},
		"firstperson_lefthand": {
			"translation": [0, 2.75, 0]
		},
		"ground": {
			"translation": [0, 4.5, 0]
		},
		"gui": {
			"rotation": [13, 128, 0],
			"translation": [-1.25, 0, 0],
			"scale": [1.5, 1.5, 1.5]
		},
		"head": {
			"translation": [1, -3.75, 0.25],
			"scale": [4, 4, 4]
		},
		"fixed": {
			"translation": [0, 0, -5.25]
		}
	},
	"groups": [
		{
			"name": "tl_ball",
			"origin": [8, 8, 8],
			"children": [0, 1, 2, 3, 4, 5, 6, 7, 8, 9, 10, 11, 12, 13, 14, 15, 16, 17, 18, 19, 20, 21, 22, 23, 24, 25, 26, 27, 28, 29, 30, 31, 32, 33]
		}
	]
}