{
	"credit": "Made with Blockbench",
	"textures": {
		"0": "paradisu:custom/warppipe",
		"particle": "paradisu:custom/warppipe"
	},
	"elements": [
		{
			"name": "hexadecagon",
			"from": [7.02591, 0.23986, 3.14645],
			"to": [9.14866, 22.09245, 4.00019],
			"rotation": {"angle": 22.5, "axis": "y", "origin": [7.3052, 22.71831, 8.15839]},
			"faces": {
				"north": {"uv": [13, 5, 14, 11], "texture": "#0"},
				"east": {"uv": [13, 7, 14, 10], "texture": "#0"},
				"south": {"uv": [0, 0, 1, 1], "texture": "#0"},
				"west": {"uv": [0, 0, 1, 1], "texture": "#0"},
				"up": {"uv": [0, 0, 1, 1], "texture": "#0"},
				"down": {"uv": [0, 0, 1, 1], "texture": "#0"}
			}
		},
		{
			"name": "hexadecagon",
			"from": [7.02591, 0.23986, 12.31658],
			"to": [9.14866, 22.09245, 13.17032],
			"rotation": {"angle": -22.5, "axis": "y", "origin": [7.3052, 22.71831, 8.15839]},
			"faces": {
				"north": {"uv": [1, 0, 0, 1], "texture": "#0"},
				"east": {"uv": [14, 7, 13, 10], "texture": "#0"},
				"south": {"uv": [14, 5, 13, 11], "texture": "#0"},
				"west": {"uv": [1, 0, 0, 1], "texture": "#0"},
				"up": {"uv": [0, 1, 1, 0], "texture": "#0"},
				"down": {"uv": [0, 1, 1, 0], "texture": "#0"}
			}
		},
		{
			"name": "hexadecagon",
			"from": [6.77527, 0.23986, 3.14645],
			"to": [8.89802, 22.09245, 4.00019],
			"rotation": {"angle": -22.5, "axis": "y", "origin": [8.61872, 22.71831, 8.15839]},
			"faces": {
				"north": {"uv": [13, 5, 14, 11], "texture": "#0"},
				"east": {"uv": [13, 7, 14, 10], "texture": "#0"},
				"south": {"uv": [1, 0, 0, 1], "texture": "#0"},
				"west": {"uv": [1, 0, 0, 1], "texture": "#0"},
				"up": {"uv": [1, 0, 0, 1], "texture": "#0"},
				"down": {"uv": [1, 0, 0, 1], "texture": "#0"}
			}
		},
		{
			"name": "hexadecagon",
			"from": [6.77527, 0.23986, 12.31658],
			"to": [8.89802, 22.09245, 13.17032],
			"rotation": {"angle": 22.5, "axis": "y", "origin": [8.61872, 22.71831, 8.15839]},
			"faces": {
				"north": {"uv": [0, 0, 1, 1], "texture": "#0"},
				"east": {"uv": [14, 7, 13, 10], "texture": "#0"},
				"south": {"uv": [14, 5, 13, 11], "texture": "#0"},
				"west": {"uv": [0, 0, 1, 1], "texture": "#0"},
				"up": {"uv": [1, 1, 0, 0], "texture": "#0"},
				"down": {"uv": [1, 1, 0, 0], "texture": "#0"}
			}
		},
		{
			"name": "hexadecagon",
			"from": [6.84241, 0.23986, 3.42108],
			"to": [8.96515, 22.09245, 4.27482],
			"rotation": {"angle": 45, "axis": "y", "origin": [7.3052, 22.71831, 8.15839]},
			"faces": {
				"north": {"uv": [13, 5, 14, 11], "texture": "#0"},
				"east": {"uv": [13, 7, 14, 10], "texture": "#0"},
				"south": {"uv": [0, 0, 1, 1], "texture": "#0"},
				"west": {"uv": [0, 0, 1, 1], "texture": "#0"},
				"up": {"uv": [0, 0, 1, 1], "texture": "#0"},
				"down": {"uv": [0, 0, 1, 1], "texture": "#0"}
			}
		},
		{
			"name": "hexadecagon",
			"from": [6.84241, 0.23986, 12.04195],
			"to": [8.96515, 22.09245, 12.89569],
			"rotation": {"angle": -45, "axis": "y", "origin": [7.3052, 22.71831, 8.15839]},
			"faces": {
				"north": {"uv": [1, 0, 0, 1], "texture": "#0"},
				"east": {"uv": [14, 7, 13, 10], "texture": "#0"},
				"south": {"uv": [14, 5, 13, 11], "texture": "#0"},
				"west": {"uv": [1, 0, 0, 1], "texture": "#0"},
				"up": {"uv": [0, 1, 1, 0], "texture": "#0"},
				"down": {"uv": [0, 1, 1, 0], "texture": "#0"}
			}
		},
		{
			"name": "hexadecagon",
			"from": [6.95877, 0.23986, 3.42108],
			"to": [9.08152, 22.09245, 4.27482],
			"rotation": {"angle": -45, "axis": "y", "origin": [8.61872, 22.71831, 8.15839]},
			"faces": {
				"north": {"uv": [13, 5, 14, 11], "texture": "#0"},
				"east": {"uv": [13, 7, 14, 10], "texture": "#0"},
				"south": {"uv": [1, 0, 0, 1], "texture": "#0"},
				"west": {"uv": [1, 0, 0, 1], "texture": "#0"},
				"up": {"uv": [1, 0, 0, 1], "texture": "#0"},
				"down": {"uv": [1, 0, 0, 1], "texture": "#0"}
			}
		},
		{
			"name": "hexadecagon",
			"from": [6.95877, 0.23986, 12.04195],
			"to": [9.08152, 22.09245, 12.89569],
			"rotation": {"angle": 45, "axis": "y", "origin": [8.61872, 22.71831, 8.15839]},
			"faces": {
				"north": {"uv": [0, 0, 1, 1], "texture": "#0"},
				"east": {"uv": [14, 7, 13, 10], "texture": "#0"},
				"south": {"uv": [14, 5, 13, 11], "texture": "#0"},
				"west": {"uv": [0, 0, 1, 1], "texture": "#0"},
				"up": {"uv": [1, 1, 0, 0], "texture": "#0"},
				"down": {"uv": [1, 1, 0, 0], "texture": "#0"}
			}
		},
		{
			"name": "hexadecagon",
			"from": [2.75139, 0.23986, 6.77306],
			"to": [3.60514, 22.09245, 8.89581],
			"rotation": {"angle": -22.5, "axis": "y", "origin": [7.3052, 22.71831, 8.15839]},
			"faces": {
				"north": {"uv": [13, 5, 14, 11], "texture": "#0"},
				"east": {"uv": [13, 7, 14, 10], "texture": "#0"},
				"south": {"uv": [0, 0, 1, 1], "texture": "#0"},
				"west": {"uv": [0, 0, 1, 1], "texture": "#0"},
				"up": {"uv": [0, 0, 1, 1], "texture": "#0"},
				"down": {"uv": [0, 0, 1, 1], "texture": "#0"}
			}
		},
		{
			"name": "hexadecagon",
			"from": [12.31879, 0.23986, 6.77306],
			"to": [13.17253, 22.09245, 8.89581],
			"rotation": {"angle": 22.5, "axis": "y", "origin": [8.61872, 22.71831, 8.15839]},
			"faces": {
				"north": {"uv": [13, 5, 14, 11], "texture": "#0"},
				"east": {"uv": [13, 7, 14, 10], "texture": "#0"},
				"south": {"uv": [1, 0, 0, 1], "texture": "#0"},
				"west": {"uv": [1, 0, 0, 1], "texture": "#0"},
				"up": {"uv": [1, 0, 0, 1], "texture": "#0"},
				"down": {"uv": [1, 0, 0, 1], "texture": "#0"}
			}
		},
		{
			"name": "hexadecagon",
			"from": [2.81583, 0.23986, 7.09701],
			"to": [3.66957, 22.09245, 9.21976],
			"rotation": {"angle": 0, "axis": "y", "origin": [7.3052, 22.71831, 8.15839]},
			"faces": {
				"north": {"uv": [13, 5, 14, 11], "texture": "#0"},
				"east": {"uv": [13, 7, 14, 10], "texture": "#0"},
				"south": {"uv": [0, 0, 1, 1], "texture": "#0"},
				"west": {"uv": [0, 0, 1, 1], "texture": "#0"},
				"up": {"uv": [0, 0, 1, 1], "texture": "#0"},
				"down": {"uv": [0, 0, 1, 1], "texture": "#0"}
			}
		},
		{
			"name": "hexadecagon",
			"from": [12.25435, 0.23986, 7.09701],
			"to": [13.10809, 22.09245, 9.21976],
			"rotation": {"angle": 0, "axis": "y", "origin": [8.61872, 22.71831, 8.15839]},
			"faces": {
				"north": {"uv": [13, 5, 14, 11], "texture": "#0"},
				"east": {"uv": [13, 7, 14, 10], "texture": "#0"},
				"south": {"uv": [1, 0, 0, 1], "texture": "#0"},
				"west": {"uv": [1, 0, 0, 1], "texture": "#0"},
				"up": {"uv": [1, 0, 0, 1], "texture": "#0"},
				"down": {"uv": [1, 0, 0, 1], "texture": "#0"}
			}
		},
		{
			"name": "hexadecagon",
			"from": [2.75139, 0.23986, 7.42096],
			"to": [3.60514, 22.09245, 9.54371],
			"rotation": {"angle": 22.5, "axis": "y", "origin": [7.3052, 22.71831, 8.15839]},
			"faces": {
				"north": {"uv": [13, 5, 14, 11], "texture": "#0"},
				"east": {"uv": [13, 7, 14, 10], "texture": "#0"},
				"south": {"uv": [0, 0, 1, 1], "texture": "#0"},
				"west": {"uv": [0, 0, 1, 1], "texture": "#0"},
				"up": {"uv": [0, 0, 1, 1], "texture": "#0"},
				"down": {"uv": [0, 0, 1, 1], "texture": "#0"}
			}
		},
		{
			"name": "hexadecagon",
			"from": [12.31879, 0.23986, 7.42096],
			"to": [13.17253, 22.09245, 9.54371],
			"rotation": {"angle": -22.5, "axis": "y", "origin": [8.61872, 22.71831, 8.15839]},
			"faces": {
				"north": {"uv": [13, 5, 14, 11], "texture": "#0"},
				"east": {"uv": [13, 7, 14, 10], "texture": "#0"},
				"south": {"uv": [1, 0, 0, 1], "texture": "#0"},
				"west": {"uv": [1, 0, 0, 1], "texture": "#0"},
				"up": {"uv": [1, 0, 0, 1], "texture": "#0"},
				"down": {"uv": [1, 0, 0, 1], "texture": "#0"}
			}
		},
		{
			"name": "hexadecagon",
			"from": [6.70512, 18.45959, 1.49022],
			"to": [9.29488, 22.09245, 3.09613],
			"rotation": {"angle": 0, "axis": "y", "origin": [8, 22.57382, 8]},
			"faces": {
				"north": {"uv": [13, 5, 14, 11], "texture": "#0"},
				"east": {"uv": [13, 7, 14, 10], "texture": "#0"},
				"south": {"uv": [0, 0, 1, 1], "texture": "#0"},
				"west": {"uv": [0, 0, 1, 1], "texture": "#0"},
				"up": {"uv": [0, 0, 1, 1], "texture": "#0"},
				"down": {"uv": [0, 0, 1, 1], "texture": "#0"}
			}
		},
		{
			"name": "hexadecagon",
			"from": [6.70512, 18.45959, 12.90387],
			"to": [9.29488, 22.09245, 14.50978],
			"rotation": {"angle": 0, "axis": "y", "origin": [8, 22.57382, 7.8]},
			"faces": {
				"north": {"uv": [1, 0, 0, 1], "texture": "#0"},
				"east": {"uv": [14, 7, 13, 10], "texture": "#0"},
				"south": {"uv": [14, 5, 13, 11], "texture": "#0"},
				"west": {"uv": [1, 0, 0, 1], "texture": "#0"},
				"up": {"uv": [0, 1, 1, 0], "texture": "#0"},
				"down": {"uv": [0, 1, 1, 0], "texture": "#0"}
			}
		},
		{
			"name": "hexadecagon",
			"from": [6.71706, 1.22923, 3.05186],
			"to": [9.16029, 22.09245, 3.61125],
			"rotation": {"angle": 0, "axis": "y", "origin": [8.71193, 22.57382, 8.23295]},
			"faces": {
				"north": {"uv": [13, 5, 14, 11], "texture": "#0"},
				"east": {"uv": [13, 7, 14, 10], "texture": "#0"},
				"south": {"uv": [0, 0, 1, 1], "texture": "#0"},
				"west": {"uv": [0, 0, 1, 1], "texture": "#0"},
				"up": {"uv": [0, 0, 1, 1], "texture": "#0"},
				"down": {"uv": [0, 0, 1, 1], "texture": "#0"}
			}
		},
		{
			"name": "hexadecagon",
			"from": [6.71706, 1.22923, 12.70552],
			"to": [9.16029, 22.09245, 13.26491],
			"rotation": {"angle": 0, "axis": "y", "origin": [8.71193, 22.57382, 7.88382]},
			"faces": {
				"north": {"uv": [1, 0, 0, 1], "texture": "#0"},
				"east": {"uv": [14, 7, 13, 10], "texture": "#0"},
				"south": {"uv": [14, 5, 13, 11], "texture": "#0"},
				"west": {"uv": [1, 0, 0, 1], "texture": "#0"},
				"up": {"uv": [0, 1, 1, 0], "texture": "#0"},
				"down": {"uv": [0, 1, 1, 0], "texture": "#0"}
			}
		},
		{
			"name": "hexadecagon",
			"from": [6.06363, 0.23986, 3.25186],
			"to": [9.00687, 21.10308, 3.61125],
			"rotation": {"angle": 0, "axis": "y", "origin": [8.05851, 22.78446, 8.23295]},
			"faces": {
				"north": {"uv": [13, 5, 14, 11], "texture": "#0"},
				"east": {"uv": [13, 7, 14, 10], "texture": "#0"},
				"south": {"uv": [0, 0, 1, 1], "texture": "#0"},
				"west": {"uv": [0, 0, 1, 1], "texture": "#0"},
				"up": {"uv": [0, 0, 1, 1], "texture": "#0"},
				"down": {"uv": [0, 0, 1, 1], "texture": "#0"}
			}
		},
		{
			"name": "hexadecagon",
			"from": [6.06363, 0.23986, 12.70552],
			"to": [9.00687, 21.10308, 13.06491],
			"rotation": {"angle": 0, "axis": "y", "origin": [8.05851, 22.78446, 7.88382]},
			"faces": {
				"north": {"uv": [1, 0, 0, 1], "texture": "#0"},
				"east": {"uv": [14, 7, 13, 10], "texture": "#0"},
				"south": {"uv": [14, 5, 13, 11], "texture": "#0"},
				"west": {"uv": [1, 0, 0, 1], "texture": "#0"},
				"up": {"uv": [0, 1, 1, 0], "texture": "#0"},
				"down": {"uv": [0, 1, 1, 0], "texture": "#0"}
			}
		},
		{
			"name": "hexadecagon",
			"from": [7.09035, 0.23986, 2.8225],
			"to": [8.83358, 21.40308, 3.28189],
			"rotation": {"angle": 0, "axis": "y", "origin": [8.38522, 22.58446, 7.80359]},
			"faces": {
				"north": {"uv": [13, 5, 14, 11], "texture": "#0"},
				"east": {"uv": [13, 7, 14, 10], "texture": "#0"},
				"south": {"uv": [0, 0, 1, 1], "texture": "#0"},
				"west": {"uv": [0, 0, 1, 1], "texture": "#0"},
				"up": {"uv": [0, 0, 1, 1], "texture": "#0"},
				"down": {"uv": [0, 0, 1, 1], "texture": "#0"}
			}
		},
		{
			"name": "hexadecagon",
			"from": [7.09035, 0.23986, 13.03488],
			"to": [8.83358, 21.40308, 13.49427],
			"rotation": {"angle": 0, "axis": "y", "origin": [8.38522, 22.58446, 8.31318]},
			"faces": {
				"north": {"uv": [1, 0, 0, 1], "texture": "#0"},
				"east": {"uv": [14, 7, 13, 10], "texture": "#0"},
				"south": {"uv": [14, 5, 13, 11], "texture": "#0"},
				"west": {"uv": [1, 0, 0, 1], "texture": "#0"},
				"up": {"uv": [0, 1, 1, 0], "texture": "#0"},
				"down": {"uv": [0, 1, 1, 0], "texture": "#0"}
			}
		},
		{
			"name": "hexadecagon",
			"from": [6.70512, 18.45959, 1.49022],
			"to": [9.29488, 22.09245, 3.09613],
			"rotation": {"angle": 22.5, "axis": "y", "origin": [8, 22.57382, 8]},
			"faces": {
				"north": {"uv": [13, 5, 14, 11], "texture": "#0"},
				"east": {"uv": [13, 7, 14, 10], "texture": "#0"},
				"south": {"uv": [0, 0, 1, 1], "texture": "#0"},
				"west": {"uv": [0, 0, 1, 1], "texture": "#0"},
				"up": {"uv": [0, 0, 1, 1], "texture": "#0"},
				"down": {"uv": [0, 0, 1, 1], "texture": "#0"}
			}
		},
		{
			"name": "hexadecagon",
			"from": [6.70512, 18.45959, 12.90387],
			"to": [9.29488, 22.09245, 14.50978],
			"rotation": {"angle": -22.5, "axis": "y", "origin": [8, 22.57382, 8]},
			"faces": {
				"north": {"uv": [1, 0, 0, 1], "texture": "#0"},
				"east": {"uv": [14, 7, 13, 10], "texture": "#0"},
				"south": {"uv": [14, 5, 13, 11], "texture": "#0"},
				"west": {"uv": [1, 0, 0, 1], "texture": "#0"},
				"up": {"uv": [0, 1, 1, 0], "texture": "#0"},
				"down": {"uv": [0, 1, 1, 0], "texture": "#0"}
			}
		},
		{
			"name": "hexadecagon",
			"from": [6.70512, 18.45959, 1.49022],
			"to": [9.29488, 22.09245, 3.09613],
			"rotation": {"angle": -22.5, "axis": "y", "origin": [8, 22.57382, 8]},
			"faces": {
				"north": {"uv": [13, 5, 14, 11], "texture": "#0"},
				"east": {"uv": [13, 7, 14, 10], "texture": "#0"},
				"south": {"uv": [1, 0, 0, 1], "texture": "#0"},
				"west": {"uv": [1, 0, 0, 1], "texture": "#0"},
				"up": {"uv": [1, 0, 0, 1], "texture": "#0"},
				"down": {"uv": [1, 0, 0, 1], "texture": "#0"}
			}
		},
		{
			"name": "hexadecagon",
			"from": [6.70512, 18.45959, 12.90387],
			"to": [9.29488, 22.09245, 14.50978],
			"rotation": {"angle": 22.5, "axis": "y", "origin": [8, 22.57382, 8]},
			"faces": {
				"north": {"uv": [0, 0, 1, 1], "texture": "#0"},
				"east": {"uv": [14, 7, 13, 10], "texture": "#0"},
				"south": {"uv": [14, 5, 13, 11], "texture": "#0"},
				"west": {"uv": [0, 0, 1, 1], "texture": "#0"},
				"up": {"uv": [1, 1, 0, 0], "texture": "#0"},
				"down": {"uv": [1, 1, 0, 0], "texture": "#0"}
			}
		},
		{
			"name": "hexadecagon",
			"from": [6.70512, 18.45959, 1.49022],
			"to": [9.29488, 22.09245, 3.09613],
			"rotation": {"angle": 45, "axis": "y", "origin": [8, 22.57382, 8]},
			"faces": {
				"north": {"uv": [13, 5, 14, 11], "texture": "#0"},
				"east": {"uv": [13, 7, 14, 10], "texture": "#0"},
				"south": {"uv": [0, 0, 1, 1], "texture": "#0"},
				"west": {"uv": [0, 0, 1, 1], "texture": "#0"},
				"up": {"uv": [0, 0, 1, 1], "texture": "#0"},
				"down": {"uv": [0, 0, 1, 1], "texture": "#0"}
			}
		},
		{
			"name": "hexadecagon",
			"from": [6.70512, 18.45959, 12.90387],
			"to": [9.29488, 22.09245, 14.50978],
			"rotation": {"angle": -45, "axis": "y", "origin": [8, 22.57382, 8]},
			"faces": {
				"north": {"uv": [1, 0, 0, 1], "texture": "#0"},
				"east": {"uv": [14, 7, 13, 10], "texture": "#0"},
				"south": {"uv": [14, 5, 13, 11], "texture": "#0"},
				"west": {"uv": [1, 0, 0, 1], "texture": "#0"},
				"up": {"uv": [0, 1, 1, 0], "texture": "#0"},
				"down": {"uv": [0, 1, 1, 0], "texture": "#0"}
			}
		},
		{
			"name": "hexadecagon",
			"from": [6.70512, 18.45959, 1.49022],
			"to": [9.29488, 22.09245, 3.09613],
			"rotation": {"angle": -45, "axis": "y", "origin": [8, 22.57382, 8]},
			"faces": {
				"north": {"uv": [13, 5, 14, 11], "texture": "#0"},
				"east": {"uv": [13, 7, 14, 10], "texture": "#0"},
				"south": {"uv": [1, 0, 0, 1], "texture": "#0"},
				"west": {"uv": [1, 0, 0, 1], "texture": "#0"},
				"up": {"uv": [1, 0, 0, 1], "texture": "#0"},
				"down": {"uv": [1, 0, 0, 1], "texture": "#0"}
			}
		},
		{
			"name": "hexadecagon",
			"from": [6.70512, 18.45959, 12.90387],
			"to": [9.29488, 22.09245, 14.50978],
			"rotation": {"angle": 45, "axis": "y", "origin": [8, 22.57382, 8]},
			"faces": {
				"north": {"uv": [0, 0, 1, 1], "texture": "#0"},
				"east": {"uv": [14, 7, 13, 10], "texture": "#0"},
				"south": {"uv": [14, 5, 13, 11], "texture": "#0"},
				"west": {"uv": [0, 0, 1, 1], "texture": "#0"},
				"up": {"uv": [1, 1, 0, 0], "texture": "#0"},
				"down": {"uv": [1, 1, 0, 0], "texture": "#0"}
			}
		},
		{
			"name": "hexadecagon",
			"from": [1.49022, 18.45959, 6.70512],
			"to": [3.09613, 22.09245, 9.29488],
			"rotation": {"angle": -22.5, "axis": "y", "origin": [8, 22.57382, 8]},
			"faces": {
				"north": {"uv": [13, 5, 14, 11], "texture": "#0"},
				"east": {"uv": [13, 7, 14, 10], "texture": "#0"},
				"south": {"uv": [0, 0, 1, 1], "texture": "#0"},
				"west": {"uv": [0, 0, 1, 1], "texture": "#0"},
				"up": {"uv": [0, 0, 1, 1], "texture": "#0"},
				"down": {"uv": [0, 0, 1, 1], "texture": "#0"}
			}
		},
		{
			"name": "hexadecagon",
			"from": [12.90387, 18.45959, 6.70512],
			"to": [14.50978, 22.09245, 9.29488],
			"rotation": {"angle": 22.5, "axis": "y", "origin": [8, 22.57382, 8]},
			"faces": {
				"north": {"uv": [13, 5, 14, 11], "texture": "#0"},
				"east": {"uv": [13, 7, 14, 10], "texture": "#0"},
				"south": {"uv": [1, 0, 0, 1], "texture": "#0"},
				"west": {"uv": [1, 0, 0, 1], "texture": "#0"},
				"up": {"uv": [1, 0, 0, 1], "texture": "#0"},
				"down": {"uv": [1, 0, 0, 1], "texture": "#0"}
			}
		},
		{
			"name": "hexadecagon",
			"from": [1.49022, 18.45959, 6.70512],
			"to": [3.09613, 22.09245, 9.29488],
			"rotation": {"angle": 0, "axis": "y", "origin": [8, 22.57382, 8]},
			"faces": {
				"north": {"uv": [13, 5, 14, 11], "texture": "#0"},
				"east": {"uv": [13, 7, 14, 10], "texture": "#0"},
				"south": {"uv": [0, 0, 1, 1], "texture": "#0"},
				"west": {"uv": [0, 0, 1, 1], "texture": "#0"},
				"up": {"uv": [0, 0, 1, 1], "texture": "#0"},
				"down": {"uv": [0, 0, 1, 1], "texture": "#0"}
			}
		},
		{
			"name": "hexadecagon",
			"from": [12.90387, 18.45959, 6.70512],
			"to": [14.50978, 22.09245, 9.29488],
			"rotation": {"angle": 0, "axis": "y", "origin": [8, 22.57382, 8]},
			"faces": {
				"north": {"uv": [13, 5, 14, 11], "texture": "#0"},
				"east": {"uv": [13, 7, 14, 10], "texture": "#0"},
				"south": {"uv": [1, 0, 0, 1], "texture": "#0"},
				"west": {"uv": [1, 0, 0, 1], "texture": "#0"},
				"up": {"uv": [1, 0, 0, 1], "texture": "#0"},
				"down": {"uv": [1, 0, 0, 1], "texture": "#0"}
			}
		},
		{
			"name": "hexadecagon",
			"from": [1.49022, 18.45959, 6.70512],
			"to": [3.09613, 22.09245, 9.29488],
			"rotation": {"angle": 22.5, "axis": "y", "origin": [8, 22.57382, 8]},
			"faces": {
				"north": {"uv": [13, 5, 14, 11], "texture": "#0"},
				"east": {"uv": [13, 7, 14, 10], "texture": "#0"},
				"south": {"uv": [0, 0, 1, 1], "texture": "#0"},
				"west": {"uv": [0, 0, 1, 1], "texture": "#0"},
				"up": {"uv": [0, 0, 1, 1], "texture": "#0"},
				"down": {"uv": [0, 0, 1, 1], "texture": "#0"}
			}
		},
		{
			"name": "hexadecagon",
			"from": [12.90387, 18.45959, 6.70512],
			"to": [14.50978, 22.09245, 9.29488],
			"rotation": {"angle": -22.5, "axis": "y", "origin": [8, 22.57382, 8]},
			"faces": {
				"north": {"uv": [13, 5, 14, 11], "texture": "#0"},
				"east": {"uv": [13, 7, 14, 10], "texture": "#0"},
				"south": {"uv": [1, 0, 0, 1], "texture": "#0"},
				"west": {"uv": [1, 0, 0, 1], "texture": "#0"},
				"up": {"uv": [1, 0, 0, 1], "texture": "#0"},
				"down": {"uv": [1, 0, 0, 1], "texture": "#0"}
			}
		}
	],
	"display": {
		"thirdperson_righthand": {
			"rotation": [68, 0, 0],
			"translation": [0, 0, -6.25]
		},
		"ground": {
			"translation": [0, 4.25, 0]
		},
		"head": {
			"translation": [0, 37, 0],
			"scale": [4, 4, 4]
		}
	},
	"groups": [
		{
			"name": "hexadecagon",
			"origin": [8, 8, 8],
			"children": [0, 1, 2, 3, 4, 5, 6, 7, 8, 9, 10, 11, 12, 13]
		},
		{
			"name": "hexadecagon",
			"origin": [8, 8, 8],
			"children": [14, 15, 16, 17, 18, 19, 20, 21, 22, 23, 24, 25, 26, 27, 28, 29, 30, 31, 32, 33, 34, 35]
		}
	]
}