{
	"credit": "Made with Blockbench",
	"textures": {
		"0": "block/coal_block",
		"1": "block/blue_terracotta",
		"particle": "block/coal_block"
	},
	"elements": [
		{
			"from": [17, 8, 7.99],
			"to": [20, 9, 9.01],
			"rotation": {"angle": 22.5, "axis": "z", "origin": [19.5, 8.5, 8.5]},
			"faces": {
				"north": {"uv": [0, 0, 6, 2], "texture": "#0"},
				"east": {"uv": [0, 0, 6, 2], "texture": "#0"},
				"south": {"uv": [0, 0, 6, 2], "texture": "#0"},
				"west": {"uv": [0, 0, 6, 2], "texture": "#0"},
				"up": {"uv": [0, 0, 6, 2], "texture": "#0"},
				"down": {"uv": [0, 0, 6, 2], "texture": "#0"}
			}
		},
		{
			"from": [19.7706, 8.15328, 8],
			"to": [20.7706, 9.15328, 9],
			"rotation": {"angle": 0, "axis": "z", "origin": [22.2706, 8.65328, 8.5]},
			"faces": {
				"north": {"uv": [4, 0, 0, 2], "texture": "#0"},
				"east": {"uv": [4, 0, 0, 2], "texture": "#0"},
				"south": {"uv": [4, 0, 0, 2], "texture": "#0"},
				"west": {"uv": [4, 0, 0, 2], "texture": "#0"},
				"up": {"uv": [0, 2, 4, 0], "texture": "#0"},
				"down": {"uv": [0, 2, 4, 0], "texture": "#0"}
			}
		},
		{
			"from": [19.68481, 8.15328, 6.37868],
			"to": [20.68481, 9.15328, 7.37868],
			"rotation": {"angle": 45, "axis": "y", "origin": [22.18481, 8.65328, 6.87868]},
			"faces": {
				"north": {"uv": [0, 0, 4, 2], "texture": "#0"},
				"east": {"uv": [0, 0, 4, 2], "texture": "#0"},
				"south": {"uv": [0, 0, 4, 2], "texture": "#0"},
				"west": {"uv": [0, 0, 4, 2], "texture": "#0"},
				"up": {"uv": [0, 0, 4, 2], "texture": "#0"},
				"down": {"uv": [0, 0, 4, 2], "texture": "#0"}
			}
		},
		{
			"from": [19.68481, 8.15328, 9.62132],
			"to": [20.68481, 9.15328, 10.62132],
			"rotation": {"angle": -45, "axis": "y", "origin": [22.18481, 8.65328, 10.12132]},
			"faces": {
				"north": {"uv": [4, 0, 0, 2], "texture": "#0"},
				"east": {"uv": [4, 0, 0, 2], "texture": "#0"},
				"south": {"uv": [4, 0, 0, 2], "texture": "#0"},
				"west": {"uv": [4, 0, 0, 2], "texture": "#0"},
				"up": {"uv": [0, 2, 4, 0], "texture": "#0"},
				"down": {"uv": [0, 2, 4, 0], "texture": "#0"}
			}
		},
		{
			"from": [21.47247, 5.75328, 7.29185],
			"to": [22.47247, 9.15328, 8.29185],
			"rotation": {"angle": -22.5, "axis": "y", "origin": [21.97247, 8.65328, 5.79185]},
			"faces": {
				"north": {"uv": [0, 0, 11, 2], "rotation": 270, "texture": "#0"},
				"east": {"uv": [0, 0, 11, 2], "rotation": 270, "texture": "#0"},
				"south": {"uv": [0, 0, 11, 2], "rotation": 270, "texture": "#0"},
				"west": {"uv": [0, 0, 11, 2], "rotation": 270, "texture": "#0"},
				"up": {"uv": [0, 0, 11, 2], "rotation": 270, "texture": "#0"},
				"down": {"uv": [0, 0, 11, 2], "rotation": 270, "texture": "#0"}
			}
		},
		{
			"from": [21.47247, 5.75328, 8.70815],
			"to": [22.47247, 9.15328, 9.70815],
			"rotation": {"angle": 22.5, "axis": "y", "origin": [21.97247, 8.65328, 11.20815]},
			"faces": {
				"north": {"uv": [0, 2, 11, 0], "rotation": 270, "texture": "#0"},
				"east": {"uv": [0, 2, 11, 0], "rotation": 270, "texture": "#0"},
				"south": {"uv": [0, 2, 11, 0], "rotation": 270, "texture": "#0"},
				"west": {"uv": [0, 2, 11, 0], "rotation": 270, "texture": "#0"},
				"up": {"uv": [11, 0, 0, 2], "rotation": 270, "texture": "#0"},
				"down": {"uv": [11, 0, 0, 2], "rotation": 270, "texture": "#0"}
			}
		},
		{
			"from": [15.68164, 7.08135, 8],
			"to": [17.38164, 8.08135, 9],
			"rotation": {"angle": 0, "axis": "z", "origin": [19.88164, 7.58135, 8.5]},
			"faces": {
				"north": {"uv": [0, 0, 5, 2], "texture": "#0"},
				"east": {"uv": [0, 0, 5, 2], "texture": "#0"},
				"south": {"uv": [0, 0, 5, 2], "texture": "#0"},
				"west": {"uv": [0, 0, 5, 2], "texture": "#0"},
				"up": {"uv": [0, 0, 5, 2], "texture": "#0"},
				"down": {"uv": [0, 0, 5, 2], "texture": "#0"}
			}
		},
		{
			"from": [13.68268, 6.08658, 8],
			"to": [15.68268, 7.08658, 9],
			"rotation": {"angle": -22.5, "axis": "z", "origin": [18.18268, 6.58658, 8.5]},
			"faces": {
				"north": {"uv": [0, 0, 5, 2], "texture": "#0"},
				"east": {"uv": [0, 0, 5, 2], "texture": "#0"},
				"south": {"uv": [0, 0, 5, 2], "texture": "#0"},
				"west": {"uv": [0, 0, 5, 2], "texture": "#0"},
				"up": {"uv": [0, 0, 5, 2], "texture": "#0"},
				"down": {"uv": [0, 0, 5, 2], "texture": "#0"}
			}
		},
		{
			"from": [15.28268, 4.18658, 8.2],
			"to": [15.68268, 5.18658, 8.8],
			"rotation": {"angle": -22.5, "axis": "z", "origin": [18.18268, 6.58658, 8.5]},
			"faces": {
				"north": {"uv": [0, 0, 0.4, 1], "texture": "#0"},
				"east": {"uv": [0, 0, 0.6, 1], "texture": "#0"},
				"south": {"uv": [0, 0, 0.4, 1], "texture": "#0"},
				"west": {"uv": [0, 0, 0.6, 1], "texture": "#0"},
				"up": {"uv": [0, 0, 0.4, 0.6], "texture": "#0"},
				"down": {"uv": [0, 0, 0.4, 0.6], "texture": "#0"}
			}
		},
		{
			"from": [15.28268, 5.18658, 8.1],
			"to": [15.68268, 6.18658, 8.9],
			"rotation": {"angle": -22.5, "axis": "z", "origin": [18.18268, 6.58658, 8.5]},
			"faces": {
				"north": {"uv": [0, 0, 0.4, 1], "texture": "#0"},
				"east": {"uv": [0, 0, 0.8, 1], "texture": "#0"},
				"south": {"uv": [0, 0, 0.4, 1], "texture": "#0"},
				"west": {"uv": [0, 0, 0.8, 1], "texture": "#0"},
				"up": {"uv": [0, 0, 0.4, 0.8], "texture": "#0"},
				"down": {"uv": [0, 0, 0.4, 0.8], "texture": "#0"}
			}
		},
		{
			"from": [-0.71732, 5.18658, 8.4],
			"to": [15.28268, 6.18658, 8.6],
			"rotation": {"angle": -22.5, "axis": "z", "origin": [18.18268, 6.58658, 8.5]},
			"faces": {
				"north": {"uv": [0, 0, 1, 1], "texture": "#1"},
				"east": {"uv": [0, 0, 1, 1], "texture": "#1"},
				"south": {"uv": [0, 0, 1, 1], "texture": "#1"},
				"west": {"uv": [0, 0, 1, 1], "texture": "#1"},
				"up": {"uv": [0, 0, 1, 1], "texture": "#1"},
				"down": {"uv": [0, 0, 1, 1], "texture": "#1"}
			}
		},
		{
			"from": [13.3853, 5.40246, 8.4],
			"to": [14.9853, 7.40246, 8.6],
			"rotation": {"angle": 0, "axis": "z", "origin": [7.3853, 9.00246, 8.5]},
			"faces": {
				"north": {"uv": [0, 0, 1, 1], "texture": "#1"},
				"east": {"uv": [0, 0, 1, 1], "texture": "#1"},
				"south": {"uv": [0, 0, 1, 1], "texture": "#1"},
				"west": {"uv": [0, 0, 1, 1], "texture": "#1"},
				"up": {"uv": [0, 0, 1, 1], "texture": "#1"},
				"down": {"uv": [0, 0, 1, 1], "texture": "#1"}
			}
		},
		{
			"from": [12.62612, 5.19178, 8.4],
			"to": [13.92612, 7.59178, 8.6],
			"rotation": {"angle": 22.5, "axis": "z", "origin": [13.27612, 5.69178, 8.5]},
			"faces": {
				"north": {"uv": [0, 0, 1, 1], "texture": "#1"},
				"east": {"uv": [0, 0, 1, 1], "texture": "#1"},
				"south": {"uv": [0, 0, 1, 1], "texture": "#1"},
				"west": {"uv": [0, 0, 1, 1], "texture": "#1"},
				"up": {"uv": [0, 0, 1, 1], "texture": "#1"},
				"down": {"uv": [0, 0, 1, 1], "texture": "#1"}
			}
		},
		{
			"from": [11.56694, 4.98109, 8.4],
			"to": [12.86694, 7.58109, 8.6],
			"rotation": {"angle": 0, "axis": "z", "origin": [12.21694, 5.48109, 8.5]},
			"faces": {
				"north": {"uv": [0, 0, 1, 1], "texture": "#1"},
				"east": {"uv": [0, 0, 1, 1], "texture": "#1"},
				"south": {"uv": [0, 0, 1, 1], "texture": "#1"},
				"west": {"uv": [0, 0, 1, 1], "texture": "#1"},
				"up": {"uv": [0, 0, 1, 1], "texture": "#1"},
				"down": {"uv": [0, 0, 1, 1], "texture": "#1"}
			}
		},
		{
			"from": [10.50776, 5.19178, 8.4],
			"to": [11.80776, 7.89178, 8.6],
			"rotation": {"angle": -22.5, "axis": "z", "origin": [11.15776, 5.69178, 8.5]},
			"faces": {
				"north": {"uv": [0, 0, 1, 1], "texture": "#1"},
				"east": {"uv": [0, 0, 1, 1], "texture": "#1"},
				"south": {"uv": [0, 0, 1, 1], "texture": "#1"},
				"west": {"uv": [0, 0, 1, 1], "texture": "#1"},
				"up": {"uv": [0, 0, 1, 1], "texture": "#1"},
				"down": {"uv": [0, 0, 1, 1], "texture": "#1"}
			}
		},
		{
			"from": [3.90983, 5.79175, 8.4],
			"to": [10.90983, 8.99175, 8.6],
			"rotation": {"angle": -45, "axis": "z", "origin": [10.25983, 6.29175, 8.5]},
			"faces": {
				"north": {"uv": [0, 0, 1, 1], "texture": "#1"},
				"east": {"uv": [0, 0, 1, 1], "texture": "#1"},
				"south": {"uv": [0, 0, 1, 1], "texture": "#1"},
				"west": {"uv": [0, 0, 1, 1], "texture": "#1"},
				"up": {"uv": [0, 0, 1, 1], "texture": "#1"},
				"down": {"uv": [0, 0, 1, 1], "texture": "#1"}
			}
		},
		{
			"from": [7.84529, 6.83309, 8.4],
			"to": [8.54529, 8.03309, 8.6],
			"rotation": {"angle": -22.5, "axis": "z", "origin": [9.89529, 7.33309, 8.5]},
			"faces": {
				"north": {"uv": [0, 0, 1, 1], "texture": "#1"},
				"east": {"uv": [0, 0, 1, 1], "texture": "#1"},
				"south": {"uv": [0, 0, 1, 1], "texture": "#1"},
				"west": {"uv": [0, 0, 1, 1], "texture": "#1"},
				"up": {"uv": [0, 0, 1, 1], "texture": "#1"},
				"down": {"uv": [0, 0, 1, 1], "texture": "#1"}
			}
		},
		{
			"from": [7.56921, 7.5643, 8.4],
			"to": [8.26921, 8.7643, 8.6],
			"rotation": {"angle": 0, "axis": "z", "origin": [9.61921, 8.0643, 8.5]},
			"faces": {
				"north": {"uv": [0, 0, 1, 1], "texture": "#1"},
				"east": {"uv": [0, 0, 1, 1], "texture": "#1"},
				"south": {"uv": [0, 0, 1, 1], "texture": "#1"},
				"west": {"uv": [0, 0, 1, 1], "texture": "#1"},
				"up": {"uv": [0, 0, 1, 1], "texture": "#1"},
				"down": {"uv": [0, 0, 1, 1], "texture": "#1"}
			}
		},
		{
			"from": [6.53433, 8.13421, 8.4],
			"to": [7.73433, 12.03421, 8.6],
			"rotation": {"angle": 22.5, "axis": "z", "origin": [9.08433, 8.63421, 8.5]},
			"faces": {
				"north": {"uv": [0, 0, 1, 1], "texture": "#1"},
				"east": {"uv": [0, 0, 1, 1], "texture": "#1"},
				"south": {"uv": [0, 0, 1, 1], "texture": "#1"},
				"west": {"uv": [0, 0, 1, 1], "texture": "#1"},
				"up": {"uv": [0, 0, 1, 1], "texture": "#1"},
				"down": {"uv": [0, 0, 1, 1], "texture": "#1"}
			}
		},
		{
			"from": [3.43433, 8.93421, 8.4],
			"to": [6.33433, 12.83421, 8.6],
			"rotation": {"angle": 22.5, "axis": "z", "origin": [5.98433, 9.43421, 8.5]},
			"faces": {
				"north": {"uv": [0, 0, 1, 1], "texture": "#1"},
				"east": {"uv": [0, 0, 1, 1], "texture": "#1"},
				"south": {"uv": [0, 0, 1, 1], "texture": "#1"},
				"west": {"uv": [0, 0, 1, 1], "texture": "#1"},
				"up": {"uv": [0, 0, 1, 1], "texture": "#1"},
				"down": {"uv": [0, 0, 1, 1], "texture": "#1"}
			}
		},
		{
			"from": [4.97792, 6.09539, 8.4],
			"to": [5.67792, 7.29539, 8.6],
			"rotation": {"angle": -45, "axis": "z", "origin": [7.02792, 6.59539, 8.5]},
			"faces": {
				"north": {"uv": [0, 0, 1, 1], "texture": "#1"},
				"east": {"uv": [0, 0, 1, 1], "texture": "#1"},
				"south": {"uv": [0, 0, 1, 1], "texture": "#1"},
				"west": {"uv": [0, 0, 1, 1], "texture": "#1"},
				"up": {"uv": [0, 0, 1, 1], "texture": "#1"},
				"down": {"uv": [0, 0, 1, 1], "texture": "#1"}
			}
		},
		{
			"from": [4.90269, 6.87659, 8.4],
			"to": [5.70269, 8.07659, 8.6],
			"rotation": {"angle": -22.5, "axis": "z", "origin": [7.05269, 7.37659, 8.5]},
			"faces": {
				"north": {"uv": [0, 0, 1, 1], "texture": "#1"},
				"east": {"uv": [0, 0, 1, 1], "texture": "#1"},
				"south": {"uv": [0, 0, 1, 1], "texture": "#1"},
				"west": {"uv": [0, 0, 1, 1], "texture": "#1"},
				"up": {"uv": [0, 0, 1, 1], "texture": "#1"},
				"down": {"uv": [0, 0, 1, 1], "texture": "#1"}
			}
		},
		{
			"from": [2.07792, 6.89539, 8.4],
			"to": [2.57792, 8.09539, 8.6],
			"rotation": {"angle": -45, "axis": "z", "origin": [3.92792, 7.39539, 8.5]},
			"faces": {
				"north": {"uv": [0, 0, 1, 1], "texture": "#1"},
				"east": {"uv": [0, 0, 1, 1], "texture": "#1"},
				"south": {"uv": [0, 0, 1, 1], "texture": "#1"},
				"west": {"uv": [0, 0, 1, 1], "texture": "#1"},
				"up": {"uv": [0, 0, 1, 1], "texture": "#1"},
				"down": {"uv": [0, 0, 1, 1], "texture": "#1"}
			}
		},
		{
			"from": [-0.53378, 8.34998, 8.4],
			"to": [2.86622, 12.54998, 8.6],
			"rotation": {"angle": 0, "axis": "z", "origin": [3.61622, 8.84998, 8.5]},
			"faces": {
				"north": {"uv": [0, 0, 1, 1], "texture": "#1"},
				"east": {"uv": [0, 0, 1, 1], "texture": "#1"},
				"south": {"uv": [0, 0, 1, 1], "texture": "#1"},
				"west": {"uv": [0, 0, 1, 1], "texture": "#1"},
				"up": {"uv": [0, 0, 1, 1], "texture": "#1"},
				"down": {"uv": [0, 0, 1, 1], "texture": "#1"}
			}
		},
		{
			"from": [0.31726, 9.15813, 8.4],
			"to": [1.01726, 10.35813, 8.6],
			"rotation": {"angle": 45, "axis": "z", "origin": [2.36726, 9.65813, 8.5]},
			"faces": {
				"north": {"uv": [0, 0, 1, 1], "texture": "#1"},
				"east": {"uv": [0, 0, 1, 1], "texture": "#1"},
				"south": {"uv": [0, 0, 1, 1], "texture": "#1"},
				"west": {"uv": [0, 0, 1, 1], "texture": "#1"},
				"up": {"uv": [0, 0, 1, 1], "texture": "#1"},
				"down": {"uv": [0, 0, 1, 1], "texture": "#1"}
			}
		},
		{
			"from": [-3.23265, 7.58501, 8.4],
			"to": [1.96735, 8.08501, 8.6],
			"rotation": {"angle": -22.5, "axis": "z", "origin": [1.46735, 9.43501, 8.5]},
			"faces": {
				"north": {"uv": [0, 0, 1, 1], "rotation": 90, "texture": "#1"},
				"east": {"uv": [0, 0, 1, 1], "rotation": 270, "texture": "#1"},
				"south": {"uv": [0, 0, 1, 1], "rotation": 270, "texture": "#1"},
				"west": {"uv": [0, 0, 1, 1], "rotation": 270, "texture": "#1"},
				"up": {"uv": [0, 0, 1, 1], "rotation": 270, "texture": "#1"},
				"down": {"uv": [0, 0, 1, 1], "rotation": 270, "texture": "#1"}
			}
		},
		{
			"from": [-1.33265, 9.18501, 8.4],
			"to": [-0.23265, 12.88501, 8.6],
			"rotation": {"angle": 45, "axis": "z", "origin": [1.46735, 9.43501, 8.5]},
			"faces": {
				"north": {"uv": [0, 0, 1, 1], "rotation": 90, "texture": "#1"},
				"east": {"uv": [0, 0, 1, 1], "rotation": 270, "texture": "#1"},
				"south": {"uv": [0, 0, 1, 1], "rotation": 270, "texture": "#1"},
				"west": {"uv": [0, 0, 1, 1], "rotation": 270, "texture": "#1"},
				"up": {"uv": [0, 0, 1, 1], "rotation": 270, "texture": "#1"},
				"down": {"uv": [0, 0, 1, 1], "rotation": 270, "texture": "#1"}
			}
		},
		{
			"from": [-0.43265, 10.48501, 8.4],
			"to": [1.36735, 12.88501, 8.6],
			"rotation": {"angle": 45, "axis": "z", "origin": [1.46735, 9.43501, 8.5]},
			"faces": {
				"north": {"uv": [0, 0, 1, 1], "rotation": 90, "texture": "#1"},
				"east": {"uv": [0, 0, 1, 1], "rotation": 270, "texture": "#1"},
				"south": {"uv": [0, 0, 1, 1], "rotation": 270, "texture": "#1"},
				"west": {"uv": [0, 0, 1, 1], "rotation": 270, "texture": "#1"},
				"up": {"uv": [0, 0, 1, 1], "rotation": 270, "texture": "#1"},
				"down": {"uv": [0, 0, 1, 1], "rotation": 270, "texture": "#1"}
			}
		},
		{
			"from": [-2.96452, 8.09462, 8.4],
			"to": [-0.96452, 11.19462, 8.6],
			"rotation": {"angle": 45, "axis": "z", "origin": [-0.16452, 8.34462, 8.5]},
			"faces": {
				"north": {"uv": [0, 0, 1, 1], "rotation": 90, "texture": "#1"},
				"east": {"uv": [0, 0, 1, 1], "rotation": 270, "texture": "#1"},
				"south": {"uv": [0, 0, 1, 1], "rotation": 270, "texture": "#1"},
				"west": {"uv": [0, 0, 1, 1], "rotation": 270, "texture": "#1"},
				"up": {"uv": [0, 0, 1, 1], "rotation": 270, "texture": "#1"},
				"down": {"uv": [0, 0, 1, 1], "rotation": 270, "texture": "#1"}
			}
		},
		{
			"from": [-3.39272, 6.81948, 8.4],
			"to": [-2.19272, 9.71948, 8.6],
			"rotation": {"angle": 22.5, "axis": "z", "origin": [-0.49272, 7.06948, 8.5]},
			"faces": {
				"north": {"uv": [0, 0, 1, 1], "rotation": 90, "texture": "#1"},
				"east": {"uv": [0, 0, 1, 1], "rotation": 270, "texture": "#1"},
				"south": {"uv": [0, 0, 1, 1], "rotation": 270, "texture": "#1"},
				"west": {"uv": [0, 0, 1, 1], "rotation": 270, "texture": "#1"},
				"up": {"uv": [0, 0, 1, 1], "rotation": 270, "texture": "#1"},
				"down": {"uv": [0, 0, 1, 1], "rotation": 270, "texture": "#1"}
			}
		},
		{
			"from": [-3.6763, 5.72873, 8.4],
			"to": [-3.0763, 9.42873, 8.6],
			"rotation": {"angle": 0, "axis": "z", "origin": [-1.3763, 5.97873, 8.5]},
			"faces": {
				"north": {"uv": [0, 0, 1, 1], "rotation": 90, "texture": "#1"},
				"east": {"uv": [0, 0, 1, 1], "rotation": 270, "texture": "#1"},
				"south": {"uv": [0, 0, 1, 1], "rotation": 270, "texture": "#1"},
				"west": {"uv": [0, 0, 1, 1], "rotation": 270, "texture": "#1"},
				"up": {"uv": [0, 0, 1, 1], "rotation": 270, "texture": "#1"},
				"down": {"uv": [0, 0, 1, 1], "rotation": 270, "texture": "#1"}
			}
		},
		{
			"from": [-4.31003, 5.05914, 8.4],
			"to": [-3.71003, 8.85914, 8.6],
			"rotation": {"angle": -22.5, "axis": "z", "origin": [-2.01003, 5.30914, 8.5]},
			"faces": {
				"north": {"uv": [0, 0, 1, 1], "rotation": 90, "texture": "#1"},
				"east": {"uv": [0, 0, 1, 1], "rotation": 270, "texture": "#1"},
				"south": {"uv": [0, 0, 1, 1], "rotation": 270, "texture": "#1"},
				"west": {"uv": [0, 0, 1, 1], "rotation": 270, "texture": "#1"},
				"up": {"uv": [0, 0, 1, 1], "rotation": 270, "texture": "#1"},
				"down": {"uv": [0, 0, 1, 1], "rotation": 270, "texture": "#1"}
			}
		},
		{
			"from": [-5.01003, 5.45914, 8.4],
			"to": [-4.31003, 7.25914, 8.6],
			"rotation": {"angle": -22.5, "axis": "z", "origin": [-2.01003, 5.30914, 8.5]},
			"faces": {
				"north": {"uv": [0, 0, 1, 1], "rotation": 90, "texture": "#1"},
				"east": {"uv": [0, 0, 1, 1], "rotation": 270, "texture": "#1"},
				"south": {"uv": [0, 0, 1, 1], "rotation": 270, "texture": "#1"},
				"west": {"uv": [0, 0, 1, 1], "rotation": 270, "texture": "#1"},
				"up": {"uv": [0, 0, 1, 1], "rotation": 270, "texture": "#1"},
				"down": {"uv": [0, 0, 1, 1], "rotation": 270, "texture": "#1"}
			}
		},
		{
			"from": [-5.87302, 6.58987, 8.4],
			"to": [-4.67302, 7.08987, 8.6],
			"rotation": {"angle": 22.5, "axis": "z", "origin": [-2.97302, 6.83987, 8.5]},
			"faces": {
				"north": {"uv": [0, 0, 1, 1], "rotation": 90, "texture": "#1"},
				"east": {"uv": [0, 0, 1, 1], "rotation": 270, "texture": "#1"},
				"south": {"uv": [0, 0, 1, 1], "rotation": 270, "texture": "#1"},
				"west": {"uv": [0, 0, 1, 1], "rotation": 270, "texture": "#1"},
				"up": {"uv": [0, 0, 1, 1], "rotation": 270, "texture": "#1"},
				"down": {"uv": [0, 0, 1, 1], "rotation": 270, "texture": "#1"}
			}
		},
		{
			"from": [-5.63929, 6.12028, 8.4],
			"to": [-4.63929, 7.32028, 8.6],
			"rotation": {"angle": 0, "axis": "z", "origin": [-2.93929, 6.67028, 8.5]},
			"faces": {
				"north": {"uv": [0, 0, 1, 1], "rotation": 90, "texture": "#1"},
				"east": {"uv": [0, 0, 1, 1], "rotation": 270, "texture": "#1"},
				"south": {"uv": [0, 0, 1, 1], "rotation": 270, "texture": "#1"},
				"west": {"uv": [0, 0, 1, 1], "rotation": 270, "texture": "#1"},
				"up": {"uv": [0, 0, 1, 1], "rotation": 270, "texture": "#1"},
				"down": {"uv": [0, 0, 1, 1], "rotation": 270, "texture": "#1"}
			}
		},
		{
			"from": [-4.63929, 5.92028, 8.4],
			"to": [-4.03929, 8.22028, 8.6],
			"rotation": {"angle": 0, "axis": "z", "origin": [-2.33929, 6.17028, 8.5]},
			"faces": {
				"north": {"uv": [0, 0, 1, 1], "rotation": 90, "texture": "#1"},
				"east": {"uv": [0, 0, 1, 1], "rotation": 270, "texture": "#1"},
				"south": {"uv": [0, 0, 1, 1], "rotation": 270, "texture": "#1"},
				"west": {"uv": [0, 0, 1, 1], "rotation": 270, "texture": "#1"},
				"up": {"uv": [0, 0, 1, 1], "rotation": 270, "texture": "#1"},
				"down": {"uv": [0, 0, 1, 1], "rotation": 270, "texture": "#1"}
			}
		},
		{
			"from": [-1.66085, 7.90986, 8.4],
			"to": [-0.56085, 11.50986, 8.6],
			"rotation": {"angle": 22.5, "axis": "z", "origin": [1.13915, 8.15986, 8.5]},
			"faces": {
				"north": {"uv": [0, 0, 1, 1], "rotation": 90, "texture": "#1"},
				"east": {"uv": [0, 0, 1, 1], "rotation": 270, "texture": "#1"},
				"south": {"uv": [0, 0, 1, 1], "rotation": 270, "texture": "#1"},
				"west": {"uv": [0, 0, 1, 1], "rotation": 270, "texture": "#1"},
				"up": {"uv": [0, 0, 1, 1], "rotation": 270, "texture": "#1"},
				"down": {"uv": [0, 0, 1, 1], "rotation": 270, "texture": "#1"}
			}
		},
		{
			"from": [0.42722, 8.01305, 8.4],
			"to": [0.92722, 13.21305, 8.6],
			"rotation": {"angle": 22.5, "axis": "z", "origin": [2.27722, 8.51305, 8.5]},
			"faces": {
				"north": {"uv": [0, 0, 1, 1], "texture": "#1"},
				"east": {"uv": [0, 0, 1, 1], "texture": "#1"},
				"south": {"uv": [0, 0, 1, 1], "texture": "#1"},
				"west": {"uv": [0, 0, 1, 1], "texture": "#1"},
				"up": {"uv": [0, 0, 1, 1], "texture": "#1"},
				"down": {"uv": [0, 0, 1, 1], "texture": "#1"}
			}
		},
		{
			"from": [4.81978, 7.69348, 8.4],
			"to": [5.71978, 10.99348, 8.6],
			"rotation": {"angle": 0, "axis": "z", "origin": [7.06978, 8.19348, 8.5]},
			"faces": {
				"north": {"uv": [0, 0, 1, 1], "texture": "#1"},
				"east": {"uv": [0, 0, 1, 1], "texture": "#1"},
				"south": {"uv": [0, 0, 1, 1], "texture": "#1"},
				"west": {"uv": [0, 0, 1, 1], "texture": "#1"},
				"up": {"uv": [0, 0, 1, 1], "texture": "#1"},
				"down": {"uv": [0, 0, 1, 1], "texture": "#1"}
			}
		},
		{
			"from": [4.00835, 7.1388, 8.4],
			"to": [4.90835, 8.3388, 8.6],
			"rotation": {"angle": -22.5, "axis": "z", "origin": [6.25835, 7.6388, 8.5]},
			"faces": {
				"north": {"uv": [0, 0, 1, 1], "texture": "#1"},
				"east": {"uv": [0, 0, 1, 1], "texture": "#1"},
				"south": {"uv": [0, 0, 1, 1], "texture": "#1"},
				"west": {"uv": [0, 0, 1, 1], "texture": "#1"},
				"up": {"uv": [0, 0, 1, 1], "texture": "#1"},
				"down": {"uv": [0, 0, 1, 1], "texture": "#1"}
			}
		},
		{
			"from": [5.71978, 7.19643, 8.4],
			"to": [6.91978, 10.99643, 8.6],
			"rotation": {"angle": 0, "axis": "z", "origin": [8.26978, 7.69643, 8.5]},
			"faces": {
				"north": {"uv": [0, 0, 1, 1], "texture": "#1"},
				"east": {"uv": [0, 0, 1, 1], "texture": "#1"},
				"south": {"uv": [0, 0, 1, 1], "texture": "#1"},
				"west": {"uv": [0, 0, 1, 1], "texture": "#1"},
				"up": {"uv": [0, 0, 1, 1], "texture": "#1"},
				"down": {"uv": [0, 0, 1, 1], "texture": "#1"}
			}
		},
		{
			"from": [2.61978, 7.99643, 8.4],
			"to": [3.81978, 11.79643, 8.6],
			"rotation": {"angle": 0, "axis": "z", "origin": [5.16978, 8.49643, 8.5]},
			"faces": {
				"north": {"uv": [0, 0, 1, 1], "texture": "#1"},
				"east": {"uv": [0, 0, 1, 1], "texture": "#1"},
				"south": {"uv": [0, 0, 1, 1], "texture": "#1"},
				"west": {"uv": [0, 0, 1, 1], "texture": "#1"},
				"up": {"uv": [0, 0, 1, 1], "texture": "#1"},
				"down": {"uv": [0, 0, 1, 1], "texture": "#1"}
			}
		},
		{
			"from": [15.08268, 5.38658, 8.4],
			"to": [16.48268, 7.68658, 8.6],
			"rotation": {"angle": -22.5, "axis": "z", "origin": [15.33268, 6.23658, 8.5]},
			"faces": {
				"north": {"uv": [0, 0, 1, 1], "texture": "#1"},
				"east": {"uv": [0, 0, 1, 1], "texture": "#1"},
				"south": {"uv": [0, 0, 1, 1], "texture": "#1"},
				"west": {"uv": [0, 0, 1, 1], "texture": "#1"},
				"up": {"uv": [0, 0, 1, 1], "texture": "#1"},
				"down": {"uv": [0, 0, 1, 1], "texture": "#1"}
			}
		},
		{
			"from": [16.06986, 5.0112, 8.4],
			"to": [17.46986, 7.0112, 8.6],
			"rotation": {"angle": 0, "axis": "z", "origin": [16.31986, 5.8612, 8.5]},
			"faces": {
				"north": {"uv": [0, 0, 1, 1], "texture": "#1"},
				"east": {"uv": [0, 0, 1, 1], "texture": "#1"},
				"south": {"uv": [0, 0, 1, 1], "texture": "#1"},
				"west": {"uv": [0, 0, 1, 1], "texture": "#1"},
				"up": {"uv": [0, 0, 1, 1], "texture": "#1"},
				"down": {"uv": [0, 0, 1, 1], "texture": "#1"}
			}
		},
		{
			"from": [17.12555, 5.04217, 8.4],
			"to": [18.52555, 7.24217, 8.6],
			"rotation": {"angle": 22.5, "axis": "z", "origin": [17.37555, 5.89217, 8.5]},
			"faces": {
				"north": {"uv": [0, 0, 1, 1], "texture": "#1"},
				"east": {"uv": [0, 0, 1, 1], "texture": "#1"},
				"south": {"uv": [0, 0, 1, 1], "texture": "#1"},
				"west": {"uv": [0, 0, 1, 1], "texture": "#1"},
				"up": {"uv": [0, 0, 1, 1], "texture": "#1"},
				"down": {"uv": [0, 0, 1, 1], "texture": "#1"}
			}
		},
		{
			"from": [18.11273, 5.41755, 8.4],
			"to": [19.51273, 7.21755, 8.6],
			"rotation": {"angle": 0, "axis": "z", "origin": [18.36273, 6.26755, 8.5]},
			"faces": {
				"north": {"uv": [0, 0, 1, 1], "texture": "#1"},
				"east": {"uv": [0, 0, 1, 1], "texture": "#1"},
				"south": {"uv": [0, 0, 1, 1], "texture": "#1"},
				"west": {"uv": [0, 0, 1, 1], "texture": "#1"},
				"up": {"uv": [0, 0, 1, 1], "texture": "#1"},
				"down": {"uv": [0, 0, 1, 1], "texture": "#1"}
			}
		},
		{
			"from": [19.16842, 5.44852, 8.4],
			"to": [19.66842, 7.14852, 8.6],
			"rotation": {"angle": 22.5, "axis": "z", "origin": [19.41842, 6.29852, 8.5]},
			"faces": {
				"north": {"uv": [0, 0, 1, 1], "texture": "#1"},
				"east": {"uv": [0, 0, 1, 1], "texture": "#1"},
				"south": {"uv": [0, 0, 1, 1], "texture": "#1"},
				"west": {"uv": [0, 0, 1, 1], "texture": "#1"},
				"up": {"uv": [0, 0, 1, 1], "texture": "#1"},
				"down": {"uv": [0, 0, 1, 1], "texture": "#1"}
			}
		},
		{
			"from": [19.47467, 5.60889, 8.4],
			"to": [19.97467, 7.30889, 8.6],
			"rotation": {"angle": 0, "axis": "z", "origin": [19.72467, 6.45889, 8.5]},
			"faces": {
				"north": {"uv": [0, 0, 1, 1], "texture": "#1"},
				"east": {"uv": [0, 0, 1, 1], "texture": "#1"},
				"south": {"uv": [0, 0, 1, 1], "texture": "#1"},
				"west": {"uv": [0, 0, 1, 1], "texture": "#1"},
				"up": {"uv": [0, 0, 1, 1], "texture": "#1"},
				"down": {"uv": [0, 0, 1, 1], "texture": "#1"}
			}
		},
		{
			"from": [20.45618, 5.58658, 7.91392],
			"to": [21.15618, 7.18658, 8.11392],
			"rotation": {"angle": 45, "axis": "y", "origin": [20.80618, 6.68658, 8.01392]},
			"faces": {
				"north": {"uv": [0, 0, 1, 1], "texture": "#1"},
				"east": {"uv": [0, 0, 1, 1], "texture": "#1"},
				"south": {"uv": [0, 0, 1, 1], "texture": "#1"},
				"west": {"uv": [0, 0, 1, 1], "texture": "#1"},
				"up": {"uv": [0, 0, 1, 1], "texture": "#1"},
				"down": {"uv": [0, 0, 1, 1], "texture": "#1"}
			}
		},
		{
			"from": [20.45618, 5.58658, 8.88608],
			"to": [21.15618, 7.18658, 9.08608],
			"rotation": {"angle": -45, "axis": "y", "origin": [20.80618, 6.68658, 8.98608]},
			"faces": {
				"north": {"uv": [1, 0, 0, 1], "texture": "#1"},
				"east": {"uv": [1, 0, 0, 1], "texture": "#1"},
				"south": {"uv": [1, 0, 0, 1], "texture": "#1"},
				"west": {"uv": [1, 0, 0, 1], "texture": "#1"},
				"up": {"uv": [0, 1, 1, 0], "texture": "#1"},
				"down": {"uv": [0, 1, 1, 0], "texture": "#1"}
			}
		},
		{
			"from": [20.45618, 7.18658, 7.91392],
			"to": [21.15618, 8.18658, 8.11392],
			"rotation": {"angle": 45, "axis": "y", "origin": [20.80618, 6.68658, 8.01392]},
			"faces": {
				"north": {"uv": [0, 0, 1, 1], "texture": "#1"},
				"east": {"uv": [0, 0, 1, 1], "texture": "#1"},
				"south": {"uv": [0, 0, 1, 1], "texture": "#1"},
				"west": {"uv": [0, 0, 1, 1], "texture": "#1"},
				"up": {"uv": [0, 0, 1, 1], "texture": "#1"},
				"down": {"uv": [0, 0, 1, 1], "texture": "#1"}
			}
		},
		{
			"from": [20.45618, 7.18658, 8.88608],
			"to": [21.15618, 8.18658, 9.08608],
			"rotation": {"angle": -45, "axis": "y", "origin": [20.80618, 6.68658, 8.98608]},
			"faces": {
				"north": {"uv": [1, 0, 0, 1], "texture": "#1"},
				"east": {"uv": [1, 0, 0, 1], "texture": "#1"},
				"south": {"uv": [1, 0, 0, 1], "texture": "#1"},
				"west": {"uv": [1, 0, 0, 1], "texture": "#1"},
				"up": {"uv": [0, 1, 1, 0], "texture": "#1"},
				"down": {"uv": [0, 1, 1, 0], "texture": "#1"}
			}
		},
		{
			"from": [19.41918, 7.18658, 5.7671],
			"to": [20.11918, 8.18658, 5.9671],
			"rotation": {"angle": 22.5, "axis": "y", "origin": [26.31918, 6.58658, 5.8671]},
			"faces": {
				"north": {"uv": [0, 0, 1, 1], "texture": "#1"},
				"east": {"uv": [0, 0, 1, 1], "texture": "#1"},
				"south": {"uv": [0, 0, 1, 1], "texture": "#1"},
				"west": {"uv": [0, 0, 1, 1], "texture": "#1"},
				"up": {"uv": [0, 0, 1, 1], "texture": "#1"},
				"down": {"uv": [0, 0, 1, 1], "texture": "#1"}
			}
		},
		{
			"from": [19.41918, 7.18658, 11.0329],
			"to": [20.11918, 8.18658, 11.2329],
			"rotation": {"angle": -22.5, "axis": "y", "origin": [26.31918, 6.58658, 11.1329]},
			"faces": {
				"north": {"uv": [1, 0, 0, 1], "texture": "#1"},
				"east": {"uv": [1, 0, 0, 1], "texture": "#1"},
				"south": {"uv": [1, 0, 0, 1], "texture": "#1"},
				"west": {"uv": [1, 0, 0, 1], "texture": "#1"},
				"up": {"uv": [0, 1, 1, 0], "texture": "#1"},
				"down": {"uv": [0, 1, 1, 0], "texture": "#1"}
			}
		},
		{
			"from": [19.41918, 5.58658, 5.7671],
			"to": [20.11918, 7.38658, 5.9671],
			"rotation": {"angle": 22.5, "axis": "y", "origin": [26.31918, 6.58658, 5.8671]},
			"faces": {
				"north": {"uv": [0, 0, 1, 1], "texture": "#1"},
				"east": {"uv": [0, 0, 1, 1], "texture": "#1"},
				"south": {"uv": [0, 0, 1, 1], "texture": "#1"},
				"west": {"uv": [0, 0, 1, 1], "texture": "#1"},
				"up": {"uv": [0, 0, 1, 1], "texture": "#1"},
				"down": {"uv": [0, 0, 1, 1], "texture": "#1"}
			}
		},
		{
			"from": [19.41918, 5.58658, 11.0329],
			"to": [20.11918, 7.38658, 11.2329],
			"rotation": {"angle": -22.5, "axis": "y", "origin": [26.31918, 6.58658, 11.1329]},
			"faces": {
				"north": {"uv": [1, 0, 0, 1], "texture": "#1"},
				"east": {"uv": [1, 0, 0, 1], "texture": "#1"},
				"south": {"uv": [1, 0, 0, 1], "texture": "#1"},
				"west": {"uv": [1, 0, 0, 1], "texture": "#1"},
				"up": {"uv": [0, 1, 1, 0], "texture": "#1"},
				"down": {"uv": [0, 1, 1, 0], "texture": "#1"}
			}
		},
		{
			"from": [19.41918, 7.18658, 5.7671],
			"to": [20.11918, 8.18658, 5.9671],
			"rotation": {"angle": 22.5, "axis": "y", "origin": [26.31918, 6.58658, 5.8671]},
			"faces": {
				"north": {"uv": [0, 0, 1, 1], "texture": "#1"},
				"east": {"uv": [0, 0, 1, 1], "texture": "#1"},
				"south": {"uv": [0, 0, 1, 1], "texture": "#1"},
				"west": {"uv": [0, 0, 1, 1], "texture": "#1"},
				"up": {"uv": [0, 0, 1, 1], "texture": "#1"},
				"down": {"uv": [0, 0, 1, 1], "texture": "#1"}
			}
		},
		{
			"from": [17.58268, 7.08658, 8.4],
			"to": [19.98268, 8.18658, 8.6],
			"rotation": {"angle": 0, "axis": "z", "origin": [22.18268, 6.58658, 8.5]},
			"faces": {
				"north": {"uv": [0, 0, 1, 1], "texture": "#1"},
				"east": {"uv": [0, 0, 1, 1], "texture": "#1"},
				"south": {"uv": [0, 0, 1, 1], "texture": "#1"},
				"west": {"uv": [0, 0, 1, 1], "texture": "#1"},
				"up": {"uv": [0, 0, 1, 1], "texture": "#1"},
				"down": {"uv": [0, 0, 1, 1], "texture": "#1"}
			}
		},
		{
			"from": [-0.71732, 6.18658, 8.4],
			"to": [13.48268, 7.18658, 8.6],
			"rotation": {"angle": -22.5, "axis": "z", "origin": [18.18268, 6.58658, 8.5]},
			"faces": {
				"north": {"uv": [0, 0, 1, 1], "texture": "#1"},
				"east": {"uv": [0, 0, 1, 1], "texture": "#1"},
				"south": {"uv": [0, 0, 1, 1], "texture": "#1"},
				"west": {"uv": [0, 0, 1, 1], "texture": "#1"},
				"up": {"uv": [0, 0, 1, 1], "texture": "#1"},
				"down": {"uv": [0, 0, 1, 1], "texture": "#1"}
			}
		},
		{
			"from": [-0.31732, 7.18658, 8.4],
			"to": [10.98268, 8.18658, 8.6],
			"rotation": {"angle": -22.5, "axis": "z", "origin": [18.18268, 6.58658, 8.5]},
			"faces": {
				"north": {"uv": [0, 0, 1, 1], "texture": "#1"},
				"east": {"uv": [0, 0, 1, 1], "texture": "#1"},
				"south": {"uv": [0, 0, 1, 1], "texture": "#1"},
				"west": {"uv": [0, 0, 1, 1], "texture": "#1"},
				"up": {"uv": [0, 0, 1, 1], "texture": "#1"},
				"down": {"uv": [0, 0, 1, 1], "texture": "#1"}
			}
		},
		{
			"from": [0.78268, 8.18658, 8.4],
			"to": [9.98268, 9.18658, 8.6],
			"rotation": {"angle": -22.5, "axis": "z", "origin": [18.18268, 6.58658, 8.5]},
			"faces": {
				"north": {"uv": [0, 0, 1, 1], "texture": "#1"},
				"east": {"uv": [0, 0, 1, 1], "texture": "#1"},
				"south": {"uv": [0, 0, 1, 1], "texture": "#1"},
				"west": {"uv": [0, 0, 1, 1], "texture": "#1"},
				"up": {"uv": [0, 0, 1, 1], "texture": "#1"},
				"down": {"uv": [0, 0, 1, 1], "texture": "#1"}
			}
		},
		{
			"from": [2.38268, 9.18658, 8.4],
			"to": [9.18268, 10.18658, 8.6],
			"rotation": {"angle": -22.5, "axis": "z", "origin": [18.18268, 6.58658, 8.5]},
			"faces": {
				"north": {"uv": [0, 0, 1, 1], "texture": "#1"},
				"east": {"uv": [0, 0, 1, 1], "texture": "#1"},
				"south": {"uv": [0, 0, 1, 1], "texture": "#1"},
				"west": {"uv": [0, 0, 1, 1], "texture": "#1"},
				"up": {"uv": [0, 0, 1, 1], "texture": "#1"},
				"down": {"uv": [0, 0, 1, 1], "texture": "#1"}
			}
		},
		{
			"from": [2.98268, 10.18658, 8.4],
			"to": [8.48268, 11.18658, 8.6],
			"rotation": {"angle": -22.5, "axis": "z", "origin": [18.18268, 6.58658, 8.5]},
			"faces": {
				"north": {"uv": [0, 0, 1, 1], "texture": "#1"},
				"east": {"uv": [0, 0, 1, 1], "texture": "#1"},
				"south": {"uv": [0, 0, 1, 1], "texture": "#1"},
				"west": {"uv": [0, 0, 1, 1], "texture": "#1"},
				"up": {"uv": [0, 0, 1, 1], "texture": "#1"},
				"down": {"uv": [0, 0, 1, 1], "texture": "#1"}
			}
		},
		{
			"from": [3.88268, 11.18658, 8.4],
			"to": [8.08268, 12.18658, 8.6],
			"rotation": {"angle": -22.5, "axis": "z", "origin": [18.18268, 6.58658, 8.5]},
			"faces": {
				"north": {"uv": [0, 0, 1, 1], "texture": "#1"},
				"east": {"uv": [0, 0, 1, 1], "texture": "#1"},
				"south": {"uv": [0, 0, 1, 1], "texture": "#1"},
				"west": {"uv": [0, 0, 1, 1], "texture": "#1"},
				"up": {"uv": [0, 0, 1, 1], "texture": "#1"},
				"down": {"uv": [0, 0, 1, 1], "texture": "#1"}
			}
		},
		{
			"from": [4.98268, 12.18658, 8.4],
			"to": [7.68268, 13.38658, 8.6],
			"rotation": {"angle": -22.5, "axis": "z", "origin": [18.18268, 6.58658, 8.5]},
			"faces": {
				"north": {"uv": [0, 0, 1, 1], "texture": "#1"},
				"east": {"uv": [0, 0, 1, 1], "texture": "#1"},
				"south": {"uv": [0, 0, 1, 1], "texture": "#1"},
				"west": {"uv": [0, 0, 1, 1], "texture": "#1"},
				"up": {"uv": [0, 0, 1, 1], "texture": "#1"},
				"down": {"uv": [0, 0, 1, 1], "texture": "#1"}
			}
		},
		{
			"from": [2.16969, 6.2281, 8.1],
			"to": [2.56969, 10.6281, 8.9],
			"rotation": {"angle": -45, "axis": "z", "origin": [10.56969, 9.6281, 8.5]},
			"faces": {
				"north": {"uv": [0, 0, 0.4, 4.4], "texture": "#0"},
				"east": {"uv": [0, 0, 0.8, 4.4], "texture": "#0"},
				"south": {"uv": [0, 0, 0.4, 4.4], "texture": "#0"},
				"west": {"uv": [0, 0, 0.8, 4.4], "texture": "#0"},
				"up": {"uv": [0, 0, 0.4, 0.8], "texture": "#0"},
				"down": {"uv": [0, 0, 0.4, 0.8], "texture": "#0"}
			}
		},
		{
			"from": [10.18268, 2.38658, 8.1],
			"to": [10.58268, 4.18658, 8.9],
			"rotation": {"angle": -45, "axis": "z", "origin": [18.58268, 5.78658, 8.5]},
			"faces": {
				"north": {"uv": [0, 0, 0.4, 1.8], "texture": "#0"},
				"east": {"uv": [0, 0, 0.8, 1.8], "texture": "#0"},
				"south": {"uv": [0, 0, 0.4, 1.8], "texture": "#0"},
				"west": {"uv": [0, 0, 0.8, 1.8], "texture": "#0"},
				"up": {"uv": [0, 0, 0.4, 0.8], "texture": "#0"},
				"down": {"uv": [0, 0, 0.4, 0.8], "texture": "#0"}
			}
		},
		{
			"from": [5.18268, 4.88658, 8.1],
			"to": [5.58268, 8.88658, 8.9],
			"rotation": {"angle": -45, "axis": "z", "origin": [18.18268, 6.58658, 8.5]},
			"faces": {
				"north": {"uv": [0, 0, 0.4, 4], "texture": "#0"},
				"east": {"uv": [0, 0, 0.8, 4], "texture": "#0"},
				"south": {"uv": [0, 0, 0.4, 4], "texture": "#0"},
				"west": {"uv": [0, 0, 0.8, 4], "texture": "#0"},
				"up": {"uv": [0, 0, 0.4, 0.8], "texture": "#0"},
				"down": {"uv": [0, 0, 0.4, 0.8], "texture": "#0"}
			}
		},
		{
			"from": [-0.01732, 2.88658, 8.2],
			"to": [0.38268, 6.88658, 8.8],
			"rotation": {"angle": -22.5, "axis": "z", "origin": [16.88268, 4.38658, 8.5]},
			"faces": {
				"north": {"uv": [0, 0, 0.4, 4], "texture": "#0"},
				"east": {"uv": [0, 0, 0.6, 4], "texture": "#0"},
				"south": {"uv": [0, 0, 0.4, 4], "texture": "#0"},
				"west": {"uv": [0, 0, 0.6, 4], "texture": "#0"},
				"up": {"uv": [0, 0, 0.4, 0.6], "texture": "#0"},
				"down": {"uv": [0, 0, 0.4, 0.6], "texture": "#0"}
			}
		},
		{
			"from": [5.91848, 6.67708, 8.2],
			"to": [6.31848, 9.77708, 8.8],
			"rotation": {"angle": -22.5, "axis": "z", "origin": [18.91848, 7.47708, 8.4]},
			"faces": {
				"north": {"uv": [0, 0, 0.4, 3.1], "texture": "#0"},
				"east": {"uv": [0, 0, 0.6, 3.1], "texture": "#0"},
				"south": {"uv": [0, 0, 0.4, 3.1], "texture": "#0"},
				"west": {"uv": [0, 0, 0.6, 3.1], "texture": "#0"},
				"up": {"uv": [0, 0, 0.4, 0.6], "texture": "#0"},
				"down": {"uv": [0, 0, 0.4, 0.6], "texture": "#0"}
			}
		},
		{
			"from": [2.98039, 2.90435, 8.2],
			"to": [3.38039, 5.20435, 8.8],
			"rotation": {"angle": -22.5, "axis": "z", "origin": [15.98039, 2.90435, 8.4]},
			"faces": {
				"north": {"uv": [0, 0, 0.4, 2.3], "texture": "#0"},
				"east": {"uv": [0, 0, 0.6, 2.3], "texture": "#0"},
				"south": {"uv": [0, 0, 0.4, 2.3], "texture": "#0"},
				"west": {"uv": [0, 0, 0.6, 2.3], "texture": "#0"},
				"up": {"uv": [0, 0, 0.4, 0.6], "texture": "#0"},
				"down": {"uv": [0, 0, 0.4, 0.6], "texture": "#0"}
			}
		},
		{
			"from": [-1.1442, 2.02138, 8.2],
			"to": [-0.7442, 3.22138, 8.8],
			"rotation": {"angle": -22.5, "axis": "z", "origin": [11.8558, 0.92138, 8.4]},
			"faces": {
				"north": {"uv": [0, 0, 0.4, 1.2], "texture": "#0"},
				"east": {"uv": [0, 0, 0.6, 1.2], "texture": "#0"},
				"south": {"uv": [0, 0, 0.4, 1.2], "texture": "#0"},
				"west": {"uv": [0, 0, 0.6, 1.2], "texture": "#0"},
				"up": {"uv": [0, 0, 0.4, 0.6], "texture": "#0"},
				"down": {"uv": [0, 0, 0.4, 0.6], "texture": "#0"}
			}
		},
		{
			"from": [1.25465, 0.7239, 8.2],
			"to": [1.65465, 3.3239, 8.8],
			"rotation": {"angle": -45, "axis": "z", "origin": [14.25465, 1.0239, 8.4]},
			"faces": {
				"north": {"uv": [0, 0, 0.4, 2.6], "texture": "#0"},
				"east": {"uv": [0, 0, 0.6, 2.6], "texture": "#0"},
				"south": {"uv": [0, 0, 0.4, 2.6], "texture": "#0"},
				"west": {"uv": [0, 0, 0.6, 2.6], "texture": "#0"},
				"up": {"uv": [0, 0, 0.4, 0.6], "texture": "#0"},
				"down": {"uv": [0, 0, 0.4, 0.6], "texture": "#0"}
			}
		},
		{
			"from": [10.2117, 3.18578, 8.2],
			"to": [10.6117, 5.98578, 8.8],
			"rotation": {"angle": -22.5, "axis": "z", "origin": [18.6117, 7.58578, 8.5]},
			"faces": {
				"north": {"uv": [0, 0, 0.4, 2.8], "texture": "#0"},
				"east": {"uv": [0, 0, 0.6, 2.8], "texture": "#0"},
				"south": {"uv": [0, 0, 0.4, 2.8], "texture": "#0"},
				"west": {"uv": [0, 0, 0.6, 2.8], "texture": "#0"},
				"up": {"uv": [0, 0, 0.4, 0.6], "texture": "#0"},
				"down": {"uv": [0, 0, 0.4, 0.6], "texture": "#0"}
			}
		},
		{
			"from": [9.16731, 5.13525, 8.2],
			"to": [9.56731, 6.73525, 8.8],
			"rotation": {"angle": 0, "axis": "z", "origin": [17.56731, 8.33525, 8.5]},
			"faces": {
				"north": {"uv": [0, 0, 0.4, 1.6], "texture": "#0"},
				"east": {"uv": [0, 0, 0.6, 1.6], "texture": "#0"},
				"south": {"uv": [0, 0, 0.4, 1.6], "texture": "#0"},
				"west": {"uv": [0, 0, 0.6, 1.6], "texture": "#0"},
				"up": {"uv": [0, 0, 0.4, 0.6], "texture": "#0"},
				"down": {"uv": [0, 0, 0.4, 0.6], "texture": "#0"}
			}
		},
		{
			"from": [0.69509, 7.86811, 8.2],
			"to": [1.09509, 9.46811, 8.8],
			"rotation": {"angle": 0, "axis": "z", "origin": [9.09509, 11.06811, 8.5]},
			"faces": {
				"north": {"uv": [0, 0, 0.4, 1.6], "texture": "#0"},
				"east": {"uv": [0, 0, 0.6, 1.6], "texture": "#0"},
				"south": {"uv": [0, 0, 0.4, 1.6], "texture": "#0"},
				"west": {"uv": [0, 0, 0.6, 1.6], "texture": "#0"},
				"up": {"uv": [0, 0, 0.4, 0.6], "texture": "#0"},
				"down": {"uv": [0, 0, 0.4, 0.6], "texture": "#0"}
			}
		},
		{
			"from": [14.66153, 4.46383, 8.2],
			"to": [15.06153, 5.66383, 8.8],
			"rotation": {"angle": 0, "axis": "z", "origin": [17.56153, 6.06383, 8.5]},
			"faces": {
				"north": {"uv": [0, 0, 0.4, 1.2], "texture": "#0"},
				"east": {"uv": [0, 0, 0.6, 1.2], "texture": "#0"},
				"south": {"uv": [0, 0, 0.4, 1.2], "texture": "#0"},
				"west": {"uv": [0, 0, 0.6, 1.2], "texture": "#0"},
				"up": {"uv": [0, 0, 0.4, 0.6], "texture": "#0"},
				"down": {"uv": [0, 0, 0.4, 0.6], "texture": "#0"}
			}
		},
		{
			"from": [12.78345, 9.58431, 8],
			"to": [13.78345, 12.58431, 9],
			"rotation": {"angle": 22.5, "axis": "z", "origin": [11.28345, 7.08431, 8.5]},
			"faces": {
				"north": {"uv": [2, 4, 12, 7], "rotation": 270, "texture": "#0"},
				"east": {"uv": [2, 4, 12, 7], "rotation": 270, "texture": "#0"},
				"south": {"uv": [2, 4, 12, 7], "rotation": 270, "texture": "#0"},
				"west": {"uv": [2, 4, 12, 7], "rotation": 270, "texture": "#0"},
				"up": {"uv": [2, 4, 12, 7], "rotation": 270, "texture": "#0"},
				"down": {"uv": [2, 4, 12, 7], "rotation": 270, "texture": "#0"}
			}
		},
		{
			"from": [10.56451, 12.73968, 7.99],
			"to": [11.56451, 17.73968, 9.01],
			"rotation": {"angle": 0, "axis": "z", "origin": [9.06451, 17.73968, 8.5]},
			"faces": {
				"north": {"uv": [1, 4, 13, 6], "rotation": 270, "texture": "#0"},
				"east": {"uv": [1, 4, 13, 6], "rotation": 270, "texture": "#0"},
				"south": {"uv": [1, 4, 13, 6], "rotation": 270, "texture": "#0"},
				"west": {"uv": [1, 4, 13, 6], "rotation": 270, "texture": "#0"},
				"up": {"uv": [1, 4, 13, 6], "rotation": 270, "texture": "#0"},
				"down": {"uv": [1, 4, 13, 6], "rotation": 270, "texture": "#0"}
			}
		},
		{
			"from": [0, 17.39086, 7.99],
			"to": [9.14273, 18.39086, 9.01],
			"rotation": {"angle": 22.5, "axis": "z", "origin": [9.14273, 19.89086, 8.5]},
			"faces": {
				"north": {"uv": [0, 0, 15, 3], "rotation": 180, "texture": "#0"},
				"east": {"uv": [0, 0, 15, 3], "rotation": 180, "texture": "#0"},
				"south": {"uv": [0, 0, 15, 3], "rotation": 180, "texture": "#0"},
				"west": {"uv": [0, 0, 15, 3], "rotation": 180, "texture": "#0"},
				"up": {"uv": [0, 0, 15, 3], "rotation": 180, "texture": "#0"},
				"down": {"uv": [0, 0, 15, 3], "rotation": 180, "texture": "#0"}
			}
		},
		{
			"from": [-8.93342, 13.56693, 8],
			"to": [0.20931, 14.56693, 9],
			"rotation": {"angle": 45, "axis": "z", "origin": [0.20931, 16.06693, 8.5]},
			"faces": {
				"north": {"uv": [0, 8, 15, 11], "rotation": 180, "texture": "#0"},
				"east": {"uv": [0, 8, 15, 11], "rotation": 180, "texture": "#0"},
				"south": {"uv": [0, 8, 15, 11], "rotation": 180, "texture": "#0"},
				"west": {"uv": [0, 8, 15, 11], "rotation": 180, "texture": "#0"},
				"up": {"uv": [0, 8, 15, 11], "rotation": 180, "texture": "#0"},
				"down": {"uv": [0, 8, 15, 11], "rotation": 180, "texture": "#0"}
			}
		},
		{
			"from": [-5.08073, 5.97268, 7.99],
			"to": [-4.08073, 9.11541, 9.01],
			"rotation": {"angle": -22.5, "axis": "z", "origin": [-6.58073, 9.11541, 8.5]},
			"faces": {
				"north": {"uv": [0, 0, 10, 2], "rotation": 270, "texture": "#0"},
				"east": {"uv": [0, 0, 10, 2], "rotation": 270, "texture": "#0"},
				"south": {"uv": [0, 0, 10, 2], "rotation": 270, "texture": "#0"},
				"west": {"uv": [0, 0, 10, 2], "rotation": 270, "texture": "#0"},
				"up": {"uv": [0, 0, 10, 2], "rotation": 270, "texture": "#0"},
				"down": {"uv": [0, 0, 10, 2], "rotation": 270, "texture": "#0"}
			}
		},
		{
			"from": [7.04109, 15.05358, 8],
			"to": [9.04109, 16.05358, 9],
			"rotation": {"angle": -22.5, "axis": "z", "origin": [14.54109, 10.55358, 8.5]},
			"faces": {
				"north": {"uv": [5, 3, 9, 5], "texture": "#0"},
				"east": {"uv": [5, 3, 9, 5], "texture": "#0"},
				"south": {"uv": [5, 3, 9, 5], "texture": "#0"},
				"west": {"uv": [5, 3, 9, 5], "texture": "#0"},
				"up": {"uv": [5, 3, 9, 5], "texture": "#0"},
				"down": {"uv": [5, 3, 9, 5], "texture": "#0"}
			}
		},
		{
			"from": [7.64109, 16.05358, 8.2],
			"to": [8.34109, 16.95358, 8.8],
			"rotation": {"angle": -22.5, "axis": "z", "origin": [14.54109, 10.55358, 8.5]},
			"faces": {
				"north": {"uv": [0, 11, 3, 13], "texture": "#0"},
				"east": {"uv": [0, 11, 3, 13], "texture": "#0"},
				"south": {"uv": [0, 11, 3, 13], "texture": "#0"},
				"west": {"uv": [0, 11, 3, 13], "texture": "#0"},
				"up": {"uv": [0, 11, 3, 13], "texture": "#0"},
				"down": {"uv": [0, 11, 3, 13], "texture": "#0"}
			}
		},
		{
			"from": [7.54109, 16.05358, 8.1],
			"to": [8.44109, 16.45358, 8.9],
			"rotation": {"angle": -22.5, "axis": "z", "origin": [14.54109, 10.55358, 8.5]},
			"faces": {
				"north": {"uv": [0, 11, 3, 13], "texture": "#0"},
				"east": {"uv": [0, 11, 3, 13], "texture": "#0"},
				"south": {"uv": [0, 11, 3, 13], "texture": "#0"},
				"west": {"uv": [0, 11, 3, 13], "texture": "#0"},
				"up": {"uv": [0, 11, 3, 13], "texture": "#0"},
				"down": {"uv": [0, 11, 3, 13], "texture": "#0"}
			}
		},
		{
			"from": [11.00481, 18.70538, 8.3],
			"to": [11.50481, 19.40538, 8.6],
			"rotation": {"angle": -45, "axis": "z", "origin": [11.25481, 19.30538, 8.5]},
			"faces": {
				"north": {"uv": [0, 11, 3, 13], "texture": "#0"},
				"east": {"uv": [0, 11, 3, 13], "texture": "#0"},
				"south": {"uv": [0, 11, 3, 13], "texture": "#0"},
				"west": {"uv": [0, 11, 3, 13], "texture": "#0"},
				"up": {"uv": [0, 11, 3, 13], "texture": "#0"},
				"down": {"uv": [0, 11, 3, 13], "texture": "#0"}
			}
		},
		{
			"from": [11.08919, 19.54608, 8.325],
			"to": [11.78919, 19.84608, 8.575],
			"rotation": {"angle": 22.5, "axis": "z", "origin": [11.98919, 19.79608, 8.5]},
			"faces": {
				"north": {"uv": [0, 11, 3, 13], "rotation": 270, "texture": "#0"},
				"east": {"uv": [0, 11, 3, 13], "rotation": 270, "texture": "#0"},
				"south": {"uv": [0, 11, 3, 13], "rotation": 270, "texture": "#0"},
				"west": {"uv": [0, 11, 3, 13], "rotation": 270, "texture": "#0"},
				"up": {"uv": [0, 11, 3, 13], "rotation": 270, "texture": "#0"},
				"down": {"uv": [0, 11, 3, 13], "rotation": 270, "texture": "#0"}
			}
		},
		{
			"from": [10.4552, 5.9325, 7.99],
			"to": [13.4552, 6.9325, 9.01],
			"rotation": {"angle": -45, "axis": "z", "origin": [15.9552, 6.4325, 8.5]},
			"faces": {
				"north": {"uv": [0, 0, 8, 2], "texture": "#0"},
				"east": {"uv": [0, 0, 8, 2], "texture": "#0"},
				"south": {"uv": [0, 0, 8, 2], "texture": "#0"},
				"west": {"uv": [0, 0, 8, 2], "texture": "#0"},
				"up": {"uv": [0, 0, 8, 2], "texture": "#0"},
				"down": {"uv": [0, 0, 8, 2], "texture": "#0"}
			}
		}
	],
	"display": {
		"thirdperson_righthand": {
			"rotation": [69.25, 0, 0],
			"translation": [-34.5, -5.5, 8.5],
			"scale": [2, 2, 2]
		},
		"thirdperson_lefthand": {
			"rotation": [69.25, -180, 0],
			"translation": [-34.5, -5.5, 8.5],
			"scale": [2, 2, 2]
		},
		"firstperson_righthand": {
			"translation": [0, 0, 2.75],
			"scale": [0, 0, 0]
		},
		"firstperson_lefthand": {
			"translation": [0, 0, 3.25],
			"scale": [0, 0, 0]
		},
		"ground": {
			"scale": [0.5, 0.5, 0.5]
		},
		"gui": {
			"rotation": [13.25, -24.5, 0],
			"translation": [0.25, -1, 0],
			"scale": [0.8, 0.8, 0.8]
		},
		"head": {
			"translation": [-57.75, 3.25, 0],
			"scale": [4, 4, 4]
		},
		"fixed": {
			"translation": [0, 0, -3],
			"scale": [2, 2, 2]
		}
	}
}