{
	"credit": "Made with Blockbench",
	"textures": {
		"0": "block/white_stained_glass",
		"1": "block/redstone_block",
		"2": "block/cobweb",
		"3": "block/white_wool",
		"4": "paradisu:custom/peachcrown",
		"5": "block/honey_block_bottom",
		"6": "block/acacia_planks",
		"7": "block/pink_concrete",
		"particle": "block/white_stained_glass"
	},
	"elements": [
		{
			"name": "hexadecagon",
			"from": [7.20435, 0, 4],
			"to": [8.79565, 1, 12],
			"rotation": {"angle": -45, "axis": "y", "origin": [8, 0.5, 8]},
			"faces": {
				"north": {"uv": [7, 6, 8, 7], "texture": "#0"},
				"east": {"uv": [7, 6, 8, 7], "texture": "#0"},
				"south": {"uv": [7, 6, 8, 7], "texture": "#0"},
				"west": {"uv": [7, 6, 8, 7], "texture": "#0"},
				"up": {"uv": [7, 6, 8, 7], "texture": "#0"},
				"down": {"uv": [7, 6, 8, 7], "texture": "#0"}
			}
		},
		{
			"name": "hexadecagon",
			"from": [7.20435, 1, 11.3],
			"to": [8.79565, 6.3, 12],
			"rotation": {"angle": -45, "axis": "y", "origin": [8, 1.5, 8]},
			"faces": {
				"north": {"uv": [7, 6, 8, 7], "texture": "#0"},
				"east": {"uv": [7, 6, 8, 7], "texture": "#0"},
				"south": {"uv": [7, 6, 8, 7], "texture": "#0"},
				"west": {"uv": [7, 6, 8, 7], "texture": "#0"},
				"up": {"uv": [7, 6, 8, 7], "texture": "#0"},
				"down": {"uv": [7, 6, 8, 7], "texture": "#0"}
			}
		},
		{
			"name": "hexadecagon",
			"from": [7.12479, 6, 11.63],
			"to": [8.87521, 12.11, 12.4],
			"rotation": {"angle": -45, "axis": "y", "origin": [8, 6.55, 8]},
			"faces": {
				"north": {"uv": [7, 6, 8, 7], "texture": "#0"},
				"east": {"uv": [7, 6, 8, 7], "texture": "#0"},
				"south": {"uv": [7, 6, 8, 7], "texture": "#0"},
				"west": {"uv": [7, 6, 8, 7], "texture": "#0"},
				"up": {"uv": [7, 6, 8, 7], "texture": "#0"},
				"down": {"uv": [7, 6, 8, 7], "texture": "#0"}
			}
		},
		{
			"name": "hexadecagon",
			"from": [7.03726, 11.53, 11.993],
			"to": [8.96274, 12.451, 12.84],
			"rotation": {"angle": -45, "axis": "y", "origin": [8, 12.135, 8]},
			"faces": {
				"north": {"uv": [7, 6, 8, 7], "texture": "#0"},
				"east": {"uv": [7, 6, 8, 7], "texture": "#0"},
				"south": {"uv": [7, 6, 8, 7], "texture": "#0"},
				"west": {"uv": [7, 6, 8, 7], "texture": "#0"},
				"up": {"uv": [7, 6, 8, 7], "texture": "#0"},
				"down": {"uv": [7, 6, 8, 7], "texture": "#0"}
			}
		},
		{
			"name": "hexadecagon",
			"from": [7.20435, 1, 4],
			"to": [8.79565, 6.3, 4.8],
			"rotation": {"angle": -45, "axis": "y", "origin": [8, 1.5, 8]},
			"faces": {
				"north": {"uv": [7, 6, 8, 7], "texture": "#0"},
				"east": {"uv": [7, 6, 8, 7], "texture": "#0"},
				"south": {"uv": [7, 6, 8, 7], "texture": "#0"},
				"west": {"uv": [7, 6, 8, 7], "texture": "#0"},
				"up": {"uv": [7, 6, 8, 7], "texture": "#0"},
				"down": {"uv": [7, 6, 8, 7], "texture": "#0"}
			}
		},
		{
			"name": "hexadecagon",
			"from": [7.12479, 6, 3.6],
			"to": [8.87521, 12.11, 4.48],
			"rotation": {"angle": -45, "axis": "y", "origin": [8, 6.55, 8]},
			"faces": {
				"north": {"uv": [7, 6, 8, 7], "texture": "#0"},
				"east": {"uv": [7, 6, 8, 7], "texture": "#0"},
				"south": {"uv": [7, 6, 8, 7], "texture": "#0"},
				"west": {"uv": [7, 6, 8, 7], "texture": "#0"},
				"up": {"uv": [7, 6, 8, 7], "texture": "#0"},
				"down": {"uv": [7, 6, 8, 7], "texture": "#0"}
			}
		},
		{
			"name": "hexadecagon",
			"from": [7.03726, 11.53, 3.16],
			"to": [8.96274, 12.451, 4.128],
			"rotation": {"angle": -45, "axis": "y", "origin": [8, 12.135, 8]},
			"faces": {
				"north": {"uv": [7, 6, 8, 7], "texture": "#0"},
				"east": {"uv": [7, 6, 8, 7], "texture": "#0"},
				"south": {"uv": [7, 6, 8, 7], "texture": "#0"},
				"west": {"uv": [7, 6, 8, 7], "texture": "#0"},
				"up": {"uv": [7, 6, 8, 7], "texture": "#0"},
				"down": {"uv": [7, 6, 8, 7], "texture": "#0"}
			}
		},
		{
			"name": "hexadecagon",
			"from": [7.20435, 0, 4],
			"to": [8.79565, 1, 12],
			"rotation": {"angle": -22.5, "axis": "y", "origin": [8, 0.5, 8]},
			"faces": {
				"north": {"uv": [7, 6, 8, 7], "texture": "#0"},
				"east": {"uv": [7, 6, 8, 7], "texture": "#0"},
				"south": {"uv": [7, 6, 8, 7], "texture": "#0"},
				"west": {"uv": [7, 6, 8, 7], "texture": "#0"},
				"up": {"uv": [7, 6, 8, 7], "texture": "#0"},
				"down": {"uv": [7, 6, 8, 7], "texture": "#0"}
			}
		},
		{
			"name": "hexadecagon",
			"from": [7.20435, 1, 4],
			"to": [8.79565, 6.3, 4.7],
			"rotation": {"angle": -22.5, "axis": "y", "origin": [8, 1.5, 8]},
			"faces": {
				"north": {"uv": [7, 6, 8, 7], "texture": "#0"},
				"east": {"uv": [7, 6, 8, 7], "texture": "#0"},
				"south": {"uv": [7, 6, 8, 7], "texture": "#0"},
				"west": {"uv": [7, 6, 8, 7], "texture": "#0"},
				"up": {"uv": [7, 6, 8, 7], "texture": "#0"},
				"down": {"uv": [7, 6, 8, 7], "texture": "#0"}
			}
		},
		{
			"name": "hexadecagon",
			"from": [7.12479, 6, 3.6],
			"to": [8.87521, 12.11, 4.37],
			"rotation": {"angle": -22.5, "axis": "y", "origin": [8, 6.55, 8]},
			"faces": {
				"north": {"uv": [7, 6, 8, 7], "texture": "#0"},
				"east": {"uv": [7, 6, 8, 7], "texture": "#0"},
				"south": {"uv": [7, 6, 8, 7], "texture": "#0"},
				"west": {"uv": [7, 6, 8, 7], "texture": "#0"},
				"up": {"uv": [7, 6, 8, 7], "texture": "#0"},
				"down": {"uv": [7, 6, 8, 7], "texture": "#0"}
			}
		},
		{
			"name": "hexadecagon",
			"from": [7.03726, 11.53, 3.16],
			"to": [8.96274, 12.451, 4.007],
			"rotation": {"angle": -22.5, "axis": "y", "origin": [8, 12.135, 8]},
			"faces": {
				"north": {"uv": [7, 6, 8, 7], "texture": "#0"},
				"east": {"uv": [7, 6, 8, 7], "texture": "#0"},
				"south": {"uv": [7, 6, 8, 7], "texture": "#0"},
				"west": {"uv": [7, 6, 8, 7], "texture": "#0"},
				"up": {"uv": [7, 6, 8, 7], "texture": "#0"},
				"down": {"uv": [7, 6, 8, 7], "texture": "#0"}
			}
		},
		{
			"name": "hexadecagon",
			"from": [7.20435, 1, 11.3],
			"to": [8.79565, 6.3, 12],
			"rotation": {"angle": -22.5, "axis": "y", "origin": [8, 1.5, 8]},
			"faces": {
				"north": {"uv": [7, 6, 8, 7], "texture": "#0"},
				"east": {"uv": [7, 6, 8, 7], "texture": "#0"},
				"south": {"uv": [7, 6, 8, 7], "texture": "#0"},
				"west": {"uv": [7, 6, 8, 7], "texture": "#0"},
				"up": {"uv": [7, 6, 8, 7], "texture": "#0"},
				"down": {"uv": [7, 6, 8, 7], "texture": "#0"}
			}
		},
		{
			"name": "hexadecagon",
			"from": [7.12479, 6, 11.63],
			"to": [8.87521, 12.11, 12.4],
			"rotation": {"angle": -22.5, "axis": "y", "origin": [8, 6.55, 8]},
			"faces": {
				"north": {"uv": [7, 6, 8, 7], "texture": "#0"},
				"east": {"uv": [7, 6, 8, 7], "texture": "#0"},
				"south": {"uv": [7, 6, 8, 7], "texture": "#0"},
				"west": {"uv": [7, 6, 8, 7], "texture": "#0"},
				"up": {"uv": [7, 6, 8, 7], "texture": "#0"},
				"down": {"uv": [7, 6, 8, 7], "texture": "#0"}
			}
		},
		{
			"name": "hexadecagon",
			"from": [7.03726, 11.53, 11.993],
			"to": [8.96274, 12.451, 12.84],
			"rotation": {"angle": -22.5, "axis": "y", "origin": [8, 12.135, 8]},
			"faces": {
				"north": {"uv": [7, 6, 8, 7], "texture": "#0"},
				"east": {"uv": [7, 6, 8, 7], "texture": "#0"},
				"south": {"uv": [7, 6, 8, 7], "texture": "#0"},
				"west": {"uv": [7, 6, 8, 7], "texture": "#0"},
				"up": {"uv": [7, 6, 8, 7], "texture": "#0"},
				"down": {"uv": [7, 6, 8, 7], "texture": "#0"}
			}
		},
		{
			"name": "hexadecagon",
			"from": [7.20435, 0, 4],
			"to": [8.79565, 1, 12],
			"rotation": {"angle": 0, "axis": "y", "origin": [8, 0.5, 8]},
			"faces": {
				"north": {"uv": [7, 6, 8, 7], "texture": "#0"},
				"east": {"uv": [7, 6, 8, 7], "texture": "#0"},
				"south": {"uv": [7, 6, 8, 7], "texture": "#0"},
				"west": {"uv": [7, 6, 8, 7], "texture": "#0"},
				"up": {"uv": [7, 6, 8, 7], "texture": "#0"},
				"down": {"uv": [7, 6, 8, 7], "texture": "#0"}
			}
		},
		{
			"name": "hexadecagon",
			"from": [7.20435, 1, 4],
			"to": [8.79565, 6.3, 4.7],
			"rotation": {"angle": 0, "axis": "y", "origin": [8, 1.5, 8]},
			"faces": {
				"north": {"uv": [7, 6, 8, 7], "texture": "#0"},
				"east": {"uv": [7, 6, 8, 7], "texture": "#0"},
				"south": {"uv": [7, 6, 8, 7], "texture": "#0"},
				"west": {"uv": [7, 6, 8, 7], "texture": "#0"},
				"up": {"uv": [7, 6, 8, 7], "texture": "#0"},
				"down": {"uv": [7, 6, 8, 7], "texture": "#0"}
			}
		},
		{
			"name": "hexadecagon",
			"from": [7.12479, 6, 3.6],
			"to": [8.87521, 12.11, 4.37],
			"rotation": {"angle": 0, "axis": "y", "origin": [8, 6.55, 8]},
			"faces": {
				"north": {"uv": [7, 6, 8, 7], "texture": "#0"},
				"east": {"uv": [7, 6, 8, 7], "texture": "#0"},
				"south": {"uv": [7, 6, 8, 7], "texture": "#0"},
				"west": {"uv": [7, 6, 8, 7], "texture": "#0"},
				"up": {"uv": [7, 6, 8, 7], "texture": "#0"},
				"down": {"uv": [7, 6, 8, 7], "texture": "#0"}
			}
		},
		{
			"name": "hexadecagon",
			"from": [7.03726, 11.53, 3.16],
			"to": [8.96274, 12.451, 4.007],
			"rotation": {"angle": 0, "axis": "y", "origin": [8, 12.135, 8]},
			"faces": {
				"north": {"uv": [7, 6, 8, 7], "texture": "#0"},
				"east": {"uv": [7, 6, 8, 7], "texture": "#0"},
				"south": {"uv": [7, 6, 8, 7], "texture": "#0"},
				"west": {"uv": [7, 6, 8, 7], "texture": "#0"},
				"up": {"uv": [7, 6, 8, 7], "texture": "#0"},
				"down": {"uv": [7, 6, 8, 7], "texture": "#0"}
			}
		},
		{
			"name": "hexadecagon",
			"from": [7.20435, 1, 11.3],
			"to": [8.79565, 6.3, 12],
			"rotation": {"angle": 0, "axis": "y", "origin": [8, 1.5, 8]},
			"faces": {
				"north": {"uv": [7, 6, 8, 7], "texture": "#0"},
				"east": {"uv": [7, 6, 8, 7], "texture": "#0"},
				"south": {"uv": [7, 6, 8, 7], "texture": "#0"},
				"west": {"uv": [7, 6, 8, 7], "texture": "#0"},
				"up": {"uv": [7, 6, 8, 7], "texture": "#0"},
				"down": {"uv": [7, 6, 8, 7], "texture": "#0"}
			}
		},
		{
			"name": "hexadecagon",
			"from": [7.12479, 6, 11.63],
			"to": [8.87521, 12.11, 12.4],
			"rotation": {"angle": 0, "axis": "y", "origin": [8, 6.55, 8]},
			"faces": {
				"north": {"uv": [7, 6, 8, 7], "texture": "#0"},
				"east": {"uv": [7, 6, 8, 7], "texture": "#0"},
				"south": {"uv": [7, 6, 8, 7], "texture": "#0"},
				"west": {"uv": [7, 6, 8, 7], "texture": "#0"},
				"up": {"uv": [7, 6, 8, 7], "texture": "#0"},
				"down": {"uv": [7, 6, 8, 7], "texture": "#0"}
			}
		},
		{
			"name": "hexadecagon",
			"from": [7.03726, 11.53, 11.993],
			"to": [8.96274, 12.451, 12.84],
			"rotation": {"angle": 0, "axis": "y", "origin": [8, 12.135, 8]},
			"faces": {
				"north": {"uv": [7, 6, 8, 7], "texture": "#0"},
				"east": {"uv": [7, 6, 8, 7], "texture": "#0"},
				"south": {"uv": [7, 6, 8, 7], "texture": "#0"},
				"west": {"uv": [7, 6, 8, 7], "texture": "#0"},
				"up": {"uv": [7, 6, 8, 7], "texture": "#0"},
				"down": {"uv": [7, 6, 8, 7], "texture": "#0"}
			}
		},
		{
			"name": "hexadecagon",
			"from": [7.20435, 0, 4],
			"to": [8.79565, 1, 12],
			"rotation": {"angle": 22.5, "axis": "y", "origin": [8, 0.5, 8]},
			"faces": {
				"north": {"uv": [7, 6, 8, 7], "texture": "#0"},
				"east": {"uv": [7, 6, 8, 7], "texture": "#0"},
				"south": {"uv": [7, 6, 8, 7], "texture": "#0"},
				"west": {"uv": [7, 6, 8, 7], "texture": "#0"},
				"up": {"uv": [7, 6, 8, 7], "texture": "#0"},
				"down": {"uv": [7, 6, 8, 7], "texture": "#0"}
			}
		},
		{
			"name": "hexadecagon",
			"from": [7.20435, 1, 11.3],
			"to": [8.79565, 6.3, 12],
			"rotation": {"angle": 22.5, "axis": "y", "origin": [8, 1.5, 8]},
			"faces": {
				"north": {"uv": [7, 6, 8, 7], "texture": "#0"},
				"east": {"uv": [7, 6, 8, 7], "texture": "#0"},
				"south": {"uv": [7, 6, 8, 7], "texture": "#0"},
				"west": {"uv": [7, 6, 8, 7], "texture": "#0"},
				"up": {"uv": [7, 6, 8, 7], "texture": "#0"},
				"down": {"uv": [7, 6, 8, 7], "texture": "#0"}
			}
		},
		{
			"name": "hexadecagon",
			"from": [7.12479, 6, 11.63],
			"to": [8.87521, 12.11, 12.4],
			"rotation": {"angle": 22.5, "axis": "y", "origin": [8, 6.55, 8]},
			"faces": {
				"north": {"uv": [7, 6, 8, 7], "texture": "#0"},
				"east": {"uv": [7, 6, 8, 7], "texture": "#0"},
				"south": {"uv": [7, 6, 8, 7], "texture": "#0"},
				"west": {"uv": [7, 6, 8, 7], "texture": "#0"},
				"up": {"uv": [7, 6, 8, 7], "texture": "#0"},
				"down": {"uv": [7, 6, 8, 7], "texture": "#0"}
			}
		},
		{
			"name": "hexadecagon",
			"from": [7.03726, 11.53, 11.993],
			"to": [8.96274, 12.451, 12.84],
			"rotation": {"angle": 22.5, "axis": "y", "origin": [8, 12.135, 8]},
			"faces": {
				"north": {"uv": [7, 6, 8, 7], "texture": "#0"},
				"east": {"uv": [7, 6, 8, 7], "texture": "#0"},
				"south": {"uv": [7, 6, 8, 7], "texture": "#0"},
				"west": {"uv": [7, 6, 8, 7], "texture": "#0"},
				"up": {"uv": [7, 6, 8, 7], "texture": "#0"},
				"down": {"uv": [7, 6, 8, 7], "texture": "#0"}
			}
		},
		{
			"name": "hexadecagon",
			"from": [7.20435, 1, 4],
			"to": [8.79565, 6.3, 4.7],
			"rotation": {"angle": 22.5, "axis": "y", "origin": [8, 1.5, 8]},
			"faces": {
				"north": {"uv": [7, 6, 8, 7], "texture": "#0"},
				"east": {"uv": [7, 6, 8, 7], "texture": "#0"},
				"south": {"uv": [7, 6, 8, 7], "texture": "#0"},
				"west": {"uv": [7, 6, 8, 7], "texture": "#0"},
				"up": {"uv": [7, 6, 8, 7], "texture": "#0"},
				"down": {"uv": [7, 6, 8, 7], "texture": "#0"}
			}
		},
		{
			"name": "hexadecagon",
			"from": [7.12479, 6, 3.6],
			"to": [8.87521, 12.11, 4.37],
			"rotation": {"angle": 22.5, "axis": "y", "origin": [8, 6.55, 8]},
			"faces": {
				"north": {"uv": [7, 6, 8, 7], "texture": "#0"},
				"east": {"uv": [7, 6, 8, 7], "texture": "#0"},
				"south": {"uv": [7, 6, 8, 7], "texture": "#0"},
				"west": {"uv": [7, 6, 8, 7], "texture": "#0"},
				"up": {"uv": [7, 6, 8, 7], "texture": "#0"},
				"down": {"uv": [7, 6, 8, 7], "texture": "#0"}
			}
		},
		{
			"name": "hexadecagon",
			"from": [7.03726, 11.53, 3.16],
			"to": [8.96274, 12.451, 4.007],
			"rotation": {"angle": 22.5, "axis": "y", "origin": [8, 12.135, 8]},
			"faces": {
				"north": {"uv": [7, 6, 8, 7], "texture": "#0"},
				"east": {"uv": [7, 6, 8, 7], "texture": "#0"},
				"south": {"uv": [7, 6, 8, 7], "texture": "#0"},
				"west": {"uv": [7, 6, 8, 7], "texture": "#0"},
				"up": {"uv": [7, 6, 8, 7], "texture": "#0"},
				"down": {"uv": [7, 6, 8, 7], "texture": "#0"}
			}
		},
		{
			"name": "hexadecagon",
			"from": [7.20435, 0, 4],
			"to": [8.79565, 1, 12],
			"rotation": {"angle": 45, "axis": "y", "origin": [8, 0.5, 8]},
			"faces": {
				"north": {"uv": [7, 6, 8, 7], "texture": "#0"},
				"east": {"uv": [7, 6, 8, 7], "texture": "#0"},
				"south": {"uv": [7, 6, 8, 7], "texture": "#0"},
				"west": {"uv": [7, 6, 8, 7], "texture": "#0"},
				"up": {"uv": [7, 6, 8, 7], "texture": "#0"},
				"down": {"uv": [7, 6, 8, 7], "texture": "#0"}
			}
		},
		{
			"name": "hexadecagon",
			"from": [7.20435, 1, 4],
			"to": [8.79565, 6.3, 4.7],
			"rotation": {"angle": 45, "axis": "y", "origin": [8, 1.5, 8]},
			"faces": {
				"north": {"uv": [7, 6, 8, 7], "texture": "#0"},
				"east": {"uv": [7, 6, 8, 7], "texture": "#0"},
				"south": {"uv": [7, 6, 8, 7], "texture": "#0"},
				"west": {"uv": [7, 6, 8, 7], "texture": "#0"},
				"up": {"uv": [7, 6, 8, 7], "texture": "#0"},
				"down": {"uv": [7, 6, 8, 7], "texture": "#0"}
			}
		},
		{
			"name": "hexadecagon",
			"from": [7.12479, 6, 3.6],
			"to": [8.87521, 12.11, 4.37],
			"rotation": {"angle": 45, "axis": "y", "origin": [8, 6.55, 8]},
			"faces": {
				"north": {"uv": [7, 6, 8, 7], "texture": "#0"},
				"east": {"uv": [7, 6, 8, 7], "texture": "#0"},
				"south": {"uv": [7, 6, 8, 7], "texture": "#0"},
				"west": {"uv": [7, 6, 8, 7], "texture": "#0"},
				"up": {"uv": [7, 6, 8, 7], "texture": "#0"},
				"down": {"uv": [7, 6, 8, 7], "texture": "#0"}
			}
		},
		{
			"name": "hexadecagon",
			"from": [7.03726, 11.53, 3.16],
			"to": [8.96274, 12.451, 4.007],
			"rotation": {"angle": 45, "axis": "y", "origin": [8, 12.135, 8]},
			"faces": {
				"north": {"uv": [7, 6, 8, 7], "texture": "#0"},
				"east": {"uv": [7, 6, 8, 7], "texture": "#0"},
				"south": {"uv": [7, 6, 8, 7], "texture": "#0"},
				"west": {"uv": [7, 6, 8, 7], "texture": "#0"},
				"up": {"uv": [7, 6, 8, 7], "texture": "#0"},
				"down": {"uv": [7, 6, 8, 7], "texture": "#0"}
			}
		},
		{
			"name": "hexadecagon",
			"from": [7.20435, 1, 11.3],
			"to": [8.79565, 6.3, 12],
			"rotation": {"angle": 45, "axis": "y", "origin": [8, 1.5, 8]},
			"faces": {
				"north": {"uv": [7, 6, 8, 7], "texture": "#0"},
				"east": {"uv": [7, 6, 8, 7], "texture": "#0"},
				"south": {"uv": [7, 6, 8, 7], "texture": "#0"},
				"west": {"uv": [7, 6, 8, 7], "texture": "#0"},
				"up": {"uv": [7, 6, 8, 7], "texture": "#0"},
				"down": {"uv": [7, 6, 8, 7], "texture": "#0"}
			}
		},
		{
			"name": "hexadecagon",
			"from": [7.12479, 6, 11.63],
			"to": [8.87521, 12.11, 12.4],
			"rotation": {"angle": 45, "axis": "y", "origin": [8, 6.55, 8]},
			"faces": {
				"north": {"uv": [7, 6, 8, 7], "texture": "#0"},
				"east": {"uv": [7, 6, 8, 7], "texture": "#0"},
				"south": {"uv": [7, 6, 8, 7], "texture": "#0"},
				"west": {"uv": [7, 6, 8, 7], "texture": "#0"},
				"up": {"uv": [7, 6, 8, 7], "texture": "#0"},
				"down": {"uv": [7, 6, 8, 7], "texture": "#0"}
			}
		},
		{
			"name": "hexadecagon",
			"from": [7.03726, 11.53, 11.993],
			"to": [8.96274, 12.451, 12.84],
			"rotation": {"angle": 45, "axis": "y", "origin": [8, 12.135, 8]},
			"faces": {
				"north": {"uv": [7, 6, 8, 7], "texture": "#0"},
				"east": {"uv": [7, 6, 8, 7], "texture": "#0"},
				"south": {"uv": [7, 6, 8, 7], "texture": "#0"},
				"west": {"uv": [7, 6, 8, 7], "texture": "#0"},
				"up": {"uv": [7, 6, 8, 7], "texture": "#0"},
				"down": {"uv": [7, 6, 8, 7], "texture": "#0"}
			}
		},
		{
			"name": "hexadecagon",
			"from": [4, 0, 7.20435],
			"to": [12, 1, 8.79565],
			"rotation": {"angle": -22.5, "axis": "y", "origin": [8, 0.5, 8]},
			"faces": {
				"north": {"uv": [7, 6, 8, 7], "texture": "#0"},
				"east": {"uv": [7, 6, 8, 7], "texture": "#0"},
				"south": {"uv": [7, 6, 8, 7], "texture": "#0"},
				"west": {"uv": [7, 6, 8, 7], "texture": "#0"},
				"up": {"uv": [7, 6, 8, 7], "texture": "#0"},
				"down": {"uv": [7, 6, 8, 7], "texture": "#0"}
			}
		},
		{
			"name": "hexadecagon",
			"from": [4, 1, 7.20435],
			"to": [4.7, 6.3, 8.79565],
			"rotation": {"angle": -22.5, "axis": "y", "origin": [8, 1.5, 8]},
			"faces": {
				"north": {"uv": [7, 6, 8, 7], "texture": "#0"},
				"east": {"uv": [7, 6, 8, 7], "texture": "#0"},
				"south": {"uv": [7, 6, 8, 7], "texture": "#0"},
				"west": {"uv": [7, 6, 8, 7], "texture": "#0"},
				"up": {"uv": [7, 6, 8, 7], "texture": "#0"},
				"down": {"uv": [7, 6, 8, 7], "texture": "#0"}
			}
		},
		{
			"name": "hexadecagon",
			"from": [3.6, 6, 7.12479],
			"to": [4.37, 12.11, 8.87521],
			"rotation": {"angle": -22.5, "axis": "y", "origin": [8, 6.55, 8]},
			"faces": {
				"north": {"uv": [7, 6, 8, 7], "texture": "#0"},
				"east": {"uv": [7, 6, 8, 7], "texture": "#0"},
				"south": {"uv": [7, 6, 8, 7], "texture": "#0"},
				"west": {"uv": [7, 6, 8, 7], "texture": "#0"},
				"up": {"uv": [7, 6, 8, 7], "texture": "#0"},
				"down": {"uv": [7, 6, 8, 7], "texture": "#0"}
			}
		},
		{
			"name": "hexadecagon",
			"from": [3.16, 11.53, 7.03726],
			"to": [4.007, 12.451, 8.96274],
			"rotation": {"angle": -22.5, "axis": "y", "origin": [8, 12.135, 8]},
			"faces": {
				"north": {"uv": [7, 6, 8, 7], "texture": "#0"},
				"east": {"uv": [7, 6, 8, 7], "texture": "#0"},
				"south": {"uv": [7, 6, 8, 7], "texture": "#0"},
				"west": {"uv": [7, 6, 8, 7], "texture": "#0"},
				"up": {"uv": [7, 6, 8, 7], "texture": "#0"},
				"down": {"uv": [7, 6, 8, 7], "texture": "#0"}
			}
		},
		{
			"name": "hexadecagon",
			"from": [11.3, 1, 7.20435],
			"to": [12, 6.3, 8.79565],
			"rotation": {"angle": -22.5, "axis": "y", "origin": [8, 1.5, 8]},
			"faces": {
				"north": {"uv": [7, 6, 8, 7], "texture": "#0"},
				"east": {"uv": [7, 6, 8, 7], "texture": "#0"},
				"south": {"uv": [7, 6, 8, 7], "texture": "#0"},
				"west": {"uv": [7, 6, 8, 7], "texture": "#0"},
				"up": {"uv": [7, 6, 8, 7], "texture": "#0"},
				"down": {"uv": [7, 6, 8, 7], "texture": "#0"}
			}
		},
		{
			"name": "hexadecagon",
			"from": [11.63, 6, 7.12479],
			"to": [12.4, 12.11, 8.87521],
			"rotation": {"angle": -22.5, "axis": "y", "origin": [8, 6.55, 8]},
			"faces": {
				"north": {"uv": [7, 6, 8, 7], "texture": "#0"},
				"east": {"uv": [7, 6, 8, 7], "texture": "#0"},
				"south": {"uv": [7, 6, 8, 7], "texture": "#0"},
				"west": {"uv": [7, 6, 8, 7], "texture": "#0"},
				"up": {"uv": [7, 6, 8, 7], "texture": "#0"},
				"down": {"uv": [7, 6, 8, 7], "texture": "#0"}
			}
		},
		{
			"name": "hexadecagon",
			"from": [11.993, 11.53, 7.03726],
			"to": [12.84, 12.451, 8.96274],
			"rotation": {"angle": -22.5, "axis": "y", "origin": [8, 12.135, 8]},
			"faces": {
				"north": {"uv": [7, 6, 8, 7], "texture": "#0"},
				"east": {"uv": [7, 6, 8, 7], "texture": "#0"},
				"south": {"uv": [7, 6, 8, 7], "texture": "#0"},
				"west": {"uv": [7, 6, 8, 7], "texture": "#0"},
				"up": {"uv": [7, 6, 8, 7], "texture": "#0"},
				"down": {"uv": [7, 6, 8, 7], "texture": "#0"}
			}
		},
		{
			"name": "hexadecagon",
			"from": [4, 0, 7.20435],
			"to": [12, 1, 8.79565],
			"rotation": {"angle": 0, "axis": "y", "origin": [8, 0.5, 8]},
			"faces": {
				"north": {"uv": [7, 6, 8, 7], "texture": "#0"},
				"east": {"uv": [7, 6, 8, 7], "texture": "#0"},
				"south": {"uv": [7, 6, 8, 7], "texture": "#0"},
				"west": {"uv": [7, 6, 8, 7], "texture": "#0"},
				"up": {"uv": [7, 6, 8, 7], "texture": "#0"},
				"down": {"uv": [7, 6, 8, 7], "texture": "#0"}
			}
		},
		{
			"name": "hexadecagon",
			"from": [4, 1, 7.20435],
			"to": [4.7, 6.3, 8.79565],
			"rotation": {"angle": 0, "axis": "y", "origin": [8, 1.5, 8]},
			"faces": {
				"north": {"uv": [7, 6, 8, 7], "texture": "#0"},
				"east": {"uv": [7, 6, 8, 7], "texture": "#0"},
				"south": {"uv": [7, 6, 8, 7], "texture": "#0"},
				"west": {"uv": [7, 6, 8, 7], "texture": "#0"},
				"up": {"uv": [7, 6, 8, 7], "texture": "#0"},
				"down": {"uv": [7, 6, 8, 7], "texture": "#0"}
			}
		},
		{
			"name": "hexadecagon",
			"from": [3.6, 6, 7.12479],
			"to": [4.37, 12.11, 8.87521],
			"rotation": {"angle": 0, "axis": "y", "origin": [8, 6.55, 8]},
			"faces": {
				"north": {"uv": [7, 6, 8, 7], "texture": "#0"},
				"east": {"uv": [7, 6, 8, 7], "texture": "#0"},
				"south": {"uv": [7, 6, 8, 7], "texture": "#0"},
				"west": {"uv": [7, 6, 8, 7], "texture": "#0"},
				"up": {"uv": [7, 6, 8, 7], "texture": "#0"},
				"down": {"uv": [7, 6, 8, 7], "texture": "#0"}
			}
		},
		{
			"name": "hexadecagon",
			"from": [3.16, 11.53, 7.03726],
			"to": [4.007, 12.451, 8.96274],
			"rotation": {"angle": 0, "axis": "y", "origin": [8, 12.135, 8]},
			"faces": {
				"north": {"uv": [7, 6, 8, 7], "texture": "#0"},
				"east": {"uv": [7, 6, 8, 7], "texture": "#0"},
				"south": {"uv": [7, 6, 8, 7], "texture": "#0"},
				"west": {"uv": [7, 6, 8, 7], "texture": "#0"},
				"up": {"uv": [7, 6, 8, 7], "texture": "#0"},
				"down": {"uv": [7, 6, 8, 7], "texture": "#0"}
			}
		},
		{
			"name": "hexadecagon",
			"from": [11.3, 1, 7.20435],
			"to": [12, 6.3, 8.79565],
			"rotation": {"angle": 0, "axis": "y", "origin": [8, 1.5, 8]},
			"faces": {
				"north": {"uv": [7, 6, 8, 7], "texture": "#0"},
				"east": {"uv": [7, 6, 8, 7], "texture": "#0"},
				"south": {"uv": [7, 6, 8, 7], "texture": "#0"},
				"west": {"uv": [7, 6, 8, 7], "texture": "#0"},
				"up": {"uv": [7, 6, 8, 7], "texture": "#0"},
				"down": {"uv": [7, 6, 8, 7], "texture": "#0"}
			}
		},
		{
			"name": "hexadecagon",
			"from": [11.63, 6, 7.12479],
			"to": [12.4, 12.21, 8.87521],
			"rotation": {"angle": 0, "axis": "y", "origin": [8, 6.55, 8]},
			"faces": {
				"north": {"uv": [6, 5, 7, 6], "texture": "#0"},
				"east": {"uv": [6, 5, 7, 6], "texture": "#0"},
				"south": {"uv": [6, 5, 7, 6], "texture": "#0"},
				"west": {"uv": [6, 5, 7, 6], "texture": "#0"},
				"up": {"uv": [6, 5, 7, 6], "texture": "#0"},
				"down": {"uv": [6, 5, 7, 6], "texture": "#0"}
			}
		},
		{
			"name": "hexadecagon",
			"from": [11.993, 11.53, 7.03726],
			"to": [12.84, 12.451, 8.96274],
			"rotation": {"angle": 0, "axis": "y", "origin": [8, 12.135, 8]},
			"faces": {
				"north": {"uv": [7, 6, 8, 7], "texture": "#0"},
				"east": {"uv": [7, 6, 8, 7], "texture": "#0"},
				"south": {"uv": [7, 6, 8, 7], "texture": "#0"},
				"west": {"uv": [7, 6, 8, 7], "texture": "#0"},
				"up": {"uv": [7, 6, 8, 7], "texture": "#0"},
				"down": {"uv": [7, 6, 8, 7], "texture": "#0"}
			}
		},
		{
			"name": "hexadecagon",
			"from": [4, 0, 7.20435],
			"to": [12, 1, 8.79565],
			"rotation": {"angle": 22.5, "axis": "y", "origin": [8, 0.5, 8]},
			"faces": {
				"north": {"uv": [7, 6, 8, 7], "texture": "#0"},
				"east": {"uv": [7, 6, 8, 7], "texture": "#0"},
				"south": {"uv": [7, 6, 8, 7], "texture": "#0"},
				"west": {"uv": [7, 6, 8, 7], "texture": "#0"},
				"up": {"uv": [7, 6, 8, 7], "texture": "#0"},
				"down": {"uv": [7, 6, 8, 7], "texture": "#0"}
			}
		},
		{
			"name": "hexadecagon",
			"from": [11.3, 1, 7.20435],
			"to": [12, 6.3, 8.79565],
			"rotation": {"angle": 22.5, "axis": "y", "origin": [8, 1.5, 8]},
			"faces": {
				"north": {"uv": [7, 6, 8, 7], "texture": "#0"},
				"east": {"uv": [7, 6, 8, 7], "texture": "#0"},
				"south": {"uv": [7, 6, 8, 7], "texture": "#0"},
				"west": {"uv": [7, 6, 8, 7], "texture": "#0"},
				"up": {"uv": [7, 6, 8, 7], "texture": "#0"},
				"down": {"uv": [7, 6, 8, 7], "texture": "#0"}
			}
		},
		{
			"name": "hexadecagon",
			"from": [11.63, 6, 7.12479],
			"to": [12.4, 12.11, 8.87521],
			"rotation": {"angle": 22.5, "axis": "y", "origin": [8, 6.55, 8]},
			"faces": {
				"north": {"uv": [7, 6, 8, 7], "texture": "#0"},
				"east": {"uv": [7, 6, 8, 7], "texture": "#0"},
				"south": {"uv": [7, 6, 8, 7], "texture": "#0"},
				"west": {"uv": [7, 6, 8, 7], "texture": "#0"},
				"up": {"uv": [7, 6, 8, 7], "texture": "#0"},
				"down": {"uv": [7, 6, 8, 7], "texture": "#0"}
			}
		},
		{
			"name": "hexadecagon",
			"from": [11.993, 11.53, 7.03726],
			"to": [12.84, 12.451, 8.96274],
			"rotation": {"angle": 22.5, "axis": "y", "origin": [8, 12.135, 8]},
			"faces": {
				"north": {"uv": [7, 6, 8, 7], "texture": "#0"},
				"east": {"uv": [7, 6, 8, 7], "texture": "#0"},
				"south": {"uv": [7, 6, 8, 7], "texture": "#0"},
				"west": {"uv": [7, 6, 8, 7], "texture": "#0"},
				"up": {"uv": [7, 6, 8, 7], "texture": "#0"},
				"down": {"uv": [7, 6, 8, 7], "texture": "#0"}
			}
		},
		{
			"name": "hexadecagon",
			"from": [4, 1, 7.20435],
			"to": [4.7, 6.3, 8.79565],
			"rotation": {"angle": 22.5, "axis": "y", "origin": [8, 1.5, 8]},
			"faces": {
				"north": {"uv": [7, 6, 8, 7], "texture": "#0"},
				"east": {"uv": [7, 6, 8, 7], "texture": "#0"},
				"south": {"uv": [7, 6, 8, 7], "texture": "#0"},
				"west": {"uv": [7, 6, 8, 7], "texture": "#0"},
				"up": {"uv": [7, 6, 8, 7], "texture": "#0"},
				"down": {"uv": [7, 6, 8, 7], "texture": "#0"}
			}
		},
		{
			"name": "hexadecagon",
			"from": [3.6, 6, 7.12479],
			"to": [4.37, 12.11, 8.87521],
			"rotation": {"angle": 22.5, "axis": "y", "origin": [8, 6.55, 8]},
			"faces": {
				"north": {"uv": [7, 6, 8, 7], "texture": "#0"},
				"east": {"uv": [7, 6, 8, 7], "texture": "#0"},
				"south": {"uv": [7, 6, 8, 7], "texture": "#0"},
				"west": {"uv": [7, 6, 8, 7], "texture": "#0"},
				"up": {"uv": [7, 6, 8, 7], "texture": "#0"},
				"down": {"uv": [7, 6, 8, 7], "texture": "#0"}
			}
		},
		{
			"name": "hexadecagon",
			"from": [3.16, 11.53, 7.03726],
			"to": [4.007, 12.451, 8.96274],
			"rotation": {"angle": 22.5, "axis": "y", "origin": [8, 12.135, 8]},
			"faces": {
				"north": {"uv": [7, 6, 8, 7], "texture": "#0"},
				"east": {"uv": [7, 6, 8, 7], "texture": "#0"},
				"south": {"uv": [7, 6, 8, 7], "texture": "#0"},
				"west": {"uv": [7, 6, 8, 7], "texture": "#0"},
				"up": {"uv": [7, 6, 8, 7], "texture": "#0"},
				"down": {"uv": [7, 6, 8, 7], "texture": "#0"}
			}
		},
		{
			"name": "hexadecagon",
			"from": [7.27397, 0.9, 4.35],
			"to": [8.72603, 10.8, 11.65],
			"rotation": {"angle": -45, "axis": "y", "origin": [8, 1.4, 8]},
			"faces": {
				"north": {"uv": [5, 5, 6, 6], "texture": "#5"},
				"east": {"uv": [5, 5, 6, 6], "texture": "#5"},
				"south": {"uv": [5, 5, 6, 6], "texture": "#5"},
				"west": {"uv": [5, 5, 6, 6], "texture": "#5"},
				"up": {"uv": [5, 5, 6, 6], "texture": "#5"},
				"down": {"uv": [5, 5, 6, 6], "texture": "#5"}
			}
		},
		{
			"name": "hexadecagon",
			"from": [7.27397, 0.9, 4.35],
			"to": [8.72603, 10.8, 11.65],
			"rotation": {"angle": -22.5, "axis": "y", "origin": [8, 1.4, 8]},
			"faces": {
				"north": {"uv": [5, 5, 6, 6], "texture": "#5"},
				"east": {"uv": [5, 5, 6, 6], "texture": "#5"},
				"south": {"uv": [5, 5, 6, 6], "texture": "#5"},
				"west": {"uv": [5, 5, 6, 6], "texture": "#5"},
				"up": {"uv": [5, 5, 6, 6], "texture": "#5"},
				"down": {"uv": [5, 5, 6, 6], "texture": "#5"}
			}
		},
		{
			"name": "hexadecagon",
			"from": [7.27397, 0.9, 4.35],
			"to": [8.72603, 10.8, 11.65],
			"rotation": {"angle": 0, "axis": "y", "origin": [8, 1.4, 8]},
			"faces": {
				"north": {"uv": [5, 5, 6, 6], "texture": "#5"},
				"east": {"uv": [5, 5, 6, 6], "texture": "#5"},
				"south": {"uv": [5, 5, 6, 6], "texture": "#5"},
				"west": {"uv": [5, 5, 6, 6], "texture": "#5"},
				"up": {"uv": [5, 5, 6, 6], "texture": "#5"},
				"down": {"uv": [5, 5, 6, 6], "texture": "#5"}
			}
		},
		{
			"name": "hexadecagon",
			"from": [6.67397, 10, 9.15],
			"to": [8.12603, 12.3, 10.65],
			"rotation": {"angle": 0, "axis": "y", "origin": [7.4, 2.9, 7]},
			"faces": {
				"north": {"uv": [3, 8, 8, 13], "texture": "#1"},
				"east": {"uv": [3, 8, 8, 13], "texture": "#1"},
				"south": {"uv": [3, 8, 8, 13], "texture": "#1"},
				"west": {"uv": [3, 8, 8, 13], "texture": "#1"},
				"up": {"uv": [5, 5, 6, 6], "texture": "#1"},
				"down": {"uv": [3, 8, 8, 13], "texture": "#1"}
			}
		},
		{
			"name": "hexadecagon",
			"from": [4.47397, 12.5, 9.85],
			"to": [4.62603, 14.8, 10.05],
			"rotation": {"angle": -22.5, "axis": "z", "origin": [3.9, 5.4, 7.7]},
			"faces": {
				"north": {"uv": [6, 0, 7, 16], "texture": "#1"},
				"east": {"uv": [6, 0, 7, 16], "texture": "#1"},
				"south": {"uv": [6, 0, 7, 16], "texture": "#1"},
				"west": {"uv": [6, 0, 7, 16], "texture": "#1"},
				"up": {"uv": [5, 5, 6, 6], "texture": "#1"},
				"down": {"uv": [6, 0, 7, 16], "texture": "#1"}
			}
		},
		{
			"name": "hexadecagon",
			"from": [7.27397, 0.9, 4.35],
			"to": [8.72603, 10.8, 11.65],
			"rotation": {"angle": 22.5, "axis": "y", "origin": [8, 1.4, 8]},
			"faces": {
				"north": {"uv": [5, 5, 6, 6], "texture": "#5"},
				"east": {"uv": [5, 5, 6, 6], "texture": "#5"},
				"south": {"uv": [5, 5, 6, 6], "texture": "#5"},
				"west": {"uv": [5, 5, 6, 6], "texture": "#5"},
				"up": {"uv": [5, 5, 6, 6], "texture": "#5"},
				"down": {"uv": [5, 5, 6, 6], "texture": "#5"}
			}
		},
		{
			"name": "hexadecagon",
			"from": [7.27397, 0.9, 4.35],
			"to": [8.72603, 10.8, 11.65],
			"rotation": {"angle": 45, "axis": "y", "origin": [8, 1.4, 8]},
			"faces": {
				"north": {"uv": [5, 5, 6, 6], "texture": "#5"},
				"east": {"uv": [5, 5, 6, 6], "texture": "#5"},
				"south": {"uv": [5, 5, 6, 6], "texture": "#5"},
				"west": {"uv": [5, 5, 6, 6], "texture": "#5"},
				"up": {"uv": [5, 5, 6, 6], "texture": "#5"},
				"down": {"uv": [5, 5, 6, 6], "texture": "#5"}
			}
		},
		{
			"name": "hexadecagon",
			"from": [4.35, 0.9, 7.27397],
			"to": [11.65, 10.8, 8.72603],
			"rotation": {"angle": -22.5, "axis": "y", "origin": [8, 1.4, 8]},
			"faces": {
				"north": {"uv": [5, 5, 6, 6], "texture": "#5"},
				"east": {"uv": [5, 5, 6, 6], "texture": "#5"},
				"south": {"uv": [5, 5, 6, 6], "texture": "#5"},
				"west": {"uv": [5, 5, 6, 6], "texture": "#5"},
				"up": {"uv": [5, 5, 6, 6], "texture": "#5"},
				"down": {"uv": [5, 5, 6, 6], "texture": "#5"}
			}
		},
		{
			"name": "hexadecagon",
			"from": [4.35, 0.9, 7.27397],
			"to": [11.65, 10.8, 8.72603],
			"rotation": {"angle": 0, "axis": "y", "origin": [8, 1.4, 8]},
			"faces": {
				"north": {"uv": [5, 5, 6, 6], "texture": "#5"},
				"east": {"uv": [5, 5, 6, 6], "texture": "#5"},
				"south": {"uv": [5, 5, 6, 6], "texture": "#5"},
				"west": {"uv": [5, 5, 6, 6], "texture": "#5"},
				"up": {"uv": [5, 5, 6, 6], "texture": "#5"},
				"down": {"uv": [5, 5, 6, 6], "texture": "#5"}
			}
		},
		{
			"name": "hexadecagon",
			"from": [4.35, 0.9, 7.27397],
			"to": [11.65, 10.8, 8.72603],
			"rotation": {"angle": 22.5, "axis": "y", "origin": [8, 1.4, 8]},
			"faces": {
				"north": {"uv": [5, 5, 6, 6], "texture": "#5"},
				"east": {"uv": [5, 5, 6, 6], "texture": "#5"},
				"south": {"uv": [5, 5, 6, 6], "texture": "#5"},
				"west": {"uv": [5, 5, 6, 6], "texture": "#5"},
				"up": {"uv": [5, 5, 6, 6], "texture": "#5"},
				"down": {"uv": [5, 5, 6, 6], "texture": "#5"}
			}
		},
		{
			"from": [6, 10.6, 4.9],
			"to": [7, 11.6, 5.9],
			"rotation": {"angle": 0, "axis": "y", "origin": [14, 18.6, 12.9]},
			"faces": {
				"north": {"uv": [6, 5, 10, 9], "texture": "#2"},
				"east": {"uv": [6, 5, 10, 9], "texture": "#2"},
				"south": {"uv": [6, 5, 10, 9], "texture": "#2"},
				"west": {"uv": [6, 5, 10, 9], "texture": "#2"},
				"up": {"uv": [6, 5, 10, 9], "texture": "#2"},
				"down": {"uv": [6, 5, 10, 9], "texture": "#2"}
			}
		},
		{
			"from": [6.4, 10.6, 9.4],
			"to": [7.4, 11.6, 10.4],
			"rotation": {"angle": 0, "axis": "y", "origin": [14.4, 18.6, 17.4]},
			"faces": {
				"north": {"uv": [6, 5, 10, 9], "texture": "#2"},
				"east": {"uv": [6, 5, 10, 9], "texture": "#2"},
				"south": {"uv": [6, 5, 10, 9], "texture": "#2"},
				"west": {"uv": [6, 5, 10, 9], "texture": "#2"},
				"up": {"uv": [6, 5, 10, 9], "texture": "#2"},
				"down": {"uv": [6, 5, 10, 9], "texture": "#2"}
			}
		},
		{
			"from": [6.8, 10.3, 5.5],
			"to": [7.8, 11.3, 6.5],
			"rotation": {"angle": 0, "axis": "y", "origin": [14.8, 18.3, 13.5]},
			"faces": {
				"north": {"uv": [6, 5, 10, 9], "texture": "#2"},
				"east": {"uv": [6, 5, 10, 9], "texture": "#2"},
				"south": {"uv": [6, 5, 10, 9], "texture": "#2"},
				"west": {"uv": [6, 5, 10, 9], "texture": "#2"},
				"up": {"uv": [6, 5, 10, 9], "texture": "#2"},
				"down": {"uv": [6, 5, 10, 9], "texture": "#2"}
			}
		},
		{
			"from": [7.2, 10.3, 10],
			"to": [8.2, 11.3, 11],
			"rotation": {"angle": 0, "axis": "y", "origin": [15.2, 18.3, 18]},
			"faces": {
				"north": {"uv": [6, 5, 10, 9], "texture": "#2"},
				"east": {"uv": [6, 5, 10, 9], "texture": "#2"},
				"south": {"uv": [6, 5, 10, 9], "texture": "#2"},
				"west": {"uv": [6, 5, 10, 9], "texture": "#2"},
				"up": {"uv": [6, 5, 10, 9], "texture": "#2"},
				"down": {"uv": [6, 5, 10, 9], "texture": "#2"}
			}
		},
		{
			"from": [7.5, 10.4, 4.6],
			"to": [8.5, 11.4, 5.6],
			"rotation": {"angle": 0, "axis": "y", "origin": [15.5, 18.4, 12.6]},
			"faces": {
				"north": {"uv": [6, 5, 10, 9], "texture": "#2"},
				"east": {"uv": [6, 5, 10, 9], "texture": "#2"},
				"south": {"uv": [6, 5, 10, 9], "texture": "#2"},
				"west": {"uv": [6, 5, 10, 9], "texture": "#2"},
				"up": {"uv": [6, 5, 10, 9], "texture": "#2"},
				"down": {"uv": [6, 5, 10, 9], "texture": "#2"}
			}
		},
		{
			"from": [7.9, 10.4, 9.1],
			"to": [8.9, 11.4, 10.1],
			"rotation": {"angle": 0, "axis": "y", "origin": [15.9, 18.4, 17.1]},
			"faces": {
				"north": {"uv": [6, 5, 10, 9], "texture": "#2"},
				"east": {"uv": [6, 5, 10, 9], "texture": "#2"},
				"south": {"uv": [6, 5, 10, 9], "texture": "#2"},
				"west": {"uv": [6, 5, 10, 9], "texture": "#2"},
				"up": {"uv": [6, 5, 10, 9], "texture": "#2"},
				"down": {"uv": [6, 5, 10, 9], "texture": "#2"}
			}
		},
		{
			"from": [8.3, 10.4, 5.3],
			"to": [9.3, 11.4, 6.3],
			"rotation": {"angle": 0, "axis": "y", "origin": [16.3, 18.4, 13.3]},
			"faces": {
				"north": {"uv": [6, 5, 10, 9], "texture": "#2"},
				"east": {"uv": [6, 5, 10, 9], "texture": "#2"},
				"south": {"uv": [6, 5, 10, 9], "texture": "#2"},
				"west": {"uv": [6, 5, 10, 9], "texture": "#2"},
				"up": {"uv": [6, 5, 10, 9], "texture": "#2"},
				"down": {"uv": [6, 5, 10, 9], "texture": "#2"}
			}
		},
		{
			"from": [8.7, 10.4, 9.8],
			"to": [9.7, 11.4, 10.8],
			"rotation": {"angle": 0, "axis": "y", "origin": [16.7, 18.4, 17.8]},
			"faces": {
				"north": {"uv": [6, 5, 10, 9], "texture": "#2"},
				"east": {"uv": [6, 5, 10, 9], "texture": "#2"},
				"south": {"uv": [6, 5, 10, 9], "texture": "#2"},
				"west": {"uv": [6, 5, 10, 9], "texture": "#2"},
				"up": {"uv": [6, 5, 10, 9], "texture": "#2"},
				"down": {"uv": [6, 5, 10, 9], "texture": "#2"}
			}
		},
		{
			"from": [9.1, 10.4, 5.7],
			"to": [10.1, 11.4, 6.7],
			"rotation": {"angle": 0, "axis": "y", "origin": [17.1, 18.4, 13.7]},
			"faces": {
				"north": {"uv": [6, 5, 10, 9], "texture": "#2"},
				"east": {"uv": [6, 5, 10, 9], "texture": "#2"},
				"south": {"uv": [6, 5, 10, 9], "texture": "#2"},
				"west": {"uv": [6, 5, 10, 9], "texture": "#2"},
				"up": {"uv": [6, 5, 10, 9], "texture": "#2"},
				"down": {"uv": [6, 5, 10, 9], "texture": "#2"}
			}
		},
		{
			"from": [9.6, 10.4, 8.8],
			"to": [10.6, 11.4, 9.8],
			"rotation": {"angle": 0, "axis": "y", "origin": [17.6, 18.4, 16.8]},
			"faces": {
				"north": {"uv": [6, 5, 10, 9], "texture": "#2"},
				"east": {"uv": [6, 5, 10, 9], "texture": "#2"},
				"south": {"uv": [6, 5, 10, 9], "texture": "#2"},
				"west": {"uv": [6, 5, 10, 9], "texture": "#2"},
				"up": {"uv": [6, 5, 10, 9], "texture": "#2"},
				"down": {"uv": [6, 5, 10, 9], "texture": "#2"}
			}
		},
		{
			"from": [10.1, 10.4, 7],
			"to": [11.1, 11.4, 8],
			"rotation": {"angle": 0, "axis": "y", "origin": [18.1, 18.4, 15]},
			"faces": {
				"north": {"uv": [6, 5, 10, 9], "texture": "#2"},
				"east": {"uv": [6, 5, 10, 9], "texture": "#2"},
				"south": {"uv": [6, 5, 10, 9], "texture": "#2"},
				"west": {"uv": [6, 5, 10, 9], "texture": "#2"},
				"up": {"uv": [6, 5, 10, 9], "texture": "#2"},
				"down": {"uv": [6, 5, 10, 9], "texture": "#2"}
			}
		},
		{
			"from": [8.8, 10.4, 7],
			"to": [9.8, 11.4, 8],
			"rotation": {"angle": 0, "axis": "y", "origin": [16.8, 18.4, 15]},
			"faces": {
				"north": {"uv": [6, 5, 10, 9], "texture": "#2"},
				"east": {"uv": [6, 5, 10, 9], "texture": "#2"},
				"south": {"uv": [6, 5, 10, 9], "texture": "#2"},
				"west": {"uv": [6, 5, 10, 9], "texture": "#2"},
				"up": {"uv": [6, 5, 10, 9], "texture": "#2"},
				"down": {"uv": [6, 5, 10, 9], "texture": "#2"}
			}
		},
		{
			"from": [8.8, 10.4, 7],
			"to": [9.8, 11.4, 8],
			"rotation": {"angle": 0, "axis": "y", "origin": [16.8, 18.4, 15]},
			"faces": {
				"north": {"uv": [6, 5, 10, 9], "texture": "#2"},
				"east": {"uv": [6, 5, 10, 9], "texture": "#2"},
				"south": {"uv": [6, 5, 10, 9], "texture": "#2"},
				"west": {"uv": [6, 5, 10, 9], "texture": "#2"},
				"up": {"uv": [6, 5, 10, 9], "texture": "#2"},
				"down": {"uv": [6, 5, 10, 9], "texture": "#2"}
			}
		},
		{
			"from": [6, 11.3, 5.6],
			"to": [8, 12.9, 6.1],
			"rotation": {"angle": 0, "axis": "y", "origin": [13.2, 19.3, 13.6]},
			"faces": {
				"north": {"uv": [0, 0, 2, 2], "texture": "#3"},
				"east": {"uv": [0, 0, 2, 2], "texture": "#3"},
				"south": {"uv": [0, 0, 2, 2], "texture": "#3"},
				"west": {"uv": [0, 0, 2, 2], "texture": "#3"},
				"up": {"uv": [0, 0, 2, 2], "texture": "#3"},
				"down": {"uv": [0, 0, 2, 2], "texture": "#3"}
			}
		},
		{
			"from": [6, 10.7, 5.1],
			"to": [8, 12.3, 5.6],
			"rotation": {"angle": 0, "axis": "y", "origin": [13.2, 18.7, 13.1]},
			"faces": {
				"north": {"uv": [0, 0, 2, 2], "texture": "#3"},
				"east": {"uv": [0, 0, 2, 2], "texture": "#3"},
				"south": {"uv": [0, 0, 2, 2], "texture": "#3"},
				"west": {"uv": [0, 0, 2, 2], "texture": "#3"},
				"up": {"uv": [0, 0, 2, 2], "texture": "#3"},
				"down": {"uv": [0, 0, 2, 2], "texture": "#3"}
			}
		},
		{
			"from": [6, 10.7, 8.6],
			"to": [8, 12.3, 9.1],
			"rotation": {"angle": 0, "axis": "y", "origin": [13.2, 18.7, 16.6]},
			"faces": {
				"north": {"uv": [0, 0, 2, 2], "texture": "#3"},
				"east": {"uv": [0, 0, 2, 2], "texture": "#3"},
				"south": {"uv": [0, 0, 2, 2], "texture": "#3"},
				"west": {"uv": [0, 0, 2, 2], "texture": "#3"},
				"up": {"uv": [0, 0, 2, 2], "texture": "#3"},
				"down": {"uv": [0, 0, 2, 2], "texture": "#3"}
			}
		},
		{
			"from": [11.2, 5.9, 9.6],
			"to": [11.8, 15.1, 10.2],
			"rotation": {"angle": -22.5, "axis": "z", "origin": [17, 13.9, 17.6]},
			"faces": {
				"north": {"uv": [0, 0, 1, 1], "texture": "#7"},
				"east": {"uv": [0, 0, 1, 1], "texture": "#7"},
				"south": {"uv": [0, 0, 1, 1], "texture": "#7"},
				"west": {"uv": [0, 0, 1, 1], "texture": "#7"},
				"down": {"uv": [0, 0, 1, 1], "texture": "#7"}
			}
		},
		{
			"from": [11.19, 9.9, 6.6],
			"to": [11.81, 14, 13.2],
			"rotation": {"angle": -22.5, "axis": "z", "origin": [17, 13.9, 17.6]},
			"faces": {
				"east": {"uv": [0, 0, 16, 16], "texture": "#4"},
				"west": {"uv": [0, 0, 16, 16], "texture": "#4"}
			}
		},
		{
			"from": [5.5, 11.3, 6.1],
			"to": [6.1, 12.9, 8.1],
			"rotation": {"angle": 0, "axis": "y", "origin": [13.2, 19.3, 14.1]},
			"faces": {
				"north": {"uv": [0, 0, 2, 2], "texture": "#3"},
				"east": {"uv": [0, 0, 2, 2], "texture": "#3"},
				"south": {"uv": [0, 0, 2, 2], "texture": "#3"},
				"west": {"uv": [0, 0, 2, 2], "texture": "#3"},
				"up": {"uv": [0, 0, 2, 2], "texture": "#3"},
				"down": {"uv": [0, 0, 2, 2], "texture": "#3"}
			}
		},
		{
			"from": [8, 11.3, 6.1],
			"to": [8.6, 12.9, 8.1],
			"rotation": {"angle": 0, "axis": "y", "origin": [15.7, 19.3, 14.1]},
			"faces": {
				"north": {"uv": [0, 0, 2, 2], "texture": "#3"},
				"east": {"uv": [0, 0, 2, 2], "texture": "#3"},
				"south": {"uv": [0, 0, 2, 2], "texture": "#3"},
				"west": {"uv": [0, 0, 2, 2], "texture": "#3"},
				"up": {"uv": [0, 0, 2, 2], "texture": "#3"},
				"down": {"uv": [0, 0, 2, 2], "texture": "#3"}
			}
		},
		{
			"from": [8.6, 10.7, 6.1],
			"to": [9.2, 12.3, 8.1],
			"rotation": {"angle": 0, "axis": "y", "origin": [16.3, 18.7, 14.1]},
			"faces": {
				"north": {"uv": [0, 0, 2, 2], "texture": "#3"},
				"east": {"uv": [0, 0, 2, 2], "texture": "#3"},
				"south": {"uv": [0, 0, 2, 2], "texture": "#3"},
				"west": {"uv": [0, 0, 2, 2], "texture": "#3"},
				"up": {"uv": [0, 0, 2, 2], "texture": "#3"},
				"down": {"uv": [0, 0, 2, 2], "texture": "#3"}
			}
		},
		{
			"from": [4.9, 10.7, 6.1],
			"to": [5.5, 12.3, 8.1],
			"rotation": {"angle": 0, "axis": "y", "origin": [12.6, 18.7, 14.1]},
			"faces": {
				"north": {"uv": [0, 0, 2, 2], "texture": "#3"},
				"east": {"uv": [0, 0, 2, 2], "texture": "#3"},
				"south": {"uv": [0, 0, 2, 2], "texture": "#3"},
				"west": {"uv": [0, 0, 2, 2], "texture": "#3"},
				"up": {"uv": [0, 0, 2, 2], "texture": "#3"},
				"down": {"uv": [0, 0, 2, 2], "texture": "#3"}
			}
		},
		{
			"from": [4.8, 10.7, 6],
			"to": [5.5, 12.4, 7.3],
			"rotation": {"angle": 0, "axis": "y", "origin": [12.6, 18.7, 14]},
			"faces": {
				"north": {"uv": [0, 0, 2, 2], "texture": "#6"},
				"east": {"uv": [0, 0, 2, 2], "texture": "#6"},
				"south": {"uv": [0, 0, 2, 2], "texture": "#6"},
				"west": {"uv": [0, 0, 2, 2], "texture": "#6"},
				"up": {"uv": [0, 0, 2, 2], "texture": "#6"},
				"down": {"uv": [0, 0, 2, 2], "texture": "#6"}
			}
		},
		{
			"from": [5.2, 10.7, 5.4],
			"to": [5.9, 12.4, 6.1],
			"rotation": {"angle": 0, "axis": "y", "origin": [13, 18.7, 12.8]},
			"faces": {
				"north": {"uv": [0, 0, 2, 2], "texture": "#6"},
				"east": {"uv": [0, 0, 2, 2], "texture": "#6"},
				"south": {"uv": [0, 0, 2, 2], "texture": "#6"},
				"west": {"uv": [0, 0, 2, 2], "texture": "#6"},
				"up": {"uv": [0, 0, 2, 2], "texture": "#6"},
				"down": {"uv": [0, 0, 2, 2], "texture": "#6"}
			}
		},
		{
			"from": [5.4, 12.4, 6],
			"to": [6.1, 13, 6.9],
			"rotation": {"angle": 0, "axis": "y", "origin": [13.2, 20.4, 13.4]},
			"faces": {
				"north": {"uv": [0, 0, 2, 2], "texture": "#6"},
				"east": {"uv": [0, 0, 2, 2], "texture": "#6"},
				"south": {"uv": [0, 0, 2, 2], "texture": "#6"},
				"west": {"uv": [0, 0, 2, 2], "texture": "#6"},
				"up": {"uv": [0, 0, 2, 2], "texture": "#6"},
				"down": {"uv": [0, 0, 2, 2], "texture": "#6"}
			}
		},
		{
			"from": [8, 10.7, 8.1],
			"to": [8.6, 12.3, 8.6],
			"rotation": {"angle": 0, "axis": "y", "origin": [15.7, 18.7, 14.6]},
			"faces": {
				"north": {"uv": [0, 0, 2, 2], "texture": "#3"},
				"east": {"uv": [0, 0, 2, 2], "texture": "#3"},
				"south": {"uv": [0, 0, 2, 2], "texture": "#3"},
				"west": {"uv": [0, 0, 2, 2], "texture": "#3"},
				"up": {"uv": [0, 0, 2, 2], "texture": "#3"},
				"down": {"uv": [0, 0, 2, 2], "texture": "#3"}
			}
		},
		{
			"from": [5.5, 10.7, 8.1],
			"to": [6.1, 12.3, 8.6],
			"rotation": {"angle": 0, "axis": "y", "origin": [13.2, 18.7, 14.6]},
			"faces": {
				"north": {"uv": [0, 0, 2, 2], "texture": "#3"},
				"east": {"uv": [0, 0, 2, 2], "texture": "#3"},
				"south": {"uv": [0, 0, 2, 2], "texture": "#3"},
				"west": {"uv": [0, 0, 2, 2], "texture": "#3"},
				"up": {"uv": [0, 0, 2, 2], "texture": "#3"},
				"down": {"uv": [0, 0, 2, 2], "texture": "#3"}
			}
		},
		{
			"from": [5.5, 10.7, 5.6],
			"to": [6.1, 12.3, 6.1],
			"rotation": {"angle": 0, "axis": "y", "origin": [13.2, 18.7, 12.1]},
			"faces": {
				"north": {"uv": [0, 0, 2, 2], "texture": "#3"},
				"east": {"uv": [0, 0, 2, 2], "texture": "#3"},
				"south": {"uv": [0, 0, 2, 2], "texture": "#3"},
				"west": {"uv": [0, 0, 2, 2], "texture": "#3"},
				"up": {"uv": [0, 0, 2, 2], "texture": "#3"},
				"down": {"uv": [0, 0, 2, 2], "texture": "#3"}
			}
		},
		{
			"from": [8, 10.7, 5.6],
			"to": [8.6, 12.3, 6.1],
			"rotation": {"angle": 0, "axis": "y", "origin": [15.7, 18.7, 12.1]},
			"faces": {
				"north": {"uv": [0, 0, 2, 2], "texture": "#3"},
				"east": {"uv": [0, 0, 2, 2], "texture": "#3"},
				"south": {"uv": [0, 0, 2, 2], "texture": "#3"},
				"west": {"uv": [0, 0, 2, 2], "texture": "#3"},
				"up": {"uv": [0, 0, 2, 2], "texture": "#3"},
				"down": {"uv": [0, 0, 2, 2], "texture": "#3"}
			}
		},
		{
			"from": [6, 11.3, 8.1],
			"to": [8, 12.9, 8.6],
			"rotation": {"angle": 0, "axis": "y", "origin": [13.2, 19.3, 16.1]},
			"faces": {
				"north": {"uv": [0, 0, 2, 2], "texture": "#3"},
				"east": {"uv": [0, 0, 2, 2], "texture": "#3"},
				"south": {"uv": [0, 0, 2, 2], "texture": "#3"},
				"west": {"uv": [0, 0, 2, 2], "texture": "#3"},
				"up": {"uv": [0, 0, 2, 2], "texture": "#3"},
				"down": {"uv": [0, 0, 2, 2], "texture": "#3"}
			}
		},
		{
			"from": [6, 11.3, 6.1],
			"to": [8, 13.3, 8.1],
			"rotation": {"angle": 0, "axis": "y", "origin": [13, 19.3, 14.1]},
			"faces": {
				"north": {"uv": [0, 0, 2, 2], "texture": "#3"},
				"east": {"uv": [0, 0, 2, 2], "texture": "#3"},
				"south": {"uv": [0, 0, 2, 2], "texture": "#3"},
				"west": {"uv": [0, 0, 2, 2], "texture": "#3"},
				"up": {"uv": [0, 0, 2, 2], "texture": "#3"},
				"down": {"uv": [0, 0, 2, 2], "texture": "#3"}
			}
		},
		{
			"from": [7.9, 10.4, 8.7],
			"to": [8.9, 11.4, 9.7],
			"rotation": {"angle": 0, "axis": "y", "origin": [15.9, 18.4, 16.7]},
			"faces": {
				"north": {"uv": [6, 5, 10, 9], "texture": "#2"},
				"east": {"uv": [6, 5, 10, 9], "texture": "#2"},
				"south": {"uv": [6, 5, 10, 9], "texture": "#2"},
				"west": {"uv": [6, 5, 10, 9], "texture": "#2"},
				"up": {"uv": [6, 5, 10, 9], "texture": "#2"},
				"down": {"uv": [6, 5, 10, 9], "texture": "#2"}
			}
		},
		{
			"from": [6.3, 10.4, 8.7],
			"to": [7.3, 11.4, 9.7],
			"rotation": {"angle": 0, "axis": "y", "origin": [14.3, 18.4, 16.7]},
			"faces": {
				"north": {"uv": [6, 5, 10, 9], "texture": "#2"},
				"east": {"uv": [6, 5, 10, 9], "texture": "#2"},
				"south": {"uv": [6, 5, 10, 9], "texture": "#2"},
				"west": {"uv": [6, 5, 10, 9], "texture": "#2"},
				"up": {"uv": [6, 5, 10, 9], "texture": "#2"},
				"down": {"uv": [6, 5, 10, 9], "texture": "#2"}
			}
		},
		{
			"from": [7.1, 10.4, 7.1],
			"to": [8.1, 11.4, 8.1],
			"rotation": {"angle": 0, "axis": "y", "origin": [15.1, 18.4, 15.1]},
			"faces": {
				"north": {"uv": [6, 5, 10, 9], "texture": "#2"},
				"east": {"uv": [6, 5, 10, 9], "texture": "#2"},
				"south": {"uv": [6, 5, 10, 9], "texture": "#2"},
				"west": {"uv": [6, 5, 10, 9], "texture": "#2"},
				"up": {"uv": [6, 5, 10, 9], "texture": "#2"},
				"down": {"uv": [6, 5, 10, 9], "texture": "#2"}
			}
		},
		{
			"from": [5.5, 10.4, 7.1],
			"to": [6.5, 11.4, 8.1],
			"rotation": {"angle": 0, "axis": "y", "origin": [13.5, 18.4, 15.1]},
			"faces": {
				"north": {"uv": [6, 5, 10, 9], "texture": "#2"},
				"east": {"uv": [6, 5, 10, 9], "texture": "#2"},
				"south": {"uv": [6, 5, 10, 9], "texture": "#2"},
				"west": {"uv": [6, 5, 10, 9], "texture": "#2"},
				"up": {"uv": [6, 5, 10, 9], "texture": "#2"},
				"down": {"uv": [6, 5, 10, 9], "texture": "#2"}
			}
		},
		{
			"from": [5.5, 10.4, 6.2],
			"to": [6.5, 11.4, 7.2],
			"rotation": {"angle": 0, "axis": "y", "origin": [13.5, 18.4, 14.2]},
			"faces": {
				"north": {"uv": [6, 5, 10, 9], "texture": "#2"},
				"east": {"uv": [6, 5, 10, 9], "texture": "#2"},
				"south": {"uv": [6, 5, 10, 9], "texture": "#2"},
				"west": {"uv": [6, 5, 10, 9], "texture": "#2"},
				"up": {"uv": [6, 5, 10, 9], "texture": "#2"},
				"down": {"uv": [6, 5, 10, 9], "texture": "#2"}
			}
		},
		{
			"from": [5.5, 10.4, 8.6],
			"to": [6.5, 11.4, 9.6],
			"rotation": {"angle": 0, "axis": "y", "origin": [13.5, 18.4, 16.6]},
			"faces": {
				"north": {"uv": [6, 5, 10, 9], "texture": "#2"},
				"east": {"uv": [6, 5, 10, 9], "texture": "#2"},
				"south": {"uv": [6, 5, 10, 9], "texture": "#2"},
				"west": {"uv": [6, 5, 10, 9], "texture": "#2"},
				"up": {"uv": [6, 5, 10, 9], "texture": "#2"},
				"down": {"uv": [6, 5, 10, 9], "texture": "#2"}
			}
		},
		{
			"from": [4.9, 10.4, 6.2],
			"to": [5.9, 11.4, 7.2],
			"rotation": {"angle": 0, "axis": "y", "origin": [12.9, 18.4, 14.2]},
			"faces": {
				"north": {"uv": [6, 5, 10, 9], "texture": "#2"},
				"east": {"uv": [6, 5, 10, 9], "texture": "#2"},
				"south": {"uv": [6, 5, 10, 9], "texture": "#2"},
				"west": {"uv": [6, 5, 10, 9], "texture": "#2"},
				"up": {"uv": [6, 5, 10, 9], "texture": "#2"},
				"down": {"uv": [6, 5, 10, 9], "texture": "#2"}
			}
		},
		{
			"from": [4.9, 10.4, 7.4],
			"to": [5.9, 11.4, 8.4],
			"rotation": {"angle": 0, "axis": "y", "origin": [12.9, 18.4, 15.4]},
			"faces": {
				"north": {"uv": [6, 5, 10, 9], "texture": "#2"},
				"east": {"uv": [6, 5, 10, 9], "texture": "#2"},
				"south": {"uv": [6, 5, 10, 9], "texture": "#2"},
				"west": {"uv": [6, 5, 10, 9], "texture": "#2"},
				"up": {"uv": [6, 5, 10, 9], "texture": "#2"},
				"down": {"uv": [6, 5, 10, 9], "texture": "#2"}
			}
		},
		{
			"from": [4.6, 10.4, 8.1],
			"to": [5.6, 11.4, 9.1],
			"rotation": {"angle": 0, "axis": "y", "origin": [12.6, 18.4, 16.1]},
			"faces": {
				"north": {"uv": [6, 5, 10, 9], "texture": "#2"},
				"east": {"uv": [6, 5, 10, 9], "texture": "#2"},
				"south": {"uv": [6, 5, 10, 9], "texture": "#2"},
				"west": {"uv": [6, 5, 10, 9], "texture": "#2"},
				"up": {"uv": [6, 5, 10, 9], "texture": "#2"},
				"down": {"uv": [6, 5, 10, 9], "texture": "#2"}
			}
		},
		{
			"from": [7.4, 10.4, 7.8],
			"to": [8.4, 11.4, 8.8],
			"rotation": {"angle": 0, "axis": "y", "origin": [15.4, 18.4, 15.8]},
			"faces": {
				"north": {"uv": [6, 5, 10, 9], "texture": "#2"},
				"east": {"uv": [6, 5, 10, 9], "texture": "#2"},
				"south": {"uv": [6, 5, 10, 9], "texture": "#2"},
				"west": {"uv": [6, 5, 10, 9], "texture": "#2"},
				"up": {"uv": [6, 5, 10, 9], "texture": "#2"},
				"down": {"uv": [6, 5, 10, 9], "texture": "#2"}
			}
		},
		{
			"from": [8.7, 10.4, 7.9],
			"to": [9.7, 11.4, 8.9],
			"rotation": {"angle": 0, "axis": "y", "origin": [16.7, 18.4, 15.9]},
			"faces": {
				"north": {"uv": [6, 5, 10, 9], "texture": "#2"},
				"east": {"uv": [6, 5, 10, 9], "texture": "#2"},
				"south": {"uv": [6, 5, 10, 9], "texture": "#2"},
				"west": {"uv": [6, 5, 10, 9], "texture": "#2"},
				"up": {"uv": [6, 5, 10, 9], "texture": "#2"},
				"down": {"uv": [6, 5, 10, 9], "texture": "#2"}
			}
		},
		{
			"from": [10.4, 10.4, 7.9],
			"to": [11.4, 11.4, 8.9],
			"rotation": {"angle": 0, "axis": "y", "origin": [18.4, 18.4, 15.9]},
			"faces": {
				"north": {"uv": [6, 5, 10, 9], "texture": "#2"},
				"east": {"uv": [6, 5, 10, 9], "texture": "#2"},
				"south": {"uv": [6, 5, 10, 9], "texture": "#2"},
				"west": {"uv": [6, 5, 10, 9], "texture": "#2"},
				"up": {"uv": [6, 5, 10, 9], "texture": "#2"},
				"down": {"uv": [6, 5, 10, 9], "texture": "#2"}
			}
		},
		{
			"from": [6.1, 10.4, 8.1],
			"to": [7.1, 11.4, 9.1],
			"rotation": {"angle": 0, "axis": "y", "origin": [14.1, 18.4, 16.1]},
			"faces": {
				"north": {"uv": [6, 5, 10, 9], "texture": "#2"},
				"east": {"uv": [6, 5, 10, 9], "texture": "#2"},
				"south": {"uv": [6, 5, 10, 9], "texture": "#2"},
				"west": {"uv": [6, 5, 10, 9], "texture": "#2"},
				"up": {"uv": [6, 5, 10, 9], "texture": "#2"},
				"down": {"uv": [6, 5, 10, 9], "texture": "#2"}
			}
		}
	],
	"display": {
		"thirdperson_righthand": {
			"rotation": [0, 50, 0],
			"translation": [0, 1.75, 0],
			"scale": [0.4, 0.4, 0.4]
		},
		"thirdperson_lefthand": {
			"rotation": [0, -135, 0],
			"translation": [0, 1.75, 0],
			"scale": [0.4, 0.4, 0.4]
		},
		"firstperson_righthand": {
			"translation": [0, -0.75, 0],
			"scale": [0.5, 0.5, 0.5]
		},
		"firstperson_lefthand": {
			"translation": [0, -0.75, 0],
			"scale": [0.5, 0.5, 0.5]
		},
		"ground": {
			"scale": [0.5, 0.5, 0.5]
		},
		"gui": {
			"rotation": [10, 41, 0],
			"translation": [0, 0.5, -3.5],
			"scale": [0.9, 0.9, 0.9]
		},
		"head": {
			"translation": [0, 11.25, 0],
			"scale": [0.6, 0.6, 0.6]
		},
		"fixed": {
			"rotation": [0, -108, 0],
			"translation": [0, 0, -3.5]
		}
	},
	"groups": [
		{
			"name": "hexadecagon",
			"origin": [8, 8, 8],
			"children": [0, 1, 2, 3, 4, 5, 6, 7, 8, 9, 10, 11, 12, 13, 14, 15, 16, 17, 18, 19, 20, 21, 22, 23, 24, 25, 26, 27, 28, 29, 30, 31, 32, 33, 34, 35, 36, 37, 38, 39, 40, 41, 42, 43, 44, 45, 46, 47, 48, 49, 50, 51, 52, 53, 54, 55]
		},
		{
			"name": "hexadecagon",
			"origin": [8, 8, 8],
			"children": [56, 57, 58, 59, 60, 61, 62, 63, 64, 65, 66, 67, 68, 69, 70, 71, 72, 73, 74, 75, 76, 77, 78, 79, 80, 81, 82, 83, 84, 85, 86, 87, 88, 89, 90, 91, 92, 93, 94, 95, 96, 97, 98, 99, 100, 101, 102, 103, 104, 105, 106, 107, 108, 109]
		}
	]
}