{
	"credit": "Made with Blockbench",
	"textures": {
		"0": "block/nether_gold_ore",
		"particle": "block/nether_gold_ore"
	},
	"elements": [
		{
			"name": "hexadecagon",
			"from": [6.68498, 11.82907, 1.24771],
			"to": [9.55069, 26.17018, 2.40026],
			"rotation": {"angle": 22.5, "axis": "y", "origin": [7.06202, 27.11648, 8.01383]},
			"faces": {
				"north": {"uv": [13, 5, 14, 11], "texture": "#0"},
				"east": {"uv": [13, 7, 14, 10], "texture": "#0"},
				"south": {"uv": [0, 0, 1, 1], "texture": "#0"},
				"west": {"uv": [0, 0, 1, 1], "texture": "#0"},
				"up": {"uv": [0, 0, 1, 1], "texture": "#0"},
				"down": {"uv": [0, 0, 1, 1], "texture": "#0"}
			}
		},
		{
			"name": "hexadecagon",
			"from": [6.68498, 1.52907, 1.24771],
			"to": [9.55069, 26.17018, 2.40026],
			"rotation": {"angle": 22.5, "axis": "y", "origin": [7.06202, 27.11648, 8.01383]},
			"faces": {
				"north": {"uv": [13, 5, 14, 11], "texture": "#0"},
				"east": {"uv": [13, 7, 14, 10], "texture": "#0"},
				"south": {"uv": [0, 0, 1, 1], "texture": "#0"},
				"west": {"uv": [0, 0, 1, 1], "texture": "#0"},
				"up": {"uv": [0, 0, 1, 1], "texture": "#0"},
				"down": {"uv": [0, 0, 1, 1], "texture": "#0"}
			}
		},
		{
			"name": "hexadecagon",
			"from": [6.68498, 11.82907, 13.62738],
			"to": [9.55069, 26.17018, 14.77993],
			"rotation": {"angle": -22.5, "axis": "y", "origin": [7.06202, 27.11648, 8.01383]},
			"faces": {
				"north": {"uv": [1, 0, 0, 1], "texture": "#0"},
				"east": {"uv": [14, 7, 13, 10], "texture": "#0"},
				"south": {"uv": [14, 5, 13, 11], "texture": "#0"},
				"west": {"uv": [1, 0, 0, 1], "texture": "#0"},
				"up": {"uv": [0, 1, 1, 0], "texture": "#0"},
				"down": {"uv": [0, 1, 1, 0], "texture": "#0"}
			}
		},
		{
			"name": "hexadecagon",
			"from": [6.34661, 11.82907, 1.24771],
			"to": [9.21233, 26.17018, 2.40026],
			"rotation": {"angle": -22.5, "axis": "y", "origin": [8.83527, 27.11648, 8.01383]},
			"faces": {
				"north": {"uv": [13, 5, 14, 11], "texture": "#0"},
				"east": {"uv": [13, 7, 14, 10], "texture": "#0"},
				"south": {"uv": [1, 0, 0, 1], "texture": "#0"},
				"west": {"uv": [1, 0, 0, 1], "texture": "#0"},
				"up": {"uv": [1, 0, 0, 1], "texture": "#0"},
				"down": {"uv": [1, 0, 0, 1], "texture": "#0"}
			}
		},
		{
			"name": "hexadecagon",
			"from": [6.34661, 11.82907, 13.62738],
			"to": [9.21233, 26.17018, 14.77993],
			"rotation": {"angle": 22.5, "axis": "y", "origin": [8.83527, 27.11648, 8.01383]},
			"faces": {
				"north": {"uv": [0, 0, 1, 1], "texture": "#0"},
				"east": {"uv": [14, 7, 13, 10], "texture": "#0"},
				"south": {"uv": [14, 5, 13, 11], "texture": "#0"},
				"west": {"uv": [0, 0, 1, 1], "texture": "#0"},
				"up": {"uv": [1, 1, 0, 0], "texture": "#0"},
				"down": {"uv": [1, 1, 0, 0], "texture": "#0"}
			}
		},
		{
			"name": "hexadecagon",
			"from": [6.43725, 11.82907, 1.61846],
			"to": [9.30295, 26.17018, 2.77101],
			"rotation": {"angle": 45, "axis": "y", "origin": [7.06202, 27.11648, 8.01383]},
			"faces": {
				"north": {"uv": [13, 5, 14, 11], "texture": "#0"},
				"east": {"uv": [13, 7, 14, 10], "texture": "#0"},
				"south": {"uv": [0, 0, 1, 1], "texture": "#0"},
				"west": {"uv": [0, 0, 1, 1], "texture": "#0"},
				"up": {"uv": [0, 0, 1, 1], "texture": "#0"},
				"down": {"uv": [0, 0, 1, 1], "texture": "#0"}
			}
		},
		{
			"name": "hexadecagon",
			"from": [6.43725, 11.82907, 13.25663],
			"to": [9.30295, 26.17018, 14.40918],
			"rotation": {"angle": -45, "axis": "y", "origin": [7.06202, 27.11648, 8.01383]},
			"faces": {
				"north": {"uv": [1, 0, 0, 1], "texture": "#0"},
				"east": {"uv": [14, 7, 13, 10], "texture": "#0"},
				"south": {"uv": [14, 5, 13, 11], "texture": "#0"},
				"west": {"uv": [1, 0, 0, 1], "texture": "#0"},
				"up": {"uv": [0, 1, 1, 0], "texture": "#0"},
				"down": {"uv": [0, 1, 1, 0], "texture": "#0"}
			}
		},
		{
			"name": "hexadecagon",
			"from": [6.59434, 11.82907, 1.61846],
			"to": [9.46005, 26.17018, 2.77101],
			"rotation": {"angle": -45, "axis": "y", "origin": [8.83527, 27.11648, 8.01383]},
			"faces": {
				"north": {"uv": [13, 5, 14, 11], "texture": "#0"},
				"east": {"uv": [13, 7, 14, 10], "texture": "#0"},
				"south": {"uv": [1, 0, 0, 1], "texture": "#0"},
				"west": {"uv": [1, 0, 0, 1], "texture": "#0"},
				"up": {"uv": [1, 0, 0, 1], "texture": "#0"},
				"down": {"uv": [1, 0, 0, 1], "texture": "#0"}
			}
		},
		{
			"name": "hexadecagon",
			"from": [6.59434, 11.82907, 13.25663],
			"to": [9.46005, 26.17018, 14.40918],
			"rotation": {"angle": 45, "axis": "y", "origin": [8.83527, 27.11648, 8.01383]},
			"faces": {
				"north": {"uv": [0, 0, 1, 1], "texture": "#0"},
				"east": {"uv": [14, 7, 13, 10], "texture": "#0"},
				"south": {"uv": [14, 5, 13, 11], "texture": "#0"},
				"west": {"uv": [0, 0, 1, 1], "texture": "#0"},
				"up": {"uv": [1, 1, 0, 0], "texture": "#0"},
				"down": {"uv": [1, 1, 0, 0], "texture": "#0"}
			}
		},
		{
			"name": "hexadecagon",
			"from": [0.91438, 11.82907, 6.14363],
			"to": [2.06694, 26.17018, 9.00934],
			"rotation": {"angle": -22.5, "axis": "y", "origin": [7.06202, 27.11648, 8.01383]},
			"faces": {
				"north": {"uv": [13, 5, 14, 11], "texture": "#0"},
				"east": {"uv": [13, 7, 14, 10], "texture": "#0"},
				"south": {"uv": [0, 0, 1, 1], "texture": "#0"},
				"west": {"uv": [0, 0, 1, 1], "texture": "#0"},
				"up": {"uv": [0, 0, 1, 1], "texture": "#0"},
				"down": {"uv": [0, 0, 1, 1], "texture": "#0"}
			}
		},
		{
			"name": "hexadecagon",
			"from": [13.83037, 11.82907, 6.14363],
			"to": [14.98292, 26.17018, 9.00934],
			"rotation": {"angle": 22.5, "axis": "y", "origin": [8.83527, 27.11648, 8.01383]},
			"faces": {
				"north": {"uv": [13, 5, 14, 11], "texture": "#0"},
				"east": {"uv": [13, 7, 14, 10], "texture": "#0"},
				"south": {"uv": [1, 0, 0, 1], "texture": "#0"},
				"west": {"uv": [1, 0, 0, 1], "texture": "#0"},
				"up": {"uv": [1, 0, 0, 1], "texture": "#0"},
				"down": {"uv": [1, 0, 0, 1], "texture": "#0"}
			}
		},
		{
			"name": "hexadecagon",
			"from": [1.00137, 11.82907, 6.58096],
			"to": [2.15392, 26.17018, 9.44668],
			"rotation": {"angle": 0, "axis": "y", "origin": [7.06202, 27.11648, 8.01383]},
			"faces": {
				"north": {"uv": [13, 5, 14, 11], "texture": "#0"},
				"east": {"uv": [13, 7, 14, 10], "texture": "#0"},
				"south": {"uv": [0, 0, 1, 1], "texture": "#0"},
				"west": {"uv": [0, 0, 1, 1], "texture": "#0"},
				"up": {"uv": [0, 0, 1, 1], "texture": "#0"},
				"down": {"uv": [0, 0, 1, 1], "texture": "#0"}
			}
		},
		{
			"name": "hexadecagon",
			"from": [13.74337, 11.82907, 6.58096],
			"to": [14.89592, 26.17018, 9.44668],
			"rotation": {"angle": 0, "axis": "y", "origin": [8.83527, 27.11648, 8.01383]},
			"faces": {
				"north": {"uv": [13, 5, 14, 11], "texture": "#0"},
				"east": {"uv": [13, 7, 14, 10], "texture": "#0"},
				"south": {"uv": [1, 0, 0, 1], "texture": "#0"},
				"west": {"uv": [1, 0, 0, 1], "texture": "#0"},
				"up": {"uv": [1, 0, 0, 1], "texture": "#0"},
				"down": {"uv": [1, 0, 0, 1], "texture": "#0"}
			}
		},
		{
			"name": "hexadecagon",
			"from": [0.91438, 11.82907, 7.0183],
			"to": [2.06694, 26.17018, 9.88401],
			"rotation": {"angle": 22.5, "axis": "y", "origin": [7.06202, 27.11648, 8.01383]},
			"faces": {
				"north": {"uv": [13, 5, 14, 11], "texture": "#0"},
				"east": {"uv": [13, 7, 14, 10], "texture": "#0"},
				"south": {"uv": [0, 0, 1, 1], "texture": "#0"},
				"west": {"uv": [0, 0, 1, 1], "texture": "#0"},
				"up": {"uv": [0, 0, 1, 1], "texture": "#0"},
				"down": {"uv": [0, 0, 1, 1], "texture": "#0"}
			}
		},
		{
			"name": "hexadecagon",
			"from": [13.83037, 11.82907, 7.0183],
			"to": [14.98292, 26.17018, 9.88401],
			"rotation": {"angle": -22.5, "axis": "y", "origin": [8.83527, 27.11648, 8.01383]},
			"faces": {
				"north": {"uv": [13, 5, 14, 11], "texture": "#0"},
				"east": {"uv": [13, 7, 14, 10], "texture": "#0"},
				"south": {"uv": [1, 0, 0, 1], "texture": "#0"},
				"west": {"uv": [1, 0, 0, 1], "texture": "#0"},
				"up": {"uv": [1, 0, 0, 1], "texture": "#0"},
				"down": {"uv": [1, 0, 0, 1], "texture": "#0"}
			}
		},
		{
			"name": "hexadecagon",
			"from": [6.25191, 20.6773, -0.9882],
			"to": [9.74809, 26.17018, 1.17978],
			"rotation": {"angle": 0, "axis": "y", "origin": [8, 26.89802, 7.8]},
			"faces": {
				"north": {"uv": [13, 5, 14, 11], "texture": "#0"},
				"east": {"uv": [13, 7, 14, 10], "texture": "#0"},
				"south": {"uv": [0, 0, 1, 1], "texture": "#0"},
				"west": {"uv": [0, 0, 1, 1], "texture": "#0"},
				"up": {"uv": [0, 0, 1, 1], "texture": "#0"},
				"down": {"uv": [0, 0, 1, 1], "texture": "#0"}
			}
		},
		{
			"name": "hexadecagon",
			"from": [6.25191, 20.6773, 14.42022],
			"to": [9.74809, 26.17018, 16.5882],
			"rotation": {"angle": 0, "axis": "y", "origin": [8, 26.89802, 7.53]},
			"faces": {
				"north": {"uv": [1, 0, 0, 1], "texture": "#0"},
				"east": {"uv": [14, 7, 13, 10], "texture": "#0"},
				"south": {"uv": [14, 5, 13, 11], "texture": "#0"},
				"west": {"uv": [1, 0, 0, 1], "texture": "#0"},
				"up": {"uv": [0, 1, 1, 0], "texture": "#0"},
				"down": {"uv": [0, 1, 1, 0], "texture": "#0"}
			}
		},
		{
			"name": "hexadecagon",
			"from": [6.26803, 3.025, 1.12001],
			"to": [9.56639, 26.17018, 1.87519],
			"rotation": {"angle": 0, "axis": "y", "origin": [8.96111, 26.89802, 8.11448]},
			"faces": {
				"north": {"uv": [13, 5, 14, 11], "texture": "#0"},
				"east": {"uv": [13, 7, 14, 10], "texture": "#0"},
				"south": {"uv": [0, 0, 1, 1], "texture": "#0"},
				"west": {"uv": [0, 0, 1, 1], "texture": "#0"},
				"up": {"uv": [0, 0, 1, 1], "texture": "#0"},
				"down": {"uv": [0, 0, 1, 1], "texture": "#0"}
			}
		},
		{
			"name": "hexadecagon",
			"from": [6.26803, 1.925, 14.15245],
			"to": [9.56639, 26.17018, 14.90763],
			"rotation": {"angle": 0, "axis": "y", "origin": [8.96111, 26.89802, 7.64316]},
			"faces": {
				"north": {"uv": [1, 0, 0, 1], "texture": "#0"},
				"east": {"uv": [14, 7, 13, 10], "texture": "#0"},
				"south": {"uv": [14, 5, 13, 11], "texture": "#0"},
				"west": {"uv": [1, 0, 0, 1], "texture": "#0"},
				"up": {"uv": [0, 1, 1, 0], "texture": "#0"},
				"down": {"uv": [0, 1, 1, 0], "texture": "#0"}
			}
		},
		{
			"name": "hexadecagon",
			"from": [5.3859, 1.52907, 1.39001],
			"to": [9.35927, 24.67426, 1.87519],
			"rotation": {"angle": 0, "axis": "y", "origin": [8.07899, 27.2165, 8.11448]},
			"faces": {
				"north": {"uv": [13, 5, 14, 11], "texture": "#0"},
				"east": {"uv": [13, 7, 14, 10], "texture": "#0"},
				"south": {"uv": [0, 0, 1, 1], "texture": "#0"},
				"west": {"uv": [0, 0, 1, 1], "texture": "#0"},
				"up": {"uv": [0, 0, 1, 1], "texture": "#0"},
				"down": {"uv": [0, 0, 1, 1], "texture": "#0"}
			}
		},
		{
			"name": "hexadecagon",
			"from": [5.3859, 11.82907, 14.15245],
			"to": [9.35927, 24.67426, 14.63763],
			"rotation": {"angle": 0, "axis": "y", "origin": [8.07899, 27.2165, 7.64316]},
			"faces": {
				"north": {"uv": [1, 0, 0, 1], "texture": "#0"},
				"east": {"uv": [14, 7, 13, 10], "texture": "#0"},
				"south": {"uv": [14, 5, 13, 11], "texture": "#0"},
				"west": {"uv": [1, 0, 0, 1], "texture": "#0"},
				"up": {"uv": [0, 1, 1, 0], "texture": "#0"},
				"down": {"uv": [0, 1, 1, 0], "texture": "#0"}
			}
		},
		{
			"name": "hexadecagon",
			"from": [6.77197, 4.02907, 0.81037],
			"to": [9.12533, 25.12786, 1.43055],
			"rotation": {"angle": 0, "axis": "y", "origin": [8.52005, 26.9141, 7.53485]},
			"faces": {
				"north": {"uv": [13, 5, 14, 11], "texture": "#0"},
				"east": {"uv": [13, 7, 14, 10], "texture": "#0"},
				"south": {"uv": [0, 0, 1, 1], "texture": "#0"},
				"west": {"uv": [0, 0, 1, 1], "texture": "#0"},
				"up": {"uv": [0, 0, 1, 1], "texture": "#0"},
				"down": {"uv": [0, 0, 1, 1], "texture": "#0"}
			}
		},
		{
			"name": "hexadecagon",
			"from": [6.77197, 4.12907, 14.59709],
			"to": [9.12533, 25.12786, 15.21726],
			"rotation": {"angle": 0, "axis": "y", "origin": [8.52005, 26.9141, 8.22279]},
			"faces": {
				"north": {"uv": [1, 0, 0, 1], "texture": "#0"},
				"east": {"uv": [14, 7, 13, 10], "texture": "#0"},
				"south": {"uv": [14, 5, 13, 11], "texture": "#0"},
				"west": {"uv": [1, 0, 0, 1], "texture": "#0"},
				"up": {"uv": [0, 1, 1, 0], "texture": "#0"},
				"down": {"uv": [0, 1, 1, 0], "texture": "#0"}
			}
		},
		{
			"name": "hexadecagon",
			"from": [6.25191, 20.6773, -0.9882],
			"to": [9.74809, 26.17018, 1.17978],
			"rotation": {"angle": 22.5, "axis": "y", "origin": [8, 26.89802, 7.8]},
			"faces": {
				"north": {"uv": [13, 5, 14, 11], "texture": "#0"},
				"east": {"uv": [13, 7, 14, 10], "texture": "#0"},
				"south": {"uv": [0, 0, 1, 1], "texture": "#0"},
				"west": {"uv": [0, 0, 1, 1], "texture": "#0"},
				"up": {"uv": [0, 0, 1, 1], "texture": "#0"},
				"down": {"uv": [0, 0, 1, 1], "texture": "#0"}
			}
		},
		{
			"name": "hexadecagon",
			"from": [6.25191, 20.6773, 14.42022],
			"to": [9.74809, 26.17018, 16.5882],
			"rotation": {"angle": -22.5, "axis": "y", "origin": [8, 26.89802, 7.8]},
			"faces": {
				"north": {"uv": [1, 0, 0, 1], "texture": "#0"},
				"east": {"uv": [14, 7, 13, 10], "texture": "#0"},
				"south": {"uv": [14, 5, 13, 11], "texture": "#0"},
				"west": {"uv": [1, 0, 0, 1], "texture": "#0"},
				"up": {"uv": [0, 1, 1, 0], "texture": "#0"},
				"down": {"uv": [0, 1, 1, 0], "texture": "#0"}
			}
		},
		{
			"name": "hexadecagon",
			"from": [6.25191, 20.6773, -0.9882],
			"to": [9.74809, 26.17018, 1.17978],
			"rotation": {"angle": -22.5, "axis": "y", "origin": [8, 26.89802, 7.8]},
			"faces": {
				"north": {"uv": [13, 5, 14, 11], "texture": "#0"},
				"east": {"uv": [13, 7, 14, 10], "texture": "#0"},
				"south": {"uv": [1, 0, 0, 1], "texture": "#0"},
				"west": {"uv": [1, 0, 0, 1], "texture": "#0"},
				"up": {"uv": [1, 0, 0, 1], "texture": "#0"},
				"down": {"uv": [1, 0, 0, 1], "texture": "#0"}
			}
		},
		{
			"name": "hexadecagon",
			"from": [6.25191, 20.6773, 14.42022],
			"to": [9.74809, 26.17018, 16.5882],
			"rotation": {"angle": 22.5, "axis": "y", "origin": [8, 26.89802, 7.8]},
			"faces": {
				"north": {"uv": [0, 0, 1, 1], "texture": "#0"},
				"east": {"uv": [14, 7, 13, 10], "texture": "#0"},
				"south": {"uv": [14, 5, 13, 11], "texture": "#0"},
				"west": {"uv": [0, 0, 1, 1], "texture": "#0"},
				"up": {"uv": [1, 1, 0, 0], "texture": "#0"},
				"down": {"uv": [1, 1, 0, 0], "texture": "#0"}
			}
		},
		{
			"name": "hexadecagon",
			"from": [6.25191, 20.6773, -0.9882],
			"to": [9.74809, 26.17018, 1.17978],
			"rotation": {"angle": 45, "axis": "y", "origin": [8, 26.89802, 7.8]},
			"faces": {
				"north": {"uv": [13, 5, 14, 11], "texture": "#0"},
				"east": {"uv": [13, 7, 14, 10], "texture": "#0"},
				"south": {"uv": [0, 0, 1, 1], "texture": "#0"},
				"west": {"uv": [0, 0, 1, 1], "texture": "#0"},
				"up": {"uv": [0, 0, 1, 1], "texture": "#0"},
				"down": {"uv": [0, 0, 1, 1], "texture": "#0"}
			}
		},
		{
			"name": "hexadecagon",
			"from": [6.25191, 20.6773, 14.42022],
			"to": [9.74809, 26.17018, 16.5882],
			"rotation": {"angle": -45, "axis": "y", "origin": [8, 26.89802, 7.8]},
			"faces": {
				"north": {"uv": [1, 0, 0, 1], "texture": "#0"},
				"east": {"uv": [14, 7, 13, 10], "texture": "#0"},
				"south": {"uv": [14, 5, 13, 11], "texture": "#0"},
				"west": {"uv": [1, 0, 0, 1], "texture": "#0"},
				"up": {"uv": [0, 1, 1, 0], "texture": "#0"},
				"down": {"uv": [0, 1, 1, 0], "texture": "#0"}
			}
		},
		{
			"name": "hexadecagon",
			"from": [6.25191, 20.6773, -0.9882],
			"to": [9.74809, 26.17018, 1.17978],
			"rotation": {"angle": -45, "axis": "y", "origin": [8, 26.89802, 7.8]},
			"faces": {
				"north": {"uv": [13, 5, 14, 11], "texture": "#0"},
				"east": {"uv": [13, 7, 14, 10], "texture": "#0"},
				"south": {"uv": [1, 0, 0, 1], "texture": "#0"},
				"west": {"uv": [1, 0, 0, 1], "texture": "#0"},
				"up": {"uv": [1, 0, 0, 1], "texture": "#0"},
				"down": {"uv": [1, 0, 0, 1], "texture": "#0"}
			}
		},
		{
			"name": "hexadecagon",
			"from": [6.25191, 20.6773, 14.42022],
			"to": [9.74809, 26.17018, 16.5882],
			"rotation": {"angle": 45, "axis": "y", "origin": [8, 26.89802, 7.8]},
			"faces": {
				"north": {"uv": [0, 0, 1, 1], "texture": "#0"},
				"east": {"uv": [14, 7, 13, 10], "texture": "#0"},
				"south": {"uv": [14, 5, 13, 11], "texture": "#0"},
				"west": {"uv": [0, 0, 1, 1], "texture": "#0"},
				"up": {"uv": [1, 1, 0, 0], "texture": "#0"},
				"down": {"uv": [1, 1, 0, 0], "texture": "#0"}
			}
		},
		{
			"name": "hexadecagon",
			"from": [-0.7882, 20.6773, 6.05191],
			"to": [1.37978, 26.17018, 9.54809],
			"rotation": {"angle": -22.5, "axis": "y", "origin": [8, 26.89802, 7.8]},
			"faces": {
				"north": {"uv": [13, 5, 14, 11], "texture": "#0"},
				"east": {"uv": [13, 7, 14, 10], "texture": "#0"},
				"south": {"uv": [0, 0, 1, 1], "texture": "#0"},
				"west": {"uv": [0, 0, 1, 1], "texture": "#0"},
				"up": {"uv": [0, 0, 1, 1], "texture": "#0"},
				"down": {"uv": [0, 0, 1, 1], "texture": "#0"}
			}
		},
		{
			"name": "hexadecagon",
			"from": [14.62022, 20.6773, 6.05191],
			"to": [16.7882, 26.17018, 9.54809],
			"rotation": {"angle": 22.5, "axis": "y", "origin": [8, 26.89802, 7.8]},
			"faces": {
				"north": {"uv": [13, 5, 14, 11], "texture": "#0"},
				"east": {"uv": [13, 7, 14, 10], "texture": "#0"},
				"south": {"uv": [1, 0, 0, 1], "texture": "#0"},
				"west": {"uv": [1, 0, 0, 1], "texture": "#0"},
				"up": {"uv": [1, 0, 0, 1], "texture": "#0"},
				"down": {"uv": [1, 0, 0, 1], "texture": "#0"}
			}
		},
		{
			"name": "hexadecagon",
			"from": [-0.7882, 20.6773, 6.05191],
			"to": [1.37978, 26.17018, 9.54809],
			"rotation": {"angle": 0, "axis": "y", "origin": [8, 26.89802, 7.8]},
			"faces": {
				"north": {"uv": [13, 5, 14, 11], "texture": "#0"},
				"east": {"uv": [13, 7, 14, 10], "texture": "#0"},
				"south": {"uv": [0, 0, 1, 1], "texture": "#0"},
				"west": {"uv": [0, 0, 1, 1], "texture": "#0"},
				"up": {"uv": [0, 0, 1, 1], "texture": "#0"},
				"down": {"uv": [0, 0, 1, 1], "texture": "#0"}
			}
		},
		{
			"name": "hexadecagon",
			"from": [14.62022, 20.6773, 6.05191],
			"to": [16.7882, 26.17018, 9.54809],
			"rotation": {"angle": 0, "axis": "y", "origin": [8, 26.89802, 7.8]},
			"faces": {
				"north": {"uv": [13, 5, 14, 11], "texture": "#0"},
				"east": {"uv": [13, 7, 14, 10], "texture": "#0"},
				"south": {"uv": [1, 0, 0, 1], "texture": "#0"},
				"west": {"uv": [1, 0, 0, 1], "texture": "#0"},
				"up": {"uv": [1, 0, 0, 1], "texture": "#0"},
				"down": {"uv": [1, 0, 0, 1], "texture": "#0"}
			}
		},
		{
			"name": "hexadecagon",
			"from": [-0.7882, 20.6773, 6.05191],
			"to": [1.37978, 26.17018, 9.54809],
			"rotation": {"angle": 22.5, "axis": "y", "origin": [8, 26.89802, 7.8]},
			"faces": {
				"north": {"uv": [13, 5, 14, 11], "texture": "#0"},
				"east": {"uv": [13, 7, 14, 10], "texture": "#0"},
				"south": {"uv": [0, 0, 1, 1], "texture": "#0"},
				"west": {"uv": [0, 0, 1, 1], "texture": "#0"},
				"up": {"uv": [0, 0, 1, 1], "texture": "#0"},
				"down": {"uv": [0, 0, 1, 1], "texture": "#0"}
			}
		},
		{
			"name": "hexadecagon",
			"from": [14.62022, 20.6773, 6.05191],
			"to": [16.7882, 26.17018, 9.54809],
			"rotation": {"angle": -22.5, "axis": "y", "origin": [8, 26.89802, 7.8]},
			"faces": {
				"north": {"uv": [13, 5, 14, 11], "texture": "#0"},
				"east": {"uv": [13, 7, 14, 10], "texture": "#0"},
				"south": {"uv": [1, 0, 0, 1], "texture": "#0"},
				"west": {"uv": [1, 0, 0, 1], "texture": "#0"},
				"up": {"uv": [1, 0, 0, 1], "texture": "#0"},
				"down": {"uv": [1, 0, 0, 1], "texture": "#0"}
			}
		},
		{
			"name": "hexadecagon",
			"from": [6.68498, 1.52907, 13.62738],
			"to": [9.55069, 26.17018, 14.77993],
			"rotation": {"angle": -22.5, "axis": "y", "origin": [7.06202, 27.11648, 8.01383]},
			"faces": {
				"north": {"uv": [1, 0, 0, 1], "texture": "#0"},
				"east": {"uv": [14, 7, 13, 10], "texture": "#0"},
				"south": {"uv": [14, 5, 13, 11], "texture": "#0"},
				"west": {"uv": [1, 0, 0, 1], "texture": "#0"},
				"up": {"uv": [0, 1, 1, 0], "texture": "#0"},
				"down": {"uv": [0, 1, 1, 0], "texture": "#0"}
			}
		},
		{
			"name": "hexadecagon",
			"from": [6.34661, 1.52907, 1.24771],
			"to": [9.21233, 26.17018, 2.40026],
			"rotation": {"angle": -22.5, "axis": "y", "origin": [8.83527, 27.11648, 8.01383]},
			"faces": {
				"north": {"uv": [13, 5, 14, 11], "texture": "#0"},
				"east": {"uv": [13, 7, 14, 10], "texture": "#0"},
				"south": {"uv": [1, 0, 0, 1], "texture": "#0"},
				"west": {"uv": [1, 0, 0, 1], "texture": "#0"},
				"up": {"uv": [1, 0, 0, 1], "texture": "#0"},
				"down": {"uv": [1, 0, 0, 1], "texture": "#0"}
			}
		},
		{
			"name": "hexadecagon",
			"from": [6.34661, 1.52907, 13.62738],
			"to": [9.21233, 26.17018, 14.77993],
			"rotation": {"angle": 22.5, "axis": "y", "origin": [8.83527, 27.11648, 8.01383]},
			"faces": {
				"north": {"uv": [0, 0, 1, 1], "texture": "#0"},
				"east": {"uv": [14, 7, 13, 10], "texture": "#0"},
				"south": {"uv": [14, 5, 13, 11], "texture": "#0"},
				"west": {"uv": [0, 0, 1, 1], "texture": "#0"},
				"up": {"uv": [1, 1, 0, 0], "texture": "#0"},
				"down": {"uv": [1, 1, 0, 0], "texture": "#0"}
			}
		},
		{
			"name": "hexadecagon",
			"from": [6.43725, 1.52907, 1.61846],
			"to": [9.30295, 26.17018, 2.77101],
			"rotation": {"angle": 45, "axis": "y", "origin": [7.06202, 27.11648, 8.01383]},
			"faces": {
				"north": {"uv": [13, 5, 14, 11], "texture": "#0"},
				"east": {"uv": [13, 7, 14, 10], "texture": "#0"},
				"south": {"uv": [0, 0, 1, 1], "texture": "#0"},
				"west": {"uv": [0, 0, 1, 1], "texture": "#0"},
				"up": {"uv": [0, 0, 1, 1], "texture": "#0"},
				"down": {"uv": [0, 0, 1, 1], "texture": "#0"}
			}
		},
		{
			"name": "hexadecagon",
			"from": [6.43725, 1.52907, 13.25663],
			"to": [9.30295, 26.17018, 14.40918],
			"rotation": {"angle": -45, "axis": "y", "origin": [7.06202, 27.11648, 8.01383]},
			"faces": {
				"north": {"uv": [1, 0, 0, 1], "texture": "#0"},
				"east": {"uv": [14, 7, 13, 10], "texture": "#0"},
				"south": {"uv": [14, 5, 13, 11], "texture": "#0"},
				"west": {"uv": [1, 0, 0, 1], "texture": "#0"},
				"up": {"uv": [0, 1, 1, 0], "texture": "#0"},
				"down": {"uv": [0, 1, 1, 0], "texture": "#0"}
			}
		},
		{
			"name": "hexadecagon",
			"from": [6.59434, 1.52907, 1.61846],
			"to": [9.46005, 26.17018, 2.77101],
			"rotation": {"angle": -45, "axis": "y", "origin": [8.83527, 27.11648, 8.01383]},
			"faces": {
				"north": {"uv": [13, 5, 14, 11], "texture": "#0"},
				"east": {"uv": [13, 7, 14, 10], "texture": "#0"},
				"south": {"uv": [1, 0, 0, 1], "texture": "#0"},
				"west": {"uv": [1, 0, 0, 1], "texture": "#0"},
				"up": {"uv": [1, 0, 0, 1], "texture": "#0"},
				"down": {"uv": [1, 0, 0, 1], "texture": "#0"}
			}
		},
		{
			"name": "hexadecagon",
			"from": [6.59434, 1.52907, 13.25663],
			"to": [9.46005, 26.17018, 14.40918],
			"rotation": {"angle": 45, "axis": "y", "origin": [8.83527, 27.11648, 8.01383]},
			"faces": {
				"north": {"uv": [0, 0, 1, 1], "texture": "#0"},
				"east": {"uv": [14, 7, 13, 10], "texture": "#0"},
				"south": {"uv": [14, 5, 13, 11], "texture": "#0"},
				"west": {"uv": [0, 0, 1, 1], "texture": "#0"},
				"up": {"uv": [1, 1, 0, 0], "texture": "#0"},
				"down": {"uv": [1, 1, 0, 0], "texture": "#0"}
			}
		},
		{
			"name": "hexadecagon",
			"from": [0.91438, 1.52907, 6.14363],
			"to": [2.06694, 26.17018, 9.00934],
			"rotation": {"angle": -22.5, "axis": "y", "origin": [7.06202, 27.11648, 8.01383]},
			"faces": {
				"north": {"uv": [13, 5, 14, 11], "texture": "#0"},
				"east": {"uv": [13, 7, 14, 10], "texture": "#0"},
				"south": {"uv": [0, 0, 1, 1], "texture": "#0"},
				"west": {"uv": [0, 0, 1, 1], "texture": "#0"},
				"up": {"uv": [0, 0, 1, 1], "texture": "#0"},
				"down": {"uv": [0, 0, 1, 1], "texture": "#0"}
			}
		},
		{
			"name": "hexadecagon",
			"from": [13.83037, 1.52907, 6.14363],
			"to": [14.98292, 26.17018, 9.00934],
			"rotation": {"angle": 22.5, "axis": "y", "origin": [8.83527, 27.11648, 8.01383]},
			"faces": {
				"north": {"uv": [13, 5, 14, 11], "texture": "#0"},
				"east": {"uv": [13, 7, 14, 10], "texture": "#0"},
				"south": {"uv": [1, 0, 0, 1], "texture": "#0"},
				"west": {"uv": [1, 0, 0, 1], "texture": "#0"},
				"up": {"uv": [1, 0, 0, 1], "texture": "#0"},
				"down": {"uv": [1, 0, 0, 1], "texture": "#0"}
			}
		},
		{
			"name": "hexadecagon",
			"from": [1.00137, 1.52907, 6.58096],
			"to": [2.15392, 26.17018, 9.44668],
			"rotation": {"angle": 0, "axis": "y", "origin": [7.06202, 27.11648, 8.01383]},
			"faces": {
				"north": {"uv": [13, 5, 14, 11], "texture": "#0"},
				"east": {"uv": [13, 7, 14, 10], "texture": "#0"},
				"south": {"uv": [0, 0, 1, 1], "texture": "#0"},
				"west": {"uv": [0, 0, 1, 1], "texture": "#0"},
				"up": {"uv": [0, 0, 1, 1], "texture": "#0"},
				"down": {"uv": [0, 0, 1, 1], "texture": "#0"}
			}
		},
		{
			"name": "hexadecagon",
			"from": [13.74337, 1.52907, 6.58096],
			"to": [14.89592, 26.17018, 9.44668],
			"rotation": {"angle": 0, "axis": "y", "origin": [8.83527, 27.11648, 8.01383]},
			"faces": {
				"north": {"uv": [13, 5, 14, 11], "texture": "#0"},
				"east": {"uv": [13, 7, 14, 10], "texture": "#0"},
				"south": {"uv": [1, 0, 0, 1], "texture": "#0"},
				"west": {"uv": [1, 0, 0, 1], "texture": "#0"},
				"up": {"uv": [1, 0, 0, 1], "texture": "#0"},
				"down": {"uv": [1, 0, 0, 1], "texture": "#0"}
			}
		},
		{
			"name": "hexadecagon",
			"from": [0.91438, 1.52907, 7.0183],
			"to": [2.06694, 26.17018, 9.88401],
			"rotation": {"angle": 22.5, "axis": "y", "origin": [7.06202, 27.11648, 8.01383]},
			"faces": {
				"north": {"uv": [13, 5, 14, 11], "texture": "#0"},
				"east": {"uv": [13, 7, 14, 10], "texture": "#0"},
				"south": {"uv": [0, 0, 1, 1], "texture": "#0"},
				"west": {"uv": [0, 0, 1, 1], "texture": "#0"},
				"up": {"uv": [0, 0, 1, 1], "texture": "#0"},
				"down": {"uv": [0, 0, 1, 1], "texture": "#0"}
			}
		},
		{
			"name": "hexadecagon",
			"from": [13.83037, 1.52907, 7.0183],
			"to": [14.98292, 26.17018, 9.88401],
			"rotation": {"angle": -22.5, "axis": "y", "origin": [8.83527, 27.11648, 8.01383]},
			"faces": {
				"north": {"uv": [13, 5, 14, 11], "texture": "#0"},
				"east": {"uv": [13, 7, 14, 10], "texture": "#0"},
				"south": {"uv": [1, 0, 0, 1], "texture": "#0"},
				"west": {"uv": [1, 0, 0, 1], "texture": "#0"},
				"up": {"uv": [1, 0, 0, 1], "texture": "#0"},
				"down": {"uv": [1, 0, 0, 1], "texture": "#0"}
			}
		},
		{
			"name": "hexadecagon",
			"from": [6.25191, 20.6773, -0.9882],
			"to": [9.74809, 26.17018, 1.17978],
			"rotation": {"angle": 0, "axis": "y", "origin": [8, 26.89802, 7.8]},
			"faces": {
				"north": {"uv": [13, 5, 14, 11], "texture": "#0"},
				"east": {"uv": [13, 7, 14, 10], "texture": "#0"},
				"south": {"uv": [0, 0, 1, 1], "texture": "#0"},
				"west": {"uv": [0, 0, 1, 1], "texture": "#0"},
				"up": {"uv": [0, 0, 1, 1], "texture": "#0"},
				"down": {"uv": [0, 0, 1, 1], "texture": "#0"}
			}
		},
		{
			"name": "hexadecagon",
			"from": [6.25191, 20.6773, 14.42022],
			"to": [9.74809, 26.17018, 16.5882],
			"rotation": {"angle": 0, "axis": "y", "origin": [8, 26.89802, 7.53]},
			"faces": {
				"north": {"uv": [1, 0, 0, 1], "texture": "#0"},
				"east": {"uv": [14, 7, 13, 10], "texture": "#0"},
				"south": {"uv": [14, 5, 13, 11], "texture": "#0"},
				"west": {"uv": [1, 0, 0, 1], "texture": "#0"},
				"up": {"uv": [0, 1, 1, 0], "texture": "#0"},
				"down": {"uv": [0, 1, 1, 0], "texture": "#0"}
			}
		},
		{
			"name": "hexadecagon",
			"from": [6.26803, 1.925, 1.12001],
			"to": [9.56639, 26.17018, 1.87519],
			"rotation": {"angle": 0, "axis": "y", "origin": [8.96111, 26.89802, 8.11448]},
			"faces": {
				"north": {"uv": [13, 5, 14, 11], "texture": "#0"},
				"east": {"uv": [13, 7, 14, 10], "texture": "#0"},
				"south": {"uv": [0, 0, 1, 1], "texture": "#0"},
				"west": {"uv": [0, 0, 1, 1], "texture": "#0"},
				"up": {"uv": [0, 0, 1, 1], "texture": "#0"},
				"down": {"uv": [0, 0, 1, 1], "texture": "#0"}
			}
		},
		{
			"name": "hexadecagon",
			"from": [6.26803, 0.625, 14.15245],
			"to": [9.56639, 26.17018, 14.90763],
			"rotation": {"angle": 0, "axis": "y", "origin": [8.96111, 26.89802, 7.64316]},
			"faces": {
				"north": {"uv": [1, 0, 0, 1], "texture": "#0"},
				"east": {"uv": [14, 7, 13, 10], "texture": "#0"},
				"south": {"uv": [14, 5, 13, 11], "texture": "#0"},
				"west": {"uv": [1, 0, 0, 1], "texture": "#0"},
				"up": {"uv": [0, 1, 1, 0], "texture": "#0"},
				"down": {"uv": [0, 1, 1, 0], "texture": "#0"}
			}
		},
		{
			"name": "hexadecagon",
			"from": [5.3859, 0.42907, 1.39001],
			"to": [9.35927, 24.67426, 1.87519],
			"rotation": {"angle": 0, "axis": "y", "origin": [8.07899, 27.2165, 8.11448]},
			"faces": {
				"north": {"uv": [13, 5, 14, 11], "texture": "#0"},
				"east": {"uv": [13, 7, 14, 10], "texture": "#0"},
				"south": {"uv": [0, 0, 1, 1], "texture": "#0"},
				"west": {"uv": [0, 0, 1, 1], "texture": "#0"},
				"up": {"uv": [0, 0, 1, 1], "texture": "#0"},
				"down": {"uv": [0, 0, 1, 1], "texture": "#0"}
			}
		},
		{
			"name": "hexadecagon",
			"from": [5.3859, 0.42907, 14.15245],
			"to": [9.35927, 24.67426, 14.63763],
			"rotation": {"angle": 0, "axis": "y", "origin": [8.07899, 27.2165, 7.64316]},
			"faces": {
				"north": {"uv": [1, 0, 0, 1], "texture": "#0"},
				"east": {"uv": [14, 7, 13, 10], "texture": "#0"},
				"south": {"uv": [14, 5, 13, 11], "texture": "#0"},
				"west": {"uv": [1, 0, 0, 1], "texture": "#0"},
				"up": {"uv": [0, 1, 1, 0], "texture": "#0"},
				"down": {"uv": [0, 1, 1, 0], "texture": "#0"}
			}
		},
		{
			"name": "hexadecagon",
			"from": [6.77197, 11.82907, 0.81037],
			"to": [9.12533, 25.12786, 1.43055],
			"rotation": {"angle": 0, "axis": "y", "origin": [8.52005, 26.9141, 7.53485]},
			"faces": {
				"north": {"uv": [13, 5, 14, 11], "texture": "#0"},
				"east": {"uv": [13, 7, 14, 10], "texture": "#0"},
				"south": {"uv": [0, 0, 1, 1], "texture": "#0"},
				"west": {"uv": [0, 0, 1, 1], "texture": "#0"},
				"up": {"uv": [0, 0, 1, 1], "texture": "#0"},
				"down": {"uv": [0, 0, 1, 1], "texture": "#0"}
			}
		},
		{
			"name": "hexadecagon",
			"from": [6.77197, 3.22907, 14.59709],
			"to": [9.12533, 25.12786, 15.21726],
			"rotation": {"angle": 0, "axis": "y", "origin": [8.52005, 26.9141, 8.22279]},
			"faces": {
				"north": {"uv": [1, 0, 0, 1], "texture": "#0"},
				"east": {"uv": [14, 7, 13, 10], "texture": "#0"},
				"south": {"uv": [14, 5, 13, 11], "texture": "#0"},
				"west": {"uv": [1, 0, 0, 1], "texture": "#0"},
				"up": {"uv": [0, 1, 1, 0], "texture": "#0"},
				"down": {"uv": [0, 1, 1, 0], "texture": "#0"}
			}
		},
		{
			"name": "hexadecagon",
			"from": [6.25191, 20.6773, -0.9882],
			"to": [9.74809, 26.17018, 1.17978],
			"rotation": {"angle": 22.5, "axis": "y", "origin": [8, 26.89802, 7.8]},
			"faces": {
				"north": {"uv": [13, 5, 14, 11], "texture": "#0"},
				"east": {"uv": [13, 7, 14, 10], "texture": "#0"},
				"south": {"uv": [0, 0, 1, 1], "texture": "#0"},
				"west": {"uv": [0, 0, 1, 1], "texture": "#0"},
				"up": {"uv": [0, 0, 1, 1], "texture": "#0"},
				"down": {"uv": [0, 0, 1, 1], "texture": "#0"}
			}
		},
		{
			"name": "hexadecagon",
			"from": [6.25191, 20.6773, 14.42022],
			"to": [9.74809, 26.17018, 16.5882],
			"rotation": {"angle": -22.5, "axis": "y", "origin": [8, 26.89802, 7.8]},
			"faces": {
				"north": {"uv": [1, 0, 0, 1], "texture": "#0"},
				"east": {"uv": [14, 7, 13, 10], "texture": "#0"},
				"south": {"uv": [14, 5, 13, 11], "texture": "#0"},
				"west": {"uv": [1, 0, 0, 1], "texture": "#0"},
				"up": {"uv": [0, 1, 1, 0], "texture": "#0"},
				"down": {"uv": [0, 1, 1, 0], "texture": "#0"}
			}
		},
		{
			"name": "hexadecagon",
			"from": [6.25191, 20.6773, -0.9882],
			"to": [9.74809, 26.17018, 1.17978],
			"rotation": {"angle": -22.5, "axis": "y", "origin": [8, 26.89802, 7.8]},
			"faces": {
				"north": {"uv": [13, 5, 14, 11], "texture": "#0"},
				"east": {"uv": [13, 7, 14, 10], "texture": "#0"},
				"south": {"uv": [1, 0, 0, 1], "texture": "#0"},
				"west": {"uv": [1, 0, 0, 1], "texture": "#0"},
				"up": {"uv": [1, 0, 0, 1], "texture": "#0"},
				"down": {"uv": [1, 0, 0, 1], "texture": "#0"}
			}
		},
		{
			"name": "hexadecagon",
			"from": [6.25191, 20.6773, 14.42022],
			"to": [9.74809, 26.17018, 16.5882],
			"rotation": {"angle": 22.5, "axis": "y", "origin": [8, 26.89802, 7.8]},
			"faces": {
				"north": {"uv": [0, 0, 1, 1], "texture": "#0"},
				"east": {"uv": [14, 7, 13, 10], "texture": "#0"},
				"south": {"uv": [14, 5, 13, 11], "texture": "#0"},
				"west": {"uv": [0, 0, 1, 1], "texture": "#0"},
				"up": {"uv": [1, 1, 0, 0], "texture": "#0"},
				"down": {"uv": [1, 1, 0, 0], "texture": "#0"}
			}
		},
		{
			"name": "hexadecagon",
			"from": [6.25191, 20.6773, -0.9882],
			"to": [9.74809, 26.17018, 1.17978],
			"rotation": {"angle": 45, "axis": "y", "origin": [8, 26.89802, 7.8]},
			"faces": {
				"north": {"uv": [13, 5, 14, 11], "texture": "#0"},
				"east": {"uv": [13, 7, 14, 10], "texture": "#0"},
				"south": {"uv": [0, 0, 1, 1], "texture": "#0"},
				"west": {"uv": [0, 0, 1, 1], "texture": "#0"},
				"up": {"uv": [0, 0, 1, 1], "texture": "#0"},
				"down": {"uv": [0, 0, 1, 1], "texture": "#0"}
			}
		},
		{
			"name": "hexadecagon",
			"from": [6.25191, 20.6773, 14.42022],
			"to": [9.74809, 26.17018, 16.5882],
			"rotation": {"angle": -45, "axis": "y", "origin": [8, 26.89802, 7.8]},
			"faces": {
				"north": {"uv": [1, 0, 0, 1], "texture": "#0"},
				"east": {"uv": [14, 7, 13, 10], "texture": "#0"},
				"south": {"uv": [14, 5, 13, 11], "texture": "#0"},
				"west": {"uv": [1, 0, 0, 1], "texture": "#0"},
				"up": {"uv": [0, 1, 1, 0], "texture": "#0"},
				"down": {"uv": [0, 1, 1, 0], "texture": "#0"}
			}
		},
		{
			"name": "hexadecagon",
			"from": [6.25191, 20.6773, -0.9882],
			"to": [9.74809, 26.17018, 1.17978],
			"rotation": {"angle": -45, "axis": "y", "origin": [8, 26.89802, 7.8]},
			"faces": {
				"north": {"uv": [13, 5, 14, 11], "texture": "#0"},
				"east": {"uv": [13, 7, 14, 10], "texture": "#0"},
				"south": {"uv": [1, 0, 0, 1], "texture": "#0"},
				"west": {"uv": [1, 0, 0, 1], "texture": "#0"},
				"up": {"uv": [1, 0, 0, 1], "texture": "#0"},
				"down": {"uv": [1, 0, 0, 1], "texture": "#0"}
			}
		},
		{
			"name": "hexadecagon",
			"from": [6.25191, 20.6773, 14.42022],
			"to": [9.74809, 26.17018, 16.5882],
			"rotation": {"angle": 45, "axis": "y", "origin": [8, 26.89802, 7.8]},
			"faces": {
				"north": {"uv": [0, 0, 1, 1], "texture": "#0"},
				"east": {"uv": [14, 7, 13, 10], "texture": "#0"},
				"south": {"uv": [14, 5, 13, 11], "texture": "#0"},
				"west": {"uv": [0, 0, 1, 1], "texture": "#0"},
				"up": {"uv": [1, 1, 0, 0], "texture": "#0"},
				"down": {"uv": [1, 1, 0, 0], "texture": "#0"}
			}
		},
		{
			"name": "hexadecagon",
			"from": [-0.7882, 20.6773, 6.05191],
			"to": [1.37978, 26.17018, 9.54809],
			"rotation": {"angle": -22.5, "axis": "y", "origin": [8, 26.89802, 7.8]},
			"faces": {
				"north": {"uv": [13, 5, 14, 11], "texture": "#0"},
				"east": {"uv": [13, 7, 14, 10], "texture": "#0"},
				"south": {"uv": [0, 0, 1, 1], "texture": "#0"},
				"west": {"uv": [0, 0, 1, 1], "texture": "#0"},
				"up": {"uv": [0, 0, 1, 1], "texture": "#0"},
				"down": {"uv": [0, 0, 1, 1], "texture": "#0"}
			}
		},
		{
			"name": "hexadecagon",
			"from": [14.62022, 20.6773, 6.05191],
			"to": [16.7882, 26.17018, 9.54809],
			"rotation": {"angle": 22.5, "axis": "y", "origin": [8, 26.89802, 7.8]},
			"faces": {
				"north": {"uv": [13, 5, 14, 11], "texture": "#0"},
				"east": {"uv": [13, 7, 14, 10], "texture": "#0"},
				"south": {"uv": [1, 0, 0, 1], "texture": "#0"},
				"west": {"uv": [1, 0, 0, 1], "texture": "#0"},
				"up": {"uv": [1, 0, 0, 1], "texture": "#0"},
				"down": {"uv": [1, 0, 0, 1], "texture": "#0"}
			}
		},
		{
			"name": "hexadecagon",
			"from": [-0.7882, 20.6773, 6.05191],
			"to": [1.37978, 26.17018, 9.54809],
			"rotation": {"angle": 0, "axis": "y", "origin": [8, 26.89802, 7.8]},
			"faces": {
				"north": {"uv": [13, 5, 14, 11], "texture": "#0"},
				"east": {"uv": [13, 7, 14, 10], "texture": "#0"},
				"south": {"uv": [0, 0, 1, 1], "texture": "#0"},
				"west": {"uv": [0, 0, 1, 1], "texture": "#0"},
				"up": {"uv": [0, 0, 1, 1], "texture": "#0"},
				"down": {"uv": [0, 0, 1, 1], "texture": "#0"}
			}
		},
		{
			"name": "hexadecagon",
			"from": [14.62022, 20.6773, 6.05191],
			"to": [16.7882, 26.17018, 9.54809],
			"rotation": {"angle": 0, "axis": "y", "origin": [8, 26.89802, 7.8]},
			"faces": {
				"north": {"uv": [13, 5, 14, 11], "texture": "#0"},
				"east": {"uv": [13, 7, 14, 10], "texture": "#0"},
				"south": {"uv": [1, 0, 0, 1], "texture": "#0"},
				"west": {"uv": [1, 0, 0, 1], "texture": "#0"},
				"up": {"uv": [1, 0, 0, 1], "texture": "#0"},
				"down": {"uv": [1, 0, 0, 1], "texture": "#0"}
			}
		},
		{
			"name": "hexadecagon",
			"from": [-0.7882, 20.6773, 6.05191],
			"to": [1.37978, 26.17018, 9.54809],
			"rotation": {"angle": 22.5, "axis": "y", "origin": [8, 26.89802, 7.8]},
			"faces": {
				"north": {"uv": [13, 5, 14, 11], "texture": "#0"},
				"east": {"uv": [13, 7, 14, 10], "texture": "#0"},
				"south": {"uv": [0, 0, 1, 1], "texture": "#0"},
				"west": {"uv": [0, 0, 1, 1], "texture": "#0"},
				"up": {"uv": [0, 0, 1, 1], "texture": "#0"},
				"down": {"uv": [0, 0, 1, 1], "texture": "#0"}
			}
		},
		{
			"name": "hexadecagon",
			"from": [14.62022, 20.6773, 6.05191],
			"to": [16.7882, 26.17018, 9.54809],
			"rotation": {"angle": -22.5, "axis": "y", "origin": [8, 26.89802, 7.8]},
			"faces": {
				"north": {"uv": [13, 5, 14, 11], "texture": "#0"},
				"east": {"uv": [13, 7, 14, 10], "texture": "#0"},
				"south": {"uv": [1, 0, 0, 1], "texture": "#0"},
				"west": {"uv": [1, 0, 0, 1], "texture": "#0"},
				"up": {"uv": [1, 0, 0, 1], "texture": "#0"},
				"down": {"uv": [1, 0, 0, 1], "texture": "#0"}
			}
		},
		{
			"name": "hexadecagon",
			"from": [-12.90158, 0.41754, 14.24242],
			"to": [29.18214, 3.34741, 15.36465],
			"rotation": {"angle": -45, "axis": "x", "origin": [-12.20018, 1.88246, 8]},
			"faces": {
				"north": {"uv": [0, 0, 1, 1], "texture": "#0"},
				"east": {"uv": [0, 0, 1, 1], "texture": "#0"},
				"south": {"uv": [0, 0, 1, 1], "texture": "#0"},
				"west": {"uv": [0, 0, 1, 1], "texture": "#0"},
				"up": {"uv": [0, 0, 1, 1], "texture": "#0"},
				"down": {"uv": [0, 0, 1, 1], "texture": "#0"}
			}
		},
		{
			"name": "hexadecagon",
			"from": [-12.90158, -9.00574, 4.53861],
			"to": [29.18214, -6.07587, 5.9414],
			"rotation": {"angle": -45, "axis": "x", "origin": [-12.20018, -7.54082, -1.42324]},
			"faces": {
				"north": {"uv": [0, 0, 1, 1], "texture": "#0"},
				"east": {"uv": [0, 0, 1, 1], "texture": "#0"},
				"south": {"uv": [0, 0, 1, 1], "texture": "#0"},
				"west": {"uv": [0, 0, 1, 1], "texture": "#0"},
				"up": {"uv": [0, 0, 1, 1], "texture": "#0"},
				"down": {"uv": [0, 0, 1, 1], "texture": "#0"}
			}
		},
		{
			"name": "hexadecagon",
			"from": [-12.90158, 5.67848, 13.33629],
			"to": [29.18214, 8.60835, 14.31825],
			"rotation": {"angle": -22.5, "axis": "x", "origin": [-12.20018, 7.1434, 20.70094]},
			"faces": {
				"north": {"uv": [0, 0, 1, 1], "texture": "#0"},
				"east": {"uv": [0, 0, 1, 1], "texture": "#0"},
				"south": {"uv": [0, 0, 1, 1], "texture": "#0"},
				"west": {"uv": [0, 0, 1, 1], "texture": "#0"},
				"up": {"uv": [0, 0, 1, 1], "texture": "#0"},
				"down": {"uv": [0, 0, 1, 1], "texture": "#0"}
			}
		},
		{
			"name": "hexadecagon",
			"from": [-12.90158, 0.41754, 0.63535],
			"to": [29.18214, 3.34741, 1.6173],
			"rotation": {"angle": -22.5, "axis": "x", "origin": [-12.20018, 1.88246, 8]},
			"faces": {
				"north": {"uv": [0, 0, 1, 1], "texture": "#0"},
				"east": {"uv": [0, 0, 1, 1], "texture": "#0"},
				"south": {"uv": [0, 0, 1, 1], "texture": "#0"},
				"west": {"uv": [0, 0, 1, 1], "texture": "#0"},
				"up": {"uv": [0, 0, 1, 1], "texture": "#0"},
				"down": {"uv": [0, 0, 1, 1], "texture": "#0"}
			}
		},
		{
			"name": "hexadecagon",
			"from": [-12.90158, 0.41754, 0.63535],
			"to": [29.18214, 3.34741, 1.6173],
			"rotation": {"angle": 0, "axis": "x", "origin": [-12.20018, 1.88246, 8]},
			"faces": {
				"north": {"uv": [0, 0, 1, 1], "texture": "#0"},
				"east": {"uv": [0, 0, 1, 1], "texture": "#0"},
				"south": {"uv": [0, 0, 1, 1], "texture": "#0"},
				"west": {"uv": [0, 0, 1, 1], "texture": "#0"},
				"up": {"uv": [0, 0, 1, 1], "texture": "#0"},
				"down": {"uv": [0, 0, 1, 1], "texture": "#0"}
			}
		},
		{
			"name": "hexadecagon",
			"from": [-12.90158, 0.41757, 14.38275],
			"to": [29.18214, 3.34744, 15.3647],
			"rotation": {"angle": 0, "axis": "x", "origin": [-12.20018, 1.88249, 21.7474]},
			"faces": {
				"north": {"uv": [0, 0, 1, 1], "texture": "#0"},
				"east": {"uv": [0, 0, 1, 1], "texture": "#0"},
				"south": {"uv": [0, 0, 1, 1], "texture": "#0"},
				"west": {"uv": [0, 0, 1, 1], "texture": "#0"},
				"up": {"uv": [0, 0, 1, 1], "texture": "#0"},
				"down": {"uv": [0, 0, 1, 1], "texture": "#0"}
			}
		},
		{
			"name": "hexadecagon",
			"from": [-12.90158, -4.84334, 13.33628],
			"to": [29.18214, -1.91347, 14.31824],
			"rotation": {"angle": 22.5, "axis": "x", "origin": [-12.20018, -3.37842, 20.70093]},
			"faces": {
				"north": {"uv": [0, 0, 1, 1], "texture": "#0"},
				"east": {"uv": [0, 0, 1, 1], "texture": "#0"},
				"south": {"uv": [0, 0, 1, 1], "texture": "#0"},
				"west": {"uv": [0, 0, 1, 1], "texture": "#0"},
				"up": {"uv": [0, 0, 1, 1], "texture": "#0"},
				"down": {"uv": [0, 0, 1, 1], "texture": "#0"}
			}
		},
		{
			"name": "hexadecagon",
			"from": [-12.90158, 0.41754, 0.63535],
			"to": [29.18214, 3.34741, 1.6173],
			"rotation": {"angle": 22.5, "axis": "x", "origin": [-12.20018, 1.88246, 8]},
			"faces": {
				"north": {"uv": [0, 0, 1, 1], "texture": "#0"},
				"east": {"uv": [0, 0, 1, 1], "texture": "#0"},
				"south": {"uv": [0, 0, 1, 1], "texture": "#0"},
				"west": {"uv": [0, 0, 1, 1], "texture": "#0"},
				"up": {"uv": [0, 0, 1, 1], "texture": "#0"},
				"down": {"uv": [0, 0, 1, 1], "texture": "#0"}
			}
		},
		{
			"name": "hexadecagon",
			"from": [-12.90158, 0.41754, 0.63535],
			"to": [29.18214, 3.34741, 1.6173],
			"rotation": {"angle": 45, "axis": "x", "origin": [-12.20018, 1.88246, 8]},
			"faces": {
				"north": {"uv": [0, 0, 1, 1], "texture": "#0"},
				"east": {"uv": [0, 0, 1, 1], "texture": "#0"},
				"south": {"uv": [0, 0, 1, 1], "texture": "#0"},
				"west": {"uv": [0, 0, 1, 1], "texture": "#0"},
				"up": {"uv": [0, 0, 1, 1], "texture": "#0"},
				"down": {"uv": [0, 0, 1, 1], "texture": "#0"}
			}
		},
		{
			"name": "hexadecagon",
			"from": [-12.90158, -9.30332, 10.35621],
			"to": [29.18214, -6.37345, 11.33817],
			"rotation": {"angle": 45, "axis": "x", "origin": [-12.20018, -7.8384, 17.72086]},
			"faces": {
				"north": {"uv": [0, 0, 1, 1], "texture": "#0"},
				"east": {"uv": [0, 0, 1, 1], "texture": "#0"},
				"south": {"uv": [0, 0, 1, 1], "texture": "#0"},
				"west": {"uv": [0, 0, 1, 1], "texture": "#0"},
				"up": {"uv": [0, 0, 1, 1], "texture": "#0"},
				"down": {"uv": [0, 0, 1, 1], "texture": "#0"}
			}
		},
		{
			"name": "hexadecagon",
			"from": [-12.90158, 8.12488, 6.53508],
			"to": [29.18214, 9.23112, 9.46492],
			"rotation": {"angle": -22.5, "axis": "x", "origin": [-12.20018, 1.88246, 8]},
			"faces": {
				"north": {"uv": [0, 0, 1, 1], "texture": "#0"},
				"east": {"uv": [0, 0, 1, 1], "texture": "#0"},
				"south": {"uv": [0, 0, 1, 1], "texture": "#0"},
				"west": {"uv": [0, 0, 1, 1], "texture": "#0"},
				"up": {"uv": [0, 0, 1, 1], "texture": "#0"},
				"down": {"uv": [0, 0, 1, 1], "texture": "#0"}
			}
		},
		{
			"name": "hexadecagon",
			"from": [-12.90158, -4.44643, 11.7423],
			"to": [29.18214, -3.34019, 14.67214],
			"rotation": {"angle": -22.5, "axis": "x", "origin": [-12.20018, -10.68885, 13.20722]},
			"faces": {
				"north": {"uv": [0, 0, 1, 1], "texture": "#0"},
				"east": {"uv": [0, 0, 1, 1], "texture": "#0"},
				"south": {"uv": [0, 0, 1, 1], "texture": "#0"},
				"west": {"uv": [0, 0, 1, 1], "texture": "#0"},
				"up": {"uv": [0, 0, 1, 1], "texture": "#0"},
				"down": {"uv": [0, 0, 1, 1], "texture": "#0"}
			}
		},
		{
			"name": "hexadecagon",
			"from": [-12.90158, -4.44643, 11.7423],
			"to": [29.18214, -3.34019, 14.67214],
			"rotation": {"angle": -22.5, "axis": "x", "origin": [-12.20018, -10.68885, 13.20722]},
			"faces": {
				"north": {"uv": [0, 0, 1, 1], "texture": "#0"},
				"east": {"uv": [0, 0, 1, 1], "texture": "#0"},
				"south": {"uv": [0, 0, 1, 1], "texture": "#0"},
				"west": {"uv": [0, 0, 1, 1], "texture": "#0"},
				"up": {"uv": [0, 0, 1, 1], "texture": "#0"},
				"down": {"uv": [0, 0, 1, 1], "texture": "#0"}
			}
		},
		{
			"name": "hexadecagon",
			"from": [-12.90158, 7.9846, 6.53508],
			"to": [29.18214, 9.23112, 9.46492],
			"rotation": {"angle": 0, "axis": "x", "origin": [-12.20018, 1.88246, 8]},
			"faces": {
				"north": {"uv": [0, 0, 1, 1], "texture": "#0"},
				"east": {"uv": [0, 0, 1, 1], "texture": "#0"},
				"south": {"uv": [0, 0, 1, 1], "texture": "#0"},
				"west": {"uv": [0, 0, 1, 1], "texture": "#0"},
				"up": {"uv": [0, 0, 1, 1], "texture": "#0"},
				"down": {"uv": [0, 0, 1, 1], "texture": "#0"}
			}
		},
		{
			"name": "hexadecagon",
			"from": [-12.90158, -5.48221, 6.5351],
			"to": [29.18214, -4.23569, 9.46494],
			"rotation": {"angle": 0, "axis": "x", "origin": [-12.20018, -11.58435, 8.00002]},
			"faces": {
				"north": {"uv": [0, 0, 1, 1], "texture": "#0"},
				"east": {"uv": [0, 0, 1, 1], "texture": "#0"},
				"south": {"uv": [0, 0, 1, 1], "texture": "#0"},
				"west": {"uv": [0, 0, 1, 1], "texture": "#0"},
				"up": {"uv": [0, 0, 1, 1], "texture": "#0"},
				"down": {"uv": [0, 0, 1, 1], "texture": "#0"}
			}
		},
		{
			"name": "hexadecagon",
			"from": [-12.90158, 7.9846, 6.53508],
			"to": [29.18214, 9.23112, 9.46492],
			"rotation": {"angle": 22.5, "axis": "x", "origin": [-12.20018, 1.88246, 8]},
			"faces": {
				"north": {"uv": [0, 0, 1, 1], "texture": "#0"},
				"east": {"uv": [0, 0, 1, 1], "texture": "#0"},
				"south": {"uv": [0, 0, 1, 1], "texture": "#0"},
				"west": {"uv": [0, 0, 1, 1], "texture": "#0"},
				"up": {"uv": [0, 0, 1, 1], "texture": "#0"},
				"down": {"uv": [0, 0, 1, 1], "texture": "#0"}
			}
		},
		{
			"name": "hexadecagon",
			"from": [-12.90158, -4.45711, 1.38158],
			"to": [29.18214, -3.21059, 4.31142],
			"rotation": {"angle": 22.5, "axis": "x", "origin": [-12.20018, -10.55925, 2.8465]},
			"faces": {
				"north": {"uv": [0, 0, 1, 1], "texture": "#0"},
				"east": {"uv": [0, 0, 1, 1], "texture": "#0"},
				"south": {"uv": [0, 0, 1, 1], "texture": "#0"},
				"west": {"uv": [0, 0, 1, 1], "texture": "#0"},
				"up": {"uv": [0, 0, 1, 1], "texture": "#0"},
				"down": {"uv": [0, 0, 1, 1], "texture": "#0"}
			}
		},
		{
			"name": "hexadecagon",
			"from": [24.97376, 0.06875, -1.11814],
			"to": [29.18214, 3.69617, 1.12633],
			"rotation": {"angle": -45, "axis": "x", "origin": [25.67516, 1.88246, 8]},
			"faces": {
				"north": {"uv": [0, 0, 1, 1], "texture": "#0"},
				"east": {"uv": [0, 0, 1, 1], "texture": "#0"},
				"south": {"uv": [0, 0, 1, 1], "texture": "#0"},
				"west": {"uv": [0, 0, 1, 1], "texture": "#0"},
				"up": {"uv": [0, 0, 1, 1], "texture": "#0"},
				"down": {"uv": [0, 0, 1, 1], "texture": "#0"}
			}
		},
		{
			"name": "hexadecagon",
			"from": [24.97376, 11.37667, 10.18978],
			"to": [29.18214, 15.00409, 12.43424],
			"rotation": {"angle": -45, "axis": "x", "origin": [25.67516, 13.19038, 19.30792]},
			"faces": {
				"north": {"uv": [0, 0, 1, 1], "texture": "#0"},
				"east": {"uv": [0, 0, 1, 1], "texture": "#0"},
				"south": {"uv": [0, 0, 1, 1], "texture": "#0"},
				"west": {"uv": [0, 0, 1, 1], "texture": "#0"},
				"up": {"uv": [0, 0, 1, 1], "texture": "#0"},
				"down": {"uv": [0, 0, 1, 1], "texture": "#0"}
			}
		},
		{
			"name": "hexadecagon",
			"from": [24.97376, 0.06875, -1.11814],
			"to": [29.18214, 3.69617, 1.12633],
			"rotation": {"angle": -22.5, "axis": "x", "origin": [25.67516, 1.88246, 8]},
			"faces": {
				"north": {"uv": [0, 0, 1, 1], "texture": "#0"},
				"east": {"uv": [0, 0, 1, 1], "texture": "#0"},
				"south": {"uv": [0, 0, 1, 1], "texture": "#0"},
				"west": {"uv": [0, 0, 1, 1], "texture": "#0"},
				"up": {"uv": [0, 0, 1, 1], "texture": "#0"},
				"down": {"uv": [0, 0, 1, 1], "texture": "#0"}
			}
		},
		{
			"name": "hexadecagon",
			"from": [24.97376, 6.18855, 13.65637],
			"to": [29.18214, 9.81597, 15.90083],
			"rotation": {"angle": -22.5, "axis": "x", "origin": [25.67516, 8.00226, 22.77451]},
			"faces": {
				"north": {"uv": [0, 0, 1, 1], "texture": "#0"},
				"east": {"uv": [0, 0, 1, 1], "texture": "#0"},
				"south": {"uv": [0, 0, 1, 1], "texture": "#0"},
				"west": {"uv": [0, 0, 1, 1], "texture": "#0"},
				"up": {"uv": [0, 0, 1, 1], "texture": "#0"},
				"down": {"uv": [0, 0, 1, 1], "texture": "#0"}
			}
		},
		{
			"name": "hexadecagon",
			"from": [24.97376, 0.06875, 14.87367],
			"to": [29.18214, 3.69617, 17.11814],
			"rotation": {"angle": 0, "axis": "x", "origin": [25.67516, 1.88246, 23.99181]},
			"faces": {
				"north": {"uv": [0, 0, 1, 1], "texture": "#0"},
				"east": {"uv": [0, 0, 1, 1], "texture": "#0"},
				"south": {"uv": [0, 0, 1, 1], "texture": "#0"},
				"west": {"uv": [0, 0, 1, 1], "texture": "#0"},
				"up": {"uv": [0, 0, 1, 1], "texture": "#0"},
				"down": {"uv": [0, 0, 1, 1], "texture": "#0"}
			}
		},
		{
			"name": "hexadecagon",
			"from": [24.97376, 0.06875, -1.11814],
			"to": [29.18214, 3.69617, 1.12633],
			"rotation": {"angle": 0, "axis": "x", "origin": [25.67516, 1.88246, 8]},
			"faces": {
				"north": {"uv": [0, 0, 1, 1], "texture": "#0"},
				"east": {"uv": [0, 0, 1, 1], "texture": "#0"},
				"south": {"uv": [0, 0, 1, 1], "texture": "#0"},
				"west": {"uv": [0, 0, 1, 1], "texture": "#0"},
				"up": {"uv": [0, 0, 1, 1], "texture": "#0"},
				"down": {"uv": [0, 0, 1, 1], "texture": "#0"}
			}
		},
		{
			"name": "hexadecagon",
			"from": [24.97376, 0.06875, -1.11814],
			"to": [29.18214, 3.69617, 1.12633],
			"rotation": {"angle": 22.5, "axis": "x", "origin": [25.67516, 1.88246, 8]},
			"faces": {
				"north": {"uv": [0, 0, 1, 1], "texture": "#0"},
				"east": {"uv": [0, 0, 1, 1], "texture": "#0"},
				"south": {"uv": [0, 0, 1, 1], "texture": "#0"},
				"west": {"uv": [0, 0, 1, 1], "texture": "#0"},
				"up": {"uv": [0, 0, 1, 1], "texture": "#0"},
				"down": {"uv": [0, 0, 1, 1], "texture": "#0"}
			}
		},
		{
			"name": "hexadecagon",
			"from": [24.97376, -6.05105, 13.65637],
			"to": [29.18214, -2.42363, 15.90083],
			"rotation": {"angle": 22.5, "axis": "x", "origin": [25.67516, -4.23734, 22.77451]},
			"faces": {
				"north": {"uv": [0, 0, 1, 1], "texture": "#0"},
				"east": {"uv": [0, 0, 1, 1], "texture": "#0"},
				"south": {"uv": [0, 0, 1, 1], "texture": "#0"},
				"west": {"uv": [0, 0, 1, 1], "texture": "#0"},
				"up": {"uv": [0, 0, 1, 1], "texture": "#0"},
				"down": {"uv": [0, 0, 1, 1], "texture": "#0"}
			}
		},
		{
			"name": "hexadecagon",
			"from": [24.97376, 0.06875, -1.11814],
			"to": [29.18214, 3.69617, 1.12633],
			"rotation": {"angle": 45, "axis": "x", "origin": [25.67516, 1.88246, 8]},
			"faces": {
				"north": {"uv": [0, 0, 1, 1], "texture": "#0"},
				"east": {"uv": [0, 0, 1, 1], "texture": "#0"},
				"south": {"uv": [0, 0, 1, 1], "texture": "#0"},
				"west": {"uv": [0, 0, 1, 1], "texture": "#0"},
				"up": {"uv": [0, 0, 1, 1], "texture": "#0"},
				"down": {"uv": [0, 0, 1, 1], "texture": "#0"}
			}
		},
		{
			"name": "hexadecagon",
			"from": [24.97376, -11.23917, 10.18978],
			"to": [29.18214, -7.61175, 12.43424],
			"rotation": {"angle": 45, "axis": "x", "origin": [25.67516, -9.42546, 19.30792]},
			"faces": {
				"north": {"uv": [0, 0, 1, 1], "texture": "#0"},
				"east": {"uv": [0, 0, 1, 1], "texture": "#0"},
				"south": {"uv": [0, 0, 1, 1], "texture": "#0"},
				"west": {"uv": [0, 0, 1, 1], "texture": "#0"},
				"up": {"uv": [0, 0, 1, 1], "texture": "#0"},
				"down": {"uv": [0, 0, 1, 1], "texture": "#0"}
			}
		},
		{
			"name": "hexadecagon",
			"from": [24.97376, 0.06875, -1.11814],
			"to": [29.18214, 3.69617, 1.12633],
			"rotation": {"angle": 45, "axis": "x", "origin": [25.67516, 1.88246, 8]},
			"faces": {
				"north": {"uv": [0, 0, 1, 1], "texture": "#0"},
				"east": {"uv": [0, 0, 1, 1], "texture": "#0"},
				"south": {"uv": [0, 0, 1, 1], "texture": "#0"},
				"west": {"uv": [0, 0, 1, 1], "texture": "#0"},
				"up": {"uv": [0, 0, 1, 1], "texture": "#0"},
				"down": {"uv": [0, 0, 1, 1], "texture": "#0"}
			}
		},
		{
			"name": "hexadecagon",
			"from": [24.97376, 8.75614, 6.18629],
			"to": [29.18214, 11.0006, 9.81371],
			"rotation": {"angle": -22.5, "axis": "x", "origin": [25.67516, 1.88246, 8]},
			"faces": {
				"north": {"uv": [0, 0, 1, 1], "texture": "#0"},
				"east": {"uv": [0, 0, 1, 1], "texture": "#0"},
				"south": {"uv": [0, 0, 1, 1], "texture": "#0"},
				"west": {"uv": [0, 0, 1, 1], "texture": "#0"},
				"up": {"uv": [0, 0, 1, 1], "texture": "#0"},
				"down": {"uv": [0, 0, 1, 1], "texture": "#0"}
			}
		},
		{
			"name": "hexadecagon",
			"from": [24.97376, -6.01837, 12.30609],
			"to": [29.18214, -3.77391, 15.93351],
			"rotation": {"angle": -22.5, "axis": "x", "origin": [25.67516, -12.89204, 14.1198]},
			"faces": {
				"north": {"uv": [0, 0, 1, 1], "texture": "#0"},
				"east": {"uv": [0, 0, 1, 1], "texture": "#0"},
				"south": {"uv": [0, 0, 1, 1], "texture": "#0"},
				"west": {"uv": [0, 0, 1, 1], "texture": "#0"},
				"up": {"uv": [0, 0, 1, 1], "texture": "#0"},
				"down": {"uv": [0, 0, 1, 1], "texture": "#0"}
			}
		},
		{
			"name": "hexadecagon",
			"from": [24.97376, -7.23568, 6.18629],
			"to": [29.18214, -4.99121, 9.81371],
			"rotation": {"angle": 0, "axis": "x", "origin": [25.67516, 1.88246, 8]},
			"faces": {
				"north": {"uv": [0, 0, 1, 1], "texture": "#0"},
				"east": {"uv": [0, 0, 1, 1], "texture": "#0"},
				"south": {"uv": [0, 0, 1, 1], "texture": "#0"},
				"west": {"uv": [0, 0, 1, 1], "texture": "#0"},
				"up": {"uv": [0, 0, 1, 1], "texture": "#0"},
				"down": {"uv": [0, 0, 1, 1], "texture": "#0"}
			}
		},
		{
			"name": "hexadecagon",
			"from": [24.97376, 8.75614, 6.18629],
			"to": [29.18214, 11.0006, 9.81371],
			"rotation": {"angle": 0, "axis": "x", "origin": [25.67516, 17.87427, 8]},
			"faces": {
				"north": {"uv": [0, 0, 1, 1], "texture": "#0"},
				"east": {"uv": [0, 0, 1, 1], "texture": "#0"},
				"south": {"uv": [0, 0, 1, 1], "texture": "#0"},
				"west": {"uv": [0, 0, 1, 1], "texture": "#0"},
				"up": {"uv": [0, 0, 1, 1], "texture": "#0"},
				"down": {"uv": [0, 0, 1, 1], "texture": "#0"}
			}
		},
		{
			"name": "hexadecagon",
			"from": [24.97376, -7.23568, 6.18629],
			"to": [29.18214, -4.99121, 9.81371],
			"rotation": {"angle": 22.5, "axis": "x", "origin": [25.67516, 1.88246, 8]},
			"faces": {
				"north": {"uv": [0, 0, 1, 1], "texture": "#0"},
				"east": {"uv": [0, 0, 1, 1], "texture": "#0"},
				"south": {"uv": [0, 0, 1, 1], "texture": "#0"},
				"west": {"uv": [0, 0, 1, 1], "texture": "#0"},
				"up": {"uv": [0, 0, 1, 1], "texture": "#0"},
				"down": {"uv": [0, 0, 1, 1], "texture": "#0"}
			}
		},
		{
			"name": "hexadecagon",
			"from": [24.97376, 7.53883, 12.30609],
			"to": [29.18214, 9.7833, 15.93351],
			"rotation": {"angle": 22.5, "axis": "x", "origin": [25.67516, 16.65697, 14.1198]},
			"faces": {
				"north": {"uv": [0, 0, 1, 1], "texture": "#0"},
				"east": {"uv": [0, 0, 1, 1], "texture": "#0"},
				"south": {"uv": [0, 0, 1, 1], "texture": "#0"},
				"west": {"uv": [0, 0, 1, 1], "texture": "#0"},
				"up": {"uv": [0, 0, 1, 1], "texture": "#0"},
				"down": {"uv": [0, 0, 1, 1], "texture": "#0"}
			}
		},
		{
			"name": "hexadecagon",
			"from": [-12.90158, 0.06875, -1.11814],
			"to": [-8.69321, 3.69617, 1.12633],
			"rotation": {"angle": -45, "axis": "x", "origin": [-12.20018, 1.88246, 8]},
			"faces": {
				"north": {"uv": [0, 0, 1, 1], "texture": "#0"},
				"east": {"uv": [0, 0, 1, 1], "texture": "#0"},
				"south": {"uv": [0, 0, 1, 1], "texture": "#0"},
				"west": {"uv": [0, 0, 1, 1], "texture": "#0"},
				"up": {"uv": [0, 0, 1, 1], "texture": "#0"},
				"down": {"uv": [0, 0, 1, 1], "texture": "#0"}
			}
		},
		{
			"name": "hexadecagon",
			"from": [-12.90158, 11.37667, 10.18978],
			"to": [-8.69321, 15.00409, 12.43424],
			"rotation": {"angle": -45, "axis": "x", "origin": [-12.20018, 13.19038, 19.30792]},
			"faces": {
				"north": {"uv": [0, 0, 1, 1], "texture": "#0"},
				"east": {"uv": [0, 0, 1, 1], "texture": "#0"},
				"south": {"uv": [0, 0, 1, 1], "texture": "#0"},
				"west": {"uv": [0, 0, 1, 1], "texture": "#0"},
				"up": {"uv": [0, 0, 1, 1], "texture": "#0"},
				"down": {"uv": [0, 0, 1, 1], "texture": "#0"}
			}
		},
		{
			"name": "hexadecagon",
			"from": [-12.90158, 0.06875, -1.11814],
			"to": [-8.69321, 3.69617, 1.12633],
			"rotation": {"angle": -22.5, "axis": "x", "origin": [-12.20018, 1.88246, 8]},
			"faces": {
				"north": {"uv": [0, 0, 1, 1], "texture": "#0"},
				"east": {"uv": [0, 0, 1, 1], "texture": "#0"},
				"south": {"uv": [0, 0, 1, 1], "texture": "#0"},
				"west": {"uv": [0, 0, 1, 1], "texture": "#0"},
				"up": {"uv": [0, 0, 1, 1], "texture": "#0"},
				"down": {"uv": [0, 0, 1, 1], "texture": "#0"}
			}
		},
		{
			"name": "hexadecagon",
			"from": [-12.90158, 6.18855, 13.65637],
			"to": [-8.69321, 9.81597, 15.90083],
			"rotation": {"angle": -22.5, "axis": "x", "origin": [-12.20018, 8.00226, 22.77451]},
			"faces": {
				"north": {"uv": [0, 0, 1, 1], "texture": "#0"},
				"east": {"uv": [0, 0, 1, 1], "texture": "#0"},
				"south": {"uv": [0, 0, 1, 1], "texture": "#0"},
				"west": {"uv": [0, 0, 1, 1], "texture": "#0"},
				"up": {"uv": [0, 0, 1, 1], "texture": "#0"},
				"down": {"uv": [0, 0, 1, 1], "texture": "#0"}
			}
		},
		{
			"name": "hexadecagon",
			"from": [-12.90158, 0.06875, 14.87367],
			"to": [-8.69321, 3.69617, 17.11814],
			"rotation": {"angle": 0, "axis": "x", "origin": [-12.20018, 1.88246, 23.99181]},
			"faces": {
				"north": {"uv": [0, 0, 1, 1], "texture": "#0"},
				"east": {"uv": [0, 0, 1, 1], "texture": "#0"},
				"south": {"uv": [0, 0, 1, 1], "texture": "#0"},
				"west": {"uv": [0, 0, 1, 1], "texture": "#0"},
				"up": {"uv": [0, 0, 1, 1], "texture": "#0"},
				"down": {"uv": [0, 0, 1, 1], "texture": "#0"}
			}
		},
		{
			"name": "hexadecagon",
			"from": [-12.90158, 0.06875, -1.11814],
			"to": [-8.69321, 3.69617, 1.12633],
			"rotation": {"angle": 0, "axis": "x", "origin": [-12.20018, 1.88246, 8]},
			"faces": {
				"north": {"uv": [0, 0, 1, 1], "texture": "#0"},
				"east": {"uv": [0, 0, 1, 1], "texture": "#0"},
				"south": {"uv": [0, 0, 1, 1], "texture": "#0"},
				"west": {"uv": [0, 0, 1, 1], "texture": "#0"},
				"up": {"uv": [0, 0, 1, 1], "texture": "#0"},
				"down": {"uv": [0, 0, 1, 1], "texture": "#0"}
			}
		},
		{
			"name": "hexadecagon",
			"from": [-12.90158, 0.06875, -1.11814],
			"to": [-8.69321, 3.69617, 1.12633],
			"rotation": {"angle": 22.5, "axis": "x", "origin": [-12.20018, 1.88246, 8]},
			"faces": {
				"north": {"uv": [0, 0, 1, 1], "texture": "#0"},
				"east": {"uv": [0, 0, 1, 1], "texture": "#0"},
				"south": {"uv": [0, 0, 1, 1], "texture": "#0"},
				"west": {"uv": [0, 0, 1, 1], "texture": "#0"},
				"up": {"uv": [0, 0, 1, 1], "texture": "#0"},
				"down": {"uv": [0, 0, 1, 1], "texture": "#0"}
			}
		},
		{
			"name": "hexadecagon",
			"from": [-12.90158, -6.05105, 13.65637],
			"to": [-8.69321, -2.42363, 15.90083],
			"rotation": {"angle": 22.5, "axis": "x", "origin": [-12.20018, -4.23734, 22.77451]},
			"faces": {
				"north": {"uv": [0, 0, 1, 1], "texture": "#0"},
				"east": {"uv": [0, 0, 1, 1], "texture": "#0"},
				"south": {"uv": [0, 0, 1, 1], "texture": "#0"},
				"west": {"uv": [0, 0, 1, 1], "texture": "#0"},
				"up": {"uv": [0, 0, 1, 1], "texture": "#0"},
				"down": {"uv": [0, 0, 1, 1], "texture": "#0"}
			}
		},
		{
			"name": "hexadecagon",
			"from": [-12.90158, 0.06875, -1.11814],
			"to": [-8.69321, 3.69617, 1.12633],
			"rotation": {"angle": 45, "axis": "x", "origin": [-12.20018, 1.88246, 8]},
			"faces": {
				"north": {"uv": [0, 0, 1, 1], "texture": "#0"},
				"east": {"uv": [0, 0, 1, 1], "texture": "#0"},
				"south": {"uv": [0, 0, 1, 1], "texture": "#0"},
				"west": {"uv": [0, 0, 1, 1], "texture": "#0"},
				"up": {"uv": [0, 0, 1, 1], "texture": "#0"},
				"down": {"uv": [0, 0, 1, 1], "texture": "#0"}
			}
		},
		{
			"name": "hexadecagon",
			"from": [-12.90158, -11.23917, 10.18978],
			"to": [-8.69321, -7.61175, 12.43424],
			"rotation": {"angle": 45, "axis": "x", "origin": [-12.20018, -9.42546, 19.30792]},
			"faces": {
				"north": {"uv": [0, 0, 1, 1], "texture": "#0"},
				"east": {"uv": [0, 0, 1, 1], "texture": "#0"},
				"south": {"uv": [0, 0, 1, 1], "texture": "#0"},
				"west": {"uv": [0, 0, 1, 1], "texture": "#0"},
				"up": {"uv": [0, 0, 1, 1], "texture": "#0"},
				"down": {"uv": [0, 0, 1, 1], "texture": "#0"}
			}
		},
		{
			"name": "hexadecagon",
			"from": [-12.90158, 0.06875, -1.11814],
			"to": [-8.69321, 3.69617, 1.12633],
			"rotation": {"angle": 45, "axis": "x", "origin": [-12.20018, 1.88246, 8]},
			"faces": {
				"north": {"uv": [0, 0, 1, 1], "texture": "#0"},
				"east": {"uv": [0, 0, 1, 1], "texture": "#0"},
				"south": {"uv": [0, 0, 1, 1], "texture": "#0"},
				"west": {"uv": [0, 0, 1, 1], "texture": "#0"},
				"up": {"uv": [0, 0, 1, 1], "texture": "#0"},
				"down": {"uv": [0, 0, 1, 1], "texture": "#0"}
			}
		},
		{
			"name": "hexadecagon",
			"from": [-12.90158, 8.75614, 6.18629],
			"to": [-8.69321, 11.0006, 9.81371],
			"rotation": {"angle": -22.5, "axis": "x", "origin": [-12.20018, 1.88246, 8]},
			"faces": {
				"north": {"uv": [0, 0, 1, 1], "texture": "#0"},
				"east": {"uv": [0, 0, 1, 1], "texture": "#0"},
				"south": {"uv": [0, 0, 1, 1], "texture": "#0"},
				"west": {"uv": [0, 0, 1, 1], "texture": "#0"},
				"up": {"uv": [0, 0, 1, 1], "texture": "#0"},
				"down": {"uv": [0, 0, 1, 1], "texture": "#0"}
			}
		},
		{
			"name": "hexadecagon",
			"from": [-12.90158, -6.01837, 12.30609],
			"to": [-8.69321, -3.77391, 15.93351],
			"rotation": {"angle": -22.5, "axis": "x", "origin": [-12.20018, -12.89204, 14.1198]},
			"faces": {
				"north": {"uv": [0, 0, 1, 1], "texture": "#0"},
				"east": {"uv": [0, 0, 1, 1], "texture": "#0"},
				"south": {"uv": [0, 0, 1, 1], "texture": "#0"},
				"west": {"uv": [0, 0, 1, 1], "texture": "#0"},
				"up": {"uv": [0, 0, 1, 1], "texture": "#0"},
				"down": {"uv": [0, 0, 1, 1], "texture": "#0"}
			}
		},
		{
			"name": "hexadecagon",
			"from": [-12.90158, -7.23568, 6.18629],
			"to": [-8.69321, -4.99121, 9.81371],
			"rotation": {"angle": 0, "axis": "x", "origin": [-12.20018, 1.88246, 8]},
			"faces": {
				"north": {"uv": [0, 0, 1, 1], "texture": "#0"},
				"east": {"uv": [0, 0, 1, 1], "texture": "#0"},
				"south": {"uv": [0, 0, 1, 1], "texture": "#0"},
				"west": {"uv": [0, 0, 1, 1], "texture": "#0"},
				"up": {"uv": [0, 0, 1, 1], "texture": "#0"},
				"down": {"uv": [0, 0, 1, 1], "texture": "#0"}
			}
		},
		{
			"name": "hexadecagon",
			"from": [-12.90158, 8.75614, 6.18629],
			"to": [-8.69321, 11.0006, 9.81371],
			"rotation": {"angle": 0, "axis": "x", "origin": [-12.20018, 17.87427, 8]},
			"faces": {
				"north": {"uv": [0, 0, 1, 1], "texture": "#0"},
				"east": {"uv": [0, 0, 1, 1], "texture": "#0"},
				"south": {"uv": [0, 0, 1, 1], "texture": "#0"},
				"west": {"uv": [0, 0, 1, 1], "texture": "#0"},
				"up": {"uv": [0, 0, 1, 1], "texture": "#0"},
				"down": {"uv": [0, 0, 1, 1], "texture": "#0"}
			}
		},
		{
			"name": "hexadecagon",
			"from": [-12.90158, -7.23568, 6.18629],
			"to": [-8.69321, -4.99121, 9.81371],
			"rotation": {"angle": 22.5, "axis": "x", "origin": [-12.20018, 1.88246, 8]},
			"faces": {
				"north": {"uv": [0, 0, 1, 1], "texture": "#0"},
				"east": {"uv": [0, 0, 1, 1], "texture": "#0"},
				"south": {"uv": [0, 0, 1, 1], "texture": "#0"},
				"west": {"uv": [0, 0, 1, 1], "texture": "#0"},
				"up": {"uv": [0, 0, 1, 1], "texture": "#0"},
				"down": {"uv": [0, 0, 1, 1], "texture": "#0"}
			}
		},
		{
			"name": "hexadecagon",
			"from": [-12.90158, 7.53883, 12.30609],
			"to": [-8.69321, 9.7833, 15.93351],
			"rotation": {"angle": 22.5, "axis": "x", "origin": [-12.20018, 16.65697, 14.1198]},
			"faces": {
				"north": {"uv": [0, 0, 1, 1], "texture": "#0"},
				"east": {"uv": [0, 0, 1, 1], "texture": "#0"},
				"south": {"uv": [0, 0, 1, 1], "texture": "#0"},
				"west": {"uv": [0, 0, 1, 1], "texture": "#0"},
				"up": {"uv": [0, 0, 1, 1], "texture": "#0"},
				"down": {"uv": [0, 0, 1, 1], "texture": "#0"}
			}
		}
	],
	"display": {
		"thirdperson_righthand": {
			"translation": [0, 1.75, 0],
			"scale": [0.5, 0.5, 0.5]
		},
		"thirdperson_lefthand": {
			"translation": [0, 1.75, 0],
			"scale": [0.5, 0.5, 0.5]
		},
		"firstperson_righthand": {
			"translation": [0, 2, 0],
			"scale": [0.5, 0.5, 0.5]
		},
		"firstperson_lefthand": {
			"translation": [0, 2, 0],
			"scale": [0.5, 0.5, 0.5]
		},
		"ground": {
			"translation": [0, 4.25, 0],
			"scale": [0.5, 0.5, 0.5]
		},
		"gui": {
			"rotation": [10, 45, 0],
			"scale": [0.4, 0.4, 0.4]
		},
		"head": {
			"translation": [0, -13.25, 0],
			"scale": [2, 2, 2]
		},
		"fixed": {
			"translation": [0, 0, -4.25]
		}
	},
	"groups": [
		{
			"name": "warppipe_full (3)",
			"origin": [8, 8, 8],
			"children": [
				{
					"name": "hexadecagon",
					"origin": [8, 8, 8],
					"children": [0,
						{
							"name": "warppipe_full (3)",
							"origin": [8, 8, 8],
							"children": [
								{
									"name": "hexadecagon",
									"origin": [8, 8, 8],
									"children": [1, 2, 3, 4, 5, 6, 7, 8, 9, 10, 11, 12, 13, 14]
								},
								{
									"name": "hexadecagon",
									"origin": [8, 8, 8],
									"children": [15, 16, 17, 18, 19, 20, 21, 22, 23, 24, 25, 26, 27, 28, 29, 30, 31, 32, 33, 34, 35, 36]
								}
							]
						}, 37, 38, 39, 40, 41, 42, 43, 44, 45, 46, 47, 48, 49]
				},
				{
					"name": "hexadecagon",
					"origin": [8, 8, 8],
					"children": [50, 51, 52, 53, 54, 55, 56, 57, 58, 59, 60, 61, 62, 63, 64, 65, 66, 67, 68, 69, 70, 71]
				}
			]
		},
		{
			"name": "hexadecagon",
			"origin": [8, 8, 8],
			"children": [72, 73, 74, 75, 76, 77, 78, 79, 80, 81, 82, 83, 84, 85, 86, 87, 88]
		},
		{
			"name": "hexadecagon",
			"origin": [8, 8, 8],
			"children": [89, 90, 91, 92, 93, 94, 95, 96, 97, 98, 99, 100, 101, 102, 103, 104, 105]
		},
		{
			"name": "hexadecagon",
			"origin": [8, 8, 8],
			"children": [106, 107, 108, 109, 110, 111, 112, 113, 114, 115, 116, 117, 118, 119, 120, 121, 122]
		}
	]
}