{
	"textures": {
		"0": "block/yellow_concrete",
		"1": "block/red_concrete",
		"2": "block/blue_concrete",
		"3": "block/lime_concrete",
		"4": "block/pink_concrete",
		"5": "block/white_concrete",
		"6": "block/purple_concrete",
		"7": "block/orange_concrete",
		"8": "block/chain_command_block_conditional",
		"9": "block/green_concrete",
		"10": "custom/heli_hat_0",
		"11": "custom/heli_hat_1",
		"12": "custom/heli_hat_2",
		"13": "custom/heli_hat_3",
		"14": "custom/heli_hat_4",
		"15": "custom/heli_hat_5",
		"16": "custom/heli_hat_6",
		"17": "custom/heli_hat_7",
		"particle": "block/yellow_concrete"
	},
	"elements": [
		{
			"name": "octagon",
			"from": [5.51472, 0, 2],
			"to": [10.48528, 3, 2.5],
			"rotation": {"angle": 45, "axis": "y", "origin": [8, 0.5, 8]},
			"faces": {
				"north": {"uv": [0, 0, 0.5, 0.5], "texture": "#2"},
				"east": {"uv": [0, 0, 0.5, 0.5], "texture": "#2"},
				"south": {"uv": [0, 0, 0.5, 0.5], "texture": "#2"},
				"west": {"uv": [0, 0, 0.5, 0.5], "texture": "#2"},
				"up": {"uv": [0, 0, 0.5, 0.5], "texture": "#2"},
				"down": {"uv": [0, 0, 0.5, 0.5], "texture": "#2"}
			}
		},
		{
			"name": "octagon",
			"from": [5.51472, 0, 2],
			"to": [10.48528, 3, 2.5],
			"rotation": {"angle": 0, "axis": "y", "origin": [8, 0.5, 8]},
			"faces": {
				"north": {"uv": [0, 0, 0.5, 0.5], "texture": "#1"},
				"east": {"uv": [0, 0, 0.5, 0.5], "texture": "#1"},
				"south": {"uv": [0, 0, 0.5, 0.5], "texture": "#1"},
				"west": {"uv": [0, 0, 0.5, 0.5], "texture": "#1"},
				"up": {"uv": [0, 0, 0.5, 0.5], "texture": "#1"},
				"down": {"uv": [0, 0, 0.5, 0.5], "texture": "#1"}
			}
		},
		{
			"name": "octagon",
			"from": [5.51472, 0, 13.5],
			"to": [10.48528, 3, 14],
			"rotation": {"angle": 45, "axis": "y", "origin": [8, 0.5, 8]},
			"faces": {
				"north": {"uv": [0, 0, 0.5, 0.5], "texture": "#7"},
				"east": {"uv": [0, 0, 0.5, 0.5], "texture": "#7"},
				"south": {"uv": [0, 0, 0.5, 0.5], "texture": "#7"},
				"west": {"uv": [0, 0, 0.5, 0.5], "texture": "#7"},
				"up": {"uv": [0, 0, 0.5, 0.5], "texture": "#7"},
				"down": {"uv": [0, 0, 0.5, 0.5], "texture": "#7"}
			}
		},
		{
			"name": "octagon",
			"from": [5.51472, 0, 13.5],
			"to": [10.48528, 3, 14],
			"rotation": {"angle": 0, "axis": "y", "origin": [8, 0.5, 8]},
			"faces": {
				"north": {"uv": [0, 0, 0.5, 0.5], "texture": "#6"},
				"east": {"uv": [0, 0, 0.5, 0.5], "texture": "#6"},
				"south": {"uv": [0, 0, 0.5, 0.5], "texture": "#6"},
				"west": {"uv": [0, 0, 0.5, 0.5], "texture": "#6"},
				"up": {"uv": [0, 0, 0.5, 0.5], "texture": "#6"},
				"down": {"uv": [0, 0, 0.5, 0.5], "texture": "#6"}
			}
		},
		{
			"name": "octagon",
			"from": [5.51472, 0.66584, 13.76538],
			"to": [10.48528, 1.66584, 14.26538],
			"rotation": {"angle": -22.5, "axis": "x", "origin": [8, 1.16584, 8.26538]},
			"faces": {
				"north": {"uv": [0, 0, 0.5, 0.5], "texture": "#6"},
				"east": {"uv": [0, 0, 0.5, 0.5], "texture": "#6"},
				"south": {"uv": [0, 0, 0.5, 0.5], "texture": "#6"},
				"west": {"uv": [0, 0, 0.5, 0.5], "texture": "#6"},
				"up": {"uv": [0, 0, 0.5, 0.5], "texture": "#6"},
				"down": {"uv": [0, 0, 0.5, 0.5], "texture": "#6"}
			}
		},
		{
			"name": "octagon",
			"from": [1.73462, 0.66584, 5.51472],
			"to": [2.23462, 1.66584, 10.48528],
			"rotation": {"angle": -22.5, "axis": "z", "origin": [7.73462, 1.16584, 8]},
			"faces": {
				"north": {"uv": [0, 0, 0.5, 0.5], "texture": "#3"},
				"east": {"uv": [0, 0, 0.5, 0.5], "texture": "#3"},
				"south": {"uv": [0, 0, 0.5, 0.5], "texture": "#3"},
				"west": {"uv": [0, 0, 0.5, 0.5], "texture": "#3"},
				"up": {"uv": [0, 0, 0.5, 0.5], "rotation": 90, "texture": "#3"},
				"down": {"uv": [0, 0, 0.5, 0.5], "rotation": 270, "texture": "#3"}
			}
		},
		{
			"name": "octagon",
			"from": [5.51472, 0.66584, 1.73462],
			"to": [10.48528, 1.66584, 2.23462],
			"rotation": {"angle": 22.5, "axis": "x", "origin": [8, 1.16584, 7.73462]},
			"faces": {
				"north": {"uv": [0.5, 0, 0, 0.5], "texture": "#1"},
				"east": {"uv": [0.5, 0, 0, 0.5], "texture": "#1"},
				"south": {"uv": [0.5, 0, 0, 0.5], "texture": "#1"},
				"west": {"uv": [0.5, 0, 0, 0.5], "texture": "#1"},
				"up": {"uv": [0, 0.5, 0.5, 0], "texture": "#1"},
				"down": {"uv": [0, 0.5, 0.5, 0], "texture": "#1"}
			}
		},
		{
			"name": "octagon",
			"from": [13.76538, 0.66584, 5.51472],
			"to": [14.26538, 1.66584, 10.48528],
			"rotation": {"angle": 22.5, "axis": "z", "origin": [8.26538, 1.16584, 8]},
			"faces": {
				"north": {"uv": [0.5, 0, 0, 0.5], "texture": "#5"},
				"east": {"uv": [0.5, 0, 0, 0.5], "texture": "#5"},
				"south": {"uv": [0.5, 0, 0, 0.5], "texture": "#5"},
				"west": {"uv": [0.5, 0, 0, 0.5], "texture": "#5"},
				"up": {"uv": [0, 0.5, 0.5, 0], "rotation": 90, "texture": "#5"},
				"down": {"uv": [0, 0.5, 0.5, 0], "rotation": 270, "texture": "#5"}
			}
		},
		{
			"name": "octagon",
			"from": [5.51472, 5.53479, 7.52112],
			"to": [10.48528, 6.03479, 9.52112],
			"rotation": {"angle": 45, "axis": "x", "origin": [8, 0.03479, 9.02112]},
			"faces": {
				"north": {"uv": [0, 0, 0.5, 0.5], "rotation": 180, "texture": "#6"},
				"east": {"uv": [0, 0, 0.5, 0.5], "rotation": 90, "texture": "#6"},
				"south": {"uv": [0, 0, 0.5, 0.5], "texture": "#6"},
				"west": {"uv": [0, 0, 0.5, 0.5], "rotation": 270, "texture": "#6"},
				"up": {"uv": [0, 0, 0.5, 0.5], "texture": "#6"},
				"down": {"uv": [0, 0, 0.5, 0.5], "rotation": 180, "texture": "#6"}
			}
		},
		{
			"name": "octagon",
			"from": [6.47888, 5.53479, 5.51472],
			"to": [8.47888, 6.03479, 10.48528],
			"rotation": {"angle": 45, "axis": "z", "origin": [6.97888, 0.03479, 8]},
			"faces": {
				"north": {"uv": [0, 0, 0.5, 0.5], "rotation": 270, "texture": "#3"},
				"east": {"uv": [0, 0, 0.5, 0.5], "rotation": 180, "texture": "#3"},
				"south": {"uv": [0, 0, 0.5, 0.5], "rotation": 90, "texture": "#3"},
				"west": {"uv": [0, 0, 0.5, 0.5], "texture": "#3"},
				"up": {"uv": [0, 0, 0.5, 0.5], "rotation": 90, "texture": "#3"},
				"down": {"uv": [0, 0, 0.5, 0.5], "rotation": 90, "texture": "#3"}
			}
		},
		{
			"name": "octagon",
			"from": [5.51472, 5.53479, 6.47888],
			"to": [10.48528, 6.03479, 8.47888],
			"rotation": {"angle": -45, "axis": "x", "origin": [8, 0.03479, 6.97888]},
			"faces": {
				"north": {"uv": [0.5, 0, 0, 0.5], "texture": "#1"},
				"east": {"uv": [0, 0.5, 0.5, 0], "rotation": 90, "texture": "#1"},
				"south": {"uv": [0.5, 0, 0, 0.5], "rotation": 180, "texture": "#1"},
				"west": {"uv": [0, 0.5, 0.5, 0], "rotation": 270, "texture": "#1"},
				"up": {"uv": [0, 0.5, 0.5, 0], "texture": "#1"},
				"down": {"uv": [0, 0.5, 0.5, 0], "rotation": 180, "texture": "#1"}
			}
		},
		{
			"name": "octagon",
			"from": [7.52112, 5.53479, 5.51472],
			"to": [9.52112, 6.03479, 10.48528],
			"rotation": {"angle": -45, "axis": "z", "origin": [9.02112, 0.03479, 8]},
			"faces": {
				"north": {"uv": [0, 0.5, 0.5, 0], "rotation": 270, "texture": "#5"},
				"east": {"uv": [0.5, 0, 0, 0.5], "texture": "#5"},
				"south": {"uv": [0, 0.5, 0.5, 0], "rotation": 90, "texture": "#5"},
				"west": {"uv": [0.5, 0, 0, 0.5], "rotation": 180, "texture": "#5"},
				"up": {"uv": [0, 0.5, 0.5, 0], "rotation": 90, "texture": "#5"},
				"down": {"uv": [0, 0.5, 0.5, 0], "rotation": 90, "texture": "#5"}
			}
		},
		{
			"name": "octagon",
			"from": [5.51472, 5.48616, 8.08538],
			"to": [10.48528, 5.98695, 9.94506],
			"rotation": {"angle": 22.5, "axis": "x", "origin": [8, -0.01384, 9.44506]},
			"faces": {
				"north": {"uv": [0, 0, 0.5, 0.5], "rotation": 180, "texture": "#6"},
				"east": {"uv": [0, 0, 0.5, 0.5], "rotation": 90, "texture": "#6"},
				"south": {"uv": [0, 0, 0.5, 0.5], "texture": "#6"},
				"west": {"uv": [0, 0, 0.5, 0.5], "rotation": 270, "texture": "#6"},
				"up": {"uv": [0, 0, 0.5, 0.5], "texture": "#6"},
				"down": {"uv": [0, 0, 0.5, 0.5], "rotation": 180, "texture": "#6"}
			}
		},
		{
			"name": "octagon",
			"from": [6.05494, 5.48616, 5.51472],
			"to": [7.91462, 5.98695, 10.48528],
			"rotation": {"angle": 22.5, "axis": "z", "origin": [6.55494, -0.01384, 8]},
			"faces": {
				"north": {"uv": [0, 0, 0.5, 0.5], "rotation": 270, "texture": "#3"},
				"east": {"uv": [0, 0, 0.5, 0.5], "rotation": 180, "texture": "#3"},
				"south": {"uv": [0, 0, 0.5, 0.5], "rotation": 90, "texture": "#3"},
				"west": {"uv": [0, 0, 0.5, 0.5], "texture": "#3"},
				"up": {"uv": [0, 0, 0.5, 0.5], "rotation": 90, "texture": "#3"},
				"down": {"uv": [0, 0, 0.5, 0.5], "rotation": 90, "texture": "#3"}
			}
		},
		{
			"name": "octagon",
			"from": [5.51472, 5.48616, 6.05494],
			"to": [10.48528, 5.98695, 7.91462],
			"rotation": {"angle": -22.5, "axis": "x", "origin": [8, -0.01384, 6.55494]},
			"faces": {
				"north": {"uv": [0.5, 0, 0, 0.5], "texture": "#1"},
				"east": {"uv": [0, 0.5, 0.5, 0], "rotation": 90, "texture": "#1"},
				"south": {"uv": [0.5, 0, 0, 0.5], "rotation": 180, "texture": "#1"},
				"west": {"uv": [0, 0.5, 0.5, 0], "rotation": 270, "texture": "#1"},
				"up": {"uv": [0, 0.5, 0.5, 0], "texture": "#1"},
				"down": {"uv": [0, 0.5, 0.5, 0], "rotation": 180, "texture": "#1"}
			}
		},
		{
			"name": "octagon",
			"from": [8.08538, 5.48616, 5.51472],
			"to": [9.94506, 5.98695, 10.48528],
			"rotation": {"angle": -22.5, "axis": "z", "origin": [9.44506, -0.01384, 8]},
			"faces": {
				"north": {"uv": [0, 0.5, 0.5, 0], "rotation": 270, "texture": "#5"},
				"east": {"uv": [0.5, 0, 0, 0.5], "texture": "#5"},
				"south": {"uv": [0, 0.5, 0.5, 0], "rotation": 90, "texture": "#5"},
				"west": {"uv": [0.5, 0, 0, 0.5], "rotation": 180, "texture": "#5"},
				"up": {"uv": [0, 0.5, 0.5, 0], "rotation": 90, "texture": "#5"},
				"down": {"uv": [0, 0.5, 0.5, 0], "rotation": 90, "texture": "#5"}
			}
		},
		{
			"name": "octagon",
			"from": [5.51472, 5.5505, 5.51472],
			"to": [10.48528, 6.0505, 10.48528],
			"rotation": {"angle": 0, "axis": "y", "origin": [8, 0.0505, 9.72541]},
			"faces": {
				"north": {"uv": [0, 0, 0.5, 0.5], "rotation": 180, "texture": "#8"},
				"east": {"uv": [0, 0, 0.5, 0.5], "rotation": 90, "texture": "#8"},
				"south": {"uv": [0, 0, 0.5, 0.5], "texture": "#8"},
				"west": {"uv": [0, 0, 0.5, 0.5], "rotation": 270, "texture": "#8"},
				"up": {"uv": [0, 0, 0.5, 0.5], "texture": "#8"},
				"down": {"uv": [0, 0, 0.5, 0.5], "rotation": 180, "texture": "#8"}
			}
		},
		{
			"name": "octagon",
			"from": [7.51472, 6.0505, 7.51472],
			"to": [8.48528, 6.9505, 8.48528],
			"rotation": {"angle": 0, "axis": "y", "origin": [8, 0.0505, 9.72541]},
			"faces": {
				"north": {"uv": [0, 0, 0.5, 0.5], "rotation": 180, "texture": "#4"},
				"east": {"uv": [0, 0, 0.5, 0.5], "rotation": 90, "texture": "#4"},
				"south": {"uv": [0, 0, 0.5, 0.5], "texture": "#4"},
				"west": {"uv": [0, 0, 0.5, 0.5], "rotation": 270, "texture": "#4"},
				"up": {"uv": [0, 0, 0.5, 0.5], "texture": "#4"},
				"down": {"uv": [0, 0, 0.5, 0.5], "rotation": 180, "texture": "#4"}
			}
		},
		{
			"name": "octagon",
			"from": [7.51472, 7.0505, 7.51472],
			"to": [8.48528, 7.9505, 8.48528],
			"rotation": {"angle": 0, "axis": "y", "origin": [8, 0.0505, 9.72541]},
			"faces": {
				"north": {"uv": [0, 0, 0.5, 0.5], "rotation": 180, "texture": "#1"},
				"east": {"uv": [0, 0, 0.5, 0.5], "rotation": 90, "texture": "#1"},
				"south": {"uv": [0, 0, 0.5, 0.5], "texture": "#1"},
				"west": {"uv": [0, 0, 0.5, 0.5], "rotation": 270, "texture": "#1"},
				"up": {"uv": [0, 0, 0.5, 0.5], "texture": "#1"},
				"down": {"uv": [0, 0, 0.5, 0.5], "rotation": 180, "texture": "#1"}
			}
		},
		{
			"name": "octagon",
			"from": [7.51472, 8.5505, 7.51472],
			"to": [8.48528, 9.4505, 8.48528],
			"rotation": {"angle": 0, "axis": "y", "origin": [8, 0.0505, 9.72541]},
			"faces": {
				"north": {"uv": [0, 0, 0.5, 0.5], "rotation": 180, "texture": "#0"},
				"east": {"uv": [0, 0, 0.5, 0.5], "rotation": 90, "texture": "#0"},
				"south": {"uv": [0, 0, 0.5, 0.5], "texture": "#0"},
				"west": {"uv": [0, 0, 0.5, 0.5], "rotation": 270, "texture": "#0"},
				"up": {"uv": [0, 0, 0.5, 0.5], "texture": "#0"},
				"down": {"uv": [0, 0, 0.5, 0.5], "rotation": 180, "texture": "#0"}
			}
		},
		{
			"name": "octagon",
			"from": [7.81472, 5.6505, 7.81472],
			"to": [8.18528, 10.4505, 8.18528],
			"rotation": {"angle": 0, "axis": "y", "origin": [8, 0.0505, 9.72541]},
			"faces": {
				"north": {"uv": [0, 0, 0.5, 0.5], "rotation": 180, "texture": "#5"},
				"east": {"uv": [0, 0, 0.5, 0.5], "rotation": 90, "texture": "#5"},
				"south": {"uv": [0, 0, 0.5, 0.5], "texture": "#5"},
				"west": {"uv": [0, 0, 0.5, 0.5], "rotation": 270, "texture": "#5"},
				"up": {"uv": [0, 0, 0.5, 0.5], "texture": "#5"},
				"down": {"uv": [0, 0, 0.5, 0.5], "rotation": 180, "texture": "#5"}
			}
		},
		{
			"name": "octagon",
			"from": [2, 0, 5.51472],
			"to": [2.5, 3, 10.48528],
			"rotation": {"angle": 45, "axis": "y", "origin": [8, 0.5, 8]},
			"faces": {
				"north": {"uv": [0, 0, 0.5, 0.5], "texture": "#4"},
				"east": {"uv": [0, 0, 0.5, 0.5], "texture": "#4"},
				"south": {"uv": [0, 0, 0.5, 0.5], "texture": "#4"},
				"west": {"uv": [0, 0, 0.5, 0.5], "texture": "#4"},
				"up": {"uv": [0, 0, 0.5, 0.5], "texture": "#4"},
				"down": {"uv": [0, 0, 0.5, 0.5], "texture": "#4"}
			}
		},
		{
			"name": "octagon",
			"from": [2, 0, 5.51472],
			"to": [2.5, 3, 10.48528],
			"rotation": {"angle": 0, "axis": "y", "origin": [8, 0.5, 8]},
			"faces": {
				"north": {"uv": [0, 0, 0.5, 0.5], "texture": "#3"},
				"east": {"uv": [0, 0, 0.5, 0.5], "texture": "#3"},
				"south": {"uv": [0, 0, 0.5, 0.5], "texture": "#3"},
				"west": {"uv": [0, 0, 0.5, 0.5], "texture": "#3"},
				"up": {"uv": [0, 0, 0.5, 0.5], "texture": "#3"},
				"down": {"uv": [0, 0, 0.5, 0.5], "texture": "#3"}
			}
		},
		{
			"name": "octagon",
			"from": [13.5, 0, 5.51472],
			"to": [14, 3, 10.48528],
			"rotation": {"angle": 45, "axis": "y", "origin": [8, 0.5, 8]},
			"faces": {
				"north": {"uv": [0, 0, 0.5, 0.5], "texture": "#0"},
				"east": {"uv": [0, 0, 0.5, 0.5], "texture": "#0"},
				"south": {"uv": [0, 0, 0.5, 0.5], "texture": "#0"},
				"west": {"uv": [0, 0, 0.5, 0.5], "texture": "#0"},
				"up": {"uv": [0, 0, 0.5, 0.5], "texture": "#0"},
				"down": {"uv": [0, 0, 0.5, 0.5], "texture": "#0"}
			}
		},
		{
			"name": "octagon",
			"from": [13.5, 0, 5.51472],
			"to": [14, 3, 10.48528],
			"rotation": {"angle": 0, "axis": "y", "origin": [8, 0.5, 8]},
			"faces": {
				"north": {"uv": [0, 0, 0.5, 0.5], "texture": "#5"},
				"east": {"uv": [0, 0, 0.5, 0.5], "texture": "#5"},
				"south": {"uv": [0, 0, 0.5, 0.5], "texture": "#5"},
				"west": {"uv": [0, 0, 0.5, 0.5], "texture": "#5"},
				"up": {"uv": [0, 0, 0.5, 0.5], "texture": "#5"},
				"down": {"uv": [0, 0, 0.5, 0.5], "texture": "#5"}
			}
		},
		{
			"name": "octagon",
			"from": [5.78532, 3, 2.2706],
			"to": [10.21468, 3.92388, 3],
			"rotation": {"angle": 45, "axis": "y", "origin": [8, 3.5, 8]},
			"faces": {
				"north": {"uv": [0, 0, 0.5, 0.5], "texture": "#2"},
				"east": {"uv": [0, 0, 0.5, 0.5], "texture": "#2"},
				"south": {"uv": [0, 0, 0.5, 0.5], "texture": "#2"},
				"west": {"uv": [0, 0, 0.5, 0.5], "texture": "#2"},
				"up": {"uv": [0, 0, 0.5, 0.5], "texture": "#2"},
				"down": {"uv": [0, 0, 0.5, 0.5], "texture": "#2"}
			}
		},
		{
			"name": "octagon",
			"from": [5.78532, 3, 13],
			"to": [10.21468, 3.92388, 13.7294],
			"rotation": {"angle": 45, "axis": "y", "origin": [8, 3.5, 8]},
			"faces": {
				"north": {"uv": [0, 0, 0.5, 0.5], "texture": "#7"},
				"east": {"uv": [0, 0, 0.5, 0.5], "texture": "#7"},
				"south": {"uv": [0, 0, 0.5, 0.5], "texture": "#7"},
				"west": {"uv": [0, 0, 0.5, 0.5], "texture": "#7"},
				"up": {"uv": [0, 0, 0.5, 0.5], "texture": "#7"},
				"down": {"uv": [0, 0, 0.5, 0.5], "texture": "#7"}
			}
		},
		{
			"name": "octagon",
			"from": [2.2706, 3, 5.78532],
			"to": [3, 3.92388, 10.21468],
			"rotation": {"angle": 45, "axis": "y", "origin": [8, 3.5, 8]},
			"faces": {
				"north": {"uv": [0, 0, 0.5, 0.5], "texture": "#4"},
				"east": {"uv": [0, 0, 0.5, 0.5], "texture": "#4"},
				"south": {"uv": [0, 0, 0.5, 0.5], "texture": "#4"},
				"west": {"uv": [0, 0, 0.5, 0.5], "texture": "#4"},
				"up": {"uv": [0, 0, 0.5, 0.5], "texture": "#4"},
				"down": {"uv": [0, 0, 0.5, 0.5], "texture": "#4"}
			}
		},
		{
			"name": "octagon",
			"from": [13, 3, 5.78532],
			"to": [13.7294, 3.92388, 10.21468],
			"rotation": {"angle": 45, "axis": "y", "origin": [8, 3.5, 8]},
			"faces": {
				"north": {"uv": [0, 0, 0.5, 0.5], "texture": "#0"},
				"east": {"uv": [0, 0, 0.5, 0.5], "texture": "#0"},
				"south": {"uv": [0, 0, 0.5, 0.5], "texture": "#0"},
				"west": {"uv": [0, 0, 0.5, 0.5], "texture": "#0"},
				"up": {"uv": [0, 0, 0.5, 0.5], "texture": "#0"},
				"down": {"uv": [0, 0, 0.5, 0.5], "texture": "#0"}
			}
		},
		{
			"name": "octagon",
			"from": [7.78532, 4.61421, 3.68481],
			"to": [10.21468, 5.33809, 4.41421],
			"rotation": {"angle": 45, "axis": "y", "origin": [8, 4.91421, 9.41421]},
			"faces": {
				"north": {"uv": [0, 0, 0.5, 0.5], "texture": "#2"},
				"east": {"uv": [0, 0, 0.5, 0.5], "texture": "#2"},
				"south": {"uv": [0, 0, 0.5, 0.5], "texture": "#2"},
				"west": {"uv": [0, 0, 0.5, 0.5], "texture": "#2"},
				"up": {"uv": [0, 0, 0.5, 0.5], "texture": "#2"},
				"down": {"uv": [0, 0, 0.5, 0.5], "texture": "#2"}
			}
		},
		{
			"name": "octagon",
			"from": [5.78532, 4.61421, 3.68481],
			"to": [8.21468, 5.33809, 4.41421],
			"rotation": {"angle": -45, "axis": "y", "origin": [8, 4.91421, 9.41421]},
			"faces": {
				"north": {"uv": [0.5, 0, 0, 0.5], "texture": "#0"},
				"east": {"uv": [0.5, 0, 0, 0.5], "texture": "#0"},
				"south": {"uv": [0.5, 0, 0, 0.5], "texture": "#0"},
				"west": {"uv": [0.5, 0, 0, 0.5], "texture": "#0"},
				"up": {"uv": [0.5, 0, 0, 0.5], "texture": "#0"},
				"down": {"uv": [0.5, 0, 0, 0.5], "texture": "#0"}
			}
		},
		{
			"name": "octagon",
			"from": [5.78532, 4.61421, 11.58579],
			"to": [8.21468, 5.33809, 12.31519],
			"rotation": {"angle": 45, "axis": "y", "origin": [8, 4.91421, 6.58579]},
			"faces": {
				"north": {"uv": [0, 0, 0.5, 0.5], "texture": "#7"},
				"east": {"uv": [0, 0, 0.5, 0.5], "texture": "#7"},
				"south": {"uv": [0, 0, 0.5, 0.5], "texture": "#7"},
				"west": {"uv": [0, 0, 0.5, 0.5], "texture": "#7"},
				"up": {"uv": [0.5, 0.5, 0, 0], "texture": "#7"},
				"down": {"uv": [0.5, 0.5, 0, 0], "texture": "#7"}
			}
		},
		{
			"name": "octagon",
			"from": [7.78532, 4.61421, 11.58579],
			"to": [10.21468, 5.33809, 12.31519],
			"rotation": {"angle": -45, "axis": "y", "origin": [8, 4.91421, 6.58579]},
			"faces": {
				"north": {"uv": [0.5, 0, 0, 0.5], "texture": "#4"},
				"east": {"uv": [0.5, 0, 0, 0.5], "texture": "#4"},
				"south": {"uv": [0.5, 0, 0, 0.5], "texture": "#4"},
				"west": {"uv": [0.5, 0, 0, 0.5], "texture": "#4"},
				"up": {"uv": [0, 0.5, 0.5, 0], "texture": "#4"},
				"down": {"uv": [0, 0.5, 0.5, 0], "texture": "#4"}
			}
		},
		{
			"name": "octagon",
			"from": [8.28532, 5.11421, 4.18481],
			"to": [9.71468, 5.58809, 4.91421],
			"rotation": {"angle": 45, "axis": "y", "origin": [8, 4.91421, 9.41421]},
			"faces": {
				"north": {"uv": [0, 0, 0.5, 0.5], "texture": "#2"},
				"east": {"uv": [0, 0, 0.5, 0.5], "texture": "#2"},
				"south": {"uv": [0, 0, 0.5, 0.5], "texture": "#2"},
				"west": {"uv": [0, 0, 0.5, 0.5], "texture": "#2"},
				"up": {"uv": [0, 0, 0.5, 0.5], "texture": "#2"},
				"down": {"uv": [0, 0, 0.5, 0.5], "texture": "#2"}
			}
		},
		{
			"name": "octagon",
			"from": [6.28532, 5.11421, 4.18481],
			"to": [7.71468, 5.58809, 4.91421],
			"rotation": {"angle": -45, "axis": "y", "origin": [8, 4.91421, 9.41421]},
			"faces": {
				"north": {"uv": [0.5, 0, 0, 0.5], "texture": "#0"},
				"east": {"uv": [0.5, 0, 0, 0.5], "texture": "#0"},
				"south": {"uv": [0.5, 0, 0, 0.5], "texture": "#0"},
				"west": {"uv": [0.5, 0, 0, 0.5], "texture": "#0"},
				"up": {"uv": [0.5, 0, 0, 0.5], "texture": "#0"},
				"down": {"uv": [0.5, 0, 0, 0.5], "texture": "#0"}
			}
		},
		{
			"name": "octagon",
			"from": [6.28532, 5.11421, 11.08579],
			"to": [7.71468, 5.58809, 11.81519],
			"rotation": {"angle": 45, "axis": "y", "origin": [8, 4.91421, 6.58579]},
			"faces": {
				"north": {"uv": [0, 0, 0.5, 0.5], "texture": "#7"},
				"east": {"uv": [0, 0, 0.5, 0.5], "texture": "#7"},
				"south": {"uv": [0, 0, 0.5, 0.5], "texture": "#7"},
				"west": {"uv": [0, 0, 0.5, 0.5], "texture": "#7"},
				"up": {"uv": [0.5, 0.5, 0, 0], "texture": "#7"},
				"down": {"uv": [0.5, 0.5, 0, 0], "texture": "#7"}
			}
		},
		{
			"name": "octagon",
			"from": [8.28532, 5.11421, 11.08579],
			"to": [9.71468, 5.58809, 11.81519],
			"rotation": {"angle": -45, "axis": "y", "origin": [8, 4.91421, 6.58579]},
			"faces": {
				"north": {"uv": [0.5, 0, 0, 0.5], "texture": "#4"},
				"east": {"uv": [0.5, 0, 0, 0.5], "texture": "#4"},
				"south": {"uv": [0.5, 0, 0, 0.5], "texture": "#4"},
				"west": {"uv": [0.5, 0, 0, 0.5], "texture": "#4"},
				"up": {"uv": [0, 0.5, 0.5, 0], "texture": "#4"},
				"down": {"uv": [0, 0.5, 0.5, 0], "texture": "#4"}
			}
		},
		{
			"name": "octagon",
			"from": [7.28532, 3.51421, 3.18481],
			"to": [10.71468, 4.63809, 3.91421],
			"rotation": {"angle": 45, "axis": "y", "origin": [8, 4.01421, 9.41421]},
			"faces": {
				"north": {"uv": [0, 0, 0.5, 0.5], "texture": "#2"},
				"east": {"uv": [0, 0, 0.5, 0.5], "texture": "#2"},
				"south": {"uv": [0, 0, 0.5, 0.5], "texture": "#2"},
				"west": {"uv": [0, 0, 0.5, 0.5], "texture": "#2"},
				"up": {"uv": [0, 0, 0.5, 0.5], "texture": "#2"},
				"down": {"uv": [0, 0, 0.5, 0.5], "texture": "#2"}
			}
		},
		{
			"name": "octagon",
			"from": [5.28532, 3.51421, 3.18481],
			"to": [8.71468, 4.63809, 3.91421],
			"rotation": {"angle": -45, "axis": "y", "origin": [8, 4.01421, 9.41421]},
			"faces": {
				"north": {"uv": [0.5, 0, 0, 0.5], "texture": "#0"},
				"east": {"uv": [0.5, 0, 0, 0.5], "texture": "#0"},
				"south": {"uv": [0.5, 0, 0, 0.5], "texture": "#0"},
				"west": {"uv": [0.5, 0, 0, 0.5], "texture": "#0"},
				"up": {"uv": [0.5, 0, 0, 0.5], "texture": "#0"},
				"down": {"uv": [0.5, 0, 0, 0.5], "texture": "#0"}
			}
		},
		{
			"name": "octagon",
			"from": [5.28532, 3.51421, 12.08579],
			"to": [8.71468, 4.63809, 12.81519],
			"rotation": {"angle": 45, "axis": "y", "origin": [8, 4.01421, 6.58579]},
			"faces": {
				"north": {"uv": [0, 0, 0.5, 0.5], "texture": "#7"},
				"east": {"uv": [0, 0, 0.5, 0.5], "texture": "#7"},
				"south": {"uv": [0, 0, 0.5, 0.5], "texture": "#7"},
				"west": {"uv": [0, 0, 0.5, 0.5], "texture": "#7"},
				"up": {"uv": [0.5, 0.5, 0, 0], "texture": "#7"},
				"down": {"uv": [0.5, 0.5, 0, 0], "texture": "#7"}
			}
		},
		{
			"name": "octagon",
			"from": [7.28532, 3.51421, 12.08579],
			"to": [10.71468, 4.63809, 12.81519],
			"rotation": {"angle": -45, "axis": "y", "origin": [8, 4.01421, 6.58579]},
			"faces": {
				"north": {"uv": [0.5, 0, 0, 0.5], "texture": "#4"},
				"east": {"uv": [0.5, 0, 0, 0.5], "texture": "#4"},
				"south": {"uv": [0.5, 0, 0, 0.5], "texture": "#4"},
				"west": {"uv": [0.5, 0, 0, 0.5], "texture": "#4"},
				"up": {"uv": [0, 0.5, 0.5, 0], "texture": "#4"},
				"down": {"uv": [0, 0.5, 0.5, 0], "texture": "#4"}
			}
		},
		{
			"name": "hexadecagon",
			"from": [6.80653, 0, -3.17876],
			"to": [9.19347, 0.5, 1.82124],
			"rotation": {"angle": -45, "axis": "y", "origin": [8, 0.5, 2.82124]},
			"faces": {
				"north": {"uv": [0, 0, 0.5, 0.5], "texture": "#9"},
				"east": {"uv": [0, 0, 0.5, 0.5], "texture": "#9"},
				"south": {"uv": [0, 0, 0.5, 0.5], "texture": "#9"},
				"west": {"uv": [0, 0, 0.5, 0.5], "texture": "#9"},
				"up": {"uv": [0, 0, 0.5, 0.5], "texture": "#9"},
				"down": {"uv": [0, 0, 0.5, 0.5], "texture": "#9"}
			}
		},
		{
			"name": "hexadecagon",
			"from": [6.80653, 0, -3.17876],
			"to": [9.19347, 0.5, 1.82124],
			"rotation": {"angle": -22.5, "axis": "y", "origin": [8, 0.5, 2.82124]},
			"faces": {
				"north": {"uv": [0, 0, 0.5, 0.5], "texture": "#9"},
				"east": {"uv": [0, 0, 0.5, 0.5], "texture": "#9"},
				"south": {"uv": [0, 0, 0.5, 0.5], "texture": "#9"},
				"west": {"uv": [0, 0, 0.5, 0.5], "texture": "#9"},
				"up": {"uv": [0, 0, 0.5, 0.5], "texture": "#9"},
				"down": {"uv": [0, 0, 0.5, 0.5], "texture": "#9"}
			}
		},
		{
			"name": "hexadecagon",
			"from": [6.80653, 0, -3.17876],
			"to": [9.19347, 0.5, 2.82124],
			"rotation": {"angle": 0, "axis": "y", "origin": [8, 0.5, 2.82124]},
			"faces": {
				"north": {"uv": [0, 0, 0.5, 0.5], "texture": "#9"},
				"east": {"uv": [0, 0, 0.5, 0.5], "texture": "#9"},
				"south": {"uv": [0, 0, 0.5, 0.5], "texture": "#9"},
				"west": {"uv": [0, 0, 0.5, 0.5], "texture": "#9"},
				"up": {"uv": [0, 0, 0.5, 0.5], "texture": "#9"},
				"down": {"uv": [0, 0, 0.5, 0.5], "texture": "#9"}
			}
		},
		{
			"name": "hexadecagon",
			"from": [6.80653, 0, -3.17876],
			"to": [9.19347, 0.5, 1.82124],
			"rotation": {"angle": 22.5, "axis": "y", "origin": [8, 0.5, 2.82124]},
			"faces": {
				"north": {"uv": [0, 0, 0.5, 0.5], "texture": "#9"},
				"east": {"uv": [0, 0, 0.5, 0.5], "texture": "#9"},
				"south": {"uv": [0, 0, 0.5, 0.5], "texture": "#9"},
				"west": {"uv": [0, 0, 0.5, 0.5], "texture": "#9"},
				"up": {"uv": [0, 0, 0.5, 0.5], "texture": "#9"},
				"down": {"uv": [0, 0, 0.5, 0.5], "texture": "#9"}
			}
		},
		{
			"name": "hexadecagon",
			"from": [6.80653, 0, -3.17876],
			"to": [9.19347, 0.5, 1.82124],
			"rotation": {"angle": 45, "axis": "y", "origin": [8, 0.5, 2.82124]},
			"faces": {
				"north": {"uv": [0, 0, 0.5, 0.5], "texture": "#9"},
				"east": {"uv": [0, 0, 0.5, 0.5], "texture": "#9"},
				"south": {"uv": [0, 0, 0.5, 0.5], "texture": "#9"},
				"west": {"uv": [0, 0, 0.5, 0.5], "texture": "#9"},
				"up": {"uv": [0, 0, 0.5, 0.5], "texture": "#9"},
				"down": {"uv": [0, 0, 0.5, 0.5], "texture": "#9"}
			}
		},
		{
			"name": "hexadecagon",
			"from": [2, 0, 1.62777],
			"to": [7, 0.5, 4.01472],
			"rotation": {"angle": -22.5, "axis": "y", "origin": [8, 0.5, 2.82124]},
			"faces": {
				"north": {"uv": [0, 0, 0.5, 0.5], "texture": "#9"},
				"east": {"uv": [0, 0, 0.5, 0.5], "texture": "#9"},
				"south": {"uv": [0, 0, 0.5, 0.5], "texture": "#9"},
				"west": {"uv": [0, 0, 0.5, 0.5], "texture": "#9"},
				"up": {"uv": [0, 0, 0.5, 0.5], "texture": "#9"},
				"down": {"uv": [0, 0, 0.5, 0.5], "texture": "#9"}
			}
		},
		{
			"name": "hexadecagon",
			"from": [2, 0, 1.62777],
			"to": [14, 0.5, 5.51472],
			"rotation": {"angle": 0, "axis": "y", "origin": [8, 0.5, 2.82124]},
			"faces": {
				"north": {"uv": [0, 0, 0.5, 0.5], "texture": "#9"},
				"east": {"uv": [0, 0, 0.5, 0.5], "texture": "#9"},
				"south": {"uv": [0, 0, 0.5, 0.5], "texture": "#9"},
				"west": {"uv": [0, 0, 0.5, 0.5], "texture": "#9"},
				"up": {"uv": [0, 0, 0.5, 0.5], "texture": "#9"},
				"down": {"uv": [0, 0, 0.5, 0.5], "texture": "#9"}
			}
		},
		{
			"name": "hexadecagon",
			"from": [9, 0, 1.62777],
			"to": [14, 0.5, 4.01472],
			"rotation": {"angle": 22.5, "axis": "y", "origin": [8, 0.5, 2.82124]},
			"faces": {
				"north": {"uv": [0, 0, 0.5, 0.5], "texture": "#9"},
				"east": {"uv": [0, 0, 0.5, 0.5], "texture": "#9"},
				"south": {"uv": [0, 0, 0.5, 0.5], "texture": "#9"},
				"west": {"uv": [0, 0, 0.5, 0.5], "texture": "#9"},
				"up": {"uv": [0, 0, 0.5, 0.5], "texture": "#9"},
				"down": {"uv": [0, 0, 0.5, 0.5], "texture": "#9"}
			}
		},
		{
			"name": "octagon",
			"from": [6.51472, 8.0505, -16],
			"to": [9.48528, 8.4505, 32],
			"rotation": {"angle": 0, "axis": "y", "origin": [8, 8.2505, 632], "rescale": true},
			"faces": {
				"north": {"uv": [0, 0.5, 0.5, 0], "rotation": 90, "texture": "#10"},
				"east": {"uv": [0.5, 0, 0, 0.5], "rotation": 180, "texture": "#10"},
				"south": {"uv": [0, 0.5, 0.5, 0], "rotation": 270, "texture": "#10"},
				"west": {"uv": [0.5, 0, 0, 0.5], "texture": "#10"},
				"up": {"uv": [0.5, 0, 0, 0.5], "rotation": 90, "texture": "#10"},
				"down": {"uv": [0.5, 0, 0, 0.5], "rotation": 90, "texture": "#10"}
			}
		},
		{
			"name": "octagon",
			"from": [6.51472, 8.0505, -16],
			"to": [9.48528, 8.4505, 32],
			"rotation": {"angle": 0, "axis": "y", "origin": [8, 8.2505, 476], "rescale": true},
			"faces": {
				"north": {"uv": [0, 0.5, 0.5, 0], "rotation": 90, "texture": "#10"},
				"east": {"uv": [0.5, 0, 0, 0.5], "rotation": 180, "texture": "#10"},
				"south": {"uv": [0, 0.5, 0.5, 0], "rotation": 270, "texture": "#10"},
				"west": {"uv": [0.5, 0, 0, 0.5], "texture": "#10"},
				"up": {"uv": [0.5, 0, 0, 0.5], "rotation": 90, "texture": "#10"},
				"down": {"uv": [0.5, 0, 0, 0.5], "rotation": 90, "texture": "#10"}
			}
		},
		{
			"name": "octagon",
			"from": [6.51472, 8.0505, -16],
			"to": [9.48528, 8.4505, 32],
			"rotation": {"angle": 0, "axis": "y", "origin": [8, 8.2505, 320], "rescale": true},
			"faces": {
				"north": {"uv": [0, 0.5, 0.5, 0], "rotation": 90, "texture": "#10"},
				"east": {"uv": [0.5, 0, 0, 0.5], "rotation": 180, "texture": "#10"},
				"south": {"uv": [0, 0.5, 0.5, 0], "rotation": 270, "texture": "#10"},
				"west": {"uv": [0.5, 0, 0, 0.5], "texture": "#10"},
				"up": {"uv": [0.5, 0, 0, 0.5], "rotation": 90, "texture": "#10"},
				"down": {"uv": [0.5, 0, 0, 0.5], "rotation": 90, "texture": "#10"}
			}
		},
		{
			"name": "octagon",
			"from": [6.51472, 8.0505, -16],
			"to": [9.48528, 8.4505, 32],
			"rotation": {"angle": 0, "axis": "y", "origin": [8, 8.2505, 164], "rescale": true},
			"faces": {
				"north": {"uv": [0, 0.5, 0.5, 0], "rotation": 90, "texture": "#10"},
				"east": {"uv": [0.5, 0, 0, 0.5], "rotation": 180, "texture": "#10"},
				"south": {"uv": [0, 0.5, 0.5, 0], "rotation": 270, "texture": "#10"},
				"west": {"uv": [0.5, 0, 0, 0.5], "texture": "#10"},
				"up": {"uv": [0.5, 0, 0, 0.5], "rotation": 90, "texture": "#10"},
				"down": {"uv": [0.5, 0, 0, 0.5], "rotation": 90, "texture": "#10"}
			}
		},
		{
			"name": "octagon",
			"from": [6.51472, 8.0505, -16],
			"to": [9.48528, 8.4505, 32],
			"rotation": {"angle": 0, "axis": "y", "origin": [8, 8.2505, 8], "rescale": true},
			"faces": {
				"north": {"uv": [0, 0, 0.5, 0.5], "rotation": 270, "texture": "#10"},
				"east": {"uv": [0, 0, 0.5, 0.5], "rotation": 180, "texture": "#10"},
				"south": {"uv": [0, 0, 0.5, 0.5], "rotation": 90, "texture": "#10"},
				"west": {"uv": [0, 0, 0.5, 0.5], "texture": "#10"},
				"up": {"uv": [0, 0, 0.5, 0.5], "rotation": 90, "texture": "#10"},
				"down": {"uv": [0, 0, 0.5, 0.5], "rotation": 90, "texture": "#10"}
			}
		},
		{
			"name": "octagon",
			"from": [6.51472, 8.0505, -16],
			"to": [9.48528, 8.4505, 32],
			"rotation": {"angle": 0, "axis": "y", "origin": [8, 8.2505, -148], "rescale": true},
			"faces": {
				"north": {"uv": [0, 0, 0.5, 0.5], "rotation": 270, "texture": "#10"},
				"east": {"uv": [0, 0, 0.5, 0.5], "rotation": 180, "texture": "#10"},
				"south": {"uv": [0, 0, 0.5, 0.5], "rotation": 90, "texture": "#10"},
				"west": {"uv": [0, 0, 0.5, 0.5], "texture": "#10"},
				"up": {"uv": [0, 0, 0.5, 0.5], "rotation": 90, "texture": "#10"},
				"down": {"uv": [0, 0, 0.5, 0.5], "rotation": 90, "texture": "#10"}
			}
		},
		{
			"name": "octagon",
			"from": [6.51472, 8.0505, -16],
			"to": [9.48528, 8.4505, 32],
			"rotation": {"angle": 0, "axis": "y", "origin": [8, 8.2505, -304], "rescale": true},
			"faces": {
				"north": {"uv": [0, 0, 0.5, 0.5], "rotation": 270, "texture": "#10"},
				"east": {"uv": [0, 0, 0.5, 0.5], "rotation": 180, "texture": "#10"},
				"south": {"uv": [0, 0, 0.5, 0.5], "rotation": 90, "texture": "#10"},
				"west": {"uv": [0, 0, 0.5, 0.5], "texture": "#10"},
				"up": {"uv": [0, 0, 0.5, 0.5], "rotation": 90, "texture": "#10"},
				"down": {"uv": [0, 0, 0.5, 0.5], "rotation": 90, "texture": "#10"}
			}
		},
		{
			"name": "octagon",
			"from": [6.51472, 8.0505, -16],
			"to": [9.48528, 8.4505, 32],
			"rotation": {"angle": 0, "axis": "y", "origin": [8, 8.2505, -460], "rescale": true},
			"faces": {
				"north": {"uv": [0, 0, 0.5, 0.5], "rotation": 270, "texture": "#10"},
				"east": {"uv": [0, 0, 0.5, 0.5], "rotation": 180, "texture": "#10"},
				"south": {"uv": [0, 0, 0.5, 0.5], "rotation": 90, "texture": "#10"},
				"west": {"uv": [0, 0, 0.5, 0.5], "texture": "#10"},
				"up": {"uv": [0, 0, 0.5, 0.5], "rotation": 90, "texture": "#10"},
				"down": {"uv": [0, 0, 0.5, 0.5], "rotation": 90, "texture": "#10"}
			}
		},
		{
			"name": "octagon",
			"from": [6.51472, 8.0505, -16],
			"to": [9.48528, 8.4505, 32],
			"rotation": {"angle": 0, "axis": "y", "origin": [8, 8.2505, -616], "rescale": true},
			"faces": {
				"north": {"uv": [0, 0, 0.5, 0.5], "rotation": 270, "texture": "#10"},
				"east": {"uv": [0, 0, 0.5, 0.5], "rotation": 180, "texture": "#10"},
				"south": {"uv": [0, 0, 0.5, 0.5], "rotation": 90, "texture": "#10"},
				"west": {"uv": [0, 0, 0.5, 0.5], "texture": "#10"},
				"up": {"uv": [0, 0, 0.5, 0.5], "rotation": 90, "texture": "#10"},
				"down": {"uv": [0, 0, 0.5, 0.5], "rotation": 90, "texture": "#10"}
			}
		},
		{
			"name": "octagon",
			"from": [6.51472, 8.0505, -16],
			"to": [9.48528, 8.4505, 32],
			"rotation": {"angle": 22.5, "axis": "y", "origin": [-519.5, 8.2505, 288], "rescale": true},
			"faces": {
				"north": {"uv": [0, 0, 0.5, 0.5], "rotation": 90, "texture": "#11"},
				"east": {"uv": [0, 0, 0.5, 0.5], "texture": "#11"},
				"south": {"uv": [0, 0, 0.5, 0.5], "rotation": 270, "texture": "#11"},
				"west": {"uv": [0, 0, 0.5, 0.5], "rotation": 180, "texture": "#11"},
				"up": {"uv": [0.5, 0.5, 0, 0], "rotation": 90, "texture": "#11"},
				"down": {"uv": [0.5, 0.5, 0, 0], "rotation": 90, "texture": "#11"}
			}
		},
		{
			"name": "octagon",
			"from": [6.51472, 8.0505, -16],
			"to": [9.48528, 8.4505, 32],
			"rotation": {"angle": 22.5, "axis": "y", "origin": [-414, 8.2505, 232], "rescale": true},
			"faces": {
				"north": {"uv": [0, 0, 0.5, 0.5], "rotation": 90, "texture": "#11"},
				"east": {"uv": [0, 0, 0.5, 0.5], "texture": "#11"},
				"south": {"uv": [0, 0, 0.5, 0.5], "rotation": 270, "texture": "#11"},
				"west": {"uv": [0, 0, 0.5, 0.5], "rotation": 180, "texture": "#11"},
				"up": {"uv": [0.5, 0.5, 0, 0], "rotation": 90, "texture": "#11"},
				"down": {"uv": [0.5, 0.5, 0, 0], "rotation": 90, "texture": "#11"}
			}
		},
		{
			"name": "octagon",
			"from": [6.51472, 8.0505, -16],
			"to": [9.48528, 8.4505, 32],
			"rotation": {"angle": 22.5, "axis": "y", "origin": [-308.5, 8.2505, 176], "rescale": true},
			"faces": {
				"north": {"uv": [0, 0, 0.5, 0.5], "rotation": 90, "texture": "#11"},
				"east": {"uv": [0, 0, 0.5, 0.5], "texture": "#11"},
				"south": {"uv": [0, 0, 0.5, 0.5], "rotation": 270, "texture": "#11"},
				"west": {"uv": [0, 0, 0.5, 0.5], "rotation": 180, "texture": "#11"},
				"up": {"uv": [0.5, 0.5, 0, 0], "rotation": 90, "texture": "#11"},
				"down": {"uv": [0.5, 0.5, 0, 0], "rotation": 90, "texture": "#11"}
			}
		},
		{
			"name": "octagon",
			"from": [6.51472, 8.0505, -16],
			"to": [9.48528, 8.4505, 32],
			"rotation": {"angle": 22.5, "axis": "y", "origin": [-203, 8.2505, 120], "rescale": true},
			"faces": {
				"north": {"uv": [0, 0, 0.5, 0.5], "rotation": 90, "texture": "#11"},
				"east": {"uv": [0, 0, 0.5, 0.5], "texture": "#11"},
				"south": {"uv": [0, 0, 0.5, 0.5], "rotation": 270, "texture": "#11"},
				"west": {"uv": [0, 0, 0.5, 0.5], "rotation": 180, "texture": "#11"},
				"up": {"uv": [0.5, 0.5, 0, 0], "rotation": 90, "texture": "#11"},
				"down": {"uv": [0.5, 0.5, 0, 0], "rotation": 90, "texture": "#11"}
			}
		},
		{
			"name": "octagon",
			"from": [6.51472, 8.0505, -16],
			"to": [9.48528, 8.4505, 32],
			"rotation": {"angle": 22.5, "axis": "y", "origin": [-97.5, 8.2505, 64], "rescale": true},
			"faces": {
				"north": {"uv": [0, 0, 0.5, 0.5], "rotation": 90, "texture": "#11"},
				"east": {"uv": [0, 0, 0.5, 0.5], "texture": "#11"},
				"south": {"uv": [0, 0, 0.5, 0.5], "rotation": 270, "texture": "#11"},
				"west": {"uv": [0, 0, 0.5, 0.5], "rotation": 180, "texture": "#11"},
				"up": {"uv": [0.5, 0.5, 0, 0], "rotation": 90, "texture": "#11"},
				"down": {"uv": [0.5, 0.5, 0, 0], "rotation": 90, "texture": "#11"}
			}
		},
		{
			"name": "octagon",
			"from": [6.51472, 8.0505, -16],
			"to": [9.48528, 8.4505, 32],
			"rotation": {"angle": 22.5, "axis": "y", "origin": [8, 8.2505, 8], "rescale": true},
			"faces": {
				"north": {"uv": [0, 0, 0.5, 0.5], "rotation": 270, "texture": "#11"},
				"east": {"uv": [0, 0, 0.5, 0.5], "rotation": 180, "texture": "#11"},
				"south": {"uv": [0, 0, 0.5, 0.5], "rotation": 90, "texture": "#11"},
				"west": {"uv": [0, 0, 0.5, 0.5], "texture": "#11"},
				"up": {"uv": [0, 0, 0.5, 0.5], "rotation": 90, "texture": "#11"},
				"down": {"uv": [0, 0, 0.5, 0.5], "rotation": 90, "texture": "#11"}
			}
		},
		{
			"name": "octagon",
			"from": [6.51472, 8.0505, -16],
			"to": [9.48528, 8.4505, 32],
			"rotation": {"angle": 22.5, "axis": "y", "origin": [113.5, 8.2505, -48], "rescale": true},
			"faces": {
				"north": {"uv": [0, 0, 0.5, 0.5], "rotation": 270, "texture": "#11"},
				"east": {"uv": [0, 0, 0.5, 0.5], "rotation": 180, "texture": "#11"},
				"south": {"uv": [0, 0, 0.5, 0.5], "rotation": 90, "texture": "#11"},
				"west": {"uv": [0, 0, 0.5, 0.5], "texture": "#11"},
				"up": {"uv": [0, 0, 0.5, 0.5], "rotation": 90, "texture": "#11"},
				"down": {"uv": [0, 0, 0.5, 0.5], "rotation": 90, "texture": "#11"}
			}
		},
		{
			"name": "octagon",
			"from": [6.51472, 8.0505, -16],
			"to": [9.48528, 8.4505, 32],
			"rotation": {"angle": 22.5, "axis": "y", "origin": [219, 8.2505, -104], "rescale": true},
			"faces": {
				"north": {"uv": [0, 0, 0.5, 0.5], "rotation": 270, "texture": "#11"},
				"east": {"uv": [0, 0, 0.5, 0.5], "rotation": 180, "texture": "#11"},
				"south": {"uv": [0, 0, 0.5, 0.5], "rotation": 90, "texture": "#11"},
				"west": {"uv": [0, 0, 0.5, 0.5], "texture": "#11"},
				"up": {"uv": [0, 0, 0.5, 0.5], "rotation": 90, "texture": "#11"},
				"down": {"uv": [0, 0, 0.5, 0.5], "rotation": 90, "texture": "#11"}
			}
		},
		{
			"name": "octagon",
			"from": [6.51472, 8.0505, -16],
			"to": [9.48528, 8.4505, 32],
			"rotation": {"angle": 22.5, "axis": "y", "origin": [324.5, 8.2505, -160], "rescale": true},
			"faces": {
				"north": {"uv": [0, 0, 0.5, 0.5], "rotation": 270, "texture": "#11"},
				"east": {"uv": [0, 0, 0.5, 0.5], "rotation": 180, "texture": "#11"},
				"south": {"uv": [0, 0, 0.5, 0.5], "rotation": 90, "texture": "#11"},
				"west": {"uv": [0, 0, 0.5, 0.5], "texture": "#11"},
				"up": {"uv": [0, 0, 0.5, 0.5], "rotation": 90, "texture": "#11"},
				"down": {"uv": [0, 0, 0.5, 0.5], "rotation": 90, "texture": "#11"}
			}
		},
		{
			"name": "octagon",
			"from": [6.51472, 8.0505, -16],
			"to": [9.48528, 8.4505, 32],
			"rotation": {"angle": 22.5, "axis": "y", "origin": [430, 8.2505, -216], "rescale": true},
			"faces": {
				"north": {"uv": [0, 0, 0.5, 0.5], "rotation": 270, "texture": "#11"},
				"east": {"uv": [0, 0, 0.5, 0.5], "rotation": 180, "texture": "#11"},
				"south": {"uv": [0, 0, 0.5, 0.5], "rotation": 90, "texture": "#11"},
				"west": {"uv": [0, 0, 0.5, 0.5], "texture": "#11"},
				"up": {"uv": [0, 0, 0.5, 0.5], "rotation": 90, "texture": "#11"},
				"down": {"uv": [0, 0, 0.5, 0.5], "rotation": 90, "texture": "#11"}
			}
		},
		{
			"name": "octagon",
			"from": [6.51472, 8.0505, -16],
			"to": [9.48528, 8.4505, 32],
			"rotation": {"angle": 22.5, "axis": "y", "origin": [535.5, 8.2505, -272], "rescale": true},
			"faces": {
				"north": {"uv": [0, 0, 0.5, 0.5], "rotation": 270, "texture": "#11"},
				"east": {"uv": [0, 0, 0.5, 0.5], "rotation": 180, "texture": "#11"},
				"south": {"uv": [0, 0, 0.5, 0.5], "rotation": 90, "texture": "#11"},
				"west": {"uv": [0, 0, 0.5, 0.5], "texture": "#11"},
				"up": {"uv": [0, 0, 0.5, 0.5], "rotation": 90, "texture": "#11"},
				"down": {"uv": [0, 0, 0.5, 0.5], "rotation": 90, "texture": "#11"}
			}
		},
		{
			"name": "octagon",
			"from": [6.51472, 8.0505, -16],
			"to": [9.48528, 8.4505, 32],
			"rotation": {"angle": 45, "axis": "y", "origin": [-176, 8.2505, 192], "rescale": true},
			"faces": {
				"north": {"uv": [0, 0, 0.5, 0.5], "rotation": 270, "texture": "#12"},
				"east": {"uv": [0, 0, 0.5, 0.5], "rotation": 180, "texture": "#12"},
				"south": {"uv": [0, 0, 0.5, 0.5], "rotation": 90, "texture": "#12"},
				"west": {"uv": [0, 0, 0.5, 0.5], "texture": "#12"},
				"up": {"uv": [0, 0, 0.5, 0.5], "rotation": 90, "texture": "#12"},
				"down": {"uv": [0, 0, 0.5, 0.5], "rotation": 90, "texture": "#12"}
			}
		},
		{
			"name": "octagon",
			"from": [6.51472, 8.0505, -16],
			"to": [9.48528, 8.4505, 32],
			"rotation": {"angle": 45, "axis": "y", "origin": [-130, 8.2505, 146], "rescale": true},
			"faces": {
				"north": {"uv": [0, 0, 0.5, 0.5], "rotation": 270, "texture": "#12"},
				"east": {"uv": [0, 0, 0.5, 0.5], "rotation": 180, "texture": "#12"},
				"south": {"uv": [0, 0, 0.5, 0.5], "rotation": 90, "texture": "#12"},
				"west": {"uv": [0, 0, 0.5, 0.5], "texture": "#12"},
				"up": {"uv": [0, 0, 0.5, 0.5], "rotation": 90, "texture": "#12"},
				"down": {"uv": [0, 0, 0.5, 0.5], "rotation": 90, "texture": "#12"}
			}
		},
		{
			"name": "octagon",
			"from": [6.51472, 8.0505, -16],
			"to": [9.48528, 8.4505, 32],
			"rotation": {"angle": 45, "axis": "y", "origin": [-84, 8.2505, 100], "rescale": true},
			"faces": {
				"north": {"uv": [0, 0, 0.5, 0.5], "rotation": 270, "texture": "#12"},
				"east": {"uv": [0, 0, 0.5, 0.5], "rotation": 180, "texture": "#12"},
				"south": {"uv": [0, 0, 0.5, 0.5], "rotation": 90, "texture": "#12"},
				"west": {"uv": [0, 0, 0.5, 0.5], "texture": "#12"},
				"up": {"uv": [0, 0, 0.5, 0.5], "rotation": 90, "texture": "#12"},
				"down": {"uv": [0, 0, 0.5, 0.5], "rotation": 90, "texture": "#12"}
			}
		},
		{
			"name": "octagon",
			"from": [6.51472, 8.0505, -16],
			"to": [9.48528, 8.4505, 32],
			"rotation": {"angle": 45, "axis": "y", "origin": [-38, 8.2505, 54], "rescale": true},
			"faces": {
				"north": {"uv": [0, 0, 0.5, 0.5], "rotation": 270, "texture": "#12"},
				"east": {"uv": [0, 0, 0.5, 0.5], "rotation": 180, "texture": "#12"},
				"south": {"uv": [0, 0, 0.5, 0.5], "rotation": 90, "texture": "#12"},
				"west": {"uv": [0, 0, 0.5, 0.5], "texture": "#12"},
				"up": {"uv": [0, 0, 0.5, 0.5], "rotation": 90, "texture": "#12"},
				"down": {"uv": [0, 0, 0.5, 0.5], "rotation": 90, "texture": "#12"}
			}
		},
		{
			"name": "octagon",
			"from": [6.51472, 8.0505, -16],
			"to": [9.48528, 8.4505, 32],
			"rotation": {"angle": 45, "axis": "y", "origin": [8, 8.2505, 8], "rescale": true},
			"faces": {
				"north": {"uv": [0, 0, 0.5, 0.5], "rotation": 270, "texture": "#12"},
				"east": {"uv": [0, 0, 0.5, 0.5], "rotation": 180, "texture": "#12"},
				"south": {"uv": [0, 0, 0.5, 0.5], "rotation": 90, "texture": "#12"},
				"west": {"uv": [0, 0, 0.5, 0.5], "texture": "#12"},
				"up": {"uv": [0, 0, 0.5, 0.5], "rotation": 90, "texture": "#12"},
				"down": {"uv": [0, 0, 0.5, 0.5], "rotation": 90, "texture": "#12"}
			}
		},
		{
			"name": "octagon",
			"from": [6.51472, 8.0505, -16],
			"to": [9.48528, 8.4505, 32],
			"rotation": {"angle": 45, "axis": "y", "origin": [54, 8.2505, -38], "rescale": true},
			"faces": {
				"north": {"uv": [0, 0, 0.5, 0.5], "rotation": 90, "texture": "#12"},
				"east": {"uv": [0, 0, 0.5, 0.5], "texture": "#12"},
				"south": {"uv": [0, 0, 0.5, 0.5], "rotation": 270, "texture": "#12"},
				"west": {"uv": [0, 0, 0.5, 0.5], "rotation": 180, "texture": "#12"},
				"up": {"uv": [0.5, 0.5, 0, 0], "rotation": 90, "texture": "#12"},
				"down": {"uv": [0.5, 0.5, 0, 0], "rotation": 90, "texture": "#12"}
			}
		},
		{
			"name": "octagon",
			"from": [6.51472, 8.0505, -16],
			"to": [9.48528, 8.4505, 32],
			"rotation": {"angle": 45, "axis": "y", "origin": [100, 8.2505, -84], "rescale": true},
			"faces": {
				"north": {"uv": [0, 0, 0.5, 0.5], "rotation": 90, "texture": "#12"},
				"east": {"uv": [0, 0, 0.5, 0.5], "texture": "#12"},
				"south": {"uv": [0, 0, 0.5, 0.5], "rotation": 270, "texture": "#12"},
				"west": {"uv": [0, 0, 0.5, 0.5], "rotation": 180, "texture": "#12"},
				"up": {"uv": [0.5, 0.5, 0, 0], "rotation": 90, "texture": "#12"},
				"down": {"uv": [0.5, 0.5, 0, 0], "rotation": 90, "texture": "#12"}
			}
		},
		{
			"name": "octagon",
			"from": [6.51472, 8.0505, -16],
			"to": [9.48528, 8.4505, 32],
			"rotation": {"angle": 45, "axis": "y", "origin": [146, 8.2505, -130], "rescale": true},
			"faces": {
				"north": {"uv": [0, 0, 0.5, 0.5], "rotation": 90, "texture": "#12"},
				"east": {"uv": [0, 0, 0.5, 0.5], "texture": "#12"},
				"south": {"uv": [0, 0, 0.5, 0.5], "rotation": 270, "texture": "#12"},
				"west": {"uv": [0, 0, 0.5, 0.5], "rotation": 180, "texture": "#12"},
				"up": {"uv": [0.5, 0.5, 0, 0], "rotation": 90, "texture": "#12"},
				"down": {"uv": [0.5, 0.5, 0, 0], "rotation": 90, "texture": "#12"}
			}
		},
		{
			"name": "octagon",
			"from": [6.51472, 8.0505, -16],
			"to": [9.48528, 8.4505, 32],
			"rotation": {"angle": 45, "axis": "y", "origin": [192, 8.2505, -176], "rescale": true},
			"faces": {
				"north": {"uv": [0, 0, 0.5, 0.5], "rotation": 90, "texture": "#12"},
				"east": {"uv": [0, 0, 0.5, 0.5], "texture": "#12"},
				"south": {"uv": [0, 0, 0.5, 0.5], "rotation": 270, "texture": "#12"},
				"west": {"uv": [0, 0, 0.5, 0.5], "rotation": 180, "texture": "#12"},
				"up": {"uv": [0.5, 0.5, 0, 0], "rotation": 90, "texture": "#12"},
				"down": {"uv": [0.5, 0.5, 0, 0], "rotation": 90, "texture": "#12"}
			}
		},
		{
			"name": "octagon",
			"from": [-16, 8.0505, 22.20474],
			"to": [32, 8.4505, 25.1753],
			"rotation": {"angle": -22.5, "axis": "y", "origin": [326.5, 8.2505, -505], "rescale": true},
			"faces": {
				"north": {"uv": [0.5, 0, 0, 0.5], "rotation": 180, "texture": "#13"},
				"east": {"uv": [0, 0.5, 0.5, 0], "rotation": 270, "texture": "#13"},
				"south": {"uv": [0.5, 0, 0, 0.5], "texture": "#13"},
				"west": {"uv": [0, 0.5, 0.5, 0], "rotation": 90, "texture": "#13"},
				"up": {"uv": [0.5, 0, 0, 0.5], "texture": "#13"},
				"down": {"uv": [0.5, 0, 0, 0.5], "rotation": 180, "texture": "#13"}
			}
		},
		{
			"name": "octagon",
			"from": [-16, 8.0505, 22.20474],
			"to": [32, 8.4505, 25.1753],
			"rotation": {"angle": -22.5, "axis": "y", "origin": [270.5, 8.2505, -399.5], "rescale": true},
			"faces": {
				"north": {"uv": [0.5, 0, 0, 0.5], "rotation": 180, "texture": "#13"},
				"east": {"uv": [0, 0.5, 0.5, 0], "rotation": 270, "texture": "#13"},
				"south": {"uv": [0.5, 0, 0, 0.5], "texture": "#13"},
				"west": {"uv": [0, 0.5, 0.5, 0], "rotation": 90, "texture": "#13"},
				"up": {"uv": [0.5, 0, 0, 0.5], "texture": "#13"},
				"down": {"uv": [0.5, 0, 0, 0.5], "rotation": 180, "texture": "#13"}
			}
		},
		{
			"name": "octagon",
			"from": [-16, 8.0505, 22.20474],
			"to": [32, 8.4505, 25.1753],
			"rotation": {"angle": -22.5, "axis": "y", "origin": [214.5, 8.2505, -294], "rescale": true},
			"faces": {
				"north": {"uv": [0.5, 0, 0, 0.5], "rotation": 180, "texture": "#13"},
				"east": {"uv": [0, 0.5, 0.5, 0], "rotation": 270, "texture": "#13"},
				"south": {"uv": [0.5, 0, 0, 0.5], "texture": "#13"},
				"west": {"uv": [0, 0.5, 0.5, 0], "rotation": 90, "texture": "#13"},
				"up": {"uv": [0.5, 0, 0, 0.5], "texture": "#13"},
				"down": {"uv": [0.5, 0, 0, 0.5], "rotation": 180, "texture": "#13"}
			}
		},
		{
			"name": "octagon",
			"from": [-16, 8.0505, 22.20474],
			"to": [32, 8.4505, 25.1753],
			"rotation": {"angle": -22.5, "axis": "y", "origin": [158.5, 8.2505, -188.5], "rescale": true},
			"faces": {
				"north": {"uv": [0.5, 0, 0, 0.5], "rotation": 180, "texture": "#13"},
				"east": {"uv": [0, 0.5, 0.5, 0], "rotation": 270, "texture": "#13"},
				"south": {"uv": [0.5, 0, 0, 0.5], "texture": "#13"},
				"west": {"uv": [0, 0.5, 0.5, 0], "rotation": 90, "texture": "#13"},
				"up": {"uv": [0.5, 0, 0, 0.5], "texture": "#13"},
				"down": {"uv": [0.5, 0, 0, 0.5], "rotation": 180, "texture": "#13"}
			}
		},
		{
			"name": "octagon",
			"from": [-16, 8.0505, 22.20474],
			"to": [32, 8.4505, 25.1753],
			"rotation": {"angle": -22.5, "axis": "y", "origin": [102.5, 8.2505, -83], "rescale": true},
			"faces": {
				"north": {"uv": [0.5, 0, 0, 0.5], "rotation": 180, "texture": "#13"},
				"east": {"uv": [0, 0.5, 0.5, 0], "rotation": 270, "texture": "#13"},
				"south": {"uv": [0.5, 0, 0, 0.5], "texture": "#13"},
				"west": {"uv": [0, 0.5, 0.5, 0], "rotation": 90, "texture": "#13"},
				"up": {"uv": [0.5, 0, 0, 0.5], "texture": "#13"},
				"down": {"uv": [0.5, 0, 0, 0.5], "rotation": 180, "texture": "#13"}
			}
		},
		{
			"name": "octagon",
			"from": [-16, 8.0505, 6.51472],
			"to": [32, 8.4505, 9.48528],
			"rotation": {"angle": -22.5, "axis": "y", "origin": [8, 8.2505, 8], "rescale": true},
			"faces": {
				"north": {"uv": [0, 0, 0.5, 0.5], "rotation": 180, "texture": "#13"},
				"east": {"uv": [0, 0, 0.5, 0.5], "rotation": 90, "texture": "#13"},
				"south": {"uv": [0, 0, 0.5, 0.5], "texture": "#13"},
				"west": {"uv": [0, 0, 0.5, 0.5], "rotation": 270, "texture": "#13"},
				"up": {"uv": [0, 0, 0.5, 0.5], "texture": "#13"},
				"down": {"uv": [0, 0, 0.5, 0.5], "rotation": 180, "texture": "#13"}
			}
		},
		{
			"name": "octagon",
			"from": [-16, 8.0505, -9.1753],
			"to": [32, 8.4505, -6.20474],
			"rotation": {"angle": -22.5, "axis": "y", "origin": [-86.5, 8.2505, 99], "rescale": true},
			"faces": {
				"north": {"uv": [0.5, 0, 0, 0.5], "texture": "#13"},
				"east": {"uv": [0, 0.5, 0.5, 0], "rotation": 90, "texture": "#13"},
				"south": {"uv": [0.5, 0, 0, 0.5], "rotation": 180, "texture": "#13"},
				"west": {"uv": [0, 0.5, 0.5, 0], "rotation": 270, "texture": "#13"},
				"up": {"uv": [0, 0.5, 0.5, 0], "texture": "#13"},
				"down": {"uv": [0, 0.5, 0.5, 0], "rotation": 180, "texture": "#13"}
			}
		},
		{
			"name": "octagon",
			"from": [-16, 8.0505, -9.1753],
			"to": [32, 8.4505, -6.20474],
			"rotation": {"angle": -22.5, "axis": "y", "origin": [-142.5, 8.2505, 204.5], "rescale": true},
			"faces": {
				"north": {"uv": [0.5, 0, 0, 0.5], "texture": "#13"},
				"east": {"uv": [0, 0.5, 0.5, 0], "rotation": 90, "texture": "#13"},
				"south": {"uv": [0.5, 0, 0, 0.5], "rotation": 180, "texture": "#13"},
				"west": {"uv": [0, 0.5, 0.5, 0], "rotation": 270, "texture": "#13"},
				"up": {"uv": [0, 0.5, 0.5, 0], "texture": "#13"},
				"down": {"uv": [0, 0.5, 0.5, 0], "rotation": 180, "texture": "#13"}
			}
		},
		{
			"name": "octagon",
			"from": [-16, 8.0505, -9.1753],
			"to": [32, 8.4505, -6.20474],
			"rotation": {"angle": -22.5, "axis": "y", "origin": [-198.5, 8.2505, 310], "rescale": true},
			"faces": {
				"north": {"uv": [0.5, 0, 0, 0.5], "texture": "#13"},
				"east": {"uv": [0, 0.5, 0.5, 0], "rotation": 90, "texture": "#13"},
				"south": {"uv": [0.5, 0, 0, 0.5], "rotation": 180, "texture": "#13"},
				"west": {"uv": [0, 0.5, 0.5, 0], "rotation": 270, "texture": "#13"},
				"up": {"uv": [0, 0.5, 0.5, 0], "texture": "#13"},
				"down": {"uv": [0, 0.5, 0.5, 0], "rotation": 180, "texture": "#13"}
			}
		},
		{
			"name": "octagon",
			"from": [-16, 8.0505, -9.1753],
			"to": [32, 8.4505, -6.20474],
			"rotation": {"angle": -22.5, "axis": "y", "origin": [-254.5, 8.2505, 415.5], "rescale": true},
			"faces": {
				"north": {"uv": [0.5, 0, 0, 0.5], "texture": "#13"},
				"east": {"uv": [0, 0.5, 0.5, 0], "rotation": 90, "texture": "#13"},
				"south": {"uv": [0.5, 0, 0, 0.5], "rotation": 180, "texture": "#13"},
				"west": {"uv": [0, 0.5, 0.5, 0], "rotation": 270, "texture": "#13"},
				"up": {"uv": [0, 0.5, 0.5, 0], "texture": "#13"},
				"down": {"uv": [0, 0.5, 0.5, 0], "rotation": 180, "texture": "#13"}
			}
		},
		{
			"name": "octagon",
			"from": [-16, 8.0505, -9.1753],
			"to": [32, 8.4505, -6.20474],
			"rotation": {"angle": -22.5, "axis": "y", "origin": [-310.5, 8.2505, 521], "rescale": true},
			"faces": {
				"north": {"uv": [0.5, 0, 0, 0.5], "texture": "#13"},
				"east": {"uv": [0, 0.5, 0.5, 0], "rotation": 90, "texture": "#13"},
				"south": {"uv": [0.5, 0, 0, 0.5], "rotation": 180, "texture": "#13"},
				"west": {"uv": [0, 0.5, 0.5, 0], "rotation": 270, "texture": "#13"},
				"up": {"uv": [0, 0.5, 0.5, 0], "texture": "#13"},
				"down": {"uv": [0, 0.5, 0.5, 0], "rotation": 180, "texture": "#13"}
			}
		},
		{
			"name": "octagon",
			"from": [-16, 8.0505, 6.51472],
			"to": [32, 8.4505, 9.48528],
			"rotation": {"angle": 0, "axis": "y", "origin": [632, 8.2505, 8], "rescale": true},
			"faces": {
				"north": {"uv": [0.5, 0, 0, 0.5], "rotation": 180, "texture": "#14"},
				"east": {"uv": [0, 0.5, 0.5, 0], "rotation": 270, "texture": "#14"},
				"south": {"uv": [0.5, 0, 0, 0.5], "texture": "#14"},
				"west": {"uv": [0, 0.5, 0.5, 0], "rotation": 90, "texture": "#14"},
				"up": {"uv": [0.5, 0, 0, 0.5], "texture": "#14"},
				"down": {"uv": [0.5, 0, 0, 0.5], "rotation": 180, "texture": "#14"}
			}
		},
		{
			"name": "octagon",
			"from": [-16, 8.0505, 6.51472],
			"to": [32, 8.4505, 9.48528],
			"rotation": {"angle": 0, "axis": "y", "origin": [476, 8.2505, 8], "rescale": true},
			"faces": {
				"north": {"uv": [0.5, 0, 0, 0.5], "rotation": 180, "texture": "#14"},
				"east": {"uv": [0, 0.5, 0.5, 0], "rotation": 270, "texture": "#14"},
				"south": {"uv": [0.5, 0, 0, 0.5], "texture": "#14"},
				"west": {"uv": [0, 0.5, 0.5, 0], "rotation": 90, "texture": "#14"},
				"up": {"uv": [0.5, 0, 0, 0.5], "texture": "#14"},
				"down": {"uv": [0.5, 0, 0, 0.5], "rotation": 180, "texture": "#14"}
			}
		},
		{
			"name": "octagon",
			"from": [-16, 8.0505, 6.51472],
			"to": [32, 8.4505, 9.48528],
			"rotation": {"angle": 0, "axis": "y", "origin": [320, 8.2505, 8], "rescale": true},
			"faces": {
				"north": {"uv": [0.5, 0, 0, 0.5], "rotation": 180, "texture": "#14"},
				"east": {"uv": [0, 0.5, 0.5, 0], "rotation": 270, "texture": "#14"},
				"south": {"uv": [0.5, 0, 0, 0.5], "texture": "#14"},
				"west": {"uv": [0, 0.5, 0.5, 0], "rotation": 90, "texture": "#14"},
				"up": {"uv": [0.5, 0, 0, 0.5], "texture": "#14"},
				"down": {"uv": [0.5, 0, 0, 0.5], "rotation": 180, "texture": "#14"}
			}
		},
		{
			"name": "octagon",
			"from": [-16, 8.0505, 6.51472],
			"to": [32, 8.4505, 9.48528],
			"rotation": {"angle": 0, "axis": "y", "origin": [164, 8.2505, 8], "rescale": true},
			"faces": {
				"north": {"uv": [0.5, 0, 0, 0.5], "rotation": 180, "texture": "#14"},
				"east": {"uv": [0, 0.5, 0.5, 0], "rotation": 270, "texture": "#14"},
				"south": {"uv": [0.5, 0, 0, 0.5], "texture": "#14"},
				"west": {"uv": [0, 0.5, 0.5, 0], "rotation": 90, "texture": "#14"},
				"up": {"uv": [0.5, 0, 0, 0.5], "texture": "#14"},
				"down": {"uv": [0.5, 0, 0, 0.5], "rotation": 180, "texture": "#14"}
			}
		},
		{
			"name": "octagon",
			"from": [-16, 8.0505, 6.51472],
			"to": [32, 8.4505, 9.48528],
			"rotation": {"angle": 0, "axis": "y", "origin": [8, 8.2505, 8], "rescale": true},
			"faces": {
				"north": {"uv": [0, 0, 0.5, 0.5], "rotation": 180, "texture": "#14"},
				"east": {"uv": [0, 0, 0.5, 0.5], "rotation": 90, "texture": "#14"},
				"south": {"uv": [0, 0, 0.5, 0.5], "texture": "#14"},
				"west": {"uv": [0, 0, 0.5, 0.5], "rotation": 270, "texture": "#14"},
				"up": {"uv": [0, 0, 0.5, 0.5], "texture": "#14"},
				"down": {"uv": [0, 0, 0.5, 0.5], "rotation": 180, "texture": "#14"}
			}
		},
		{
			"name": "octagon",
			"from": [-16, 8.0505, 6.51472],
			"to": [32, 8.4505, 9.48528],
			"rotation": {"angle": 0, "axis": "y", "origin": [-148, 8.2505, 8], "rescale": true},
			"faces": {
				"north": {"uv": [0, 0, 0.5, 0.5], "rotation": 180, "texture": "#14"},
				"east": {"uv": [0, 0, 0.5, 0.5], "rotation": 90, "texture": "#14"},
				"south": {"uv": [0, 0, 0.5, 0.5], "texture": "#14"},
				"west": {"uv": [0, 0, 0.5, 0.5], "rotation": 270, "texture": "#14"},
				"up": {"uv": [0, 0, 0.5, 0.5], "texture": "#14"},
				"down": {"uv": [0, 0, 0.5, 0.5], "rotation": 180, "texture": "#14"}
			}
		},
		{
			"name": "octagon",
			"from": [-16, 8.0505, 6.51472],
			"to": [32, 8.4505, 9.48528],
			"rotation": {"angle": 0, "axis": "y", "origin": [-304, 8.2505, 8], "rescale": true},
			"faces": {
				"north": {"uv": [0, 0, 0.5, 0.5], "rotation": 180, "texture": "#14"},
				"east": {"uv": [0, 0, 0.5, 0.5], "rotation": 90, "texture": "#14"},
				"south": {"uv": [0, 0, 0.5, 0.5], "texture": "#14"},
				"west": {"uv": [0, 0, 0.5, 0.5], "rotation": 270, "texture": "#14"},
				"up": {"uv": [0, 0, 0.5, 0.5], "texture": "#14"},
				"down": {"uv": [0, 0, 0.5, 0.5], "rotation": 180, "texture": "#14"}
			}
		},
		{
			"name": "octagon",
			"from": [-16, 8.0505, 6.51472],
			"to": [32, 8.4505, 9.48528],
			"rotation": {"angle": 0, "axis": "y", "origin": [-460, 8.2505, 8], "rescale": true},
			"faces": {
				"north": {"uv": [0, 0, 0.5, 0.5], "rotation": 180, "texture": "#14"},
				"east": {"uv": [0, 0, 0.5, 0.5], "rotation": 90, "texture": "#14"},
				"south": {"uv": [0, 0, 0.5, 0.5], "texture": "#14"},
				"west": {"uv": [0, 0, 0.5, 0.5], "rotation": 270, "texture": "#14"},
				"up": {"uv": [0, 0, 0.5, 0.5], "texture": "#14"},
				"down": {"uv": [0, 0, 0.5, 0.5], "rotation": 180, "texture": "#14"}
			}
		},
		{
			"name": "octagon",
			"from": [-16, 8.0505, 6.51472],
			"to": [32, 8.4505, 9.48528],
			"rotation": {"angle": 0, "axis": "y", "origin": [-616, 8.2505, 8], "rescale": true},
			"faces": {
				"north": {"uv": [0, 0, 0.5, 0.5], "rotation": 180, "texture": "#14"},
				"east": {"uv": [0, 0, 0.5, 0.5], "rotation": 90, "texture": "#14"},
				"south": {"uv": [0, 0, 0.5, 0.5], "texture": "#14"},
				"west": {"uv": [0, 0, 0.5, 0.5], "rotation": 270, "texture": "#14"},
				"up": {"uv": [0, 0, 0.5, 0.5], "texture": "#14"},
				"down": {"uv": [0, 0, 0.5, 0.5], "rotation": 180, "texture": "#14"}
			}
		},
		{
			"name": "octagon",
			"from": [-16, 8.0505, -9.1753],
			"to": [32, 8.4505, -6.20474],
			"rotation": {"angle": 22.5, "axis": "y", "origin": [326.5, 8.2505, 521], "rescale": true},
			"faces": {
				"north": {"uv": [0, 0, 0.5, 0.5], "texture": "#15"},
				"east": {"uv": [0, 0, 0.5, 0.5], "rotation": 270, "texture": "#15"},
				"south": {"uv": [0, 0, 0.5, 0.5], "rotation": 180, "texture": "#15"},
				"west": {"uv": [0, 0, 0.5, 0.5], "rotation": 90, "texture": "#15"},
				"up": {"uv": [0.5, 0.5, 0, 0], "texture": "#15"},
				"down": {"uv": [0.5, 0.5, 0, 0], "rotation": 180, "texture": "#15"}
			}
		},
		{
			"name": "octagon",
			"from": [-16, 8.0505, -9.1753],
			"to": [32, 8.4505, -6.20474],
			"rotation": {"angle": 22.5, "axis": "y", "origin": [270.5, 8.2505, 415.5], "rescale": true},
			"faces": {
				"north": {"uv": [0, 0, 0.5, 0.5], "texture": "#15"},
				"east": {"uv": [0, 0, 0.5, 0.5], "rotation": 270, "texture": "#15"},
				"south": {"uv": [0, 0, 0.5, 0.5], "rotation": 180, "texture": "#15"},
				"west": {"uv": [0, 0, 0.5, 0.5], "rotation": 90, "texture": "#15"},
				"up": {"uv": [0.5, 0.5, 0, 0], "texture": "#15"},
				"down": {"uv": [0.5, 0.5, 0, 0], "rotation": 180, "texture": "#15"}
			}
		},
		{
			"name": "octagon",
			"from": [-16, 8.0505, -9.1753],
			"to": [32, 8.4505, -6.20474],
			"rotation": {"angle": 22.5, "axis": "y", "origin": [214.5, 8.2505, 310], "rescale": true},
			"faces": {
				"north": {"uv": [0, 0, 0.5, 0.5], "texture": "#15"},
				"east": {"uv": [0, 0, 0.5, 0.5], "rotation": 270, "texture": "#15"},
				"south": {"uv": [0, 0, 0.5, 0.5], "rotation": 180, "texture": "#15"},
				"west": {"uv": [0, 0, 0.5, 0.5], "rotation": 90, "texture": "#15"},
				"up": {"uv": [0.5, 0.5, 0, 0], "texture": "#15"},
				"down": {"uv": [0.5, 0.5, 0, 0], "rotation": 180, "texture": "#15"}
			}
		},
		{
			"name": "octagon",
			"from": [-16, 8.0505, -9.1753],
			"to": [32, 8.4505, -6.20474],
			"rotation": {"angle": 22.5, "axis": "y", "origin": [158.5, 8.2505, 204.5], "rescale": true},
			"faces": {
				"north": {"uv": [0, 0, 0.5, 0.5], "texture": "#15"},
				"east": {"uv": [0, 0, 0.5, 0.5], "rotation": 270, "texture": "#15"},
				"south": {"uv": [0, 0, 0.5, 0.5], "rotation": 180, "texture": "#15"},
				"west": {"uv": [0, 0, 0.5, 0.5], "rotation": 90, "texture": "#15"},
				"up": {"uv": [0.5, 0.5, 0, 0], "texture": "#15"},
				"down": {"uv": [0.5, 0.5, 0, 0], "rotation": 180, "texture": "#15"}
			}
		},
		{
			"name": "octagon",
			"from": [-16, 8.0505, -9.1753],
			"to": [32, 8.4505, -6.20474],
			"rotation": {"angle": 22.5, "axis": "y", "origin": [102.5, 8.2505, 99], "rescale": true},
			"faces": {
				"north": {"uv": [0, 0, 0.5, 0.5], "texture": "#15"},
				"east": {"uv": [0, 0, 0.5, 0.5], "rotation": 270, "texture": "#15"},
				"south": {"uv": [0, 0, 0.5, 0.5], "rotation": 180, "texture": "#15"},
				"west": {"uv": [0, 0, 0.5, 0.5], "rotation": 90, "texture": "#15"},
				"up": {"uv": [0.5, 0.5, 0, 0], "texture": "#15"},
				"down": {"uv": [0.5, 0.5, 0, 0], "rotation": 180, "texture": "#15"}
			}
		},
		{
			"name": "octagon",
			"from": [-16, 8.0505, 6.51472],
			"to": [32, 8.4505, 9.48528],
			"rotation": {"angle": 22.5, "axis": "y", "origin": [8, 8.2505, 8], "rescale": true},
			"faces": {
				"north": {"uv": [0, 0, 0.5, 0.5], "rotation": 180, "texture": "#15"},
				"east": {"uv": [0, 0, 0.5, 0.5], "rotation": 90, "texture": "#15"},
				"south": {"uv": [0, 0, 0.5, 0.5], "texture": "#15"},
				"west": {"uv": [0, 0, 0.5, 0.5], "rotation": 270, "texture": "#15"},
				"up": {"uv": [0, 0, 0.5, 0.5], "texture": "#15"},
				"down": {"uv": [0, 0, 0.5, 0.5], "rotation": 180, "texture": "#15"}
			}
		},
		{
			"name": "octagon",
			"from": [-16, 8.0505, 22.20474],
			"to": [32, 8.4505, 25.1753],
			"rotation": {"angle": 22.5, "axis": "y", "origin": [-86.5, 8.2505, -83], "rescale": true},
			"faces": {
				"north": {"uv": [0, 0, 0.5, 0.5], "rotation": 180, "texture": "#15"},
				"east": {"uv": [0, 0, 0.5, 0.5], "rotation": 90, "texture": "#15"},
				"south": {"uv": [0, 0, 0.5, 0.5], "texture": "#15"},
				"west": {"uv": [0, 0, 0.5, 0.5], "rotation": 270, "texture": "#15"},
				"up": {"uv": [0, 0, 0.5, 0.5], "texture": "#15"},
				"down": {"uv": [0, 0, 0.5, 0.5], "rotation": 180, "texture": "#15"}
			}
		},
		{
			"name": "octagon",
			"from": [-16, 8.0505, 22.20474],
			"to": [32, 8.4505, 25.1753],
			"rotation": {"angle": 22.5, "axis": "y", "origin": [-142.5, 8.2505, -188.5], "rescale": true},
			"faces": {
				"north": {"uv": [0, 0, 0.5, 0.5], "rotation": 180, "texture": "#15"},
				"east": {"uv": [0, 0, 0.5, 0.5], "rotation": 90, "texture": "#15"},
				"south": {"uv": [0, 0, 0.5, 0.5], "texture": "#15"},
				"west": {"uv": [0, 0, 0.5, 0.5], "rotation": 270, "texture": "#15"},
				"up": {"uv": [0, 0, 0.5, 0.5], "texture": "#15"},
				"down": {"uv": [0, 0, 0.5, 0.5], "rotation": 180, "texture": "#15"}
			}
		},
		{
			"name": "octagon",
			"from": [-16, 8.0505, 22.20474],
			"to": [32, 8.4505, 25.1753],
			"rotation": {"angle": 22.5, "axis": "y", "origin": [-198.5, 8.2505, -294], "rescale": true},
			"faces": {
				"north": {"uv": [0, 0, 0.5, 0.5], "rotation": 180, "texture": "#15"},
				"east": {"uv": [0, 0, 0.5, 0.5], "rotation": 90, "texture": "#15"},
				"south": {"uv": [0, 0, 0.5, 0.5], "texture": "#15"},
				"west": {"uv": [0, 0, 0.5, 0.5], "rotation": 270, "texture": "#15"},
				"up": {"uv": [0, 0, 0.5, 0.5], "texture": "#15"},
				"down": {"uv": [0, 0, 0.5, 0.5], "rotation": 180, "texture": "#15"}
			}
		},
		{
			"name": "octagon",
			"from": [-16, 8.0505, 22.20474],
			"to": [32, 8.4505, 25.1753],
			"rotation": {"angle": 22.5, "axis": "y", "origin": [-254.5, 8.2505, -399.5], "rescale": true},
			"faces": {
				"north": {"uv": [0, 0, 0.5, 0.5], "rotation": 180, "texture": "#15"},
				"east": {"uv": [0, 0, 0.5, 0.5], "rotation": 90, "texture": "#15"},
				"south": {"uv": [0, 0, 0.5, 0.5], "texture": "#15"},
				"west": {"uv": [0, 0, 0.5, 0.5], "rotation": 270, "texture": "#15"},
				"up": {"uv": [0, 0, 0.5, 0.5], "texture": "#15"},
				"down": {"uv": [0, 0, 0.5, 0.5], "rotation": 180, "texture": "#15"}
			}
		},
		{
			"name": "octagon",
			"from": [-16, 8.0505, 22.20474],
			"to": [32, 8.4505, 25.1753],
			"rotation": {"angle": 22.5, "axis": "y", "origin": [-310.5, 8.2505, -505], "rescale": true},
			"faces": {
				"north": {"uv": [0, 0, 0.5, 0.5], "rotation": 180, "texture": "#15"},
				"east": {"uv": [0, 0, 0.5, 0.5], "rotation": 90, "texture": "#15"},
				"south": {"uv": [0, 0, 0.5, 0.5], "texture": "#15"},
				"west": {"uv": [0, 0, 0.5, 0.5], "rotation": 270, "texture": "#15"},
				"up": {"uv": [0, 0, 0.5, 0.5], "texture": "#15"},
				"down": {"uv": [0, 0, 0.5, 0.5], "rotation": 180, "texture": "#15"}
			}
		},
		{
			"name": "octagon",
			"from": [6.51472, 8.0505, -16],
			"to": [9.48528, 8.4505, 32],
			"rotation": {"angle": -45, "axis": "y", "origin": [-176, 8.2505, -176], "rescale": true},
			"faces": {
				"north": {"uv": [0, 0.5, 0.5, 0], "rotation": 90, "texture": "#16"},
				"east": {"uv": [0.5, 0, 0, 0.5], "rotation": 180, "texture": "#16"},
				"south": {"uv": [0, 0.5, 0.5, 0], "rotation": 270, "texture": "#16"},
				"west": {"uv": [0.5, 0, 0, 0.5], "texture": "#16"},
				"up": {"uv": [0.5, 0, 0, 0.5], "rotation": 90, "texture": "#16"},
				"down": {"uv": [0.5, 0, 0, 0.5], "rotation": 90, "texture": "#16"}
			}
		},
		{
			"name": "octagon",
			"from": [6.51472, 8.0505, -16],
			"to": [9.48528, 8.4505, 32],
			"rotation": {"angle": -45, "axis": "y", "origin": [-130, 8.2505, -130], "rescale": true},
			"faces": {
				"north": {"uv": [0, 0.5, 0.5, 0], "rotation": 90, "texture": "#16"},
				"east": {"uv": [0.5, 0, 0, 0.5], "rotation": 180, "texture": "#16"},
				"south": {"uv": [0, 0.5, 0.5, 0], "rotation": 270, "texture": "#16"},
				"west": {"uv": [0.5, 0, 0, 0.5], "texture": "#16"},
				"up": {"uv": [0.5, 0, 0, 0.5], "rotation": 90, "texture": "#16"},
				"down": {"uv": [0.5, 0, 0, 0.5], "rotation": 90, "texture": "#16"}
			}
		},
		{
			"name": "octagon",
			"from": [6.51472, 8.0505, -16],
			"to": [9.48528, 8.4505, 32],
			"rotation": {"angle": -45, "axis": "y", "origin": [-84, 8.2505, -84], "rescale": true},
			"faces": {
				"north": {"uv": [0, 0.5, 0.5, 0], "rotation": 90, "texture": "#16"},
				"east": {"uv": [0.5, 0, 0, 0.5], "rotation": 180, "texture": "#16"},
				"south": {"uv": [0, 0.5, 0.5, 0], "rotation": 270, "texture": "#16"},
				"west": {"uv": [0.5, 0, 0, 0.5], "texture": "#16"},
				"up": {"uv": [0.5, 0, 0, 0.5], "rotation": 90, "texture": "#16"},
				"down": {"uv": [0.5, 0, 0, 0.5], "rotation": 90, "texture": "#16"}
			}
		},
		{
			"name": "octagon",
			"from": [6.51472, 8.0505, -16],
			"to": [9.48528, 8.4505, 32],
			"rotation": {"angle": -45, "axis": "y", "origin": [-38, 8.2505, -38], "rescale": true},
			"faces": {
				"north": {"uv": [0, 0.5, 0.5, 0], "rotation": 90, "texture": "#16"},
				"east": {"uv": [0.5, 0, 0, 0.5], "rotation": 180, "texture": "#16"},
				"south": {"uv": [0, 0.5, 0.5, 0], "rotation": 270, "texture": "#16"},
				"west": {"uv": [0.5, 0, 0, 0.5], "texture": "#16"},
				"up": {"uv": [0.5, 0, 0, 0.5], "rotation": 90, "texture": "#16"},
				"down": {"uv": [0.5, 0, 0, 0.5], "rotation": 90, "texture": "#16"}
			}
		},
		{
			"name": "octagon",
			"from": [6.51472, 8.0505, -16],
			"to": [9.48528, 8.4505, 32],
			"rotation": {"angle": -45, "axis": "y", "origin": [8, 8.2505, 8], "rescale": true},
			"faces": {
				"north": {"uv": [0, 0, 0.5, 0.5], "rotation": 270, "texture": "#16"},
				"east": {"uv": [0, 0, 0.5, 0.5], "rotation": 180, "texture": "#16"},
				"south": {"uv": [0, 0, 0.5, 0.5], "rotation": 90, "texture": "#16"},
				"west": {"uv": [0, 0, 0.5, 0.5], "texture": "#16"},
				"up": {"uv": [0, 0, 0.5, 0.5], "rotation": 90, "texture": "#16"},
				"down": {"uv": [0, 0, 0.5, 0.5], "rotation": 90, "texture": "#16"}
			}
		},
		{
			"name": "octagon",
			"from": [6.51472, 8.0505, -16],
			"to": [9.48528, 8.4505, 32],
			"rotation": {"angle": -45, "axis": "y", "origin": [54, 8.2505, 54], "rescale": true},
			"faces": {
				"north": {"uv": [0, 0.5, 0.5, 0], "rotation": 270, "texture": "#16"},
				"east": {"uv": [0.5, 0, 0, 0.5], "texture": "#16"},
				"south": {"uv": [0, 0.5, 0.5, 0], "rotation": 90, "texture": "#16"},
				"west": {"uv": [0.5, 0, 0, 0.5], "rotation": 180, "texture": "#16"},
				"up": {"uv": [0, 0.5, 0.5, 0], "rotation": 90, "texture": "#16"},
				"down": {"uv": [0, 0.5, 0.5, 0], "rotation": 90, "texture": "#16"}
			}
		},
		{
			"name": "octagon",
			"from": [6.51472, 8.0505, -16],
			"to": [9.48528, 8.4505, 32],
			"rotation": {"angle": -45, "axis": "y", "origin": [100, 8.2505, 100], "rescale": true},
			"faces": {
				"north": {"uv": [0, 0.5, 0.5, 0], "rotation": 270, "texture": "#16"},
				"east": {"uv": [0.5, 0, 0, 0.5], "texture": "#16"},
				"south": {"uv": [0, 0.5, 0.5, 0], "rotation": 90, "texture": "#16"},
				"west": {"uv": [0.5, 0, 0, 0.5], "rotation": 180, "texture": "#16"},
				"up": {"uv": [0, 0.5, 0.5, 0], "rotation": 90, "texture": "#16"},
				"down": {"uv": [0, 0.5, 0.5, 0], "rotation": 90, "texture": "#16"}
			}
		},
		{
			"name": "octagon",
			"from": [6.51472, 8.0505, -16],
			"to": [9.48528, 8.4505, 32],
			"rotation": {"angle": -45, "axis": "y", "origin": [146, 8.2505, 146], "rescale": true},
			"faces": {
				"north": {"uv": [0, 0.5, 0.5, 0], "rotation": 270, "texture": "#16"},
				"east": {"uv": [0.5, 0, 0, 0.5], "texture": "#16"},
				"south": {"uv": [0, 0.5, 0.5, 0], "rotation": 90, "texture": "#16"},
				"west": {"uv": [0.5, 0, 0, 0.5], "rotation": 180, "texture": "#16"},
				"up": {"uv": [0, 0.5, 0.5, 0], "rotation": 90, "texture": "#16"},
				"down": {"uv": [0, 0.5, 0.5, 0], "rotation": 90, "texture": "#16"}
			}
		},
		{
			"name": "octagon",
			"from": [6.51472, 8.0505, -16],
			"to": [9.48528, 8.4505, 32],
			"rotation": {"angle": -45, "axis": "y", "origin": [192, 8.2505, 192], "rescale": true},
			"faces": {
				"north": {"uv": [0, 0.5, 0.5, 0], "rotation": 270, "texture": "#16"},
				"east": {"uv": [0.5, 0, 0, 0.5], "texture": "#16"},
				"south": {"uv": [0, 0.5, 0.5, 0], "rotation": 90, "texture": "#16"},
				"west": {"uv": [0.5, 0, 0, 0.5], "rotation": 180, "texture": "#16"},
				"up": {"uv": [0, 0.5, 0.5, 0], "rotation": 90, "texture": "#16"},
				"down": {"uv": [0, 0.5, 0.5, 0], "rotation": 90, "texture": "#16"}
			}
		},
		{
			"name": "octagon",
			"from": [6.51472, 8.0505, -16],
			"to": [9.48528, 8.4505, 32],
			"rotation": {"angle": -22.5, "axis": "y", "origin": [-519.5, 8.2505, -272], "rescale": true},
			"faces": {
				"north": {"uv": [0, 0.5, 0.5, 0], "rotation": 270, "texture": "#17"},
				"east": {"uv": [0.5, 0, 0, 0.5], "texture": "#17"},
				"south": {"uv": [0, 0.5, 0.5, 0], "rotation": 90, "texture": "#17"},
				"west": {"uv": [0.5, 0, 0, 0.5], "rotation": 180, "texture": "#17"},
				"up": {"uv": [0, 0.5, 0.5, 0], "rotation": 90, "texture": "#17"},
				"down": {"uv": [0, 0.5, 0.5, 0], "rotation": 90, "texture": "#17"}
			}
		},
		{
			"name": "octagon",
			"from": [6.51472, 8.0505, -16],
			"to": [9.48528, 8.4505, 32],
			"rotation": {"angle": -22.5, "axis": "y", "origin": [-414, 8.2505, -216], "rescale": true},
			"faces": {
				"north": {"uv": [0, 0.5, 0.5, 0], "rotation": 270, "texture": "#17"},
				"east": {"uv": [0.5, 0, 0, 0.5], "texture": "#17"},
				"south": {"uv": [0, 0.5, 0.5, 0], "rotation": 90, "texture": "#17"},
				"west": {"uv": [0.5, 0, 0, 0.5], "rotation": 180, "texture": "#17"},
				"up": {"uv": [0, 0.5, 0.5, 0], "rotation": 90, "texture": "#17"},
				"down": {"uv": [0, 0.5, 0.5, 0], "rotation": 90, "texture": "#17"}
			}
		},
		{
			"name": "octagon",
			"from": [6.51472, 8.0505, -16],
			"to": [9.48528, 8.4505, 32],
			"rotation": {"angle": -22.5, "axis": "y", "origin": [-308.5, 8.2505, -160], "rescale": true},
			"faces": {
				"north": {"uv": [0, 0.5, 0.5, 0], "rotation": 270, "texture": "#17"},
				"east": {"uv": [0.5, 0, 0, 0.5], "texture": "#17"},
				"south": {"uv": [0, 0.5, 0.5, 0], "rotation": 90, "texture": "#17"},
				"west": {"uv": [0.5, 0, 0, 0.5], "rotation": 180, "texture": "#17"},
				"up": {"uv": [0, 0.5, 0.5, 0], "rotation": 90, "texture": "#17"},
				"down": {"uv": [0, 0.5, 0.5, 0], "rotation": 90, "texture": "#17"}
			}
		},
		{
			"name": "octagon",
			"from": [6.51472, 8.0505, -16],
			"to": [9.48528, 8.4505, 32],
			"rotation": {"angle": -22.5, "axis": "y", "origin": [-203, 8.2505, -104], "rescale": true},
			"faces": {
				"north": {"uv": [0, 0.5, 0.5, 0], "rotation": 270, "texture": "#17"},
				"east": {"uv": [0.5, 0, 0, 0.5], "texture": "#17"},
				"south": {"uv": [0, 0.5, 0.5, 0], "rotation": 90, "texture": "#17"},
				"west": {"uv": [0.5, 0, 0, 0.5], "rotation": 180, "texture": "#17"},
				"up": {"uv": [0, 0.5, 0.5, 0], "rotation": 90, "texture": "#17"},
				"down": {"uv": [0, 0.5, 0.5, 0], "rotation": 90, "texture": "#17"}
			}
		},
		{
			"name": "octagon",
			"from": [6.51472, 8.0505, -16],
			"to": [9.48528, 8.4505, 32],
			"rotation": {"angle": -22.5, "axis": "y", "origin": [-97.5, 8.2505, -48], "rescale": true},
			"faces": {
				"north": {"uv": [0, 0.5, 0.5, 0], "rotation": 270, "texture": "#17"},
				"east": {"uv": [0.5, 0, 0, 0.5], "texture": "#17"},
				"south": {"uv": [0, 0.5, 0.5, 0], "rotation": 90, "texture": "#17"},
				"west": {"uv": [0.5, 0, 0, 0.5], "rotation": 180, "texture": "#17"},
				"up": {"uv": [0, 0.5, 0.5, 0], "rotation": 90, "texture": "#17"},
				"down": {"uv": [0, 0.5, 0.5, 0], "rotation": 90, "texture": "#17"}
			}
		},
		{
			"name": "octagon",
			"from": [6.51472, 8.0505, -16],
			"to": [9.48528, 8.4505, 32],
			"rotation": {"angle": -22.5, "axis": "y", "origin": [8, 8.2505, 8], "rescale": true},
			"faces": {
				"north": {"uv": [0, 0, 0.5, 0.5], "rotation": 270, "texture": "#17"},
				"east": {"uv": [0, 0, 0.5, 0.5], "rotation": 180, "texture": "#17"},
				"south": {"uv": [0, 0, 0.5, 0.5], "rotation": 90, "texture": "#17"},
				"west": {"uv": [0, 0, 0.5, 0.5], "texture": "#17"},
				"up": {"uv": [0, 0, 0.5, 0.5], "rotation": 90, "texture": "#17"},
				"down": {"uv": [0, 0, 0.5, 0.5], "rotation": 90, "texture": "#17"}
			}
		},
		{
			"name": "octagon",
			"from": [6.51472, 8.0505, -16],
			"to": [9.48528, 8.4505, 32],
			"rotation": {"angle": -22.5, "axis": "y", "origin": [113.5, 8.2505, 64], "rescale": true},
			"faces": {
				"north": {"uv": [0, 0.5, 0.5, 0], "rotation": 90, "texture": "#17"},
				"east": {"uv": [0.5, 0, 0, 0.5], "rotation": 180, "texture": "#17"},
				"south": {"uv": [0, 0.5, 0.5, 0], "rotation": 270, "texture": "#17"},
				"west": {"uv": [0.5, 0, 0, 0.5], "texture": "#17"},
				"up": {"uv": [0.5, 0, 0, 0.5], "rotation": 90, "texture": "#17"},
				"down": {"uv": [0.5, 0, 0, 0.5], "rotation": 90, "texture": "#17"}
			}
		},
		{
			"name": "octagon",
			"from": [6.51472, 8.0505, -16],
			"to": [9.48528, 8.4505, 32],
			"rotation": {"angle": -22.5, "axis": "y", "origin": [219, 8.2505, 120], "rescale": true},
			"faces": {
				"north": {"uv": [0, 0.5, 0.5, 0], "rotation": 90, "texture": "#17"},
				"east": {"uv": [0.5, 0, 0, 0.5], "rotation": 180, "texture": "#17"},
				"south": {"uv": [0, 0.5, 0.5, 0], "rotation": 270, "texture": "#17"},
				"west": {"uv": [0.5, 0, 0, 0.5], "texture": "#17"},
				"up": {"uv": [0.5, 0, 0, 0.5], "rotation": 90, "texture": "#17"},
				"down": {"uv": [0.5, 0, 0, 0.5], "rotation": 90, "texture": "#17"}
			}
		},
		{
			"name": "octagon",
			"from": [6.51472, 8.0505, -16],
			"to": [9.48528, 8.4505, 32],
			"rotation": {"angle": -22.5, "axis": "y", "origin": [324.5, 8.2505, 176], "rescale": true},
			"faces": {
				"north": {"uv": [0, 0.5, 0.5, 0], "rotation": 90, "texture": "#17"},
				"east": {"uv": [0.5, 0, 0, 0.5], "rotation": 180, "texture": "#17"},
				"south": {"uv": [0, 0.5, 0.5, 0], "rotation": 270, "texture": "#17"},
				"west": {"uv": [0.5, 0, 0, 0.5], "texture": "#17"},
				"up": {"uv": [0.5, 0, 0, 0.5], "rotation": 90, "texture": "#17"},
				"down": {"uv": [0.5, 0, 0, 0.5], "rotation": 90, "texture": "#17"}
			}
		},
		{
			"name": "octagon",
			"from": [6.51472, 8.0505, -16],
			"to": [9.48528, 8.4505, 32],
			"rotation": {"angle": -22.5, "axis": "y", "origin": [430, 8.2505, 232], "rescale": true},
			"faces": {
				"north": {"uv": [0, 0.5, 0.5, 0], "rotation": 90, "texture": "#17"},
				"east": {"uv": [0.5, 0, 0, 0.5], "rotation": 180, "texture": "#17"},
				"south": {"uv": [0, 0.5, 0.5, 0], "rotation": 270, "texture": "#17"},
				"west": {"uv": [0.5, 0, 0, 0.5], "texture": "#17"},
				"up": {"uv": [0.5, 0, 0, 0.5], "rotation": 90, "texture": "#17"},
				"down": {"uv": [0.5, 0, 0, 0.5], "rotation": 90, "texture": "#17"}
			}
		},
		{
			"name": "octagon",
			"from": [6.51472, 8.0505, -16],
			"to": [9.48528, 8.4505, 32],
			"rotation": {"angle": -22.5, "axis": "y", "origin": [535.5, 8.2505, 288], "rescale": true},
			"faces": {
				"north": {"uv": [0, 0.5, 0.5, 0], "rotation": 90, "texture": "#17"},
				"east": {"uv": [0.5, 0, 0, 0.5], "rotation": 180, "texture": "#17"},
				"south": {"uv": [0, 0.5, 0.5, 0], "rotation": 270, "texture": "#17"},
				"west": {"uv": [0.5, 0, 0, 0.5], "texture": "#17"},
				"up": {"uv": [0.5, 0, 0, 0.5], "rotation": 90, "texture": "#17"},
				"down": {"uv": [0.5, 0, 0, 0.5], "rotation": 90, "texture": "#17"}
			}
		}
	],
	"display": {
		"thirdperson_righthand": {
			"translation": [0, 0.75, -1.75],
			"scale": [0.5, 0.5, 0.5]
		},
		"thirdperson_lefthand": {
			"translation": [0, 0.75, -1.75],
			"scale": [0.5, 0.5, 0.5]
		},
		"firstperson_righthand": {
			"translation": [0, 6.25, 0],
			"scale": [0.5, 0.5, 0.5]
		},
		"firstperson_lefthand": {
			"translation": [0, 6.25, 0],
			"scale": [0.5, 0.5, 0.5]
		},
		"ground": {
			"translation": [0, 1.75, 0],
			"scale": [0.5, 0.5, 0.5]
		},
		"gui": {
			"rotation": [31, -149, 0],
			"translation": [-1.25, 6.5, 0]
		},
		"head": {
			"translation": [0, 16.75, 0],
			"scale": [1.3, 1.3, 1.3]
		},
		"fixed": {
			"rotation": [-100, 0, 0],
			"translation": [0, 0, -12.75],
			"scale": [1.25, 1.25, 1.25]
		}
	},
	"groups": [
		{
			"name": "hat_body",
			"origin": [8, 8, 8],
			"children": [0, 1, 2, 3, 4, 5, 6, 7, 8, 9, 10, 11, 12, 13, 14, 15, 16, 17, 18, 19, 20, 21, 22, 23, 24, 25, 26, 27, 28, 29, 30, 31, 32, 33, 34, 35, 36, 37, 38, 39, 40]
		},
		{
			"name": "hat_rim",
			"origin": [8, 8, 8],
			"children": [41, 42, 43, 44, 45, 46, 47, 48]
		},
		{
			"name": "pro_0",
			"origin": [8, 8.2505, -616],
			"children": [49, 50, 51, 52, 53, 54, 55, 56, 57]
		},
		{
			"name": "pro_1",
			"origin": [535.5, 8.2505, -272],
			"children": [58, 59, 60, 61, 62, 63, 64, 65, 66, 67, 68]
		},
		{
			"name": "pro_2",
			"origin": [192, 8.2505, -176],
			"children": [69, 70, 71, 72, 73, 74, 75, 76, 77]
		},
		{
			"name": "pro_3",
			"origin": [-310.5, 8.2505, 521],
			"children": [78, 79, 80, 81, 82, 83, 84, 85, 86, 87, 88]
		},
		{
			"name": "pro_4",
			"origin": [-616, 8.2505, 8],
			"children": [89, 90, 91, 92, 93, 94, 95, 96, 97]
		},
		{
			"name": "pro_5",
			"origin": [-310.5, 8.2505, -505],
			"children": [98, 99, 100, 101, 102, 103, 104, 105, 106, 107, 108]
		},
		{
			"name": "pro_6",
			"origin": [192, 8.2505, 192],
			"children": [109, 110, 111, 112, 113, 114, 115, 116, 117]
		},
		{
			"name": "pro_7",
			"origin": [535.5, 8.2505, 288],
			"children": [118, 119, 120, 121, 122, 123, 124, 125, 126, 127, 128]
		}
	]
}