{
	"credit": "Made with Blockbench",
	"textures": {
		"0": "block/black_wool",
		"1": "block/black_concrete",
		"2": "block/gray_concrete",
		"3": "block/light_gray_concrete",
		"4": "block/light_gray_concrete_powder",
		"particle": "block/black_wool"
	},
	"elements": [
		{
			"name": "hexadecagon",
			"from": [7.90054, -11.5, 7.5],
			"to": [8.09946, -3, 8.5],
			"rotation": {"angle": -45, "axis": "y", "origin": [8, -11, 8]},
			"faces": {
				"north": {"uv": [0, 0, 1, 1], "texture": "#0"},
				"east": {"uv": [0, 0, 1, 1], "texture": "#0"},
				"south": {"uv": [0, 0, 1, 1], "texture": "#0"},
				"west": {"uv": [0, 0, 1, 1], "texture": "#0"},
				"up": {"uv": [0, 0, 1, 1], "texture": "#0"},
				"down": {"uv": [0, 0, 1, 1], "texture": "#0"}
			}
		},
		{
			"name": "hexadecagon",
			"from": [7.90054, -11.5, 7.5],
			"to": [8.09946, -3, 8.5],
			"rotation": {"angle": -22.5, "axis": "y", "origin": [8, -11, 8]},
			"faces": {
				"north": {"uv": [0, 0, 1, 1], "texture": "#0"},
				"east": {"uv": [0, 0, 1, 1], "texture": "#0"},
				"south": {"uv": [0, 0, 1, 1], "texture": "#0"},
				"west": {"uv": [0, 0, 1, 1], "texture": "#0"},
				"up": {"uv": [0, 0, 1, 1], "texture": "#0"},
				"down": {"uv": [0, 0, 1, 1], "texture": "#0"}
			}
		},
		{
			"name": "hexadecagon",
			"from": [7.90054, -11.5, 7.5],
			"to": [8.09946, -3, 8.5],
			"rotation": {"angle": 0, "axis": "y", "origin": [8, -11, 8]},
			"faces": {
				"north": {"uv": [0, 0, 1, 1], "texture": "#0"},
				"east": {"uv": [0, 0, 1, 1], "texture": "#0"},
				"south": {"uv": [0, 0, 1, 1], "texture": "#0"},
				"west": {"uv": [0, 0, 1, 1], "texture": "#0"},
				"up": {"uv": [0, 0, 1, 1], "texture": "#0"},
				"down": {"uv": [0, 0, 1, 1], "texture": "#0"}
			}
		},
		{
			"name": "hexadecagon",
			"from": [7.90054, -11.5, 7.5],
			"to": [8.09946, -3, 8.5],
			"rotation": {"angle": 22.5, "axis": "y", "origin": [8, -11, 8]},
			"faces": {
				"north": {"uv": [0, 0, 1, 1], "texture": "#0"},
				"east": {"uv": [0, 0, 1, 1], "texture": "#0"},
				"south": {"uv": [0, 0, 1, 1], "texture": "#0"},
				"west": {"uv": [0, 0, 1, 1], "texture": "#0"},
				"up": {"uv": [0, 0, 1, 1], "texture": "#0"},
				"down": {"uv": [0, 0, 1, 1], "texture": "#0"}
			}
		},
		{
			"name": "hexadecagon",
			"from": [7.90054, -11.5, 7.5],
			"to": [8.09946, -3, 8.5],
			"rotation": {"angle": 45, "axis": "y", "origin": [8, -11, 8]},
			"faces": {
				"north": {"uv": [0, 0, 1, 1], "texture": "#0"},
				"east": {"uv": [0, 0, 1, 1], "texture": "#0"},
				"south": {"uv": [0, 0, 1, 1], "texture": "#0"},
				"west": {"uv": [0, 0, 1, 1], "texture": "#0"},
				"up": {"uv": [0, 0, 1, 1], "texture": "#0"},
				"down": {"uv": [0, 0, 1, 1], "texture": "#0"}
			}
		},
		{
			"name": "hexadecagon",
			"from": [7.5, -11.5, 7.90054],
			"to": [8.5, -3, 8.09946],
			"rotation": {"angle": -22.5, "axis": "y", "origin": [8, -11, 8]},
			"faces": {
				"north": {"uv": [0, 0, 1, 1], "texture": "#0"},
				"east": {"uv": [0, 0, 1, 1], "texture": "#0"},
				"south": {"uv": [0, 0, 1, 1], "texture": "#0"},
				"west": {"uv": [0, 0, 1, 1], "texture": "#0"},
				"up": {"uv": [0, 0, 1, 1], "texture": "#0"},
				"down": {"uv": [0, 0, 1, 1], "texture": "#0"}
			}
		},
		{
			"name": "hexadecagon",
			"from": [7.5, -11.5, 7.90054],
			"to": [8.5, -3, 8.09946],
			"rotation": {"angle": 0, "axis": "y", "origin": [8, -11, 8]},
			"faces": {
				"north": {"uv": [0, 0, 1, 1], "texture": "#0"},
				"east": {"uv": [0, 0, 1, 1], "texture": "#0"},
				"south": {"uv": [0, 0, 1, 1], "texture": "#0"},
				"west": {"uv": [0, 0, 1, 1], "texture": "#0"},
				"up": {"uv": [0, 0, 1, 1], "texture": "#0"},
				"down": {"uv": [0, 0, 1, 1], "texture": "#0"}
			}
		},
		{
			"name": "hexadecagon",
			"from": [7.5, -11.5, 7.90054],
			"to": [8.5, -3, 8.09946],
			"rotation": {"angle": 22.5, "axis": "y", "origin": [8, -11, 8]},
			"faces": {
				"north": {"uv": [0, 0, 1, 1], "texture": "#0"},
				"east": {"uv": [0, 0, 1, 1], "texture": "#0"},
				"south": {"uv": [0, 0, 1, 1], "texture": "#0"},
				"west": {"uv": [0, 0, 1, 1], "texture": "#0"},
				"up": {"uv": [0, 0, 1, 1], "texture": "#0"},
				"down": {"uv": [0, 0, 1, 1], "texture": "#0"}
			}
		},
		{
			"from": [4.7, -1.4, 7.4],
			"to": [9.7, -0.4, 8.6],
			"rotation": {"angle": 22.5, "axis": "z", "origin": [12.7, 6.6, 15.5]},
			"faces": {
				"north": {"uv": [0, 0, 5, 1], "texture": "#2"},
				"east": {"uv": [0, 0, 1.2, 1], "texture": "#2"},
				"south": {"uv": [0, 0, 5, 1], "texture": "#2"},
				"west": {"uv": [0, 0, 1.2, 1], "texture": "#2"},
				"up": {"uv": [0, 0, 5, 1.2], "texture": "#2"},
				"down": {"uv": [0, 0, 5, 1.2], "texture": "#2"}
			}
		},
		{
			"from": [4.7, -1.2, 7.3],
			"to": [9.8, -0.6, 8.7],
			"rotation": {"angle": 22.5, "axis": "z", "origin": [12.7, 6.6, 15.5]},
			"faces": {
				"north": {"uv": [0, 0, 5.1, 0.6], "texture": "#3"},
				"east": {"uv": [0, 0, 1.4, 0.6], "texture": "#3"},
				"south": {"uv": [0, 0, 5.1, 0.6], "texture": "#3"},
				"west": {"uv": [0, 0, 1.4, 0.6], "texture": "#3"},
				"up": {"uv": [0, 0, 5.1, 1.4], "texture": "#3"},
				"down": {"uv": [0, 0, 5.1, 1.4], "texture": "#3"}
			}
		},
		{
			"from": [7.3, -2.8, 7.5],
			"to": [8.7, 19.4, 8.5],
			"rotation": {"angle": 0, "axis": "z", "origin": [13.5, 5.2, 15.5]},
			"faces": {
				"north": {"uv": [0, 0, 1.4, 16], "texture": "#2"},
				"east": {"uv": [0, 0, 1, 16], "texture": "#2"},
				"south": {"uv": [0, 0, 1.4, 16], "texture": "#2"},
				"west": {"uv": [0, 0, 1, 16], "texture": "#2"},
				"up": {"uv": [0, 0, 1.4, 1], "texture": "#2"},
				"down": {"uv": [0, 0, 1.4, 1], "texture": "#2"}
			}
		},
		{
			"from": [5.9, -2.9, 7.5],
			"to": [7.3, 14.3, 8.5],
			"rotation": {"angle": 0, "axis": "z", "origin": [12.1, 5.2, 15.5]},
			"faces": {
				"north": {"uv": [0, 0, 1.4, 16], "texture": "#2"},
				"east": {"uv": [0, 0, 1, 16], "texture": "#2"},
				"south": {"uv": [0, 0, 1.4, 16], "texture": "#2"},
				"west": {"uv": [0, 0, 1, 16], "texture": "#2"},
				"up": {"uv": [0, 0, 1.4, 1], "texture": "#2"},
				"down": {"uv": [0, 0, 1.4, 1], "texture": "#2"}
			}
		},
		{
			"from": [7.49272, 16.06942, 7.5],
			"to": [8.89272, 19.76942, 8.5],
			"rotation": {"angle": 22.5, "axis": "z", "origin": [13.69272, 18.26942, 15.5]},
			"faces": {
				"north": {"uv": [0, 0, 1.4, 3.7], "texture": "#2"},
				"east": {"uv": [0, 0, 1, 3.7], "texture": "#2"},
				"south": {"uv": [0, 0, 1.4, 3.7], "texture": "#2"},
				"west": {"uv": [0, 0, 1, 3.7], "texture": "#2"},
				"up": {"uv": [0, 0, 1.4, 1], "texture": "#2"},
				"down": {"uv": [0, 0, 1.4, 1], "texture": "#2"}
			}
		},
		{
			"from": [6.26996, 11.7599, 7.5],
			"to": [7.66996, 15.4599, 8.5],
			"rotation": {"angle": -22.5, "axis": "z", "origin": [12.46996, 13.9599, 15.5]},
			"faces": {
				"north": {"uv": [0, 0, 1.4, 3.7], "texture": "#2"},
				"east": {"uv": [0, 0, 1, 3.7], "texture": "#2"},
				"south": {"uv": [0, 0, 1.4, 3.7], "texture": "#2"},
				"west": {"uv": [0, 0, 1, 3.7], "texture": "#2"},
				"up": {"uv": [0, 0, 1.4, 1], "texture": "#2"},
				"down": {"uv": [0, 0, 1.4, 1], "texture": "#2"}
			}
		},
		{
			"from": [8.7, -2.9, 7.5],
			"to": [10.1, 14.4, 8.5],
			"rotation": {"angle": 0, "axis": "z", "origin": [14.9, 5.2, 15.5]},
			"faces": {
				"north": {"uv": [0, 0, 1.4, 16], "texture": "#2"},
				"east": {"uv": [0, 0, 1, 16], "texture": "#2"},
				"south": {"uv": [0, 0, 1.4, 16], "texture": "#2"},
				"west": {"uv": [0, 0, 1, 16], "texture": "#2"},
				"up": {"uv": [0, 0, 1.4, 1], "texture": "#2"},
				"down": {"uv": [0, 0, 1.4, 1], "texture": "#2"}
			}
		},
		{
			"from": [8.7, -2.6, 7.8],
			"to": [11.1, 13, 8.3],
			"rotation": {"angle": 0, "axis": "z", "origin": [14.9, -0.8, 15.5]},
			"faces": {
				"north": {"uv": [0, 0, 2.4, 15.6], "texture": "#3"},
				"east": {"uv": [0, 0, 0.5, 15.6], "texture": "#3"},
				"south": {"uv": [0, 0, 2.4, 15.6], "texture": "#3"},
				"west": {"uv": [0, 0, 0.5, 15.6], "texture": "#3"},
				"up": {"uv": [0, 0, 2.4, 0.5], "texture": "#3"},
				"down": {"uv": [0, 0, 2.4, 0.5], "texture": "#3"}
			}
		},
		{
			"from": [8.72191, 14.31718, 7.8],
			"to": [10.12191, 20.71718, 8.3],
			"rotation": {"angle": 22.5, "axis": "z", "origin": [13.92191, 16.11718, 15.5]},
			"faces": {
				"north": {"uv": [0, 0, 1.4, 6.4], "texture": "#3"},
				"east": {"uv": [0, 0, 0.5, 6.4], "texture": "#3"},
				"south": {"uv": [0, 0, 1.4, 6.4], "texture": "#3"},
				"west": {"uv": [0, 0, 0.5, 6.4], "texture": "#3"},
				"up": {"uv": [0, 0, 1.4, 0.5], "texture": "#3"},
				"down": {"uv": [0, 0, 1.4, 0.5], "texture": "#3"}
			}
		},
		{
			"from": [4.9, -2.6, 7.8],
			"to": [7.3, 13, 8.3],
			"rotation": {"angle": 0, "axis": "z", "origin": [11.1, -0.8, 15.5]},
			"faces": {
				"north": {"uv": [0, 0, 2.4, 15.6], "texture": "#3"},
				"east": {"uv": [0, 0, 0.5, 15.6], "texture": "#3"},
				"south": {"uv": [0, 0, 2.4, 15.6], "texture": "#3"},
				"west": {"uv": [0, 0, 0.5, 15.6], "texture": "#3"},
				"up": {"uv": [0, 0, 2.4, 0.5], "texture": "#3"},
				"down": {"uv": [0, 0, 2.4, 0.5], "texture": "#3"}
			}
		},
		{
			"from": [5.11688, 10.49035, 7.8],
			"to": [6.81688, 16.79035, 8.3],
			"rotation": {"angle": -22.5, "axis": "z", "origin": [11.31688, 12.29035, 15.5]},
			"faces": {
				"north": {"uv": [0, 0, 1.7, 6.3], "texture": "#3"},
				"east": {"uv": [0, 0, 0.5, 6.3], "texture": "#3"},
				"south": {"uv": [0, 0, 1.7, 6.3], "texture": "#3"},
				"west": {"uv": [0, 0, 0.5, 6.3], "texture": "#3"},
				"up": {"uv": [0, 0, 1.7, 0.5], "texture": "#3"},
				"down": {"uv": [0, 0, 1.7, 0.5], "texture": "#3"}
			}
		},
		{
			"from": [3.5, -1.8, 7.9],
			"to": [4.9, 12, 8.2],
			"rotation": {"angle": 0, "axis": "z", "origin": [8.7, -0.8, 15.5]},
			"faces": {
				"north": {"uv": [0, 0, 1.4, 13.8], "texture": "#4"},
				"east": {"uv": [0, 0, 0.3, 13.8], "texture": "#4"},
				"south": {"uv": [0, 0, 1.4, 13.8], "texture": "#4"},
				"west": {"uv": [0, 0, 0.3, 13.8], "texture": "#4"},
				"up": {"uv": [0, 0, 1.4, 0.3], "texture": "#4"},
				"down": {"uv": [0, 0, 1.4, 0.3], "texture": "#4"}
			}
		},
		{
			"from": [3.48686, 9.93393, 7.9],
			"to": [4.88686, 20.23393, 8.2],
			"rotation": {"angle": -22.5, "axis": "z", "origin": [8.68686, 10.93393, 15.5]},
			"faces": {
				"north": {"uv": [0, 0, 1.4, 10.3], "texture": "#4"},
				"east": {"uv": [0, 0, 0.3, 10.3], "texture": "#4"},
				"south": {"uv": [0, 0, 1.4, 10.3], "texture": "#4"},
				"west": {"uv": [0, 0, 0.3, 10.3], "texture": "#4"},
				"up": {"uv": [0, 0, 1.4, 0.3], "texture": "#4"},
				"down": {"uv": [0, 0, 1.4, 0.3], "texture": "#4"}
			}
		},
		{
			"from": [3.43802, 18.98251, 7.9],
			"to": [4.13802, 19.81251, 8.2],
			"rotation": {"angle": -45, "axis": "z", "origin": [8.49797, 15.41643, 15.5]},
			"faces": {
				"north": {"uv": [0, 0, 0.7, 0.83], "texture": "#4"},
				"east": {"uv": [0, 0, 0.3, 0.83], "texture": "#4"},
				"south": {"uv": [0, 0, 0.7, 0.83], "texture": "#4"},
				"west": {"uv": [0, 0, 0.3, 0.83], "texture": "#4"},
				"up": {"uv": [0, 0, 0.7, 0.3], "texture": "#4"},
				"down": {"uv": [0, 0, 0.7, 0.3], "texture": "#4"}
			}
		},
		{
			"from": [3.43802, 16.78251, 7.5],
			"to": [4.13802, 17.61251, 8.5],
			"rotation": {"angle": -45, "axis": "z", "origin": [8.49797, 13.21643, 15.5]},
			"faces": {
				"north": {"uv": [0, 0, 0.7, 0.83], "texture": "#2"},
				"east": {"uv": [0, 0, 1, 0.83], "texture": "#2"},
				"south": {"uv": [0, 0, 0.7, 0.83], "texture": "#2"},
				"west": {"uv": [0, 0, 1, 0.83], "texture": "#2"},
				"up": {"uv": [0, 0, 0.7, 1], "texture": "#2"},
				"down": {"uv": [0, 0, 0.7, 1], "texture": "#2"}
			}
		},
		{
			"from": [11.1, -1.8, 7.9],
			"to": [12.5, 12, 8.2],
			"rotation": {"angle": 0, "axis": "z", "origin": [16.3, -0.8, 15.5]},
			"faces": {
				"north": {"uv": [0, 0, 1.4, 13.8], "texture": "#4"},
				"east": {"uv": [0, 0, 0.3, 13.8], "texture": "#4"},
				"south": {"uv": [0, 0, 1.4, 13.8], "texture": "#4"},
				"west": {"uv": [0, 0, 0.3, 13.8], "texture": "#4"},
				"up": {"uv": [0, 0, 1.4, 0.3], "texture": "#4"},
				"down": {"uv": [0, 0, 1.4, 0.3], "texture": "#4"}
			}
		},
		{
			"from": [10.42806, 13.37808, 7.9],
			"to": [11.82806, 23.77808, 8.2],
			"rotation": {"angle": 22.5, "axis": "z", "origin": [15.62806, 14.37808, 15.5]},
			"faces": {
				"north": {"uv": [0, 0, 1.4, 10.4], "texture": "#4"},
				"east": {"uv": [0, 0, 0.3, 10.4], "texture": "#4"},
				"south": {"uv": [0, 0, 1.4, 10.4], "texture": "#4"},
				"west": {"uv": [0, 0, 0.3, 10.4], "texture": "#4"},
				"up": {"uv": [0, 0, 1.4, 0.3], "texture": "#4"},
				"down": {"uv": [0, 0, 1.4, 0.3], "texture": "#4"}
			}
		},
		{
			"from": [5.5, -5.6, 7.4],
			"to": [10.5, -4.6, 8.6],
			"rotation": {"angle": -22.5, "axis": "z", "origin": [13.5, 2.4, 15.5]},
			"faces": {
				"north": {"uv": [0, 0, 5, 1], "texture": "#2"},
				"east": {"uv": [0, 0, 1.2, 1], "texture": "#2"},
				"south": {"uv": [0, 0, 5, 1], "texture": "#2"},
				"west": {"uv": [0, 0, 1.2, 1], "texture": "#2"},
				"up": {"uv": [0, 0, 5, 1.2], "texture": "#2"},
				"down": {"uv": [0, 0, 5, 1.2], "texture": "#2"}
			}
		},
		{
			"from": [5.4, -5.4, 7.3],
			"to": [10.5, -4.8, 8.7],
			"rotation": {"angle": -22.5, "axis": "z", "origin": [13.5, 2.4, 15.5]},
			"faces": {
				"north": {"uv": [0, 0, 5.1, 0.6], "texture": "#3"},
				"east": {"uv": [0, 0, 1.4, 0.6], "texture": "#3"},
				"south": {"uv": [0, 0, 5.1, 0.6], "texture": "#3"},
				"west": {"uv": [0, 0, 1.4, 0.6], "texture": "#3"},
				"up": {"uv": [0, 0, 5.1, 1.4], "texture": "#3"},
				"down": {"uv": [0, 0, 5.1, 1.4], "texture": "#3"}
			}
		},
		{
			"from": [7.4, -4.5, 7.4],
			"to": [8.6, -2.7, 8.6],
			"rotation": {"angle": 0, "axis": "z", "origin": [13.5, 3.9, 15.5]},
			"faces": {
				"north": {"uv": [0, 0, 1.2, 1.8], "texture": "#2"},
				"east": {"uv": [0, 0, 1.2, 1.8], "texture": "#2"},
				"south": {"uv": [0, 0, 1.2, 1.8], "texture": "#2"},
				"west": {"uv": [0, 0, 1.2, 1.8], "texture": "#2"},
				"up": {"uv": [0, 0, 1.2, 1.2], "texture": "#2"},
				"down": {"uv": [0, 0, 1.2, 1.2], "texture": "#2"}
			}
		},
		{
			"name": "hexadecagon",
			"from": [7.87568, -12.5, 7.375],
			"to": [8.12432, -11.5, 8.625],
			"rotation": {"angle": -45, "axis": "y", "origin": [8, -12, 8]},
			"faces": {
				"north": {"uv": [0, 0, 1, 1], "texture": "#1"},
				"east": {"uv": [0, 0, 1, 1], "texture": "#1"},
				"south": {"uv": [0, 0, 1, 1], "texture": "#1"},
				"west": {"uv": [0, 0, 1, 1], "texture": "#1"},
				"up": {"uv": [0, 0, 1, 1], "texture": "#1"},
				"down": {"uv": [0, 0, 1, 1], "texture": "#1"}
			}
		},
		{
			"name": "hexadecagon",
			"from": [7.87568, -12.5, 7.375],
			"to": [8.12432, -11.5, 8.625],
			"rotation": {"angle": -22.5, "axis": "y", "origin": [8, -12, 8]},
			"faces": {
				"north": {"uv": [0, 0, 1, 1], "texture": "#1"},
				"east": {"uv": [0, 0, 1, 1], "texture": "#1"},
				"south": {"uv": [0, 0, 1, 1], "texture": "#1"},
				"west": {"uv": [0, 0, 1, 1], "texture": "#1"},
				"up": {"uv": [0, 0, 1, 1], "texture": "#1"},
				"down": {"uv": [0, 0, 1, 1], "texture": "#1"}
			}
		},
		{
			"name": "hexadecagon",
			"from": [7.87568, -12.5, 7.375],
			"to": [8.12432, -11.5, 8.625],
			"rotation": {"angle": 0, "axis": "y", "origin": [8, -12, 8]},
			"faces": {
				"north": {"uv": [0, 0, 1, 1], "texture": "#1"},
				"east": {"uv": [0, 0, 1, 1], "texture": "#1"},
				"south": {"uv": [0, 0, 1, 1], "texture": "#1"},
				"west": {"uv": [0, 0, 1, 1], "texture": "#1"},
				"up": {"uv": [0, 0, 1, 1], "texture": "#1"},
				"down": {"uv": [0, 0, 1, 1], "texture": "#1"}
			}
		},
		{
			"name": "hexadecagon",
			"from": [7.87568, -12.5, 7.375],
			"to": [8.12432, -11.5, 8.625],
			"rotation": {"angle": 22.5, "axis": "y", "origin": [8, -12, 8]},
			"faces": {
				"north": {"uv": [0, 0, 1, 1], "texture": "#1"},
				"east": {"uv": [0, 0, 1, 1], "texture": "#1"},
				"south": {"uv": [0, 0, 1, 1], "texture": "#1"},
				"west": {"uv": [0, 0, 1, 1], "texture": "#1"},
				"up": {"uv": [0, 0, 1, 1], "texture": "#1"},
				"down": {"uv": [0, 0, 1, 1], "texture": "#1"}
			}
		},
		{
			"name": "hexadecagon",
			"from": [7.87568, -12.5, 7.375],
			"to": [8.12432, -11.5, 8.625],
			"rotation": {"angle": 45, "axis": "y", "origin": [8, -12, 8]},
			"faces": {
				"north": {"uv": [0, 0, 1, 1], "texture": "#1"},
				"east": {"uv": [0, 0, 1, 1], "texture": "#1"},
				"south": {"uv": [0, 0, 1, 1], "texture": "#1"},
				"west": {"uv": [0, 0, 1, 1], "texture": "#1"},
				"up": {"uv": [0, 0, 1, 1], "texture": "#1"},
				"down": {"uv": [0, 0, 1, 1], "texture": "#1"}
			}
		},
		{
			"name": "hexadecagon",
			"from": [7.375, -12.5, 7.87568],
			"to": [8.625, -11.5, 8.12432],
			"rotation": {"angle": -22.5, "axis": "y", "origin": [8, -12, 8]},
			"faces": {
				"north": {"uv": [0, 0, 1, 1], "texture": "#1"},
				"east": {"uv": [0, 0, 1, 1], "texture": "#1"},
				"south": {"uv": [0, 0, 1, 1], "texture": "#1"},
				"west": {"uv": [0, 0, 1, 1], "texture": "#1"},
				"up": {"uv": [0, 0, 1, 1], "texture": "#1"},
				"down": {"uv": [0, 0, 1, 1], "texture": "#1"}
			}
		},
		{
			"name": "hexadecagon",
			"from": [7.375, -12.5, 7.87568],
			"to": [8.625, -11.5, 8.12432],
			"rotation": {"angle": 0, "axis": "y", "origin": [8, -12, 8]},
			"faces": {
				"north": {"uv": [0, 0, 1, 1], "texture": "#1"},
				"east": {"uv": [0, 0, 1, 1], "texture": "#1"},
				"south": {"uv": [0, 0, 1, 1], "texture": "#1"},
				"west": {"uv": [0, 0, 1, 1], "texture": "#1"},
				"up": {"uv": [0, 0, 1, 1], "texture": "#1"},
				"down": {"uv": [0, 0, 1, 1], "texture": "#1"}
			}
		},
		{
			"name": "hexadecagon",
			"from": [7.375, -12.5, 7.87568],
			"to": [8.625, -11.5, 8.12432],
			"rotation": {"angle": 22.5, "axis": "y", "origin": [8, -12, 8]},
			"faces": {
				"north": {"uv": [0, 0, 1, 1], "texture": "#1"},
				"east": {"uv": [0, 0, 1, 1], "texture": "#1"},
				"south": {"uv": [0, 0, 1, 1], "texture": "#1"},
				"west": {"uv": [0, 0, 1, 1], "texture": "#1"},
				"up": {"uv": [0, 0, 1, 1], "texture": "#1"},
				"down": {"uv": [0, 0, 1, 1], "texture": "#1"}
			}
		}
	],
	"display": {
		"thirdperson_righthand": {
			"rotation": [0, 90, 0],
			"translation": [0, 68, 0],
			"scale": [2, 4, 2]
		},
		"thirdperson_lefthand": {
			"rotation": [0, 90, 0],
			"translation": [0, 68, 0],
			"scale": [2, 4, 2]
		},
		"firstperson_righthand": {
			"rotation": [-45, -45, 0],
			"translation": [1.5, 10.5, -10]
		},
		"firstperson_lefthand": {
			"rotation": [-45, -45, 0],
			"translation": [1.5, 10.5, -10]
		},
		"ground": {
			"translation": [0, 20, 0]
		},
		"gui": {
			"rotation": [0, -45, 45],
			"translation": [-1, 1.75, 0],
			"scale": [0.5, 0.7, 0.5]
		},
		"head": {
			"rotation": [0, 0, 145],
			"translation": [6.75, 28, -1],
			"scale": [2, 4, 2]
		},
		"fixed": {
			"translation": [0, 3.5, -1.25]
		}
	},
	"groups": [
		{
			"name": "hexadecagon",
			"origin": [8, 8, 8],
			"children": [0, 1, 2, 3, 4, 5, 6, 7]
		},
		{
			"name": "group",
			"origin": [13.5, 3.9, 15.5],
			"children": [8, 9, 10, 11, 12, 13, 14, 15, 16, 17, 18, 19, 20, 21, 22, 23, 24, 25, 26, 27]
		},
		{
			"name": "hexadecagon",
			"origin": [8, 8, 8],
			"children": [28, 29, 30, 31, 32, 33, 34, 35]
		}
	]
}