{
	"credit": "Made with Blockbench",
	"texture_size": [30, 30],
	"textures": {
		"0": "block/quartz_block_side",
		"1": "block/black_stained_glass",
		"particle": "block/quartz_block_side"
	},
	"elements": [
		{
			"from": [5.5, -0.75, -1.5],
			"to": [10, 1.25, 17.5],
			"rotation": {"angle": 0, "axis": "y", "origin": [8, 0.75, 11.5]},
			"faces": {
				"north": {"uv": [0, 0, 2.4, 1.06667], "texture": "#0"},
				"east": {"uv": [0, 0, 10.13333, 1.06667], "texture": "#0"},
				"south": {"uv": [0, 0, 2.4, 1.06667], "texture": "#0"},
				"west": {"uv": [0, 0, 10.13333, 1.06667], "texture": "#0"},
				"up": {"uv": [0, 0, 2.4, 10.13333], "texture": "#0"},
				"down": {"uv": [0, 0, 2.4, 10.13333], "texture": "#0"}
			}
		},
		{
			"from": [6, 1.25, -1.08202],
			"to": [10, 23.25, 0.91798],
			"rotation": {"angle": 0, "axis": "y", "origin": [15, 9.25, 7.91798]},
			"faces": {
				"north": {"uv": [0, 0, 2.13333, 11.73333], "texture": "#0"},
				"east": {"uv": [0, 0, 1.06667, 11.73333], "texture": "#0"},
				"south": {"uv": [0, 0, 2.13333, 11.73333], "texture": "#0"},
				"west": {"uv": [0, 0, 1.06667, 11.73333], "texture": "#0"},
				"up": {"uv": [0, 0, 2.13333, 1.06667], "texture": "#0"},
				"down": {"uv": [0, 0, 2.13333, 1.06667], "texture": "#0"}
			}
		},
		{
			"from": [6, 1.25, 15],
			"to": [10, 23.25, 17],
			"rotation": {"angle": 0, "axis": "y", "origin": [15, 9.25, 23]},
			"faces": {
				"north": {"uv": [0, 0, 2.13333, 11.73333], "texture": "#0"},
				"east": {"uv": [0, 0, 1.06667, 11.73333], "texture": "#0"},
				"south": {"uv": [0, 0, 2.13333, 11.73333], "texture": "#0"},
				"west": {"uv": [0, 0, 1.06667, 11.73333], "texture": "#0"},
				"up": {"uv": [0, 0, 2.13333, 1.06667], "texture": "#0"},
				"down": {"uv": [0, 0, 2.13333, 1.06667], "texture": "#0"}
			}
		},
		{
			"from": [6, 22.56179, 14.54016],
			"to": [10, 25.56179, 16.54016],
			"rotation": {"angle": -22.5, "axis": "x", "origin": [8.5, 24.06179, 15.04016]},
			"faces": {
				"north": {"uv": [0, 0, 2.13333, 1.6], "texture": "#0"},
				"east": {"uv": [0, 0, 1.06667, 1.6], "texture": "#0"},
				"south": {"uv": [0, 0, 2.13333, 1.6], "texture": "#0"},
				"west": {"uv": [0, 0, 1.06667, 1.6], "texture": "#0"},
				"up": {"uv": [0, 0, 2.13333, 1.06667], "texture": "#0"},
				"down": {"uv": [0, 0, 2.13333, 1.06667], "texture": "#0"}
			}
		},
		{
			"from": [6, 24.52164, 13.23063],
			"to": [10, 27.52164, 15.23063],
			"rotation": {"angle": -45, "axis": "x", "origin": [8.5, 26.02164, 13.73063]},
			"faces": {
				"north": {"uv": [0, 0, 2.13333, 1.6], "texture": "#0"},
				"east": {"uv": [0, 0, 1.06667, 1.6], "texture": "#0"},
				"south": {"uv": [0, 0, 2.13333, 1.6], "texture": "#0"},
				"west": {"uv": [0, 0, 1.06667, 1.6], "texture": "#0"},
				"up": {"uv": [0, 0, 2.13333, 1.06667], "texture": "#0"},
				"down": {"uv": [0, 0, 2.13333, 1.06667], "texture": "#0"}
			}
		},
		{
			"from": [6, 25.52164, 0.68735],
			"to": [10, 27.52164, 3.68735],
			"rotation": {"angle": -45, "axis": "x", "origin": [8.5, 26.02164, 2.18735]},
			"faces": {
				"north": {"uv": [0, 0, 2.13333, 1.06667], "rotation": 180, "texture": "#0"},
				"east": {"uv": [0, 0, 1.06667, 1.6], "rotation": 270, "texture": "#0"},
				"south": {"uv": [0, 0, 2.13333, 1.06667], "texture": "#0"},
				"west": {"uv": [0, 0, 1.06667, 1.6], "rotation": 90, "texture": "#0"},
				"up": {"uv": [0, 0, 2.13333, 1.6], "rotation": 180, "texture": "#0"},
				"down": {"uv": [0, 0, 2.13333, 1.6], "texture": "#0"}
			}
		},
		{
			"from": [6, 26.83116, 10.27078],
			"to": [10, 28.83116, 13.27078],
			"rotation": {"angle": 22.5, "axis": "x", "origin": [8.5, 27.33116, 11.77078]},
			"faces": {
				"north": {"uv": [0, 0, 2.13333, 1.06667], "rotation": 180, "texture": "#0"},
				"east": {"uv": [0, 0, 1.06667, 1.6], "rotation": 90, "texture": "#0"},
				"south": {"uv": [0, 0, 2.13333, 1.06667], "texture": "#0"},
				"west": {"uv": [0, 0, 1.06667, 1.6], "rotation": 270, "texture": "#0"},
				"up": {"uv": [0, 0, 2.13333, 1.6], "texture": "#0"},
				"down": {"uv": [0, 0, 2.13333, 1.6], "rotation": 180, "texture": "#0"}
			}
		},
		{
			"from": [6, 26.83116, 2.6472],
			"to": [10, 28.83116, 5.6472],
			"rotation": {"angle": -22.5, "axis": "x", "origin": [8.5, 27.33116, 4.1472]},
			"faces": {
				"north": {"uv": [0, 0, 2.13333, 1.06667], "rotation": 180, "texture": "#0"},
				"east": {"uv": [0, 0, 1.06667, 1.6], "rotation": 90, "texture": "#0"},
				"south": {"uv": [0, 0, 2.13333, 1.06667], "texture": "#0"},
				"west": {"uv": [0, 0, 1.06667, 1.6], "rotation": 270, "texture": "#0"},
				"up": {"uv": [0, 0, 2.13333, 1.6], "texture": "#0"},
				"down": {"uv": [0, 0, 2.13333, 1.6], "rotation": 180, "texture": "#0"}
			}
		},
		{
			"from": [6, 27.29101, 4.95899],
			"to": [10, 29.29101, 10.95899],
			"rotation": {"angle": 0, "axis": "x", "origin": [8.5, 27.79101, 7.45899]},
			"faces": {
				"north": {"uv": [0, 0, 2.13333, 1.06667], "rotation": 180, "texture": "#0"},
				"east": {"uv": [0, 0, 1.06667, 3.2], "rotation": 90, "texture": "#0"},
				"south": {"uv": [0, 0, 2.13333, 1.06667], "texture": "#0"},
				"west": {"uv": [0, 0, 1.06667, 3.2], "rotation": 270, "texture": "#0"},
				"up": {"uv": [0, 0, 2.13333, 3.2], "texture": "#0"},
				"down": {"uv": [0, 0, 2.13333, 3.2], "rotation": 180, "texture": "#0"}
			}
		},
		{
			"from": [6, 22.56179, -0.62217],
			"to": [10, 25.56179, 1.37783],
			"rotation": {"angle": 22.5, "axis": "x", "origin": [8.5, 24.06179, 0.87783]},
			"faces": {
				"north": {"uv": [0, 0, 2.13333, 1.6], "texture": "#0"},
				"east": {"uv": [0, 0, 1.06667, 1.6], "texture": "#0"},
				"south": {"uv": [0, 0, 2.13333, 1.6], "texture": "#0"},
				"west": {"uv": [0, 0, 1.06667, 1.6], "texture": "#0"},
				"up": {"uv": [0, 0, 2.13333, 1.06667], "texture": "#0"},
				"down": {"uv": [0, 0, 2.13333, 1.06667], "texture": "#0"}
			}
		},
		{
			"from": [7.5, 1.25, 7],
			"to": [8.5, 28.25, 9],
			"rotation": {"angle": 0, "axis": "y", "origin": [15.5, 9.25, 15.5]},
			"faces": {
				"north": {"uv": [0, 0, 0.53333, 14.4], "texture": "#0"},
				"east": {"uv": [0, 0, 1.06667, 14.4], "texture": "#0"},
				"south": {"uv": [0, 0, 0.53333, 14.4], "texture": "#0"},
				"west": {"uv": [0, 0, 1.06667, 14.4], "texture": "#0"},
				"up": {"uv": [0, 0, 0.53333, 1.06667], "texture": "#0"},
				"down": {"uv": [0, 0, 0.53333, 1.06667], "texture": "#0"}
			}
		},
		{
			"from": [8, 1.25, 4],
			"to": [8.25, 28.25, 6],
			"rotation": {"angle": 0, "axis": "y", "origin": [16, 9.25, 15.5]},
			"faces": {
				"north": {"uv": [0, 0, 0.13333, 13.6], "texture": "#1"},
				"east": {"uv": [6, 1, 11, 14], "texture": "#1"},
				"south": {"uv": [0, 0, 0.13333, 13.6], "texture": "#1"},
				"west": {"uv": [6, 1, 11, 14], "texture": "#1"},
				"up": {"uv": [0, 0, 0.13333, 4.26667], "texture": "#1"},
				"down": {"uv": [0, 0, 0.13333, 4.26667], "texture": "#1"}
			}
		},
		{
			"from": [8, 1.25, 10],
			"to": [8.25, 28.25, 12],
			"rotation": {"angle": 0, "axis": "y", "origin": [16, 9.25, 21.5]},
			"faces": {
				"north": {"uv": [0, 0, 0.13333, 13.6], "texture": "#1"},
				"east": {"uv": [6, 1, 11, 14], "texture": "#1"},
				"south": {"uv": [0, 0, 0.13333, 13.6], "texture": "#1"},
				"west": {"uv": [6, 1, 11, 14], "texture": "#1"},
				"up": {"uv": [0, 0, 0.13333, 4.26667], "texture": "#1"},
				"down": {"uv": [0, 0, 0.13333, 4.26667], "texture": "#1"}
			}
		},
		{
			"from": [8, 1.25, 6],
			"to": [8.25, 28.25, 10],
			"rotation": {"angle": 0, "axis": "y", "origin": [16, 9.25, 19.5]},
			"faces": {
				"north": {"uv": [0, 0, 0.13333, 13.6], "texture": "#1"},
				"east": {"uv": [0, 0, 1, 13], "texture": "#1"},
				"south": {"uv": [0, 0, 0.13333, 13.6], "texture": "#1"},
				"west": {"uv": [6, 1, 11, 14], "texture": "#1"},
				"up": {"uv": [0, 0, 0.13333, 4.26667], "texture": "#1"},
				"down": {"uv": [0, 0, 0.13333, 4.26667], "texture": "#1"}
			}
		},
		{
			"from": [8, 1.25, 12],
			"to": [8.25, 27.25, 13.75],
			"rotation": {"angle": 0, "axis": "y", "origin": [16, 9.25, 23.5]},
			"faces": {
				"north": {"uv": [0, 0, 0.13333, 13.06667], "texture": "#1"},
				"east": {"uv": [6, 1, 11, 14], "texture": "#1"},
				"south": {"uv": [0, 0, 0.13333, 13.06667], "texture": "#1"},
				"west": {"uv": [6, 1, 11, 14], "texture": "#1"},
				"up": {"uv": [0, 0, 0.13333, 0.93333], "texture": "#1"},
				"down": {"uv": [0, 0, 0.13333, 0.93333], "texture": "#1"}
			}
		},
		{
			"from": [8, 1.25, 2.25],
			"to": [8.25, 27.25, 4],
			"rotation": {"angle": 0, "axis": "y", "origin": [16, 9.25, 14]},
			"faces": {
				"north": {"uv": [0, 0, 0.13333, 13.06667], "texture": "#1"},
				"east": {"uv": [6, 1, 11, 14], "texture": "#1"},
				"south": {"uv": [0, 0, 0.13333, 13.06667], "texture": "#1"},
				"west": {"uv": [6, 1, 11, 14], "texture": "#1"},
				"up": {"uv": [0, 0, 0.13333, 0.93333], "texture": "#1"},
				"down": {"uv": [0, 0, 0.13333, 0.93333], "texture": "#1"}
			}
		},
		{
			"from": [8, 1.25, 0.5],
			"to": [8.25, 25.5, 2.25],
			"rotation": {"angle": 0, "axis": "y", "origin": [16, 9.25, 12.25]},
			"faces": {
				"north": {"uv": [0, 0, 0.13333, 13.06667], "texture": "#1"},
				"east": {"uv": [0, 0, 0.93333, 13.06667], "texture": "#1"},
				"south": {"uv": [0, 0, 0.13333, 13.06667], "texture": "#1"},
				"west": {"uv": [0, 0, 1, 13], "texture": "#1"},
				"up": {"uv": [0, 0, 0.13333, 0.93333], "texture": "#1"},
				"down": {"uv": [0, 0, 0.13333, 0.93333], "texture": "#1"}
			}
		},
		{
			"from": [8, 1.25, 13.75],
			"to": [8.25, 25.5, 15.5],
			"rotation": {"angle": 0, "axis": "y", "origin": [16, 9.25, 25.5]},
			"faces": {
				"north": {"uv": [0, 0, 0.13333, 13.06667], "texture": "#1"},
				"east": {"uv": [0, 0, 0.93333, 13.06667], "texture": "#1"},
				"south": {"uv": [0, 0, 0.13333, 13.06667], "texture": "#1"},
				"west": {"uv": [0, 0, 1, 13], "texture": "#1"},
				"up": {"uv": [0, 0, 0.13333, 0.93333], "texture": "#1"},
				"down": {"uv": [0, 0, 0.13333, 0.93333], "texture": "#1"}
			}
		},
		{
			"from": [7.575, 13.5, -0.5],
			"to": [8.425, 15.5, 16.5],
			"rotation": {"angle": 0, "axis": "x", "origin": [8, 13.5, 8]},
			"faces": {
				"north": {"uv": [0, 0, 0.45333, 1.06667], "rotation": 180, "texture": "#0"},
				"east": {"uv": [0, 0, 1.06667, 9.06667], "rotation": 270, "texture": "#0"},
				"south": {"uv": [0, 0, 0.45333, 1.06667], "texture": "#0"},
				"west": {"uv": [0, 0, 1.06667, 9.06667], "rotation": 90, "texture": "#0"},
				"up": {"uv": [0, 0, 0.45333, 9.06667], "rotation": 180, "texture": "#0"},
				"down": {"uv": [0, 0, 0.45333, 9.06667], "texture": "#0"}
			}
		}
	],
	"display": {
		"thirdperson_righthand": {
			"rotation": [31, 29, 4],
			"scale": [0.35, 0.35, 0.35]
		},
		"thirdperson_lefthand": {
			"rotation": [31, 29, 4],
			"scale": [0.35, 0.35, 0.35]
		},
		"firstperson_righthand": {
			"rotation": [0, 14, 0],
			"scale": [0.45, 0.45, 0.45]
		},
		"firstperson_lefthand": {
			"rotation": [0, 14, 0],
			"scale": [0.45, 0.45, 0.45]
		},
		"ground": {
			"scale": [0.25, 0.25, 0.25]
		},
		"gui": {
			"rotation": [14, -18, 0],
			"scale": [0.7, 0.7, 0.7]
		},
		"head": {
			"rotation": [0, 90, 0],
			"translation": [0, -16.75, 0],
			"scale": [1.5, 1.5, 1.5]
		},
		"fixed": {
			"rotation": [0, 90, 0],
			"translation": [0, -2.75, -1],
			"scale": [0.5, 0.5, 0.5]
		}
	}
}