{
	"credit": "Made with Blockbench",
	"textures": {
		"0": "block/polished_granite",
		"1": "block/andesite",
		"particle": "block/polished_granite"
	},
	"elements": [
		{
			"name": "hexadecagon",
			"from": [7.87071, -9.55, 2.15],
			"to": [8.12929, -6.56, 3.45],
			"rotation": {"angle": -45, "axis": "y", "origin": [8, -7.21, 2.8]},
			"faces": {
				"north": {"uv": [0, 0, 1, 6], "texture": "#1"},
				"east": {"uv": [0, 0, 1, 6], "texture": "#1"},
				"south": {"uv": [0, 0, 1, 6], "texture": "#1"},
				"west": {"uv": [0, 0, 1, 6], "texture": "#1"},
				"up": {"uv": [0, 0, 1, 1], "texture": "#1"},
				"down": {"uv": [0, 0, 1, 1], "texture": "#1"}
			}
		},
		{
			"name": "hexadecagon",
			"from": [7.87071, -9.55, 2.15],
			"to": [8.12929, -6.56, 3.45],
			"rotation": {"angle": -22.5, "axis": "y", "origin": [8, -7.21, 2.8]},
			"faces": {
				"north": {"uv": [0, 0, 1, 6], "texture": "#1"},
				"east": {"uv": [0, 0, 1, 6], "texture": "#1"},
				"south": {"uv": [0, 0, 1, 6], "texture": "#1"},
				"west": {"uv": [0, 0, 1, 6], "texture": "#1"},
				"up": {"uv": [0, 0, 1, 1], "texture": "#1"},
				"down": {"uv": [0, 0, 1, 1], "texture": "#1"}
			}
		},
		{
			"name": "hexadecagon",
			"from": [7.87071, -9.55, 2.15],
			"to": [8.12929, -6.56, 3.45],
			"rotation": {"angle": 0, "axis": "y", "origin": [8, -7.21, 2.8]},
			"faces": {
				"north": {"uv": [0, 0, 1, 6], "texture": "#1"},
				"east": {"uv": [0, 0, 1, 6], "texture": "#1"},
				"south": {"uv": [0, 0, 1, 6], "texture": "#1"},
				"west": {"uv": [0, 0, 1, 6], "texture": "#1"},
				"up": {"uv": [0, 0, 1, 1], "texture": "#1"},
				"down": {"uv": [0, 0, 1, 1], "texture": "#1"}
			}
		},
		{
			"name": "hexadecagon",
			"from": [7.87071, -9.55, 2.15],
			"to": [8.12929, -6.56, 3.45],
			"rotation": {"angle": 22.5, "axis": "y", "origin": [8, -7.21, 2.8]},
			"faces": {
				"north": {"uv": [0, 0, 1, 6], "texture": "#1"},
				"east": {"uv": [0, 0, 1, 6], "texture": "#1"},
				"south": {"uv": [0, 0, 1, 6], "texture": "#1"},
				"west": {"uv": [0, 0, 1, 6], "texture": "#1"},
				"up": {"uv": [0, 0, 1, 1], "texture": "#1"},
				"down": {"uv": [0, 0, 1, 1], "texture": "#1"}
			}
		},
		{
			"name": "hexadecagon",
			"from": [7.87071, -9.55, 2.15],
			"to": [8.12929, -6.56, 3.45],
			"rotation": {"angle": 45, "axis": "y", "origin": [8, -7.21, 2.8]},
			"faces": {
				"north": {"uv": [0, 0, 1, 6], "texture": "#1"},
				"east": {"uv": [0, 0, 1, 6], "texture": "#1"},
				"south": {"uv": [0, 0, 1, 6], "texture": "#1"},
				"west": {"uv": [0, 0, 1, 6], "texture": "#1"},
				"up": {"uv": [0, 0, 1, 1], "texture": "#1"},
				"down": {"uv": [0, 0, 1, 1], "texture": "#1"}
			}
		},
		{
			"name": "hexadecagon",
			"from": [7.35, -9.55, 2.67071],
			"to": [8.65, -6.56, 2.92929],
			"rotation": {"angle": -22.5, "axis": "y", "origin": [8, -7.21, 2.8]},
			"faces": {
				"north": {"uv": [0, 0, 1, 6], "texture": "#1"},
				"east": {"uv": [0, 0, 1, 6], "texture": "#1"},
				"south": {"uv": [0, 0, 1, 6], "texture": "#1"},
				"west": {"uv": [0, 0, 1, 6], "texture": "#1"},
				"up": {"uv": [0, 0, 1, 1], "texture": "#1"},
				"down": {"uv": [0, 0, 1, 1], "texture": "#1"}
			}
		},
		{
			"name": "hexadecagon",
			"from": [7.35, -9.55, 2.67071],
			"to": [8.65, -6.56, 2.92929],
			"rotation": {"angle": 0, "axis": "y", "origin": [8, -7.21, 2.8]},
			"faces": {
				"north": {"uv": [0, 0, 1, 6], "texture": "#1"},
				"east": {"uv": [0, 0, 1, 6], "texture": "#1"},
				"south": {"uv": [0, 0, 1, 6], "texture": "#1"},
				"west": {"uv": [0, 0, 1, 6], "texture": "#1"},
				"up": {"uv": [0, 0, 1, 1], "texture": "#1"},
				"down": {"uv": [0, 0, 1, 1], "texture": "#1"}
			}
		},
		{
			"name": "hexadecagon",
			"from": [7.35, -9.55, 2.67071],
			"to": [8.65, -6.56, 2.92929],
			"rotation": {"angle": 22.5, "axis": "y", "origin": [8, -7.21, 2.8]},
			"faces": {
				"north": {"uv": [0, 0, 1, 6], "texture": "#1"},
				"east": {"uv": [0, 0, 1, 6], "texture": "#1"},
				"south": {"uv": [0, 0, 1, 6], "texture": "#1"},
				"west": {"uv": [0, 0, 1, 6], "texture": "#1"},
				"up": {"uv": [0, 0, 1, 1], "texture": "#1"},
				"down": {"uv": [0, 0, 1, 1], "texture": "#1"}
			}
		},
		{
			"name": "hexadecagon",
			"from": [7.87071, -9.55, 12.55],
			"to": [8.12929, -6.56, 13.85],
			"rotation": {"angle": -45, "axis": "y", "origin": [8, -7.21, 13.2]},
			"faces": {
				"north": {"uv": [0, 0, 1, 6], "texture": "#1"},
				"east": {"uv": [0, 0, 1, 6], "texture": "#1"},
				"south": {"uv": [0, 0, 1, 6], "texture": "#1"},
				"west": {"uv": [0, 0, 1, 6], "texture": "#1"},
				"up": {"uv": [0, 0, 1, 1], "texture": "#1"},
				"down": {"uv": [0, 0, 1, 1], "texture": "#1"}
			}
		},
		{
			"name": "hexadecagon",
			"from": [7.87071, -9.55, 12.55],
			"to": [8.12929, -6.56, 13.85],
			"rotation": {"angle": -22.5, "axis": "y", "origin": [8, -7.21, 13.2]},
			"faces": {
				"north": {"uv": [0, 0, 1, 6], "texture": "#1"},
				"east": {"uv": [0, 0, 1, 6], "texture": "#1"},
				"south": {"uv": [0, 0, 1, 6], "texture": "#1"},
				"west": {"uv": [0, 0, 1, 6], "texture": "#1"},
				"up": {"uv": [0, 0, 1, 1], "texture": "#1"},
				"down": {"uv": [0, 0, 1, 1], "texture": "#1"}
			}
		},
		{
			"name": "hexadecagon",
			"from": [7.87071, -9.55, 12.55],
			"to": [8.12929, -6.56, 13.85],
			"rotation": {"angle": 0, "axis": "y", "origin": [8, -7.21, 13.2]},
			"faces": {
				"north": {"uv": [0, 0, 1, 6], "texture": "#1"},
				"east": {"uv": [0, 0, 1, 6], "texture": "#1"},
				"south": {"uv": [0, 0, 1, 6], "texture": "#1"},
				"west": {"uv": [0, 0, 1, 6], "texture": "#1"},
				"up": {"uv": [0, 0, 1, 1], "texture": "#1"},
				"down": {"uv": [0, 0, 1, 1], "texture": "#1"}
			}
		},
		{
			"name": "hexadecagon",
			"from": [7.87071, -9.55, 12.55],
			"to": [8.12929, -6.56, 13.85],
			"rotation": {"angle": 22.5, "axis": "y", "origin": [8, -7.21, 13.2]},
			"faces": {
				"north": {"uv": [0, 0, 1, 6], "texture": "#1"},
				"east": {"uv": [0, 0, 1, 6], "texture": "#1"},
				"south": {"uv": [0, 0, 1, 6], "texture": "#1"},
				"west": {"uv": [0, 0, 1, 6], "texture": "#1"},
				"up": {"uv": [0, 0, 1, 1], "texture": "#1"},
				"down": {"uv": [0, 0, 1, 1], "texture": "#1"}
			}
		},
		{
			"name": "hexadecagon",
			"from": [7.87071, -9.55, 12.55],
			"to": [8.12929, -6.56, 13.85],
			"rotation": {"angle": 45, "axis": "y", "origin": [8, -7.21, 13.2]},
			"faces": {
				"north": {"uv": [0, 0, 1, 6], "texture": "#1"},
				"east": {"uv": [0, 0, 1, 6], "texture": "#1"},
				"south": {"uv": [0, 0, 1, 6], "texture": "#1"},
				"west": {"uv": [0, 0, 1, 6], "texture": "#1"},
				"up": {"uv": [0, 0, 1, 1], "texture": "#1"},
				"down": {"uv": [0, 0, 1, 1], "texture": "#1"}
			}
		},
		{
			"name": "hexadecagon",
			"from": [7.35, -9.55, 13.07071],
			"to": [8.65, -6.56, 13.32929],
			"rotation": {"angle": -22.5, "axis": "y", "origin": [8, -7.21, 13.2]},
			"faces": {
				"north": {"uv": [0, 0, 1, 6], "texture": "#1"},
				"east": {"uv": [0, 0, 1, 6], "texture": "#1"},
				"south": {"uv": [0, 0, 1, 6], "texture": "#1"},
				"west": {"uv": [0, 0, 1, 6], "texture": "#1"},
				"up": {"uv": [0, 0, 1, 1], "texture": "#1"},
				"down": {"uv": [0, 0, 1, 1], "texture": "#1"}
			}
		},
		{
			"name": "hexadecagon",
			"from": [7.35, -9.55, 13.07071],
			"to": [8.65, -6.56, 13.32929],
			"rotation": {"angle": 0, "axis": "y", "origin": [8, -7.21, 13.2]},
			"faces": {
				"north": {"uv": [0, 0, 1, 6], "texture": "#1"},
				"east": {"uv": [0, 0, 1, 6], "texture": "#1"},
				"south": {"uv": [0, 0, 1, 6], "texture": "#1"},
				"west": {"uv": [0, 0, 1, 6], "texture": "#1"},
				"up": {"uv": [0, 0, 1, 1], "texture": "#1"},
				"down": {"uv": [0, 0, 1, 1], "texture": "#1"}
			}
		},
		{
			"name": "hexadecagon",
			"from": [7.35, -9.55, 13.07071],
			"to": [8.65, -6.56, 13.32929],
			"rotation": {"angle": 22.5, "axis": "y", "origin": [8, -7.21, 13.2]},
			"faces": {
				"north": {"uv": [0, 0, 1, 6], "texture": "#1"},
				"east": {"uv": [0, 0, 1, 6], "texture": "#1"},
				"south": {"uv": [0, 0, 1, 6], "texture": "#1"},
				"west": {"uv": [0, 0, 1, 6], "texture": "#1"},
				"up": {"uv": [0, 0, 1, 1], "texture": "#1"},
				"down": {"uv": [0, 0, 1, 1], "texture": "#1"}
			}
		},
		{
			"name": "hexadecagon",
			"from": [7.35353, -9.55, 4.75],
			"to": [8.64647, -5.39, 11.25],
			"rotation": {"angle": -45, "axis": "y", "origin": [8, -7.21, 8]},
			"faces": {
				"north": {"uv": [1, 9, 4, 15], "texture": "#0"},
				"east": {"uv": [1, 9, 4, 15], "texture": "#0"},
				"south": {"uv": [1, 9, 4, 15], "texture": "#0"},
				"west": {"uv": [1, 9, 4, 15], "texture": "#0"},
				"up": {"uv": [1, 14, 4, 15], "texture": "#0"},
				"down": {"uv": [1, 14, 4, 15], "texture": "#0"}
			}
		},
		{
			"name": "hexadecagon",
			"from": [7.35353, -9.55, 4.75],
			"to": [8.64647, -5.39, 11.25],
			"rotation": {"angle": -22.5, "axis": "y", "origin": [8, -7.21, 8]},
			"faces": {
				"north": {"uv": [1, 9, 4, 15], "texture": "#0"},
				"east": {"uv": [1, 9, 4, 15], "texture": "#0"},
				"south": {"uv": [1, 9, 4, 15], "texture": "#0"},
				"west": {"uv": [1, 9, 4, 15], "texture": "#0"},
				"up": {"uv": [1, 14, 4, 15], "texture": "#0"},
				"down": {"uv": [1, 14, 4, 15], "texture": "#0"}
			}
		},
		{
			"name": "hexadecagon",
			"from": [7.35353, -9.55, 4.75],
			"to": [8.64647, -5.39, 11.25],
			"rotation": {"angle": 0, "axis": "y", "origin": [8, -7.21, 8]},
			"faces": {
				"north": {"uv": [1, 9, 4, 15], "texture": "#0"},
				"east": {"uv": [1, 9, 4, 15], "texture": "#0"},
				"south": {"uv": [1, 9, 4, 15], "texture": "#0"},
				"west": {"uv": [1, 9, 4, 15], "texture": "#0"},
				"up": {"uv": [1, 14, 4, 15], "texture": "#0"},
				"down": {"uv": [1, 14, 4, 15], "texture": "#0"}
			}
		},
		{
			"name": "hexadecagon",
			"from": [7.35353, -9.55, 4.75],
			"to": [8.64647, -5.39, 11.25],
			"rotation": {"angle": 22.5, "axis": "y", "origin": [8, -7.21, 8]},
			"faces": {
				"north": {"uv": [1, 9, 4, 15], "texture": "#0"},
				"east": {"uv": [1, 9, 4, 15], "texture": "#0"},
				"south": {"uv": [1, 9, 4, 15], "texture": "#0"},
				"west": {"uv": [1, 9, 4, 15], "texture": "#0"},
				"up": {"uv": [1, 14, 4, 15], "texture": "#0"},
				"down": {"uv": [1, 14, 4, 15], "texture": "#0"}
			}
		},
		{
			"name": "hexadecagon",
			"from": [7.35353, -9.55, 4.75],
			"to": [8.64647, -5.39, 11.25],
			"rotation": {"angle": 45, "axis": "y", "origin": [8, -7.21, 8]},
			"faces": {
				"north": {"uv": [1, 9, 4, 15], "texture": "#0"},
				"east": {"uv": [1, 9, 4, 15], "texture": "#0"},
				"south": {"uv": [1, 9, 4, 15], "texture": "#0"},
				"west": {"uv": [1, 9, 4, 15], "texture": "#0"},
				"up": {"uv": [1, 14, 4, 15], "texture": "#0"},
				"down": {"uv": [1, 14, 4, 15], "texture": "#0"}
			}
		},
		{
			"name": "hexadecagon",
			"from": [4.75, -9.55, 7.35353],
			"to": [11.25, -5.39, 8.64647],
			"rotation": {"angle": -22.5, "axis": "y", "origin": [8, -7.21, 8]},
			"faces": {
				"north": {"uv": [1, 9, 4, 15], "texture": "#0"},
				"east": {"uv": [1, 9, 4, 15], "texture": "#0"},
				"south": {"uv": [1, 9, 4, 15], "texture": "#0"},
				"west": {"uv": [1, 9, 4, 15], "texture": "#0"},
				"up": {"uv": [1, 14, 4, 15], "texture": "#0"},
				"down": {"uv": [1, 14, 4, 15], "texture": "#0"}
			}
		},
		{
			"name": "hexadecagon",
			"from": [4.75, -9.55, 7.35353],
			"to": [11.25, -5.39, 8.64647],
			"rotation": {"angle": 0, "axis": "y", "origin": [8, -7.21, 8]},
			"faces": {
				"north": {"uv": [1, 9, 4, 15], "texture": "#0"},
				"east": {"uv": [1, 9, 4, 15], "texture": "#0"},
				"south": {"uv": [1, 9, 4, 15], "texture": "#0"},
				"west": {"uv": [1, 9, 4, 15], "texture": "#0"},
				"up": {"uv": [1, 14, 4, 15], "texture": "#0"},
				"down": {"uv": [1, 14, 4, 15], "texture": "#0"}
			}
		},
		{
			"name": "hexadecagon",
			"from": [4.75, -9.55, 7.35353],
			"to": [11.25, -5.39, 8.64647],
			"rotation": {"angle": 22.5, "axis": "y", "origin": [8, -7.21, 8]},
			"faces": {
				"north": {"uv": [1, 9, 4, 15], "texture": "#0"},
				"east": {"uv": [1, 9, 4, 15], "texture": "#0"},
				"south": {"uv": [1, 9, 4, 15], "texture": "#0"},
				"west": {"uv": [1, 9, 4, 15], "texture": "#0"},
				"up": {"uv": [1, 14, 4, 15], "texture": "#0"},
				"down": {"uv": [1, 14, 4, 15], "texture": "#0"}
			}
		},
		{
			"name": "hexadecagon",
			"from": [7.37939, -5.39, 4.88],
			"to": [8.62061, -5.13, 11.12],
			"rotation": {"angle": -45, "axis": "y", "origin": [8, -5.78, 8]},
			"faces": {
				"north": {"uv": [0, 0, 6, 2], "texture": "#1"},
				"east": {"uv": [0, 0, 6, 2], "texture": "#1"},
				"south": {"uv": [0, 0, 6, 2], "texture": "#1"},
				"west": {"uv": [0, 0, 6, 2], "texture": "#1"},
				"up": {"uv": [0, 0, 6, 2], "texture": "#1"},
				"down": {"uv": [0, 0, 6, 2], "texture": "#1"}
			}
		},
		{
			"name": "hexadecagon",
			"from": [7.37939, -5.39, 4.88],
			"to": [8.62061, -5.13, 11.12],
			"rotation": {"angle": -22.5, "axis": "y", "origin": [8, -5.78, 8]},
			"faces": {
				"north": {"uv": [0, 0, 6, 2], "texture": "#1"},
				"east": {"uv": [0, 0, 6, 2], "texture": "#1"},
				"south": {"uv": [0, 0, 6, 2], "texture": "#1"},
				"west": {"uv": [0, 0, 6, 2], "texture": "#1"},
				"up": {"uv": [0, 0, 6, 2], "texture": "#1"},
				"down": {"uv": [0, 0, 6, 2], "texture": "#1"}
			}
		},
		{
			"name": "hexadecagon",
			"from": [7.37939, -5.39, 4.88],
			"to": [8.62061, -5.13, 11.12],
			"rotation": {"angle": 0, "axis": "y", "origin": [8, -5.78, 8]},
			"faces": {
				"north": {"uv": [0, 0, 6, 2], "texture": "#1"},
				"east": {"uv": [0, 0, 6, 2], "texture": "#1"},
				"south": {"uv": [0, 0, 6, 2], "texture": "#1"},
				"west": {"uv": [0, 0, 6, 2], "texture": "#1"},
				"up": {"uv": [0, 0, 6, 2], "texture": "#1"},
				"down": {"uv": [0, 0, 6, 2], "texture": "#1"}
			}
		},
		{
			"name": "hexadecagon",
			"from": [7.37939, -5.39, 4.88],
			"to": [8.62061, -5.13, 11.12],
			"rotation": {"angle": 22.5, "axis": "y", "origin": [8, -5.78, 8]},
			"faces": {
				"north": {"uv": [0, 0, 6, 2], "texture": "#1"},
				"east": {"uv": [0, 0, 6, 2], "texture": "#1"},
				"south": {"uv": [0, 0, 6, 2], "texture": "#1"},
				"west": {"uv": [0, 0, 6, 2], "texture": "#1"},
				"up": {"uv": [0, 0, 6, 2], "texture": "#1"},
				"down": {"uv": [0, 0, 6, 2], "texture": "#1"}
			}
		},
		{
			"name": "hexadecagon",
			"from": [7.37939, -5.39, 4.88],
			"to": [8.62061, -5.13, 11.12],
			"rotation": {"angle": 45, "axis": "y", "origin": [8, -5.78, 8]},
			"faces": {
				"north": {"uv": [0, 0, 6, 2], "texture": "#1"},
				"east": {"uv": [0, 0, 6, 2], "texture": "#1"},
				"south": {"uv": [0, 0, 6, 2], "texture": "#1"},
				"west": {"uv": [0, 0, 6, 2], "texture": "#1"},
				"up": {"uv": [0, 0, 6, 2], "texture": "#1"},
				"down": {"uv": [0, 0, 6, 2], "texture": "#1"}
			}
		},
		{
			"name": "hexadecagon",
			"from": [4.88, -5.39, 7.37939],
			"to": [11.12, -5.13, 8.62061],
			"rotation": {"angle": -22.5, "axis": "y", "origin": [8, -5.78, 8]},
			"faces": {
				"north": {"uv": [0, 0, 6, 2], "texture": "#1"},
				"east": {"uv": [0, 0, 6, 2], "texture": "#1"},
				"south": {"uv": [0, 0, 6, 2], "texture": "#1"},
				"west": {"uv": [0, 0, 6, 2], "texture": "#1"},
				"up": {"uv": [0, 0, 6, 2], "texture": "#1"},
				"down": {"uv": [0, 0, 6, 2], "texture": "#1"}
			}
		},
		{
			"name": "hexadecagon",
			"from": [4.88, -5.39, 7.37939],
			"to": [11.12, -5.13, 8.62061],
			"rotation": {"angle": 0, "axis": "y", "origin": [8, -5.78, 8]},
			"faces": {
				"north": {"uv": [0, 0, 6, 2], "texture": "#1"},
				"east": {"uv": [0, 0, 6, 2], "texture": "#1"},
				"south": {"uv": [0, 0, 6, 2], "texture": "#1"},
				"west": {"uv": [0, 0, 6, 2], "texture": "#1"},
				"up": {"uv": [0, 0, 6, 2], "texture": "#1"},
				"down": {"uv": [0, 0, 6, 2], "texture": "#1"}
			}
		},
		{
			"name": "hexadecagon",
			"from": [4.88, -5.39, 7.37939],
			"to": [11.12, -5.13, 8.62061],
			"rotation": {"angle": 22.5, "axis": "y", "origin": [8, -5.78, 8]},
			"faces": {
				"north": {"uv": [0, 0, 6, 2], "texture": "#1"},
				"east": {"uv": [0, 0, 6, 2], "texture": "#1"},
				"south": {"uv": [0, 0, 6, 2], "texture": "#1"},
				"west": {"uv": [0, 0, 6, 2], "texture": "#1"},
				"up": {"uv": [0, 0, 6, 2], "texture": "#1"},
				"down": {"uv": [0, 0, 6, 2], "texture": "#1"}
			}
		},
		{
			"name": "hexadecagon",
			"from": [7.44404, -5, 5.205],
			"to": [8.55596, -4.22, 10.795],
			"rotation": {"angle": -45, "axis": "y", "origin": [8, -4.87, 8]},
			"faces": {
				"north": {"uv": [0, 0, 11, 5], "texture": "#1"},
				"east": {"uv": [0, 0, 11, 5], "texture": "#1"},
				"south": {"uv": [0, 0, 11, 5], "texture": "#1"},
				"west": {"uv": [0, 0, 11, 5], "texture": "#1"},
				"up": {"uv": [0, 0, 11, 5], "texture": "#1"},
				"down": {"uv": [0, 0, 11, 5], "texture": "#1"}
			}
		},
		{
			"name": "hexadecagon",
			"from": [7.44404, -5, 5.205],
			"to": [8.55596, -4.22, 10.795],
			"rotation": {"angle": -22.5, "axis": "y", "origin": [8, -4.87, 8]},
			"faces": {
				"north": {"uv": [0, 0, 11, 5], "texture": "#1"},
				"east": {"uv": [0, 0, 11, 5], "texture": "#1"},
				"south": {"uv": [0, 0, 11, 5], "texture": "#1"},
				"west": {"uv": [0, 0, 11, 5], "texture": "#1"},
				"up": {"uv": [0, 0, 11, 5], "texture": "#1"},
				"down": {"uv": [0, 0, 11, 5], "texture": "#1"}
			}
		},
		{
			"name": "hexadecagon",
			"from": [7.44404, -5, 5.205],
			"to": [8.55596, -4.22, 10.795],
			"rotation": {"angle": 0, "axis": "y", "origin": [8, -4.87, 8]},
			"faces": {
				"north": {"uv": [0, 0, 11, 5], "texture": "#1"},
				"east": {"uv": [0, 0, 11, 5], "texture": "#1"},
				"south": {"uv": [0, 0, 11, 5], "texture": "#1"},
				"west": {"uv": [0, 0, 11, 5], "texture": "#1"},
				"up": {"uv": [0, 0, 11, 5], "texture": "#1"},
				"down": {"uv": [0, 0, 11, 5], "texture": "#1"}
			}
		},
		{
			"name": "hexadecagon",
			"from": [7.44404, -5, 5.205],
			"to": [8.55596, -4.22, 10.795],
			"rotation": {"angle": 22.5, "axis": "y", "origin": [8, -4.87, 8]},
			"faces": {
				"north": {"uv": [0, 0, 11, 5], "texture": "#1"},
				"east": {"uv": [0, 0, 11, 5], "texture": "#1"},
				"south": {"uv": [0, 0, 11, 5], "texture": "#1"},
				"west": {"uv": [0, 0, 11, 5], "texture": "#1"},
				"up": {"uv": [0, 0, 11, 5], "texture": "#1"},
				"down": {"uv": [0, 0, 11, 5], "texture": "#1"}
			}
		},
		{
			"name": "hexadecagon",
			"from": [7.44404, -5, 5.205],
			"to": [8.55596, -4.22, 10.795],
			"rotation": {"angle": 45, "axis": "y", "origin": [8, -4.87, 8]},
			"faces": {
				"north": {"uv": [0, 0, 11, 5], "texture": "#1"},
				"east": {"uv": [0, 0, 11, 5], "texture": "#1"},
				"south": {"uv": [0, 0, 11, 5], "texture": "#1"},
				"west": {"uv": [0, 0, 11, 5], "texture": "#1"},
				"up": {"uv": [0, 0, 11, 5], "texture": "#1"},
				"down": {"uv": [0, 0, 11, 5], "texture": "#1"}
			}
		},
		{
			"name": "hexadecagon",
			"from": [5.205, -5, 7.44404],
			"to": [10.795, -4.22, 8.55596],
			"rotation": {"angle": -22.5, "axis": "y", "origin": [8, -4.87, 8]},
			"faces": {
				"north": {"uv": [0, 0, 11, 5], "texture": "#1"},
				"east": {"uv": [0, 0, 11, 5], "texture": "#1"},
				"south": {"uv": [0, 0, 11, 5], "texture": "#1"},
				"west": {"uv": [0, 0, 11, 5], "texture": "#1"},
				"up": {"uv": [0, 0, 11, 5], "texture": "#1"},
				"down": {"uv": [0, 0, 11, 5], "texture": "#1"}
			}
		},
		{
			"name": "hexadecagon",
			"from": [5.205, -5, 7.44404],
			"to": [10.795, -4.22, 8.55596],
			"rotation": {"angle": 0, "axis": "y", "origin": [8, -4.87, 8]},
			"faces": {
				"north": {"uv": [0, 0, 11, 5], "texture": "#1"},
				"east": {"uv": [0, 0, 11, 5], "texture": "#1"},
				"south": {"uv": [0, 0, 11, 5], "texture": "#1"},
				"west": {"uv": [0, 0, 11, 5], "texture": "#1"},
				"up": {"uv": [0, 0, 11, 5], "texture": "#1"},
				"down": {"uv": [0, 0, 11, 5], "texture": "#1"}
			}
		},
		{
			"name": "hexadecagon",
			"from": [5.205, -5, 7.44404],
			"to": [10.795, -4.22, 8.55596],
			"rotation": {"angle": 22.5, "axis": "y", "origin": [8, -4.87, 8]},
			"faces": {
				"north": {"uv": [0, 0, 11, 5], "texture": "#1"},
				"east": {"uv": [0, 0, 11, 5], "texture": "#1"},
				"south": {"uv": [0, 0, 11, 5], "texture": "#1"},
				"west": {"uv": [0, 0, 11, 5], "texture": "#1"},
				"up": {"uv": [0, 0, 11, 5], "texture": "#1"},
				"down": {"uv": [0, 0, 11, 5], "texture": "#1"}
			}
		},
		{
			"name": "hexadecagon",
			"from": [7.4699, -5.13, 5.335],
			"to": [8.5301, -4.09, 10.665],
			"rotation": {"angle": -45, "axis": "y", "origin": [8, -4.74, 8]},
			"faces": {
				"north": {"uv": [0, 0, 3, 3], "texture": "#1"},
				"east": {"uv": [0, 0, 3, 3], "texture": "#1"},
				"south": {"uv": [0, 0, 3, 3], "texture": "#1"},
				"west": {"uv": [0, 0, 3, 3], "texture": "#1"},
				"up": {"uv": [0, 0, 1, 1], "texture": "#1"},
				"down": {"uv": [0, 0, 3, 3], "texture": "#1"}
			}
		},
		{
			"name": "hexadecagon",
			"from": [7.4699, -5.13, 5.335],
			"to": [8.5301, -4.09, 10.665],
			"rotation": {"angle": -22.5, "axis": "y", "origin": [8, -4.74, 8]},
			"faces": {
				"north": {"uv": [0, 0, 3, 3], "texture": "#1"},
				"east": {"uv": [0, 0, 3, 3], "texture": "#1"},
				"south": {"uv": [0, 0, 3, 3], "texture": "#1"},
				"west": {"uv": [0, 0, 3, 3], "texture": "#1"},
				"up": {"uv": [0, 0, 1, 1], "texture": "#1"},
				"down": {"uv": [0, 0, 3, 3], "texture": "#1"}
			}
		},
		{
			"name": "hexadecagon",
			"from": [7.4699, -5.13, 5.335],
			"to": [8.5301, -4.09, 10.665],
			"rotation": {"angle": 0, "axis": "y", "origin": [8, -4.74, 8]},
			"faces": {
				"north": {"uv": [0, 0, 3, 3], "texture": "#1"},
				"east": {"uv": [0, 0, 3, 3], "texture": "#1"},
				"south": {"uv": [0, 0, 3, 3], "texture": "#1"},
				"west": {"uv": [0, 0, 3, 3], "texture": "#1"},
				"up": {"uv": [0, 0, 1, 1], "texture": "#1"},
				"down": {"uv": [0, 0, 3, 3], "texture": "#1"}
			}
		},
		{
			"name": "hexadecagon",
			"from": [7.4699, -5.13, 5.335],
			"to": [8.5301, -4.09, 10.665],
			"rotation": {"angle": 22.5, "axis": "y", "origin": [8, -4.74, 8]},
			"faces": {
				"north": {"uv": [0, 0, 3, 3], "texture": "#1"},
				"east": {"uv": [0, 0, 3, 3], "texture": "#1"},
				"south": {"uv": [0, 0, 3, 3], "texture": "#1"},
				"west": {"uv": [0, 0, 3, 3], "texture": "#1"},
				"up": {"uv": [0, 0, 1, 1], "texture": "#1"},
				"down": {"uv": [0, 0, 3, 3], "texture": "#1"}
			}
		},
		{
			"name": "hexadecagon",
			"from": [7.4699, -5.13, 5.335],
			"to": [8.5301, -4.09, 10.665],
			"rotation": {"angle": 45, "axis": "y", "origin": [8, -4.74, 8]},
			"faces": {
				"north": {"uv": [0, 0, 3, 3], "texture": "#1"},
				"east": {"uv": [0, 0, 3, 3], "texture": "#1"},
				"south": {"uv": [0, 0, 3, 3], "texture": "#1"},
				"west": {"uv": [0, 0, 3, 3], "texture": "#1"},
				"up": {"uv": [0, 0, 1, 1], "texture": "#1"},
				"down": {"uv": [0, 0, 3, 3], "texture": "#1"}
			}
		},
		{
			"name": "hexadecagon",
			"from": [5.335, -5.13, 7.4699],
			"to": [10.665, -4.09, 8.5301],
			"rotation": {"angle": -22.5, "axis": "y", "origin": [8, -4.74, 8]},
			"faces": {
				"north": {"uv": [0, 0, 3, 3], "texture": "#1"},
				"east": {"uv": [0, 0, 3, 3], "texture": "#1"},
				"south": {"uv": [0, 0, 3, 3], "texture": "#1"},
				"west": {"uv": [0, 0, 3, 3], "texture": "#1"},
				"up": {"uv": [0, 0, 1, 1], "texture": "#1"},
				"down": {"uv": [0, 0, 3, 3], "texture": "#1"}
			}
		},
		{
			"name": "hexadecagon",
			"from": [5.335, -5.13, 7.4699],
			"to": [10.665, -4.09, 8.5301],
			"rotation": {"angle": 0, "axis": "y", "origin": [8, -4.74, 8]},
			"faces": {
				"north": {"uv": [0, 0, 3, 3], "texture": "#1"},
				"east": {"uv": [0, 0, 3, 3], "texture": "#1"},
				"south": {"uv": [0, 0, 3, 3], "texture": "#1"},
				"west": {"uv": [0, 0, 3, 3], "texture": "#1"},
				"up": {"uv": [0, 0, 1, 1], "texture": "#1"},
				"down": {"uv": [0, 0, 3, 3], "texture": "#1"}
			}
		},
		{
			"name": "hexadecagon",
			"from": [5.335, -5.13, 7.4699],
			"to": [10.665, -4.09, 8.5301],
			"rotation": {"angle": 22.5, "axis": "y", "origin": [8, -4.74, 8]},
			"faces": {
				"north": {"uv": [0, 0, 3, 3], "texture": "#1"},
				"east": {"uv": [0, 0, 3, 3], "texture": "#1"},
				"south": {"uv": [0, 0, 3, 3], "texture": "#1"},
				"west": {"uv": [0, 0, 3, 3], "texture": "#1"},
				"up": {"uv": [0, 0, 1, 1], "texture": "#1"},
				"down": {"uv": [0, 0, 3, 3], "texture": "#1"}
			}
		},
		{
			"name": "hexadecagon",
			"from": [7.80606, -3.83, 7.025],
			"to": [8.19394, -1.36, 8.975],
			"rotation": {"angle": -45, "axis": "y", "origin": [8, -3.18, 8]},
			"faces": {
				"north": {"uv": [0, 0, 4, 16], "texture": "#1"},
				"east": {"uv": [0, 0, 4, 16], "texture": "#1"},
				"south": {"uv": [0, 0, 4, 16], "texture": "#1"},
				"west": {"uv": [0, 0, 4, 16], "texture": "#1"},
				"up": {"uv": [0, 0, 4, 16], "texture": "#1"},
				"down": {"uv": [0, 0, 4, 16], "texture": "#1"}
			}
		},
		{
			"name": "hexadecagon",
			"from": [7.80606, -3.83, 7.025],
			"to": [8.19394, -1.36, 8.975],
			"rotation": {"angle": -22.5, "axis": "y", "origin": [8, -3.18, 8]},
			"faces": {
				"north": {"uv": [0, 0, 4, 16], "texture": "#1"},
				"east": {"uv": [0, 0, 4, 16], "texture": "#1"},
				"south": {"uv": [0, 0, 4, 16], "texture": "#1"},
				"west": {"uv": [0, 0, 4, 16], "texture": "#1"},
				"up": {"uv": [0, 0, 4, 16], "texture": "#1"},
				"down": {"uv": [0, 0, 4, 16], "texture": "#1"}
			}
		},
		{
			"name": "hexadecagon",
			"from": [7.80606, -3.83, 7.025],
			"to": [8.19394, -1.36, 8.975],
			"rotation": {"angle": 0, "axis": "y", "origin": [8, -3.18, 8]},
			"faces": {
				"north": {"uv": [0, 0, 4, 16], "texture": "#1"},
				"east": {"uv": [0, 0, 4, 16], "texture": "#1"},
				"south": {"uv": [0, 0, 4, 16], "texture": "#1"},
				"west": {"uv": [0, 0, 4, 16], "texture": "#1"},
				"up": {"uv": [0, 0, 4, 16], "texture": "#1"},
				"down": {"uv": [0, 0, 4, 16], "texture": "#1"}
			}
		},
		{
			"name": "hexadecagon",
			"from": [7.80606, -3.83, 7.025],
			"to": [8.19394, -1.36, 8.975],
			"rotation": {"angle": 22.5, "axis": "y", "origin": [8, -3.18, 8]},
			"faces": {
				"north": {"uv": [0, 0, 4, 16], "texture": "#1"},
				"east": {"uv": [0, 0, 4, 16], "texture": "#1"},
				"south": {"uv": [0, 0, 4, 16], "texture": "#1"},
				"west": {"uv": [0, 0, 4, 16], "texture": "#1"},
				"up": {"uv": [0, 0, 4, 16], "texture": "#1"},
				"down": {"uv": [0, 0, 4, 16], "texture": "#1"}
			}
		},
		{
			"name": "hexadecagon",
			"from": [7.80606, -3.83, 7.025],
			"to": [8.19394, -1.36, 8.975],
			"rotation": {"angle": 45, "axis": "y", "origin": [8, -3.18, 8]},
			"faces": {
				"north": {"uv": [0, 0, 4, 16], "texture": "#1"},
				"east": {"uv": [0, 0, 4, 16], "texture": "#1"},
				"south": {"uv": [0, 0, 4, 16], "texture": "#1"},
				"west": {"uv": [0, 0, 4, 16], "texture": "#1"},
				"up": {"uv": [0, 0, 4, 16], "texture": "#1"},
				"down": {"uv": [0, 0, 4, 16], "texture": "#1"}
			}
		},
		{
			"name": "hexadecagon",
			"from": [7.025, -3.83, 7.80606],
			"to": [8.975, -1.36, 8.19394],
			"rotation": {"angle": -22.5, "axis": "y", "origin": [8, -3.18, 8]},
			"faces": {
				"north": {"uv": [0, 0, 4, 16], "texture": "#1"},
				"east": {"uv": [0, 0, 4, 16], "texture": "#1"},
				"south": {"uv": [0, 0, 4, 16], "texture": "#1"},
				"west": {"uv": [0, 0, 4, 16], "texture": "#1"},
				"up": {"uv": [0, 0, 4, 16], "texture": "#1"},
				"down": {"uv": [0, 0, 4, 16], "texture": "#1"}
			}
		},
		{
			"name": "hexadecagon",
			"from": [7.025, -3.83, 7.80606],
			"to": [8.975, -1.36, 8.19394],
			"rotation": {"angle": 0, "axis": "y", "origin": [8, -3.18, 8]},
			"faces": {
				"north": {"uv": [0, 0, 4, 16], "texture": "#1"},
				"east": {"uv": [0, 0, 4, 16], "texture": "#1"},
				"south": {"uv": [0, 0, 4, 16], "texture": "#1"},
				"west": {"uv": [0, 0, 4, 16], "texture": "#1"},
				"up": {"uv": [0, 0, 4, 16], "texture": "#1"},
				"down": {"uv": [0, 0, 4, 16], "texture": "#1"}
			}
		},
		{
			"name": "hexadecagon",
			"from": [7.025, -3.83, 7.80606],
			"to": [8.975, -1.36, 8.19394],
			"rotation": {"angle": 22.5, "axis": "y", "origin": [8, -3.18, 8]},
			"faces": {
				"north": {"uv": [0, 0, 4, 16], "texture": "#1"},
				"east": {"uv": [0, 0, 4, 16], "texture": "#1"},
				"south": {"uv": [0, 0, 4, 16], "texture": "#1"},
				"west": {"uv": [0, 0, 4, 16], "texture": "#1"},
				"up": {"uv": [0, 0, 4, 16], "texture": "#1"},
				"down": {"uv": [0, 0, 4, 16], "texture": "#1"}
			}
		},
		{
			"name": "hexadecagon",
			"from": [7.7802, -3.83, 6.895],
			"to": [8.2198, -3.44, 9.105],
			"rotation": {"angle": -45, "axis": "y", "origin": [8, -3.44, 8]},
			"faces": {
				"north": {"uv": [0, 0, 4, 4], "texture": "#1"},
				"east": {"uv": [0, 0, 4, 4], "texture": "#1"},
				"south": {"uv": [0, 0, 4, 4], "texture": "#1"},
				"west": {"uv": [0, 0, 4, 4], "texture": "#1"},
				"up": {"uv": [0, 0, 4, 4], "texture": "#1"},
				"down": {"uv": [0, 0, 4, 4], "texture": "#1"}
			}
		},
		{
			"name": "hexadecagon",
			"from": [7.7802, -3.83, 6.895],
			"to": [8.2198, -3.44, 9.105],
			"rotation": {"angle": -22.5, "axis": "y", "origin": [8, -3.44, 8]},
			"faces": {
				"north": {"uv": [0, 0, 4, 4], "texture": "#1"},
				"east": {"uv": [0, 0, 4, 4], "texture": "#1"},
				"south": {"uv": [0, 0, 4, 4], "texture": "#1"},
				"west": {"uv": [0, 0, 4, 4], "texture": "#1"},
				"up": {"uv": [0, 0, 4, 4], "texture": "#1"},
				"down": {"uv": [0, 0, 4, 4], "texture": "#1"}
			}
		},
		{
			"name": "hexadecagon",
			"from": [7.7802, -3.83, 6.895],
			"to": [8.2198, -3.44, 9.105],
			"rotation": {"angle": 0, "axis": "y", "origin": [8, -3.44, 8]},
			"faces": {
				"north": {"uv": [0, 0, 4, 4], "texture": "#1"},
				"east": {"uv": [0, 0, 4, 4], "texture": "#1"},
				"south": {"uv": [0, 0, 4, 4], "texture": "#1"},
				"west": {"uv": [0, 0, 4, 4], "texture": "#1"},
				"up": {"uv": [0, 0, 4, 4], "texture": "#1"},
				"down": {"uv": [0, 0, 4, 4], "texture": "#1"}
			}
		},
		{
			"name": "hexadecagon",
			"from": [7.7802, -3.83, 6.895],
			"to": [8.2198, -3.44, 9.105],
			"rotation": {"angle": 22.5, "axis": "y", "origin": [8, -3.44, 8]},
			"faces": {
				"north": {"uv": [0, 0, 4, 4], "texture": "#1"},
				"east": {"uv": [0, 0, 4, 4], "texture": "#1"},
				"south": {"uv": [0, 0, 4, 4], "texture": "#1"},
				"west": {"uv": [0, 0, 4, 4], "texture": "#1"},
				"up": {"uv": [0, 0, 4, 4], "texture": "#1"},
				"down": {"uv": [0, 0, 4, 4], "texture": "#1"}
			}
		},
		{
			"name": "hexadecagon",
			"from": [7.7802, -3.83, 6.895],
			"to": [8.2198, -3.44, 9.105],
			"rotation": {"angle": 45, "axis": "y", "origin": [8, -3.44, 8]},
			"faces": {
				"north": {"uv": [0, 0, 4, 4], "texture": "#1"},
				"east": {"uv": [0, 0, 4, 4], "texture": "#1"},
				"south": {"uv": [0, 0, 4, 4], "texture": "#1"},
				"west": {"uv": [0, 0, 4, 4], "texture": "#1"},
				"up": {"uv": [0, 0, 4, 4], "texture": "#1"},
				"down": {"uv": [0, 0, 4, 4], "texture": "#1"}
			}
		},
		{
			"name": "hexadecagon",
			"from": [6.895, -3.83, 7.7802],
			"to": [9.105, -3.44, 8.2198],
			"rotation": {"angle": -22.5, "axis": "y", "origin": [8, -3.44, 8]},
			"faces": {
				"north": {"uv": [0, 0, 4, 4], "texture": "#1"},
				"east": {"uv": [0, 0, 4, 4], "texture": "#1"},
				"south": {"uv": [0, 0, 4, 4], "texture": "#1"},
				"west": {"uv": [0, 0, 4, 4], "texture": "#1"},
				"up": {"uv": [0, 0, 4, 4], "texture": "#1"},
				"down": {"uv": [0, 0, 4, 4], "texture": "#1"}
			}
		},
		{
			"name": "hexadecagon",
			"from": [6.895, -3.83, 7.7802],
			"to": [9.105, -3.44, 8.2198],
			"rotation": {"angle": 0, "axis": "y", "origin": [8, -3.44, 8]},
			"faces": {
				"north": {"uv": [0, 0, 4, 4], "texture": "#1"},
				"east": {"uv": [0, 0, 4, 4], "texture": "#1"},
				"south": {"uv": [0, 0, 4, 4], "texture": "#1"},
				"west": {"uv": [0, 0, 4, 4], "texture": "#1"},
				"up": {"uv": [0, 0, 4, 4], "texture": "#1"},
				"down": {"uv": [0, 0, 4, 4], "texture": "#1"}
			}
		},
		{
			"name": "hexadecagon",
			"from": [6.895, -3.83, 7.7802],
			"to": [9.105, -3.44, 8.2198],
			"rotation": {"angle": 22.5, "axis": "y", "origin": [8, -3.44, 8]},
			"faces": {
				"north": {"uv": [0, 0, 4, 4], "texture": "#1"},
				"east": {"uv": [0, 0, 4, 4], "texture": "#1"},
				"south": {"uv": [0, 0, 4, 4], "texture": "#1"},
				"west": {"uv": [0, 0, 4, 4], "texture": "#1"},
				"up": {"uv": [0, 0, 4, 4], "texture": "#1"},
				"down": {"uv": [0, 0, 4, 4], "texture": "#1"}
			}
		},
		{
			"name": "hexadecagon",
			"from": [7.74141, -4.09, 6.7],
			"to": [8.25859, -3.83, 9.3],
			"rotation": {"angle": -45, "axis": "y", "origin": [8, -4.48, 8]},
			"faces": {
				"north": {"uv": [0, 0, 12, 6], "texture": "#1"},
				"east": {"uv": [0, 0, 12, 6], "texture": "#1"},
				"south": {"uv": [0, 0, 12, 6], "texture": "#1"},
				"west": {"uv": [0, 0, 12, 6], "texture": "#1"},
				"up": {"uv": [0, 0, 12, 6], "texture": "#1"},
				"down": {"uv": [0, 0, 12, 6], "texture": "#1"}
			}
		},
		{
			"name": "hexadecagon",
			"from": [7.74141, -4.09, 6.7],
			"to": [8.25859, -3.83, 9.3],
			"rotation": {"angle": -22.5, "axis": "y", "origin": [8, -4.48, 8]},
			"faces": {
				"north": {"uv": [0, 0, 12, 6], "texture": "#1"},
				"east": {"uv": [0, 0, 12, 6], "texture": "#1"},
				"south": {"uv": [0, 0, 12, 6], "texture": "#1"},
				"west": {"uv": [0, 0, 12, 6], "texture": "#1"},
				"up": {"uv": [0, 0, 12, 6], "texture": "#1"},
				"down": {"uv": [0, 0, 12, 6], "texture": "#1"}
			}
		},
		{
			"name": "hexadecagon",
			"from": [7.74141, -4.09, 6.7],
			"to": [8.25859, -3.83, 9.3],
			"rotation": {"angle": 0, "axis": "y", "origin": [8, -4.48, 8]},
			"faces": {
				"north": {"uv": [0, 0, 12, 6], "texture": "#1"},
				"east": {"uv": [0, 0, 12, 6], "texture": "#1"},
				"south": {"uv": [0, 0, 12, 6], "texture": "#1"},
				"west": {"uv": [0, 0, 12, 6], "texture": "#1"},
				"up": {"uv": [0, 0, 12, 6], "texture": "#1"},
				"down": {"uv": [0, 0, 12, 6], "texture": "#1"}
			}
		},
		{
			"name": "hexadecagon",
			"from": [7.74141, -4.09, 6.7],
			"to": [8.25859, -3.83, 9.3],
			"rotation": {"angle": 22.5, "axis": "y", "origin": [8, -4.48, 8]},
			"faces": {
				"north": {"uv": [0, 0, 12, 6], "texture": "#1"},
				"east": {"uv": [0, 0, 12, 6], "texture": "#1"},
				"south": {"uv": [0, 0, 12, 6], "texture": "#1"},
				"west": {"uv": [0, 0, 12, 6], "texture": "#1"},
				"up": {"uv": [0, 0, 12, 6], "texture": "#1"},
				"down": {"uv": [0, 0, 12, 6], "texture": "#1"}
			}
		},
		{
			"name": "hexadecagon",
			"from": [7.74141, -4.09, 6.7],
			"to": [8.25859, -3.83, 9.3],
			"rotation": {"angle": 45, "axis": "y", "origin": [8, -4.48, 8]},
			"faces": {
				"north": {"uv": [0, 0, 12, 6], "texture": "#1"},
				"east": {"uv": [0, 0, 12, 6], "texture": "#1"},
				"south": {"uv": [0, 0, 12, 6], "texture": "#1"},
				"west": {"uv": [0, 0, 12, 6], "texture": "#1"},
				"up": {"uv": [0, 0, 12, 6], "texture": "#1"},
				"down": {"uv": [0, 0, 12, 6], "texture": "#1"}
			}
		},
		{
			"name": "hexadecagon",
			"from": [6.7, -4.09, 7.74141],
			"to": [9.3, -3.83, 8.25859],
			"rotation": {"angle": -22.5, "axis": "y", "origin": [8, -4.48, 8]},
			"faces": {
				"north": {"uv": [0, 0, 12, 6], "texture": "#1"},
				"east": {"uv": [0, 0, 12, 6], "texture": "#1"},
				"south": {"uv": [0, 0, 12, 6], "texture": "#1"},
				"west": {"uv": [0, 0, 12, 6], "texture": "#1"},
				"up": {"uv": [0, 0, 12, 6], "texture": "#1"},
				"down": {"uv": [0, 0, 12, 6], "texture": "#1"}
			}
		},
		{
			"name": "hexadecagon",
			"from": [6.7, -4.09, 7.74141],
			"to": [9.3, -3.83, 8.25859],
			"rotation": {"angle": 0, "axis": "y", "origin": [8, -4.48, 8]},
			"faces": {
				"north": {"uv": [0, 0, 12, 6], "texture": "#1"},
				"east": {"uv": [0, 0, 12, 6], "texture": "#1"},
				"south": {"uv": [0, 0, 12, 6], "texture": "#1"},
				"west": {"uv": [0, 0, 12, 6], "texture": "#1"},
				"up": {"uv": [0, 0, 12, 6], "texture": "#1"},
				"down": {"uv": [0, 0, 12, 6], "texture": "#1"}
			}
		},
		{
			"name": "hexadecagon",
			"from": [6.7, -4.09, 7.74141],
			"to": [9.3, -3.83, 8.25859],
			"rotation": {"angle": 22.5, "axis": "y", "origin": [8, -4.48, 8]},
			"faces": {
				"north": {"uv": [0, 0, 12, 6], "texture": "#1"},
				"east": {"uv": [0, 0, 12, 6], "texture": "#1"},
				"south": {"uv": [0, 0, 12, 6], "texture": "#1"},
				"west": {"uv": [0, 0, 12, 6], "texture": "#1"},
				"up": {"uv": [0, 0, 12, 6], "texture": "#1"},
				"down": {"uv": [0, 0, 12, 6], "texture": "#1"}
			}
		},
		{
			"name": "hexadecagon",
			"from": [7.61212, -1.75, 6.05],
			"to": [8.38788, -1.1, 9.95],
			"rotation": {"angle": -45, "axis": "y", "origin": [8, -1.75, 8]},
			"faces": {
				"north": {"uv": [0, 0, 5, 6], "texture": "#1"},
				"east": {"uv": [0, 0, 5, 6], "texture": "#1"},
				"south": {"uv": [0, 0, 5, 6], "texture": "#1"},
				"west": {"uv": [0, 0, 5, 6], "texture": "#1"},
				"up": {"uv": [13, 8, 16, 10], "texture": "#1"},
				"down": {"uv": [13, 8, 16, 10], "texture": "#1"}
			}
		},
		{
			"name": "hexadecagon",
			"from": [7.61212, -1.75, 6.05],
			"to": [8.38788, -1.1, 9.95],
			"rotation": {"angle": -22.5, "axis": "y", "origin": [8, -1.75, 8]},
			"faces": {
				"north": {"uv": [0, 0, 5, 6], "texture": "#1"},
				"east": {"uv": [0, 0, 5, 6], "texture": "#1"},
				"south": {"uv": [0, 0, 5, 6], "texture": "#1"},
				"west": {"uv": [0, 0, 5, 6], "texture": "#1"},
				"up": {"uv": [13, 8, 16, 10], "texture": "#1"},
				"down": {"uv": [13, 8, 16, 10], "texture": "#1"}
			}
		},
		{
			"name": "hexadecagon",
			"from": [7.61212, -1.75, 6.05],
			"to": [8.38788, -1.1, 9.95],
			"rotation": {"angle": 0, "axis": "y", "origin": [8, -1.75, 8]},
			"faces": {
				"north": {"uv": [0, 0, 5, 6], "texture": "#1"},
				"east": {"uv": [0, 0, 5, 6], "texture": "#1"},
				"south": {"uv": [0, 0, 5, 6], "texture": "#1"},
				"west": {"uv": [0, 0, 5, 6], "texture": "#1"},
				"up": {"uv": [13, 8, 16, 10], "texture": "#1"},
				"down": {"uv": [13, 8, 16, 10], "texture": "#1"}
			}
		},
		{
			"name": "hexadecagon",
			"from": [7.61212, -1.75, 6.05],
			"to": [8.38788, -1.1, 9.95],
			"rotation": {"angle": 22.5, "axis": "y", "origin": [8, -1.75, 8]},
			"faces": {
				"north": {"uv": [0, 0, 5, 6], "texture": "#1"},
				"east": {"uv": [0, 0, 5, 6], "texture": "#1"},
				"south": {"uv": [0, 0, 5, 6], "texture": "#1"},
				"west": {"uv": [0, 0, 5, 6], "texture": "#1"},
				"up": {"uv": [13, 8, 16, 10], "texture": "#1"},
				"down": {"uv": [13, 8, 16, 10], "texture": "#1"}
			}
		},
		{
			"name": "hexadecagon",
			"from": [7.61212, -1.75, 6.05],
			"to": [8.38788, -1.1, 9.95],
			"rotation": {"angle": 45, "axis": "y", "origin": [8, -1.75, 8]},
			"faces": {
				"north": {"uv": [0, 0, 5, 6], "texture": "#1"},
				"east": {"uv": [0, 0, 5, 6], "texture": "#1"},
				"south": {"uv": [0, 0, 5, 6], "texture": "#1"},
				"west": {"uv": [0, 0, 5, 6], "texture": "#1"},
				"up": {"uv": [13, 8, 16, 10], "texture": "#1"},
				"down": {"uv": [13, 8, 16, 10], "texture": "#1"}
			}
		},
		{
			"name": "hexadecagon",
			"from": [6.05, -1.75, 7.61212],
			"to": [9.95, -1.1, 8.38788],
			"rotation": {"angle": -22.5, "axis": "y", "origin": [8, -1.75, 8]},
			"faces": {
				"north": {"uv": [0, 0, 5, 6], "texture": "#1"},
				"east": {"uv": [0, 0, 5, 6], "texture": "#1"},
				"south": {"uv": [0, 0, 5, 6], "texture": "#1"},
				"west": {"uv": [0, 0, 5, 6], "texture": "#1"},
				"up": {"uv": [13, 8, 16, 10], "texture": "#1"},
				"down": {"uv": [13, 8, 16, 10], "texture": "#1"}
			}
		},
		{
			"name": "hexadecagon",
			"from": [6.05, -1.75, 7.61212],
			"to": [9.95, -1.1, 8.38788],
			"rotation": {"angle": 0, "axis": "y", "origin": [8, -1.75, 8]},
			"faces": {
				"north": {"uv": [0, 0, 5, 6], "texture": "#1"},
				"east": {"uv": [0, 0, 5, 6], "texture": "#1"},
				"south": {"uv": [0, 0, 5, 6], "texture": "#1"},
				"west": {"uv": [0, 0, 5, 6], "texture": "#1"},
				"up": {"uv": [13, 8, 16, 10], "texture": "#1"},
				"down": {"uv": [13, 8, 16, 10], "texture": "#1"}
			}
		},
		{
			"name": "hexadecagon",
			"from": [6.05, -1.75, 7.61212],
			"to": [9.95, -1.1, 8.38788],
			"rotation": {"angle": 22.5, "axis": "y", "origin": [8, -1.75, 8]},
			"faces": {
				"north": {"uv": [0, 0, 5, 6], "texture": "#1"},
				"east": {"uv": [0, 0, 5, 6], "texture": "#1"},
				"south": {"uv": [0, 0, 5, 6], "texture": "#1"},
				"west": {"uv": [0, 0, 5, 6], "texture": "#1"},
				"up": {"uv": [13, 8, 16, 10], "texture": "#1"},
				"down": {"uv": [13, 8, 16, 10], "texture": "#1"}
			}
		},
		{
			"name": "hexadecagon",
			"from": [7.74141, -2.14, 6.7],
			"to": [8.25859, -1.75, 9.3],
			"rotation": {"angle": -45, "axis": "y", "origin": [8, -2.4, 8]},
			"faces": {
				"north": {"uv": [0, 0, 3, 3], "texture": "#1"},
				"east": {"uv": [0, 0, 3, 3], "texture": "#1"},
				"south": {"uv": [0, 0, 3, 3], "texture": "#1"},
				"west": {"uv": [0, 0, 3, 3], "texture": "#1"},
				"up": {"uv": [0, 0, 3, 3], "texture": "#1"},
				"down": {"uv": [0, 0, 3, 3], "texture": "#1"}
			}
		},
		{
			"name": "hexadecagon",
			"from": [7.74141, -2.14, 6.7],
			"to": [8.25859, -1.75, 9.3],
			"rotation": {"angle": -22.5, "axis": "y", "origin": [8, -2.4, 8]},
			"faces": {
				"north": {"uv": [0, 0, 3, 3], "texture": "#1"},
				"east": {"uv": [0, 0, 3, 3], "texture": "#1"},
				"south": {"uv": [0, 0, 3, 3], "texture": "#1"},
				"west": {"uv": [0, 0, 3, 3], "texture": "#1"},
				"up": {"uv": [0, 0, 3, 3], "texture": "#1"},
				"down": {"uv": [0, 0, 3, 3], "texture": "#1"}
			}
		},
		{
			"name": "hexadecagon",
			"from": [7.74141, -2.14, 6.7],
			"to": [8.25859, -1.75, 9.3],
			"rotation": {"angle": 0, "axis": "y", "origin": [8, -2.4, 8]},
			"faces": {
				"north": {"uv": [0, 0, 3, 3], "texture": "#1"},
				"east": {"uv": [0, 0, 3, 3], "texture": "#1"},
				"south": {"uv": [0, 0, 3, 3], "texture": "#1"},
				"west": {"uv": [0, 0, 3, 3], "texture": "#1"},
				"up": {"uv": [0, 0, 3, 3], "texture": "#1"},
				"down": {"uv": [0, 0, 3, 3], "texture": "#1"}
			}
		},
		{
			"name": "hexadecagon",
			"from": [7.74141, -2.14, 6.7],
			"to": [8.25859, -1.75, 9.3],
			"rotation": {"angle": 22.5, "axis": "y", "origin": [8, -2.4, 8]},
			"faces": {
				"north": {"uv": [0, 0, 3, 3], "texture": "#1"},
				"east": {"uv": [0, 0, 3, 3], "texture": "#1"},
				"south": {"uv": [0, 0, 3, 3], "texture": "#1"},
				"west": {"uv": [0, 0, 3, 3], "texture": "#1"},
				"up": {"uv": [0, 0, 3, 3], "texture": "#1"},
				"down": {"uv": [0, 0, 3, 3], "texture": "#1"}
			}
		},
		{
			"name": "hexadecagon",
			"from": [7.74141, -2.14, 6.7],
			"to": [8.25859, -1.75, 9.3],
			"rotation": {"angle": 45, "axis": "y", "origin": [8, -2.4, 8]},
			"faces": {
				"north": {"uv": [0, 0, 3, 3], "texture": "#1"},
				"east": {"uv": [0, 0, 3, 3], "texture": "#1"},
				"south": {"uv": [0, 0, 3, 3], "texture": "#1"},
				"west": {"uv": [0, 0, 3, 3], "texture": "#1"},
				"up": {"uv": [0, 0, 3, 3], "texture": "#1"},
				"down": {"uv": [0, 0, 3, 3], "texture": "#1"}
			}
		},
		{
			"name": "hexadecagon",
			"from": [6.7, -2.14, 7.74141],
			"to": [9.3, -1.75, 8.25859],
			"rotation": {"angle": -22.5, "axis": "y", "origin": [8, -2.4, 8]},
			"faces": {
				"north": {"uv": [0, 0, 3, 3], "texture": "#1"},
				"east": {"uv": [0, 0, 3, 3], "texture": "#1"},
				"south": {"uv": [0, 0, 3, 3], "texture": "#1"},
				"west": {"uv": [0, 0, 3, 3], "texture": "#1"},
				"up": {"uv": [0, 0, 3, 3], "texture": "#1"},
				"down": {"uv": [0, 0, 3, 3], "texture": "#1"}
			}
		},
		{
			"name": "hexadecagon",
			"from": [6.7, -2.14, 7.74141],
			"to": [9.3, -1.75, 8.25859],
			"rotation": {"angle": 0, "axis": "y", "origin": [8, -2.4, 8]},
			"faces": {
				"north": {"uv": [0, 0, 3, 3], "texture": "#1"},
				"east": {"uv": [0, 0, 3, 3], "texture": "#1"},
				"south": {"uv": [0, 0, 3, 3], "texture": "#1"},
				"west": {"uv": [0, 0, 3, 3], "texture": "#1"},
				"up": {"uv": [0, 0, 3, 3], "texture": "#1"},
				"down": {"uv": [0, 0, 3, 3], "texture": "#1"}
			}
		},
		{
			"name": "hexadecagon",
			"from": [6.7, -2.14, 7.74141],
			"to": [9.3, -1.75, 8.25859],
			"rotation": {"angle": 22.5, "axis": "y", "origin": [8, -2.4, 8]},
			"faces": {
				"north": {"uv": [0, 0, 3, 3], "texture": "#1"},
				"east": {"uv": [0, 0, 3, 3], "texture": "#1"},
				"south": {"uv": [0, 0, 3, 3], "texture": "#1"},
				"west": {"uv": [0, 0, 3, 3], "texture": "#1"},
				"up": {"uv": [0, 0, 3, 3], "texture": "#1"},
				"down": {"uv": [0, 0, 3, 3], "texture": "#1"}
			}
		},
		{
			"name": "hexadecagon",
			"from": [7.67677, 0.46, 6.375],
			"to": [8.32323, 1.24, 9.625],
			"rotation": {"angle": -45, "axis": "y", "origin": [8, 1.11, 8]},
			"faces": {
				"north": {"uv": [0, 0, 4, 5], "texture": "#1"},
				"east": {"uv": [0, 0, 4, 5], "texture": "#1"},
				"south": {"uv": [0, 0, 4, 5], "texture": "#1"},
				"west": {"uv": [0, 0, 4, 5], "texture": "#1"},
				"up": {"uv": [0, 0, 1, 1], "texture": "#1"},
				"down": {"uv": [0, 0, 1, 1], "texture": "#1"}
			}
		},
		{
			"name": "hexadecagon",
			"from": [7.67677, 0.46, 6.375],
			"to": [8.32323, 1.24, 9.625],
			"rotation": {"angle": -22.5, "axis": "y", "origin": [8, 1.11, 8]},
			"faces": {
				"north": {"uv": [0, 0, 4, 5], "texture": "#1"},
				"east": {"uv": [0, 0, 4, 5], "texture": "#1"},
				"south": {"uv": [0, 0, 4, 5], "texture": "#1"},
				"west": {"uv": [0, 0, 4, 5], "texture": "#1"},
				"up": {"uv": [0, 0, 1, 1], "texture": "#1"},
				"down": {"uv": [0, 0, 1, 1], "texture": "#1"}
			}
		},
		{
			"name": "hexadecagon",
			"from": [7.67677, 0.46, 6.375],
			"to": [8.32323, 1.24, 9.625],
			"rotation": {"angle": 0, "axis": "y", "origin": [8, 1.11, 8]},
			"faces": {
				"north": {"uv": [0, 0, 4, 5], "texture": "#1"},
				"east": {"uv": [0, 0, 4, 5], "texture": "#1"},
				"south": {"uv": [0, 0, 4, 5], "texture": "#1"},
				"west": {"uv": [0, 0, 4, 5], "texture": "#1"},
				"up": {"uv": [0, 0, 1, 1], "texture": "#1"},
				"down": {"uv": [0, 0, 1, 1], "texture": "#1"}
			}
		},
		{
			"name": "hexadecagon",
			"from": [7.67677, 0.46, 6.375],
			"to": [8.32323, 1.24, 9.625],
			"rotation": {"angle": 22.5, "axis": "y", "origin": [8, 1.11, 8]},
			"faces": {
				"north": {"uv": [0, 0, 4, 5], "texture": "#1"},
				"east": {"uv": [0, 0, 4, 5], "texture": "#1"},
				"south": {"uv": [0, 0, 4, 5], "texture": "#1"},
				"west": {"uv": [0, 0, 4, 5], "texture": "#1"},
				"up": {"uv": [0, 0, 1, 1], "texture": "#1"},
				"down": {"uv": [0, 0, 1, 1], "texture": "#1"}
			}
		},
		{
			"name": "hexadecagon",
			"from": [7.67677, 0.46, 6.375],
			"to": [8.32323, 1.24, 9.625],
			"rotation": {"angle": 45, "axis": "y", "origin": [8, 1.11, 8]},
			"faces": {
				"north": {"uv": [0, 0, 4, 5], "texture": "#1"},
				"east": {"uv": [0, 0, 4, 5], "texture": "#1"},
				"south": {"uv": [0, 0, 4, 5], "texture": "#1"},
				"west": {"uv": [0, 0, 4, 5], "texture": "#1"},
				"up": {"uv": [0, 0, 1, 1], "texture": "#1"},
				"down": {"uv": [0, 0, 1, 1], "texture": "#1"}
			}
		},
		{
			"name": "hexadecagon",
			"from": [6.375, 0.46, 7.67677],
			"to": [9.625, 1.24, 8.32323],
			"rotation": {"angle": -22.5, "axis": "y", "origin": [8, 1.11, 8]},
			"faces": {
				"north": {"uv": [0, 0, 4, 5], "texture": "#1"},
				"east": {"uv": [0, 0, 4, 5], "texture": "#1"},
				"south": {"uv": [0, 0, 4, 5], "texture": "#1"},
				"west": {"uv": [0, 0, 4, 5], "texture": "#1"},
				"up": {"uv": [0, 0, 1, 1], "texture": "#1"},
				"down": {"uv": [0, 0, 1, 1], "texture": "#1"}
			}
		},
		{
			"name": "hexadecagon",
			"from": [6.375, 0.46, 7.67677],
			"to": [9.625, 1.24, 8.32323],
			"rotation": {"angle": 0, "axis": "y", "origin": [8, 1.11, 8]},
			"faces": {
				"north": {"uv": [0, 0, 4, 5], "texture": "#1"},
				"east": {"uv": [0, 0, 4, 5], "texture": "#1"},
				"south": {"uv": [0, 0, 4, 5], "texture": "#1"},
				"west": {"uv": [0, 0, 4, 5], "texture": "#1"},
				"up": {"uv": [0, 0, 1, 1], "texture": "#1"},
				"down": {"uv": [0, 0, 1, 1], "texture": "#1"}
			}
		},
		{
			"name": "hexadecagon",
			"from": [6.375, 0.46, 7.67677],
			"to": [9.625, 1.24, 8.32323],
			"rotation": {"angle": 22.5, "axis": "y", "origin": [8, 1.11, 8]},
			"faces": {
				"north": {"uv": [0, 0, 4, 5], "texture": "#1"},
				"east": {"uv": [0, 0, 4, 5], "texture": "#1"},
				"south": {"uv": [0, 0, 4, 5], "texture": "#1"},
				"west": {"uv": [0, 0, 4, 5], "texture": "#1"},
				"up": {"uv": [0, 0, 1, 1], "texture": "#1"},
				"down": {"uv": [0, 0, 1, 1], "texture": "#1"}
			}
		},
		{
			"name": "hexadecagon",
			"from": [7.74141, 1.76, 6.7],
			"to": [8.25859, 2.15, 9.3],
			"rotation": {"angle": -45, "axis": "y", "origin": [8, 1.5, 8]},
			"faces": {
				"north": {"uv": [0, 0, 9, 5], "texture": "#1"},
				"east": {"uv": [0, 0, 16, 16], "texture": "#1"},
				"south": {"uv": [0, 0, 16, 16], "texture": "#1"},
				"west": {"uv": [0, 0, 16, 16], "texture": "#1"},
				"up": {"uv": [0, 0, 16, 16], "texture": "#1"},
				"down": {"uv": [0, 0, 16, 16], "texture": "#1"}
			}
		},
		{
			"name": "hexadecagon",
			"from": [7.74141, 1.76, 6.7],
			"to": [8.25859, 2.15, 9.3],
			"rotation": {"angle": -22.5, "axis": "y", "origin": [8, 1.5, 8]},
			"faces": {
				"north": {"uv": [0, 0, 9, 5], "texture": "#1"},
				"east": {"uv": [0, 0, 16, 16], "texture": "#1"},
				"south": {"uv": [0, 0, 16, 16], "texture": "#1"},
				"west": {"uv": [0, 0, 16, 16], "texture": "#1"},
				"up": {"uv": [0, 0, 16, 16], "texture": "#1"},
				"down": {"uv": [0, 0, 16, 16], "texture": "#1"}
			}
		},
		{
			"name": "hexadecagon",
			"from": [7.74141, 1.76, 6.7],
			"to": [8.25859, 2.15, 9.3],
			"rotation": {"angle": 0, "axis": "y", "origin": [8, 1.5, 8]},
			"faces": {
				"north": {"uv": [0, 0, 9, 5], "texture": "#1"},
				"east": {"uv": [0, 0, 16, 16], "texture": "#1"},
				"south": {"uv": [0, 0, 16, 16], "texture": "#1"},
				"west": {"uv": [0, 0, 16, 16], "texture": "#1"},
				"up": {"uv": [0, 0, 16, 16], "texture": "#1"},
				"down": {"uv": [0, 0, 16, 16], "texture": "#1"}
			}
		},
		{
			"name": "hexadecagon",
			"from": [7.74141, 1.76, 6.7],
			"to": [8.25859, 2.15, 9.3],
			"rotation": {"angle": 22.5, "axis": "y", "origin": [8, 1.5, 8]},
			"faces": {
				"north": {"uv": [0, 0, 9, 5], "texture": "#1"},
				"east": {"uv": [0, 0, 16, 16], "texture": "#1"},
				"south": {"uv": [0, 0, 16, 16], "texture": "#1"},
				"west": {"uv": [0, 0, 16, 16], "texture": "#1"},
				"up": {"uv": [0, 0, 16, 16], "texture": "#1"},
				"down": {"uv": [0, 0, 16, 16], "texture": "#1"}
			}
		},
		{
			"name": "hexadecagon",
			"from": [7.74141, 1.76, 6.7],
			"to": [8.25859, 2.15, 9.3],
			"rotation": {"angle": 45, "axis": "y", "origin": [8, 1.5, 8]},
			"faces": {
				"north": {"uv": [0, 0, 9, 5], "texture": "#1"},
				"east": {"uv": [0, 0, 16, 16], "texture": "#1"},
				"south": {"uv": [0, 0, 16, 16], "texture": "#1"},
				"west": {"uv": [0, 0, 16, 16], "texture": "#1"},
				"up": {"uv": [0, 0, 16, 16], "texture": "#1"},
				"down": {"uv": [0, 0, 16, 16], "texture": "#1"}
			}
		},
		{
			"name": "hexadecagon",
			"from": [6.7, 1.76, 7.74141],
			"to": [9.3, 2.15, 8.25859],
			"rotation": {"angle": -22.5, "axis": "y", "origin": [8, 1.5, 8]},
			"faces": {
				"north": {"uv": [0, 0, 9, 5], "texture": "#1"},
				"east": {"uv": [0, 0, 16, 16], "texture": "#1"},
				"south": {"uv": [0, 0, 16, 16], "texture": "#1"},
				"west": {"uv": [0, 0, 16, 16], "texture": "#1"},
				"up": {"uv": [0, 0, 16, 16], "texture": "#1"},
				"down": {"uv": [0, 0, 16, 16], "texture": "#1"}
			}
		},
		{
			"name": "hexadecagon",
			"from": [6.7, 1.76, 7.74141],
			"to": [9.3, 2.15, 8.25859],
			"rotation": {"angle": 0, "axis": "y", "origin": [8, 1.5, 8]},
			"faces": {
				"north": {"uv": [0, 0, 9, 5], "texture": "#1"},
				"east": {"uv": [0, 0, 16, 16], "texture": "#1"},
				"south": {"uv": [0, 0, 16, 16], "texture": "#1"},
				"west": {"uv": [0, 0, 16, 16], "texture": "#1"},
				"up": {"uv": [0, 0, 16, 16], "texture": "#1"},
				"down": {"uv": [0, 0, 16, 16], "texture": "#1"}
			}
		},
		{
			"name": "hexadecagon",
			"from": [6.7, 1.76, 7.74141],
			"to": [9.3, 2.15, 8.25859],
			"rotation": {"angle": 22.5, "axis": "y", "origin": [8, 1.5, 8]},
			"faces": {
				"north": {"uv": [0, 0, 9, 5], "texture": "#1"},
				"east": {"uv": [0, 0, 16, 16], "texture": "#1"},
				"south": {"uv": [0, 0, 16, 16], "texture": "#1"},
				"west": {"uv": [0, 0, 16, 16], "texture": "#1"},
				"up": {"uv": [0, 0, 16, 16], "texture": "#1"},
				"down": {"uv": [0, 0, 16, 16], "texture": "#1"}
			}
		},
		{
			"name": "hexadecagon",
			"from": [7.85455, 1.24, 7.26875],
			"to": [8.14545, 5.465, 8.73125],
			"rotation": {"angle": -45, "axis": "y", "origin": [8, -0.8725, 8]},
			"faces": {
				"north": {"uv": [0, 0, 1, 5], "texture": "#1"},
				"east": {"uv": [0, 0, 1, 5], "texture": "#1"},
				"south": {"uv": [0, 0, 1, 5], "texture": "#1"},
				"west": {"uv": [0, 0, 1, 5], "texture": "#1"},
				"up": {"uv": [0, 0, 1, 5], "texture": "#1"},
				"down": {"uv": [0, 0, 1, 5], "texture": "#1"}
			}
		},
		{
			"name": "hexadecagon",
			"from": [7.85455, 1.24, 7.26875],
			"to": [8.14545, 5.465, 8.73125],
			"rotation": {"angle": -22.5, "axis": "y", "origin": [8, -0.8725, 8]},
			"faces": {
				"north": {"uv": [0, 0, 1, 5], "texture": "#1"},
				"east": {"uv": [0, 0, 1, 5], "texture": "#1"},
				"south": {"uv": [0, 0, 1, 5], "texture": "#1"},
				"west": {"uv": [0, 0, 1, 5], "texture": "#1"},
				"up": {"uv": [0, 0, 1, 5], "texture": "#1"},
				"down": {"uv": [0, 0, 1, 5], "texture": "#1"}
			}
		},
		{
			"name": "hexadecagon",
			"from": [7.85455, 1.24, 7.26875],
			"to": [8.14545, 5.465, 8.73125],
			"rotation": {"angle": 0, "axis": "y", "origin": [8, -0.8725, 8]},
			"faces": {
				"north": {"uv": [0, 0, 1, 5], "texture": "#1"},
				"east": {"uv": [0, 0, 1, 5], "texture": "#1"},
				"south": {"uv": [0, 0, 1, 5], "texture": "#1"},
				"west": {"uv": [0, 0, 1, 5], "texture": "#1"},
				"up": {"uv": [0, 0, 1, 5], "texture": "#1"},
				"down": {"uv": [0, 0, 1, 5], "texture": "#1"}
			}
		},
		{
			"name": "hexadecagon",
			"from": [7.85455, 1.24, 7.26875],
			"to": [8.14545, 5.465, 8.73125],
			"rotation": {"angle": 22.5, "axis": "y", "origin": [8, -0.8725, 8]},
			"faces": {
				"north": {"uv": [0, 0, 1, 5], "texture": "#1"},
				"east": {"uv": [0, 0, 1, 5], "texture": "#1"},
				"south": {"uv": [0, 0, 1, 5], "texture": "#1"},
				"west": {"uv": [0, 0, 1, 5], "texture": "#1"},
				"up": {"uv": [0, 0, 1, 5], "texture": "#1"},
				"down": {"uv": [0, 0, 1, 5], "texture": "#1"}
			}
		},
		{
			"name": "hexadecagon",
			"from": [7.85455, 1.24, 7.26875],
			"to": [8.14545, 5.465, 8.73125],
			"rotation": {"angle": 45, "axis": "y", "origin": [8, -0.8725, 8]},
			"faces": {
				"north": {"uv": [0, 0, 1, 5], "texture": "#1"},
				"east": {"uv": [0, 0, 1, 5], "texture": "#1"},
				"south": {"uv": [0, 0, 1, 5], "texture": "#1"},
				"west": {"uv": [0, 0, 1, 5], "texture": "#1"},
				"up": {"uv": [0, 0, 1, 5], "texture": "#1"},
				"down": {"uv": [0, 0, 1, 5], "texture": "#1"}
			}
		},
		{
			"name": "hexadecagon",
			"from": [7.26875, 1.24, 7.85455],
			"to": [8.73125, 5.465, 8.14545],
			"rotation": {"angle": -22.5, "axis": "y", "origin": [8, -0.8725, 8]},
			"faces": {
				"north": {"uv": [0, 0, 1, 5], "texture": "#1"},
				"east": {"uv": [0, 0, 1, 5], "texture": "#1"},
				"south": {"uv": [0, 0, 1, 5], "texture": "#1"},
				"west": {"uv": [0, 0, 1, 5], "texture": "#1"},
				"up": {"uv": [0, 0, 1, 5], "texture": "#1"},
				"down": {"uv": [0, 0, 1, 5], "texture": "#1"}
			}
		},
		{
			"name": "hexadecagon",
			"from": [7.26875, 1.24, 7.85455],
			"to": [8.73125, 5.465, 8.14545],
			"rotation": {"angle": 0, "axis": "y", "origin": [8, -0.8725, 8]},
			"faces": {
				"north": {"uv": [0, 0, 1, 5], "texture": "#1"},
				"east": {"uv": [0, 0, 1, 5], "texture": "#1"},
				"south": {"uv": [0, 0, 1, 5], "texture": "#1"},
				"west": {"uv": [0, 0, 1, 5], "texture": "#1"},
				"up": {"uv": [0, 0, 1, 5], "texture": "#1"},
				"down": {"uv": [0, 0, 1, 5], "texture": "#1"}
			}
		},
		{
			"name": "hexadecagon",
			"from": [7.26875, 1.24, 7.85455],
			"to": [8.73125, 5.465, 8.14545],
			"rotation": {"angle": 22.5, "axis": "y", "origin": [8, -0.8725, 8]},
			"faces": {
				"north": {"uv": [0, 0, 1, 5], "texture": "#1"},
				"east": {"uv": [0, 0, 1, 5], "texture": "#1"},
				"south": {"uv": [0, 0, 1, 5], "texture": "#1"},
				"west": {"uv": [0, 0, 1, 5], "texture": "#1"},
				"up": {"uv": [0, 0, 1, 5], "texture": "#1"},
				"down": {"uv": [0, 0, 1, 5], "texture": "#1"}
			}
		},
		{
			"name": "hexadecagon",
			"from": [7.4699, 1.89, 5.335],
			"to": [8.5301, 2.93, 10.665],
			"rotation": {"angle": -45, "axis": "y", "origin": [8, 2.28, 8]},
			"faces": {
				"north": {"uv": [0, 0, 6, 3], "texture": "#1"},
				"east": {"uv": [0, 0, 6, 3], "texture": "#1"},
				"south": {"uv": [0, 0, 6, 3], "texture": "#1"},
				"west": {"uv": [0, 0, 6, 3], "texture": "#1"},
				"up": {"uv": [0, 0, 6, 3], "texture": "#1"},
				"down": {"uv": [0, 0, 1, 1], "texture": "#1"}
			}
		},
		{
			"name": "hexadecagon",
			"from": [7.4699, 1.89, 5.335],
			"to": [8.5301, 2.93, 10.665],
			"rotation": {"angle": -22.5, "axis": "y", "origin": [8, 2.28, 8]},
			"faces": {
				"north": {"uv": [0, 0, 6, 3], "texture": "#1"},
				"east": {"uv": [0, 0, 6, 3], "texture": "#1"},
				"south": {"uv": [0, 0, 6, 3], "texture": "#1"},
				"west": {"uv": [0, 0, 6, 3], "texture": "#1"},
				"up": {"uv": [0, 0, 6, 3], "texture": "#1"},
				"down": {"uv": [0, 0, 1, 1], "texture": "#1"}
			}
		},
		{
			"name": "hexadecagon",
			"from": [7.4699, 1.89, 5.335],
			"to": [8.5301, 2.93, 10.665],
			"rotation": {"angle": 0, "axis": "y", "origin": [8, 2.28, 8]},
			"faces": {
				"north": {"uv": [0, 0, 6, 3], "texture": "#1"},
				"east": {"uv": [0, 0, 6, 3], "texture": "#1"},
				"south": {"uv": [0, 0, 6, 3], "texture": "#1"},
				"west": {"uv": [0, 0, 6, 3], "texture": "#1"},
				"up": {"uv": [0, 0, 6, 3], "texture": "#1"},
				"down": {"uv": [0, 0, 1, 1], "texture": "#1"}
			}
		},
		{
			"name": "hexadecagon",
			"from": [7.4699, 1.89, 5.335],
			"to": [8.5301, 2.93, 10.665],
			"rotation": {"angle": 22.5, "axis": "y", "origin": [8, 2.28, 8]},
			"faces": {
				"north": {"uv": [0, 0, 6, 3], "texture": "#1"},
				"east": {"uv": [0, 0, 6, 3], "texture": "#1"},
				"south": {"uv": [0, 0, 6, 3], "texture": "#1"},
				"west": {"uv": [0, 0, 6, 3], "texture": "#1"},
				"up": {"uv": [0, 0, 6, 3], "texture": "#1"},
				"down": {"uv": [0, 0, 1, 1], "texture": "#1"}
			}
		},
		{
			"name": "hexadecagon",
			"from": [7.4699, 1.89, 5.335],
			"to": [8.5301, 2.93, 10.665],
			"rotation": {"angle": 45, "axis": "y", "origin": [8, 2.28, 8]},
			"faces": {
				"north": {"uv": [0, 0, 6, 3], "texture": "#1"},
				"east": {"uv": [0, 0, 6, 3], "texture": "#1"},
				"south": {"uv": [0, 0, 6, 3], "texture": "#1"},
				"west": {"uv": [0, 0, 6, 3], "texture": "#1"},
				"up": {"uv": [0, 0, 6, 3], "texture": "#1"},
				"down": {"uv": [0, 0, 1, 1], "texture": "#1"}
			}
		},
		{
			"name": "hexadecagon",
			"from": [5.335, 1.89, 7.4699],
			"to": [10.665, 2.93, 8.5301],
			"rotation": {"angle": -22.5, "axis": "y", "origin": [8, 2.28, 8]},
			"faces": {
				"north": {"uv": [0, 0, 6, 3], "texture": "#1"},
				"east": {"uv": [0, 0, 6, 3], "texture": "#1"},
				"south": {"uv": [0, 0, 6, 3], "texture": "#1"},
				"west": {"uv": [0, 0, 6, 3], "texture": "#1"},
				"up": {"uv": [0, 0, 6, 3], "texture": "#1"},
				"down": {"uv": [0, 0, 1, 1], "texture": "#1"}
			}
		},
		{
			"name": "hexadecagon",
			"from": [5.335, 1.89, 7.4699],
			"to": [10.665, 2.93, 8.5301],
			"rotation": {"angle": 0, "axis": "y", "origin": [8, 2.28, 8]},
			"faces": {
				"north": {"uv": [0, 0, 6, 3], "texture": "#1"},
				"east": {"uv": [0, 0, 6, 3], "texture": "#1"},
				"south": {"uv": [0, 0, 6, 3], "texture": "#1"},
				"west": {"uv": [0, 0, 6, 3], "texture": "#1"},
				"up": {"uv": [0, 0, 6, 3], "texture": "#1"},
				"down": {"uv": [0, 0, 1, 1], "texture": "#1"}
			}
		},
		{
			"name": "hexadecagon",
			"from": [5.335, 1.89, 7.4699],
			"to": [10.665, 2.93, 8.5301],
			"rotation": {"angle": 22.5, "axis": "y", "origin": [8, 2.28, 8]},
			"faces": {
				"north": {"uv": [0, 0, 6, 3], "texture": "#1"},
				"east": {"uv": [0, 0, 6, 3], "texture": "#1"},
				"south": {"uv": [0, 0, 6, 3], "texture": "#1"},
				"west": {"uv": [0, 0, 6, 3], "texture": "#1"},
				"up": {"uv": [0, 0, 6, 3], "texture": "#1"},
				"down": {"uv": [0, 0, 1, 1], "texture": "#1"}
			}
		},
		{
			"name": "hexadecagon",
			"from": [7.0303, 2.735, 3.125],
			"to": [8.9697, 3.515, 12.875],
			"rotation": {"angle": -45, "axis": "y", "origin": [8, 6.245, 8]},
			"faces": {
				"north": {"uv": [0, 12, 16, 16], "texture": "#1"},
				"east": {"uv": [0, 12, 16, 16], "texture": "#1"},
				"south": {"uv": [0, 12, 16, 16], "texture": "#1"},
				"west": {"uv": [0, 12, 16, 16], "texture": "#1"},
				"up": {"uv": [1, 13, 2, 14], "texture": "#1"},
				"down": {"uv": [0, 12, 16, 16], "texture": "#1"}
			}
		},
		{
			"name": "hexadecagon",
			"from": [7.0303, 2.735, 3.125],
			"to": [8.9697, 3.515, 12.875],
			"rotation": {"angle": -22.5, "axis": "y", "origin": [8, 6.245, 8]},
			"faces": {
				"north": {"uv": [0, 12, 16, 16], "texture": "#1"},
				"east": {"uv": [0, 12, 16, 16], "texture": "#1"},
				"south": {"uv": [0, 12, 16, 16], "texture": "#1"},
				"west": {"uv": [0, 12, 16, 16], "texture": "#1"},
				"up": {"uv": [1, 13, 2, 14], "texture": "#1"},
				"down": {"uv": [0, 12, 16, 16], "texture": "#1"}
			}
		},
		{
			"name": "hexadecagon",
			"from": [7.0303, 2.735, 3.125],
			"to": [8.9697, 3.515, 12.875],
			"rotation": {"angle": 0, "axis": "y", "origin": [8, 6.245, 8]},
			"faces": {
				"north": {"uv": [0, 12, 16, 16], "texture": "#1"},
				"east": {"uv": [0, 12, 16, 16], "texture": "#1"},
				"south": {"uv": [0, 12, 16, 16], "texture": "#1"},
				"west": {"uv": [0, 12, 16, 16], "texture": "#1"},
				"up": {"uv": [1, 13, 2, 14], "texture": "#1"},
				"down": {"uv": [0, 12, 16, 16], "texture": "#1"}
			}
		},
		{
			"name": "hexadecagon",
			"from": [7.0303, 2.735, 3.125],
			"to": [8.9697, 3.515, 12.875],
			"rotation": {"angle": 22.5, "axis": "y", "origin": [8, 6.245, 8]},
			"faces": {
				"north": {"uv": [0, 12, 16, 16], "texture": "#1"},
				"east": {"uv": [0, 12, 16, 16], "texture": "#1"},
				"south": {"uv": [0, 12, 16, 16], "texture": "#1"},
				"west": {"uv": [0, 12, 16, 16], "texture": "#1"},
				"up": {"uv": [1, 13, 2, 14], "texture": "#1"},
				"down": {"uv": [0, 12, 16, 16], "texture": "#1"}
			}
		},
		{
			"name": "hexadecagon",
			"from": [7.0303, 2.735, 3.125],
			"to": [8.9697, 3.515, 12.875],
			"rotation": {"angle": 45, "axis": "y", "origin": [8, 6.245, 8]},
			"faces": {
				"north": {"uv": [0, 12, 16, 16], "texture": "#1"},
				"east": {"uv": [0, 12, 16, 16], "texture": "#1"},
				"south": {"uv": [0, 12, 16, 16], "texture": "#1"},
				"west": {"uv": [0, 12, 16, 16], "texture": "#1"},
				"up": {"uv": [1, 13, 2, 14], "texture": "#1"},
				"down": {"uv": [0, 12, 16, 16], "texture": "#1"}
			}
		},
		{
			"name": "hexadecagon",
			"from": [3.125, 2.735, 7.0303],
			"to": [12.875, 3.515, 8.9697],
			"rotation": {"angle": -22.5, "axis": "y", "origin": [8, 6.245, 8]},
			"faces": {
				"north": {"uv": [0, 12, 16, 16], "texture": "#1"},
				"east": {"uv": [0, 12, 16, 16], "texture": "#1"},
				"south": {"uv": [0, 12, 16, 16], "texture": "#1"},
				"west": {"uv": [0, 12, 16, 16], "texture": "#1"},
				"up": {"uv": [1, 13, 2, 14], "texture": "#1"},
				"down": {"uv": [0, 12, 16, 16], "texture": "#1"}
			}
		},
		{
			"name": "hexadecagon",
			"from": [3.125, 2.735, 7.0303],
			"to": [12.875, 3.515, 8.9697],
			"rotation": {"angle": 0, "axis": "y", "origin": [8, 6.245, 8]},
			"faces": {
				"north": {"uv": [0, 12, 16, 16], "texture": "#1"},
				"east": {"uv": [0, 12, 16, 16], "texture": "#1"},
				"south": {"uv": [0, 12, 16, 16], "texture": "#1"},
				"west": {"uv": [0, 12, 16, 16], "texture": "#1"},
				"up": {"uv": [1, 13, 2, 14], "texture": "#1"},
				"down": {"uv": [0, 12, 16, 16], "texture": "#1"}
			}
		},
		{
			"name": "hexadecagon",
			"from": [3.125, 2.735, 7.0303],
			"to": [12.875, 3.515, 8.9697],
			"rotation": {"angle": 22.5, "axis": "y", "origin": [8, 6.245, 8]},
			"faces": {
				"north": {"uv": [0, 12, 16, 16], "texture": "#1"},
				"east": {"uv": [0, 12, 16, 16], "texture": "#1"},
				"south": {"uv": [0, 12, 16, 16], "texture": "#1"},
				"west": {"uv": [0, 12, 16, 16], "texture": "#1"},
				"up": {"uv": [1, 13, 2, 14], "texture": "#1"},
				"down": {"uv": [0, 12, 16, 16], "texture": "#1"}
			}
		},
		{
			"name": "hexadecagon",
			"from": [6.99151, 3.45, 2.93],
			"to": [9.00849, 3.97, 4.23],
			"rotation": {"angle": -45, "axis": "y", "origin": [8, 4.1, 8]},
			"faces": {
				"north": {"uv": [0, 0, 16, 5], "texture": "#0"},
				"east": {"uv": [0, 0, 16, 5], "texture": "#0"},
				"south": {"uv": [0, 0, 16, 5], "texture": "#0"},
				"west": {"uv": [0, 0, 16, 5], "texture": "#0"},
				"up": {"uv": [4, 2, 10, 5], "texture": "#0"},
				"down": {"uv": [0, 0, 16, 5], "texture": "#0"}
			}
		},
		{
			"name": "hexadecagon",
			"from": [6.99151, 3.45, 2.93],
			"to": [9.00849, 3.97, 4.23],
			"rotation": {"angle": -22.5, "axis": "y", "origin": [8, 4.1, 8]},
			"faces": {
				"north": {"uv": [0, 0, 16, 5], "texture": "#0"},
				"east": {"uv": [0, 0, 16, 5], "texture": "#0"},
				"south": {"uv": [0, 0, 16, 5], "texture": "#0"},
				"west": {"uv": [0, 0, 16, 5], "texture": "#0"},
				"up": {"uv": [4, 2, 10, 5], "texture": "#0"},
				"down": {"uv": [0, 0, 16, 5], "texture": "#0"}
			}
		},
		{
			"name": "hexadecagon",
			"from": [6.99151, 3.45, 2.93],
			"to": [9.00849, 3.97, 4.23],
			"rotation": {"angle": 0, "axis": "y", "origin": [8, 4.1, 8]},
			"faces": {
				"north": {"uv": [0, 0, 16, 5], "texture": "#0"},
				"east": {"uv": [0, 0, 16, 5], "texture": "#0"},
				"south": {"uv": [0, 0, 16, 5], "texture": "#0"},
				"west": {"uv": [0, 0, 16, 5], "texture": "#0"},
				"up": {"uv": [4, 2, 10, 5], "texture": "#0"},
				"down": {"uv": [0, 0, 16, 5], "texture": "#0"}
			}
		},
		{
			"name": "hexadecagon",
			"from": [6.99151, 3.45, 2.93],
			"to": [9.00849, 3.97, 4.23],
			"rotation": {"angle": 22.5, "axis": "y", "origin": [8, 4.1, 8]},
			"faces": {
				"north": {"uv": [0, 0, 16, 5], "texture": "#0"},
				"east": {"uv": [0, 0, 16, 5], "texture": "#0"},
				"south": {"uv": [0, 0, 16, 5], "texture": "#0"},
				"west": {"uv": [0, 0, 16, 5], "texture": "#0"},
				"up": {"uv": [4, 2, 10, 5], "texture": "#0"},
				"down": {"uv": [0, 0, 16, 5], "texture": "#0"}
			}
		},
		{
			"name": "hexadecagon",
			"from": [6.99151, 3.45, 2.93],
			"to": [9.00849, 3.97, 4.23],
			"rotation": {"angle": 45, "axis": "y", "origin": [8, 4.1, 8]},
			"faces": {
				"north": {"uv": [0, 0, 16, 5], "texture": "#0"},
				"east": {"uv": [0, 0, 16, 5], "texture": "#0"},
				"south": {"uv": [0, 0, 16, 5], "texture": "#0"},
				"west": {"uv": [0, 0, 16, 5], "texture": "#0"},
				"up": {"uv": [4, 2, 10, 5], "texture": "#0"},
				"down": {"uv": [0, 0, 16, 5], "texture": "#0"}
			}
		},
		{
			"name": "hexadecagon",
			"from": [6.99151, 3.45, 11.77],
			"to": [9.00849, 3.97, 13.07],
			"rotation": {"angle": -45, "axis": "y", "origin": [8, 4.1, 8]},
			"faces": {
				"north": {"uv": [0, 0, 16, 5], "texture": "#0"},
				"east": {"uv": [0, 0, 16, 5], "texture": "#0"},
				"south": {"uv": [0, 0, 16, 5], "texture": "#0"},
				"west": {"uv": [0, 0, 16, 5], "texture": "#0"},
				"up": {"uv": [4, 2, 10, 5], "texture": "#0"},
				"down": {"uv": [0, 0, 16, 5], "texture": "#0"}
			}
		},
		{
			"name": "hexadecagon",
			"from": [6.99151, 3.45, 11.77],
			"to": [9.00849, 3.97, 13.07],
			"rotation": {"angle": -22.5, "axis": "y", "origin": [8, 4.1, 8]},
			"faces": {
				"north": {"uv": [0, 0, 16, 5], "texture": "#0"},
				"east": {"uv": [0, 0, 16, 5], "texture": "#0"},
				"south": {"uv": [0, 0, 16, 5], "texture": "#0"},
				"west": {"uv": [0, 0, 16, 5], "texture": "#0"},
				"up": {"uv": [4, 2, 10, 5], "texture": "#0"},
				"down": {"uv": [0, 0, 16, 5], "texture": "#0"}
			}
		},
		{
			"name": "hexadecagon",
			"from": [6.99151, 3.45, 11.77],
			"to": [9.00849, 3.97, 13.07],
			"rotation": {"angle": 0, "axis": "y", "origin": [8, 4.1, 8]},
			"faces": {
				"north": {"uv": [0, 0, 16, 5], "texture": "#0"},
				"east": {"uv": [0, 0, 16, 5], "texture": "#0"},
				"south": {"uv": [0, 0, 16, 5], "texture": "#0"},
				"west": {"uv": [0, 0, 16, 5], "texture": "#0"},
				"up": {"uv": [4, 2, 10, 5], "texture": "#0"},
				"down": {"uv": [0, 0, 16, 5], "texture": "#0"}
			}
		},
		{
			"name": "hexadecagon",
			"from": [6.99151, 3.45, 11.77],
			"to": [9.00849, 3.97, 13.07],
			"rotation": {"angle": 22.5, "axis": "y", "origin": [8, 4.1, 8]},
			"faces": {
				"north": {"uv": [0, 0, 16, 5], "texture": "#0"},
				"east": {"uv": [0, 0, 16, 5], "texture": "#0"},
				"south": {"uv": [0, 0, 16, 5], "texture": "#0"},
				"west": {"uv": [0, 0, 16, 5], "texture": "#0"},
				"up": {"uv": [4, 2, 10, 5], "texture": "#0"},
				"down": {"uv": [0, 0, 16, 5], "texture": "#0"}
			}
		},
		{
			"name": "hexadecagon",
			"from": [6.99151, 3.45, 11.77],
			"to": [9.00849, 3.97, 13.07],
			"rotation": {"angle": 45, "axis": "y", "origin": [8, 4.1, 8]},
			"faces": {
				"north": {"uv": [0, 0, 16, 5], "texture": "#0"},
				"east": {"uv": [0, 0, 16, 5], "texture": "#0"},
				"south": {"uv": [0, 0, 16, 5], "texture": "#0"},
				"west": {"uv": [0, 0, 16, 5], "texture": "#0"},
				"up": {"uv": [4, 2, 10, 5], "texture": "#0"},
				"down": {"uv": [0, 0, 16, 5], "texture": "#0"}
			}
		},
		{
			"name": "hexadecagon",
			"from": [2.93, 3.45, 6.99151],
			"to": [4.23, 3.97, 9.00849],
			"rotation": {"angle": -22.5, "axis": "y", "origin": [8, 4.1, 8]},
			"faces": {
				"north": {"uv": [0, 0, 16, 5], "texture": "#0"},
				"east": {"uv": [0, 0, 16, 5], "texture": "#0"},
				"south": {"uv": [0, 0, 16, 5], "texture": "#0"},
				"west": {"uv": [0, 0, 16, 5], "texture": "#0"},
				"up": {"uv": [4, 2, 10, 5], "texture": "#0"},
				"down": {"uv": [0, 0, 16, 5], "texture": "#0"}
			}
		},
		{
			"name": "hexadecagon",
			"from": [2.93, 3.45, 6.99151],
			"to": [4.23, 3.97, 9.00849],
			"rotation": {"angle": 0, "axis": "y", "origin": [8, 4.1, 8]},
			"faces": {
				"north": {"uv": [0, 0, 16, 5], "texture": "#0"},
				"east": {"uv": [0, 0, 16, 5], "texture": "#0"},
				"south": {"uv": [0, 0, 16, 5], "texture": "#0"},
				"west": {"uv": [0, 0, 16, 5], "texture": "#0"},
				"up": {"uv": [4, 2, 10, 5], "texture": "#0"},
				"down": {"uv": [0, 0, 16, 5], "texture": "#0"}
			}
		},
		{
			"name": "hexadecagon",
			"from": [2.93, 3.45, 6.99151],
			"to": [4.23, 3.97, 9.00849],
			"rotation": {"angle": 22.5, "axis": "y", "origin": [8, 4.1, 8]},
			"faces": {
				"north": {"uv": [0, 0, 16, 5], "texture": "#0"},
				"east": {"uv": [0, 0, 16, 5], "texture": "#0"},
				"south": {"uv": [0, 0, 16, 5], "texture": "#0"},
				"west": {"uv": [0, 0, 16, 5], "texture": "#0"},
				"up": {"uv": [4, 2, 10, 5], "texture": "#0"},
				"down": {"uv": [0, 0, 16, 5], "texture": "#0"}
			}
		},
		{
			"name": "hexadecagon",
			"from": [11.77, 3.45, 6.99151],
			"to": [13.07, 3.97, 9.00849],
			"rotation": {"angle": -22.5, "axis": "y", "origin": [8, 4.1, 8]},
			"faces": {
				"north": {"uv": [0, 0, 16, 5], "texture": "#0"},
				"east": {"uv": [0, 0, 16, 5], "texture": "#0"},
				"south": {"uv": [0, 0, 16, 5], "texture": "#0"},
				"west": {"uv": [0, 0, 16, 5], "texture": "#0"},
				"up": {"uv": [4, 2, 10, 5], "texture": "#0"},
				"down": {"uv": [0, 0, 16, 5], "texture": "#0"}
			}
		},
		{
			"name": "hexadecagon",
			"from": [11.77, 3.45, 6.99151],
			"to": [13.07, 3.97, 9.00849],
			"rotation": {"angle": 0, "axis": "y", "origin": [8, 4.1, 8]},
			"faces": {
				"north": {"uv": [0, 0, 16, 5], "texture": "#0"},
				"east": {"uv": [0, 0, 16, 5], "texture": "#0"},
				"south": {"uv": [0, 0, 16, 5], "texture": "#0"},
				"west": {"uv": [0, 0, 16, 5], "texture": "#0"},
				"up": {"uv": [4, 2, 10, 5], "texture": "#0"},
				"down": {"uv": [0, 0, 16, 5], "texture": "#0"}
			}
		},
		{
			"name": "hexadecagon",
			"from": [11.77, 3.45, 6.99151],
			"to": [13.07, 3.97, 9.00849],
			"rotation": {"angle": 22.5, "axis": "y", "origin": [8, 4.1, 8]},
			"faces": {
				"north": {"uv": [0, 0, 16, 5], "texture": "#0"},
				"east": {"uv": [0, 0, 16, 5], "texture": "#0"},
				"south": {"uv": [0, 0, 16, 5], "texture": "#0"},
				"west": {"uv": [0, 0, 16, 5], "texture": "#0"},
				"up": {"uv": [4, 2, 10, 5], "texture": "#0"},
				"down": {"uv": [0, 0, 16, 5], "texture": "#0"}
			}
		},
		{
			"name": "hexadecagon",
			"from": [7.7802, 5.27, 6.895],
			"to": [8.2198, 5.66, 9.105],
			"rotation": {"angle": -45, "axis": "y", "origin": [8, 5.66, 8]},
			"faces": {
				"north": {"uv": [0, 0, 3, 3], "texture": "#1"},
				"east": {"uv": [0, 0, 3, 3], "texture": "#1"},
				"south": {"uv": [0, 0, 3, 3], "texture": "#1"},
				"west": {"uv": [0, 0, 3, 3], "texture": "#1"},
				"up": {"uv": [0, 0, 3, 3], "texture": "#1"},
				"down": {"uv": [0, 0, 3, 3], "texture": "#1"}
			}
		},
		{
			"name": "hexadecagon",
			"from": [7.7802, 5.27, 6.895],
			"to": [8.2198, 5.66, 9.105],
			"rotation": {"angle": -22.5, "axis": "y", "origin": [8, 5.66, 8]},
			"faces": {
				"north": {"uv": [0, 0, 3, 3], "texture": "#1"},
				"east": {"uv": [0, 0, 3, 3], "texture": "#1"},
				"south": {"uv": [0, 0, 3, 3], "texture": "#1"},
				"west": {"uv": [0, 0, 3, 3], "texture": "#1"},
				"up": {"uv": [0, 0, 3, 3], "texture": "#1"},
				"down": {"uv": [0, 0, 3, 3], "texture": "#1"}
			}
		},
		{
			"name": "hexadecagon",
			"from": [7.7802, 5.27, 6.895],
			"to": [8.2198, 5.66, 9.105],
			"rotation": {"angle": 0, "axis": "y", "origin": [8, 5.66, 8]},
			"faces": {
				"north": {"uv": [0, 0, 3, 3], "texture": "#1"},
				"east": {"uv": [0, 0, 3, 3], "texture": "#1"},
				"south": {"uv": [0, 0, 3, 3], "texture": "#1"},
				"west": {"uv": [0, 0, 3, 3], "texture": "#1"},
				"up": {"uv": [0, 0, 3, 3], "texture": "#1"},
				"down": {"uv": [0, 0, 3, 3], "texture": "#1"}
			}
		},
		{
			"name": "hexadecagon",
			"from": [7.7802, 5.27, 6.895],
			"to": [8.2198, 5.66, 9.105],
			"rotation": {"angle": 22.5, "axis": "y", "origin": [8, 5.66, 8]},
			"faces": {
				"north": {"uv": [0, 0, 3, 3], "texture": "#1"},
				"east": {"uv": [0, 0, 3, 3], "texture": "#1"},
				"south": {"uv": [0, 0, 3, 3], "texture": "#1"},
				"west": {"uv": [0, 0, 3, 3], "texture": "#1"},
				"up": {"uv": [0, 0, 3, 3], "texture": "#1"},
				"down": {"uv": [0, 0, 3, 3], "texture": "#1"}
			}
		},
		{
			"name": "hexadecagon",
			"from": [7.7802, 5.27, 6.895],
			"to": [8.2198, 5.66, 9.105],
			"rotation": {"angle": 45, "axis": "y", "origin": [8, 5.66, 8]},
			"faces": {
				"north": {"uv": [0, 0, 3, 3], "texture": "#1"},
				"east": {"uv": [0, 0, 3, 3], "texture": "#1"},
				"south": {"uv": [0, 0, 3, 3], "texture": "#1"},
				"west": {"uv": [0, 0, 3, 3], "texture": "#1"},
				"up": {"uv": [0, 0, 3, 3], "texture": "#1"},
				"down": {"uv": [0, 0, 3, 3], "texture": "#1"}
			}
		},
		{
			"name": "hexadecagon",
			"from": [6.895, 5.27, 7.7802],
			"to": [9.105, 5.66, 8.2198],
			"rotation": {"angle": -22.5, "axis": "y", "origin": [8, 5.66, 8]},
			"faces": {
				"north": {"uv": [0, 0, 3, 3], "texture": "#1"},
				"east": {"uv": [0, 0, 3, 3], "texture": "#1"},
				"south": {"uv": [0, 0, 3, 3], "texture": "#1"},
				"west": {"uv": [0, 0, 3, 3], "texture": "#1"},
				"up": {"uv": [0, 0, 3, 3], "texture": "#1"},
				"down": {"uv": [0, 0, 3, 3], "texture": "#1"}
			}
		},
		{
			"name": "hexadecagon",
			"from": [6.895, 5.27, 7.7802],
			"to": [9.105, 5.66, 8.2198],
			"rotation": {"angle": 0, "axis": "y", "origin": [8, 5.66, 8]},
			"faces": {
				"north": {"uv": [0, 0, 3, 3], "texture": "#1"},
				"east": {"uv": [0, 0, 3, 3], "texture": "#1"},
				"south": {"uv": [0, 0, 3, 3], "texture": "#1"},
				"west": {"uv": [0, 0, 3, 3], "texture": "#1"},
				"up": {"uv": [0, 0, 3, 3], "texture": "#1"},
				"down": {"uv": [0, 0, 3, 3], "texture": "#1"}
			}
		},
		{
			"name": "hexadecagon",
			"from": [6.895, 5.27, 7.7802],
			"to": [9.105, 5.66, 8.2198],
			"rotation": {"angle": 22.5, "axis": "y", "origin": [8, 5.66, 8]},
			"faces": {
				"north": {"uv": [0, 0, 3, 3], "texture": "#1"},
				"east": {"uv": [0, 0, 3, 3], "texture": "#1"},
				"south": {"uv": [0, 0, 3, 3], "texture": "#1"},
				"west": {"uv": [0, 0, 3, 3], "texture": "#1"},
				"up": {"uv": [0, 0, 3, 3], "texture": "#1"},
				"down": {"uv": [0, 0, 3, 3], "texture": "#1"}
			}
		},
		{
			"name": "hexadecagon",
			"from": [7.86424, -1.321, 7.0575],
			"to": [8.13576, 0.538, 8.9425],
			"rotation": {"angle": -45, "axis": "y", "origin": [8, -0.866, 8]},
			"faces": {
				"north": {"uv": [0, 0, 3, 16], "texture": "#1"},
				"east": {"uv": [0, 0, 3, 16], "texture": "#1"},
				"south": {"uv": [0, 0, 3, 16], "texture": "#1"},
				"west": {"uv": [0, 0, 3, 16], "texture": "#1"},
				"up": {"uv": [0, 0, 3, 16], "texture": "#1"},
				"down": {"uv": [0, 0, 3, 16], "texture": "#1"}
			}
		},
		{
			"name": "hexadecagon",
			"from": [7.86424, -1.321, 7.0575],
			"to": [8.13576, 0.538, 8.9425],
			"rotation": {"angle": -22.5, "axis": "y", "origin": [8, -0.866, 8]},
			"faces": {
				"north": {"uv": [0, 0, 3, 16], "texture": "#1"},
				"east": {"uv": [0, 0, 3, 16], "texture": "#1"},
				"south": {"uv": [0, 0, 3, 16], "texture": "#1"},
				"west": {"uv": [0, 0, 3, 16], "texture": "#1"},
				"up": {"uv": [0, 0, 3, 16], "texture": "#1"},
				"down": {"uv": [0, 0, 3, 16], "texture": "#1"}
			}
		},
		{
			"name": "hexadecagon",
			"from": [7.86424, -1.321, 7.0575],
			"to": [8.13576, 0.538, 8.9425],
			"rotation": {"angle": 0, "axis": "y", "origin": [8, -0.866, 8]},
			"faces": {
				"north": {"uv": [0, 0, 3, 16], "texture": "#1"},
				"east": {"uv": [0, 0, 3, 16], "texture": "#1"},
				"south": {"uv": [0, 0, 3, 16], "texture": "#1"},
				"west": {"uv": [0, 0, 3, 16], "texture": "#1"},
				"up": {"uv": [0, 0, 3, 16], "texture": "#1"},
				"down": {"uv": [0, 0, 3, 16], "texture": "#1"}
			}
		},
		{
			"name": "hexadecagon",
			"from": [7.86424, -1.321, 7.0575],
			"to": [8.13576, 0.538, 8.9425],
			"rotation": {"angle": 22.5, "axis": "y", "origin": [8, -0.866, 8]},
			"faces": {
				"north": {"uv": [0, 0, 3, 16], "texture": "#1"},
				"east": {"uv": [0, 0, 3, 16], "texture": "#1"},
				"south": {"uv": [0, 0, 3, 16], "texture": "#1"},
				"west": {"uv": [0, 0, 3, 16], "texture": "#1"},
				"up": {"uv": [0, 0, 3, 16], "texture": "#1"},
				"down": {"uv": [0, 0, 3, 16], "texture": "#1"}
			}
		},
		{
			"name": "hexadecagon",
			"from": [7.86424, -1.321, 7.0575],
			"to": [8.13576, 0.538, 8.9425],
			"rotation": {"angle": 45, "axis": "y", "origin": [8, -0.866, 8]},
			"faces": {
				"north": {"uv": [0, 0, 3, 16], "texture": "#1"},
				"east": {"uv": [0, 0, 3, 16], "texture": "#1"},
				"south": {"uv": [0, 0, 3, 16], "texture": "#1"},
				"west": {"uv": [0, 0, 3, 16], "texture": "#1"},
				"up": {"uv": [0, 0, 3, 16], "texture": "#1"},
				"down": {"uv": [0, 0, 3, 16], "texture": "#1"}
			}
		},
		{
			"name": "hexadecagon",
			"from": [7.0575, -1.321, 7.86424],
			"to": [8.9425, 0.538, 8.13576],
			"rotation": {"angle": -22.5, "axis": "y", "origin": [8, -0.866, 8]},
			"faces": {
				"north": {"uv": [0, 0, 3, 16], "texture": "#1"},
				"east": {"uv": [0, 0, 3, 16], "texture": "#1"},
				"south": {"uv": [0, 0, 3, 16], "texture": "#1"},
				"west": {"uv": [0, 0, 3, 16], "texture": "#1"},
				"up": {"uv": [0, 0, 3, 16], "texture": "#1"},
				"down": {"uv": [0, 0, 3, 16], "texture": "#1"}
			}
		},
		{
			"name": "hexadecagon",
			"from": [7.0575, -1.321, 7.86424],
			"to": [8.9425, 0.538, 8.13576],
			"rotation": {"angle": 0, "axis": "y", "origin": [8, -0.866, 8]},
			"faces": {
				"north": {"uv": [0, 0, 3, 16], "texture": "#1"},
				"east": {"uv": [0, 0, 3, 16], "texture": "#1"},
				"south": {"uv": [0, 0, 3, 16], "texture": "#1"},
				"west": {"uv": [0, 0, 3, 16], "texture": "#1"},
				"up": {"uv": [0, 0, 3, 16], "texture": "#1"},
				"down": {"uv": [0, 0, 3, 16], "texture": "#1"}
			}
		},
		{
			"name": "hexadecagon",
			"from": [7.0575, -1.321, 7.86424],
			"to": [8.9425, 0.538, 8.13576],
			"rotation": {"angle": 22.5, "axis": "y", "origin": [8, -0.866, 8]},
			"faces": {
				"north": {"uv": [0, 0, 3, 16], "texture": "#1"},
				"east": {"uv": [0, 0, 3, 16], "texture": "#1"},
				"south": {"uv": [0, 0, 3, 16], "texture": "#1"},
				"west": {"uv": [0, 0, 3, 16], "texture": "#1"},
				"up": {"uv": [0, 0, 3, 16], "texture": "#1"},
				"down": {"uv": [0, 0, 3, 16], "texture": "#1"}
			}
		},
		{
			"name": "hexadecagon",
			"from": [7.86424, 5.569, 7.0575],
			"to": [8.13576, 7.298, 8.9425],
			"rotation": {"angle": -45, "axis": "y", "origin": [8, 6.024, 8]},
			"faces": {
				"north": {"uv": [2, 0, 5, 16], "texture": "#1"},
				"east": {"uv": [2, 0, 5, 16], "texture": "#1"},
				"south": {"uv": [2, 0, 5, 16], "texture": "#1"},
				"west": {"uv": [2, 0, 5, 16], "texture": "#1"},
				"up": {"uv": [2, 0, 5, 16], "texture": "#1"},
				"down": {"uv": [2, 0, 5, 16], "texture": "#1"}
			}
		},
		{
			"name": "hexadecagon",
			"from": [7.86424, 5.569, 7.0575],
			"to": [8.13576, 7.298, 8.9425],
			"rotation": {"angle": -22.5, "axis": "y", "origin": [8, 6.024, 8]},
			"faces": {
				"north": {"uv": [2, 0, 5, 16], "texture": "#1"},
				"east": {"uv": [2, 0, 5, 16], "texture": "#1"},
				"south": {"uv": [2, 0, 5, 16], "texture": "#1"},
				"west": {"uv": [2, 0, 5, 16], "texture": "#1"},
				"up": {"uv": [2, 0, 5, 16], "texture": "#1"},
				"down": {"uv": [2, 0, 5, 16], "texture": "#1"}
			}
		},
		{
			"name": "hexadecagon",
			"from": [7.86424, 5.569, 7.0575],
			"to": [8.13576, 7.298, 8.9425],
			"rotation": {"angle": 0, "axis": "y", "origin": [8, 6.024, 8]},
			"faces": {
				"north": {"uv": [2, 0, 5, 16], "texture": "#1"},
				"east": {"uv": [2, 0, 5, 16], "texture": "#1"},
				"south": {"uv": [2, 0, 5, 16], "texture": "#1"},
				"west": {"uv": [2, 0, 5, 16], "texture": "#1"},
				"up": {"uv": [2, 0, 5, 16], "texture": "#1"},
				"down": {"uv": [2, 0, 5, 16], "texture": "#1"}
			}
		},
		{
			"name": "hexadecagon",
			"from": [7.86424, 5.569, 7.0575],
			"to": [8.13576, 7.298, 8.9425],
			"rotation": {"angle": 22.5, "axis": "y", "origin": [8, 6.024, 8]},
			"faces": {
				"north": {"uv": [2, 0, 5, 16], "texture": "#1"},
				"east": {"uv": [2, 0, 5, 16], "texture": "#1"},
				"south": {"uv": [2, 0, 5, 16], "texture": "#1"},
				"west": {"uv": [2, 0, 5, 16], "texture": "#1"},
				"up": {"uv": [2, 0, 5, 16], "texture": "#1"},
				"down": {"uv": [2, 0, 5, 16], "texture": "#1"}
			}
		},
		{
			"name": "hexadecagon",
			"from": [7.86424, 5.569, 7.0575],
			"to": [8.13576, 7.298, 8.9425],
			"rotation": {"angle": 45, "axis": "y", "origin": [8, 6.024, 8]},
			"faces": {
				"north": {"uv": [2, 0, 5, 16], "texture": "#1"},
				"east": {"uv": [2, 0, 5, 16], "texture": "#1"},
				"south": {"uv": [2, 0, 5, 16], "texture": "#1"},
				"west": {"uv": [2, 0, 5, 16], "texture": "#1"},
				"up": {"uv": [2, 0, 5, 16], "texture": "#1"},
				"down": {"uv": [2, 0, 5, 16], "texture": "#1"}
			}
		},
		{
			"name": "hexadecagon",
			"from": [7.0575, 5.569, 7.86424],
			"to": [8.9425, 7.298, 8.13576],
			"rotation": {"angle": -22.5, "axis": "y", "origin": [8, 6.024, 8]},
			"faces": {
				"north": {"uv": [2, 0, 5, 16], "texture": "#1"},
				"east": {"uv": [2, 0, 5, 16], "texture": "#1"},
				"south": {"uv": [2, 0, 5, 16], "texture": "#1"},
				"west": {"uv": [2, 0, 5, 16], "texture": "#1"},
				"up": {"uv": [2, 0, 5, 16], "texture": "#1"},
				"down": {"uv": [2, 0, 5, 16], "texture": "#1"}
			}
		},
		{
			"name": "hexadecagon",
			"from": [7.0575, 5.569, 7.86424],
			"to": [8.9425, 7.298, 8.13576],
			"rotation": {"angle": 0, "axis": "y", "origin": [8, 6.024, 8]},
			"faces": {
				"north": {"uv": [2, 0, 5, 16], "texture": "#1"},
				"east": {"uv": [2, 0, 5, 16], "texture": "#1"},
				"south": {"uv": [2, 0, 5, 16], "texture": "#1"},
				"west": {"uv": [2, 0, 5, 16], "texture": "#1"},
				"up": {"uv": [2, 0, 5, 16], "texture": "#1"},
				"down": {"uv": [2, 0, 5, 16], "texture": "#1"}
			}
		},
		{
			"name": "hexadecagon",
			"from": [7.0575, 5.569, 7.86424],
			"to": [8.9425, 7.298, 8.13576],
			"rotation": {"angle": 22.5, "axis": "y", "origin": [8, 6.024, 8]},
			"faces": {
				"north": {"uv": [2, 0, 5, 16], "texture": "#1"},
				"east": {"uv": [2, 0, 5, 16], "texture": "#1"},
				"south": {"uv": [2, 0, 5, 16], "texture": "#1"},
				"west": {"uv": [2, 0, 5, 16], "texture": "#1"},
				"up": {"uv": [2, 0, 5, 16], "texture": "#1"},
				"down": {"uv": [2, 0, 5, 16], "texture": "#1"}
			}
		},
		{
			"name": "hexadecagon",
			"from": [7.61212, 7.22, 6.05],
			"to": [8.38788, 7.48, 9.95],
			"rotation": {"angle": -45, "axis": "y", "origin": [8, 7.22, 8]},
			"faces": {
				"north": {"uv": [0, 0, 16, 3], "texture": "#1"},
				"east": {"uv": [0, 0, 16, 3], "texture": "#1"},
				"south": {"uv": [0, 0, 16, 3], "texture": "#1"},
				"west": {"uv": [0, 0, 16, 3], "texture": "#1"},
				"up": {"uv": [5, 0, 6, 2], "texture": "#1"},
				"down": {"uv": [5, 0, 16, 11], "texture": "#1"}
			}
		},
		{
			"name": "hexadecagon",
			"from": [7.61212, 7.22, 6.05],
			"to": [8.38788, 7.48, 9.95],
			"rotation": {"angle": -22.5, "axis": "y", "origin": [8, 7.22, 8]},
			"faces": {
				"north": {"uv": [0, 0, 16, 3], "texture": "#1"},
				"east": {"uv": [0, 0, 16, 3], "texture": "#1"},
				"south": {"uv": [0, 0, 16, 3], "texture": "#1"},
				"west": {"uv": [0, 0, 16, 3], "texture": "#1"},
				"up": {"uv": [5, 0, 6, 2], "texture": "#1"},
				"down": {"uv": [5, 0, 16, 11], "texture": "#1"}
			}
		},
		{
			"name": "hexadecagon",
			"from": [7.61212, 7.22, 6.05],
			"to": [8.38788, 7.48, 9.95],
			"rotation": {"angle": 0, "axis": "y", "origin": [8, 7.22, 8]},
			"faces": {
				"north": {"uv": [0, 0, 16, 3], "texture": "#1"},
				"east": {"uv": [0, 0, 16, 3], "texture": "#1"},
				"south": {"uv": [0, 0, 16, 3], "texture": "#1"},
				"west": {"uv": [0, 0, 16, 3], "texture": "#1"},
				"up": {"uv": [5, 0, 6, 2], "texture": "#1"},
				"down": {"uv": [5, 0, 16, 11], "texture": "#1"}
			}
		},
		{
			"name": "hexadecagon",
			"from": [7.61212, 7.22, 6.05],
			"to": [8.38788, 7.48, 9.95],
			"rotation": {"angle": 22.5, "axis": "y", "origin": [8, 7.22, 8]},
			"faces": {
				"north": {"uv": [0, 0, 16, 3], "texture": "#1"},
				"east": {"uv": [0, 0, 16, 3], "texture": "#1"},
				"south": {"uv": [0, 0, 16, 3], "texture": "#1"},
				"west": {"uv": [0, 0, 16, 3], "texture": "#1"},
				"up": {"uv": [5, 0, 6, 2], "texture": "#1"},
				"down": {"uv": [5, 0, 16, 11], "texture": "#1"}
			}
		},
		{
			"name": "hexadecagon",
			"from": [7.61212, 7.22, 6.05],
			"to": [8.38788, 7.48, 9.95],
			"rotation": {"angle": 45, "axis": "y", "origin": [8, 7.22, 8]},
			"faces": {
				"north": {"uv": [0, 0, 16, 3], "texture": "#1"},
				"east": {"uv": [0, 0, 16, 3], "texture": "#1"},
				"south": {"uv": [0, 0, 16, 3], "texture": "#1"},
				"west": {"uv": [0, 0, 16, 3], "texture": "#1"},
				"up": {"uv": [5, 0, 6, 2], "texture": "#1"},
				"down": {"uv": [5, 0, 16, 11], "texture": "#1"}
			}
		},
		{
			"name": "hexadecagon",
			"from": [6.05, 7.22, 7.61212],
			"to": [9.95, 7.48, 8.38788],
			"rotation": {"angle": -22.5, "axis": "y", "origin": [8, 7.22, 8]},
			"faces": {
				"north": {"uv": [0, 0, 16, 3], "texture": "#1"},
				"east": {"uv": [0, 0, 16, 3], "texture": "#1"},
				"south": {"uv": [0, 0, 16, 3], "texture": "#1"},
				"west": {"uv": [0, 0, 16, 3], "texture": "#1"},
				"up": {"uv": [5, 0, 6, 2], "texture": "#1"},
				"down": {"uv": [5, 0, 16, 11], "texture": "#1"}
			}
		},
		{
			"name": "hexadecagon",
			"from": [6.05, 7.22, 7.61212],
			"to": [9.95, 7.48, 8.38788],
			"rotation": {"angle": 0, "axis": "y", "origin": [8, 7.22, 8]},
			"faces": {
				"north": {"uv": [0, 0, 16, 3], "texture": "#1"},
				"east": {"uv": [0, 0, 16, 3], "texture": "#1"},
				"south": {"uv": [0, 0, 16, 3], "texture": "#1"},
				"west": {"uv": [0, 0, 16, 3], "texture": "#1"},
				"up": {"uv": [5, 0, 6, 2], "texture": "#1"},
				"down": {"uv": [5, 0, 16, 11], "texture": "#1"}
			}
		},
		{
			"name": "hexadecagon",
			"from": [6.05, 7.22, 7.61212],
			"to": [9.95, 7.48, 8.38788],
			"rotation": {"angle": 22.5, "axis": "y", "origin": [8, 7.22, 8]},
			"faces": {
				"north": {"uv": [0, 0, 16, 3], "texture": "#1"},
				"east": {"uv": [0, 0, 16, 3], "texture": "#1"},
				"south": {"uv": [0, 0, 16, 3], "texture": "#1"},
				"west": {"uv": [0, 0, 16, 3], "texture": "#1"},
				"up": {"uv": [5, 0, 6, 2], "texture": "#1"},
				"down": {"uv": [5, 0, 16, 11], "texture": "#1"}
			}
		},
		{
			"name": "hexadecagon",
			"from": [7.84485, 8, 7.22],
			"to": [8.15515, 9.04, 8.78],
			"rotation": {"angle": -45, "axis": "y", "origin": [8, 8.65, 8]},
			"faces": {
				"north": {"uv": [0, 0, 9, 5], "texture": "#1"},
				"east": {"uv": [0, 0, 16, 16], "texture": "#1"},
				"south": {"uv": [0, 0, 16, 16], "texture": "#1"},
				"west": {"uv": [0, 0, 16, 16], "texture": "#1"},
				"up": {"uv": [0, 0, 16, 16], "texture": "#1"},
				"down": {"uv": [0, 0, 16, 16], "texture": "#1"}
			}
		},
		{
			"name": "hexadecagon",
			"from": [7.84485, 8, 7.22],
			"to": [8.15515, 9.04, 8.78],
			"rotation": {"angle": -22.5, "axis": "y", "origin": [8, 8.65, 8]},
			"faces": {
				"north": {"uv": [0, 0, 9, 5], "texture": "#1"},
				"east": {"uv": [0, 0, 16, 16], "texture": "#1"},
				"south": {"uv": [0, 0, 16, 16], "texture": "#1"},
				"west": {"uv": [0, 0, 16, 16], "texture": "#1"},
				"up": {"uv": [0, 0, 16, 16], "texture": "#1"},
				"down": {"uv": [0, 0, 16, 16], "texture": "#1"}
			}
		},
		{
			"name": "hexadecagon",
			"from": [7.84485, 8, 7.22],
			"to": [8.15515, 9.04, 8.78],
			"rotation": {"angle": 0, "axis": "y", "origin": [8, 8.65, 8]},
			"faces": {
				"north": {"uv": [0, 0, 9, 5], "texture": "#1"},
				"east": {"uv": [0, 0, 16, 16], "texture": "#1"},
				"south": {"uv": [0, 0, 16, 16], "texture": "#1"},
				"west": {"uv": [0, 0, 16, 16], "texture": "#1"},
				"up": {"uv": [0, 0, 16, 16], "texture": "#1"},
				"down": {"uv": [0, 0, 16, 16], "texture": "#1"}
			}
		},
		{
			"name": "hexadecagon",
			"from": [7.84485, 8, 7.22],
			"to": [8.15515, 9.04, 8.78],
			"rotation": {"angle": 22.5, "axis": "y", "origin": [8, 8.65, 8]},
			"faces": {
				"north": {"uv": [0, 0, 9, 5], "texture": "#1"},
				"east": {"uv": [0, 0, 16, 16], "texture": "#1"},
				"south": {"uv": [0, 0, 16, 16], "texture": "#1"},
				"west": {"uv": [0, 0, 16, 16], "texture": "#1"},
				"up": {"uv": [0, 0, 16, 16], "texture": "#1"},
				"down": {"uv": [0, 0, 16, 16], "texture": "#1"}
			}
		},
		{
			"name": "hexadecagon",
			"from": [7.84485, 8, 7.22],
			"to": [8.15515, 9.04, 8.78],
			"rotation": {"angle": 45, "axis": "y", "origin": [8, 8.65, 8]},
			"faces": {
				"north": {"uv": [0, 0, 9, 5], "texture": "#1"},
				"east": {"uv": [0, 0, 16, 16], "texture": "#1"},
				"south": {"uv": [0, 0, 16, 16], "texture": "#1"},
				"west": {"uv": [0, 0, 16, 16], "texture": "#1"},
				"up": {"uv": [0, 0, 16, 16], "texture": "#1"},
				"down": {"uv": [0, 0, 16, 16], "texture": "#1"}
			}
		},
		{
			"name": "hexadecagon",
			"from": [7.22, 8, 7.84485],
			"to": [8.78, 9.04, 8.15515],
			"rotation": {"angle": -22.5, "axis": "y", "origin": [8, 8.65, 8]},
			"faces": {
				"north": {"uv": [0, 0, 9, 5], "texture": "#1"},
				"east": {"uv": [0, 0, 16, 16], "texture": "#1"},
				"south": {"uv": [0, 0, 16, 16], "texture": "#1"},
				"west": {"uv": [0, 0, 16, 16], "texture": "#1"},
				"up": {"uv": [0, 0, 16, 16], "texture": "#1"},
				"down": {"uv": [0, 0, 16, 16], "texture": "#1"}
			}
		},
		{
			"name": "hexadecagon",
			"from": [7.22, 8, 7.84485],
			"to": [8.78, 9.04, 8.15515],
			"rotation": {"angle": 0, "axis": "y", "origin": [8, 8.65, 8]},
			"faces": {
				"north": {"uv": [0, 0, 9, 5], "texture": "#1"},
				"east": {"uv": [0, 0, 16, 16], "texture": "#1"},
				"south": {"uv": [0, 0, 16, 16], "texture": "#1"},
				"west": {"uv": [0, 0, 16, 16], "texture": "#1"},
				"up": {"uv": [0, 0, 16, 16], "texture": "#1"},
				"down": {"uv": [0, 0, 16, 16], "texture": "#1"}
			}
		},
		{
			"name": "hexadecagon",
			"from": [7.22, 8, 7.84485],
			"to": [8.78, 9.04, 8.15515],
			"rotation": {"angle": 22.5, "axis": "y", "origin": [8, 8.65, 8]},
			"faces": {
				"north": {"uv": [0, 0, 9, 5], "texture": "#1"},
				"east": {"uv": [0, 0, 16, 16], "texture": "#1"},
				"south": {"uv": [0, 0, 16, 16], "texture": "#1"},
				"west": {"uv": [0, 0, 16, 16], "texture": "#1"},
				"up": {"uv": [0, 0, 16, 16], "texture": "#1"},
				"down": {"uv": [0, 0, 16, 16], "texture": "#1"}
			}
		},
		{
			"name": "hexadecagon",
			"from": [7.89657, 7.48, 7.48],
			"to": [8.10343, 9.56, 8.52],
			"rotation": {"angle": -45, "axis": "y", "origin": [8, 8.13, 8]},
			"faces": {
				"north": {"uv": [4, 0, 6, 16], "texture": "#1"},
				"east": {"uv": [4, 0, 6, 16], "texture": "#1"},
				"south": {"uv": [4, 0, 6, 16], "texture": "#1"},
				"west": {"uv": [4, 0, 6, 16], "texture": "#1"},
				"up": {"uv": [4, 14, 6, 16], "texture": "#1"},
				"down": {"uv": [4, 0, 6, 16], "texture": "#1"}
			}
		},
		{
			"name": "hexadecagon",
			"from": [7.89657, 7.48, 7.48],
			"to": [8.10343, 9.56, 8.52],
			"rotation": {"angle": -22.5, "axis": "y", "origin": [8, 8.13, 8]},
			"faces": {
				"north": {"uv": [4, 0, 6, 16], "texture": "#1"},
				"east": {"uv": [4, 0, 6, 16], "texture": "#1"},
				"south": {"uv": [4, 0, 6, 16], "texture": "#1"},
				"west": {"uv": [4, 0, 6, 16], "texture": "#1"},
				"up": {"uv": [4, 14, 6, 16], "texture": "#1"},
				"down": {"uv": [4, 0, 6, 16], "texture": "#1"}
			}
		},
		{
			"name": "hexadecagon",
			"from": [7.89657, 7.48, 7.48],
			"to": [8.10343, 9.56, 8.52],
			"rotation": {"angle": 0, "axis": "y", "origin": [8, 8.13, 8]},
			"faces": {
				"north": {"uv": [4, 0, 6, 16], "texture": "#1"},
				"east": {"uv": [4, 0, 6, 16], "texture": "#1"},
				"south": {"uv": [4, 0, 6, 16], "texture": "#1"},
				"west": {"uv": [4, 0, 6, 16], "texture": "#1"},
				"up": {"uv": [4, 14, 6, 16], "texture": "#1"},
				"down": {"uv": [4, 0, 6, 16], "texture": "#1"}
			}
		},
		{
			"name": "hexadecagon",
			"from": [7.89657, 7.48, 7.48],
			"to": [8.10343, 9.56, 8.52],
			"rotation": {"angle": 22.5, "axis": "y", "origin": [8, 8.13, 8]},
			"faces": {
				"north": {"uv": [4, 0, 6, 16], "texture": "#1"},
				"east": {"uv": [4, 0, 6, 16], "texture": "#1"},
				"south": {"uv": [4, 0, 6, 16], "texture": "#1"},
				"west": {"uv": [4, 0, 6, 16], "texture": "#1"},
				"up": {"uv": [4, 14, 6, 16], "texture": "#1"},
				"down": {"uv": [4, 0, 6, 16], "texture": "#1"}
			}
		},
		{
			"name": "hexadecagon",
			"from": [7.89657, 7.48, 7.48],
			"to": [8.10343, 9.56, 8.52],
			"rotation": {"angle": 45, "axis": "y", "origin": [8, 8.13, 8]},
			"faces": {
				"north": {"uv": [4, 0, 6, 16], "texture": "#1"},
				"east": {"uv": [4, 0, 6, 16], "texture": "#1"},
				"south": {"uv": [4, 0, 6, 16], "texture": "#1"},
				"west": {"uv": [4, 0, 6, 16], "texture": "#1"},
				"up": {"uv": [4, 14, 6, 16], "texture": "#1"},
				"down": {"uv": [4, 0, 6, 16], "texture": "#1"}
			}
		},
		{
			"name": "hexadecagon",
			"from": [7.48, 7.48, 7.89657],
			"to": [8.52, 9.56, 8.10343],
			"rotation": {"angle": -22.5, "axis": "y", "origin": [8, 8.13, 8]},
			"faces": {
				"north": {"uv": [4, 0, 6, 16], "texture": "#1"},
				"east": {"uv": [4, 0, 6, 16], "texture": "#1"},
				"south": {"uv": [4, 0, 6, 16], "texture": "#1"},
				"west": {"uv": [4, 0, 6, 16], "texture": "#1"},
				"up": {"uv": [4, 14, 6, 16], "texture": "#1"},
				"down": {"uv": [4, 0, 6, 16], "texture": "#1"}
			}
		},
		{
			"name": "hexadecagon",
			"from": [7.48, 7.48, 7.89657],
			"to": [8.52, 9.56, 8.10343],
			"rotation": {"angle": 0, "axis": "y", "origin": [8, 8.13, 8]},
			"faces": {
				"north": {"uv": [4, 0, 6, 16], "texture": "#1"},
				"east": {"uv": [4, 0, 6, 16], "texture": "#1"},
				"south": {"uv": [4, 0, 6, 16], "texture": "#1"},
				"west": {"uv": [4, 0, 6, 16], "texture": "#1"},
				"up": {"uv": [4, 14, 6, 16], "texture": "#1"},
				"down": {"uv": [4, 0, 6, 16], "texture": "#1"}
			}
		},
		{
			"name": "hexadecagon",
			"from": [7.48, 7.48, 7.89657],
			"to": [8.52, 9.56, 8.10343],
			"rotation": {"angle": 22.5, "axis": "y", "origin": [8, 8.13, 8]},
			"faces": {
				"north": {"uv": [4, 0, 6, 16], "texture": "#1"},
				"east": {"uv": [4, 0, 6, 16], "texture": "#1"},
				"south": {"uv": [4, 0, 6, 16], "texture": "#1"},
				"west": {"uv": [4, 0, 6, 16], "texture": "#1"},
				"up": {"uv": [4, 14, 6, 16], "texture": "#1"},
				"down": {"uv": [4, 0, 6, 16], "texture": "#1"}
			}
		},
		{
			"from": [7.74, 9.56, 7.74],
			"to": [8.26, 10.47, 8.26],
			"rotation": {"angle": 0, "axis": "y", "origin": [-2.4, -3.44, -2.4]},
			"faces": {
				"north": {"uv": [4, 0, 12, 16], "texture": "#1"},
				"east": {"uv": [4, 0, 12, 16], "texture": "#1"},
				"south": {"uv": [4, 0, 12, 16], "texture": "#1"},
				"west": {"uv": [4, 0, 12, 16], "texture": "#1"},
				"up": {"uv": [4, 8, 12, 16], "texture": "#1"},
				"down": {"uv": [4, 0, 12, 16], "texture": "#1"}
			}
		}
	],
	"display": {
		"thirdperson_righthand": {
			"rotation": [-90, 0, 0],
			"translation": [0, -2, -58],
			"scale": [1.1, 4, 1.1]
		},
		"thirdperson_lefthand": {
			"translation": [0, 7, -1.25],
			"scale": [0.5, 0.5, 0.5]
		},
		"firstperson_righthand": {
			"translation": [0, 10.5, 0]
		},
		"firstperson_lefthand": {
			"translation": [0, 10.5, 0]
		},
		"ground": {
			"translation": [0, 5, 0],
			"scale": [0.5, 0.5, 0.5]
		},
		"gui": {
			"rotation": [20, 45, 0],
			"translation": [-0.25, 8.5, 0]
		},
		"head": {
			"translation": [0, 25.25, 0],
			"scale": [4, 4, 4]
		},
		"fixed": {
			"rotation": [0, 90, 0],
			"translation": [0, 8, -3.75]
		}
	},
	"groups": [
		{
			"name": "hexadecagon",
			"origin": [8, 8, 8],
			"children": [0, 1, 2, 3, 4, 5, 6, 7]
		},
		{
			"name": "hexadecagon",
			"origin": [8, 8, 8],
			"children": [8, 9, 10, 11, 12, 13, 14, 15]
		},
		{
			"name": "hexadecagon",
			"origin": [8, 8, 8],
			"children": [16, 17, 18, 19, 20, 21, 22, 23]
		},
		{
			"name": "hexadecagon",
			"origin": [8, 8, 8],
			"children": [24, 25, 26, 27, 28, 29, 30, 31]
		},
		{
			"name": "hexadecagon",
			"origin": [8, 8, 8],
			"children": [32, 33, 34, 35, 36, 37, 38, 39]
		},
		{
			"name": "hexadecagon",
			"origin": [8, 8, 8],
			"children": [40, 41, 42, 43, 44, 45, 46, 47]
		},
		{
			"name": "hexadecagon",
			"origin": [8, 8, 8],
			"children": [48, 49, 50, 51, 52, 53, 54, 55]
		},
		{
			"name": "hexadecagon",
			"origin": [8, 8, 8],
			"children": [56, 57, 58, 59, 60, 61, 62, 63]
		},
		{
			"name": "hexadecagon",
			"origin": [8, 8, 8],
			"children": [64, 65, 66, 67, 68, 69, 70, 71]
		},
		{
			"name": "hexadecagon",
			"origin": [8, 8, 8],
			"children": [72, 73, 74, 75, 76, 77, 78, 79]
		},
		{
			"name": "hexadecagon",
			"origin": [8, 8, 8],
			"children": [80, 81, 82, 83, 84, 85, 86, 87]
		},
		{
			"name": "hexadecagon",
			"origin": [8, 8, 8],
			"children": [88, 89, 90, 91, 92, 93, 94, 95]
		},
		{
			"name": "hexadecagon",
			"origin": [8, 8, 8],
			"children": [96, 97, 98, 99, 100, 101, 102, 103]
		},
		{
			"name": "hexadecagon",
			"origin": [8, 8, 8],
			"children": [104, 105, 106, 107, 108, 109, 110, 111]
		},
		{
			"name": "hexadecagon",
			"origin": [8, 8, 8],
			"children": [112, 113, 114, 115, 116, 117, 118, 119]
		},
		{
			"name": "hexadecagon",
			"origin": [8, 8, 8],
			"children": [120, 121, 122, 123, 124, 125, 126, 127]
		},
		{
			"name": "hexadecagon",
			"origin": [8, 8, 8],
			"children": [128, 129, 130, 131, 132, 133, 134, 135, 136, 137, 138, 139, 140, 141, 142, 143]
		},
		{
			"name": "hexadecagon",
			"origin": [8, 8, 8],
			"children": [144, 145, 146, 147, 148, 149, 150, 151]
		},
		{
			"name": "hexadecagon",
			"origin": [8, 8, 8],
			"children": [152, 153, 154, 155, 156, 157, 158, 159]
		},
		{
			"name": "hexadecagon",
			"origin": [8, 8, 8],
			"children": [160, 161, 162, 163, 164, 165, 166, 167]
		},
		{
			"name": "hexadecagon",
			"origin": [8, 8, 8],
			"children": [168, 169, 170, 171, 172, 173, 174, 175]
		},
		{
			"name": "hexadecagon",
			"origin": [8, 8, 8],
			"children": [176, 177, 178, 179, 180, 181, 182, 183]
		},
		{
			"name": "hexadecagon",
			"origin": [8, 8, 8],
			"children": [184, 185, 186, 187, 188, 189, 190, 191, 192]
		}
	]
}