{
	"credit": "Made with Blockbench",
	"textures": {
		"yellowclay": "block/yellow_terracotta",
		"oakwood": "block/oak_planks",
		"blackconcrete": "block/black_concrete",
		"grayconcrete": "block/light_gray_concrete",
		"whiteconcrete": "block/white_concrete"
	},
	"elements": [
		{
			"name": "Cube1",
			"from": [19, 5.5, 6],
			"to": [20, 12.5, 10],
			"faces": {
				"north": {"uv": [0, 0, 1, 7], "texture": "#yellowclay"},
				"east": {"uv": [6, 3.5, 10, 10.5], "texture": "#yellowclay"},
				"south": {"uv": [0, 0, 2.5, 9], "texture": "#yellowclay"},
				"west": {"uv": [6, 3.5, 10, 10.5], "texture": "#yellowclay"},
				"up": {"uv": [0, 0, 1, 5], "texture": "#yellowclay"},
				"down": {"uv": [16, 6, 16, 10], "texture": "#yellowclay"}
			}
		},
		{
			"name": "Cube1",
			"from": [19, 6, 5],
			"to": [20, 12, 11],
			"faces": {
				"north": {"uv": [6, 3.5, 10, 10.5], "texture": "#yellowclay"},
				"east": {"uv": [6, 3.5, 10, 10.5], "texture": "#yellowclay"},
				"south": {"uv": [6, 3.5, 10, 10.5], "texture": "#yellowclay"},
				"west": {"uv": [6, 3.5, 10, 10.5], "texture": "#yellowclay"},
				"up": {"uv": [6, 3.5, 10, 10.5], "texture": "#yellowclay"},
				"down": {"uv": [6, 3.5, 10, 10.5], "texture": "#yellowclay"}
			}
		},
		{
			"name": "Cube1",
			"from": [19, 6.5, 4.5],
			"to": [20, 11.5, 11.5],
			"faces": {
				"north": {"uv": [6, 3.5, 10, 10.5], "texture": "#yellowclay"},
				"east": {"uv": [6, 3.5, 10, 10.5], "texture": "#yellowclay"},
				"south": {"uv": [6, 3.5, 10, 10.5], "texture": "#yellowclay"},
				"west": {"uv": [6, 3.5, 10, 10.5], "texture": "#yellowclay"},
				"up": {"uv": [6, 3.5, 10, 10.5], "texture": "#yellowclay"},
				"down": {"uv": [6, 3.5, 10, 10.5], "texture": "#yellowclay"}
			}
		},
		{
			"name": "Cube1",
			"from": [18, 6.5, 5.5],
			"to": [19, 11.5, 10.5],
			"faces": {
				"north": {"uv": [6, 3.5, 10, 10.5], "texture": "#yellowclay"},
				"east": {"uv": [6, 3.5, 10, 10.5], "texture": "#yellowclay"},
				"south": {"uv": [6, 4, 11.5, 10], "texture": "#yellowclay"},
				"west": {"uv": [6, 3.5, 10, 10.5], "texture": "#yellowclay"},
				"up": {"uv": [6, 3.5, 10, 10.5], "texture": "#yellowclay"},
				"down": {"uv": [6, 3.5, 10, 10.5], "texture": "#yellowclay"}
			}
		},
		{
			"name": "Cube1",
			"from": [4, 7.5, 7],
			"to": [18, 10.5, 9],
			"faces": {
				"north": {"uv": [6, 3.5, 10, 10.5], "texture": "#yellowclay"},
				"east": {"uv": [6, 3.5, 10, 10.5], "texture": "#yellowclay"},
				"south": {"uv": [6, 3.5, 10, 10.5], "texture": "#yellowclay"},
				"west": {"uv": [6, 3.5, 10, 10.5], "texture": "#yellowclay"},
				"up": {"uv": [6, 3.5, 10, 10.5], "texture": "#yellowclay"},
				"down": {"uv": [6, 3.5, 10, 10.5], "texture": "#yellowclay"}
			}
		},
		{
			"name": "Cube1",
			"from": [4, 8, 6.5],
			"to": [18, 10, 9.5],
			"faces": {
				"north": {"uv": [6, 3.5, 10, 10.5], "texture": "#yellowclay"},
				"east": {"uv": [6, 3.5, 10, 10.5], "texture": "#yellowclay"},
				"south": {"uv": [6, 3.5, 10, 10.5], "texture": "#yellowclay"},
				"west": {"uv": [6, 3.5, 10, 10.5], "texture": "#yellowclay"},
				"up": {"uv": [6, 3.5, 10, 10.5], "texture": "#yellowclay"},
				"down": {"uv": [6, 3.5, 10, 10.5], "texture": "#yellowclay"}
			}
		},
		{
			"name": "Cube1",
			"from": [-10, 8, 6.5],
			"to": [4, 10, 7.25],
			"faces": {
				"north": {"uv": [6, 3.5, 10, 10.5], "texture": "#yellowclay"},
				"east": {"uv": [6, 3.5, 10, 10.5], "texture": "#yellowclay"},
				"south": {"uv": [6, 3.5, 10, 10.5], "texture": "#yellowclay"},
				"west": {"uv": [6, 3.5, 10, 10.5], "texture": "#yellowclay"},
				"up": {"uv": [6, 3.5, 10, 10.5], "texture": "#yellowclay"},
				"down": {"uv": [6, 3.5, 10, 10.5], "texture": "#yellowclay"}
			}
		},
		{
			"name": "Cube1",
			"from": [-10, 8, 8.75],
			"to": [4, 10, 9.5],
			"faces": {
				"north": {"uv": [6, 3.5, 10, 10.5], "texture": "#yellowclay"},
				"east": {"uv": [6, 3.5, 10, 10.5], "texture": "#yellowclay"},
				"south": {"uv": [6, 3.5, 10, 10.5], "texture": "#yellowclay"},
				"west": {"uv": [6, 3.5, 10, 10.5], "texture": "#yellowclay"},
				"up": {"uv": [6, 3.5, 10, 10.5], "texture": "#yellowclay"},
				"down": {"uv": [6, 3.5, 10, 10.5], "texture": "#yellowclay"}
			}
		},
		{
			"name": "Cube1",
			"from": [-10, 9.75, 7],
			"to": [4, 10.5, 9],
			"faces": {
				"north": {"uv": [6, 3.5, 10, 10.5], "texture": "#yellowclay"},
				"east": {"uv": [6, 3.5, 10, 10.5], "texture": "#yellowclay"},
				"south": {"uv": [6, 3.5, 10, 10.5], "texture": "#yellowclay"},
				"west": {"uv": [6, 3.5, 10, 10.5], "texture": "#yellowclay"},
				"up": {"uv": [6, 3.5, 10, 10.5], "texture": "#yellowclay"},
				"down": {"uv": [6, 3.5, 10, 10.5], "texture": "#yellowclay"}
			}
		},
		{
			"name": "Cube1",
			"from": [-10, 7.5, 7],
			"to": [4, 8.25, 9],
			"faces": {
				"north": {"uv": [6, 3.5, 10, 10.5], "texture": "#yellowclay"},
				"east": {"uv": [6, 3.5, 10, 10.5], "texture": "#yellowclay"},
				"south": {"uv": [6, 3.5, 10, 10.5], "texture": "#yellowclay"},
				"west": {"uv": [6, 3.5, 10, 10.5], "texture": "#yellowclay"},
				"up": {"uv": [6, 3.5, 10, 10.5], "texture": "#yellowclay"},
				"down": {"uv": [6, 3.5, 10, 10.5], "texture": "#yellowclay"}
			}
		},
		{
			"name": "Cube1",
			"from": [14.5, 7, 6],
			"to": [15.5, 11, 10],
			"faces": {
				"north": {"uv": [6, 3.5, 10, 10.5], "texture": "#yellowclay"},
				"east": {"uv": [6, 3.5, 10, 10.5], "texture": "#yellowclay"},
				"south": {"uv": [6, 3.5, 10, 10.5], "texture": "#yellowclay"},
				"west": {"uv": [6, 3.5, 10, 10.5], "texture": "#yellowclay"},
				"up": {"uv": [6, 3.5, 10, 10.5], "texture": "#yellowclay"},
				"down": {"uv": [6, 3.5, 10, 10.5], "texture": "#yellowclay"}
			}
		},
		{
			"name": "Cube1",
			"from": [14.5, 7.5, 5.5],
			"to": [15.5, 10.5, 10.5],
			"faces": {
				"north": {"uv": [6, 3.5, 10, 10.5], "texture": "#yellowclay"},
				"east": {"uv": [6, 3.5, 10, 10.5], "texture": "#yellowclay"},
				"south": {"uv": [6, 3.5, 10, 10.5], "texture": "#yellowclay"},
				"west": {"uv": [6, 3.5, 10, 10.5], "texture": "#yellowclay"},
				"up": {"uv": [6, 3.5, 10, 10.5], "texture": "#yellowclay"},
				"down": {"uv": [6, 3.5, 10, 10.5], "texture": "#yellowclay"}
			}
		},
		{
			"name": "Cube1",
			"from": [14.5, 6.5, 6.5],
			"to": [15.5, 11.5, 9.5],
			"faces": {
				"north": {"uv": [6, 3.5, 10, 10.5], "texture": "#yellowclay"},
				"east": {"uv": [6, 3.5, 10, 10.5], "texture": "#yellowclay"},
				"south": {"uv": [6, 3.5, 10, 10.5], "texture": "#yellowclay"},
				"west": {"uv": [6, 3.5, 10, 10.5], "texture": "#yellowclay"},
				"up": {"uv": [6, 3.5, 10, 10.5], "texture": "#yellowclay"},
				"down": {"uv": [6, 3.5, 10, 10.5], "texture": "#yellowclay"}
			}
		},
		{
			"name": "Cube1",
			"from": [10, 8, 1],
			"to": [12, 10, 15],
			"faces": {
				"north": {"uv": [6, 3.5, 10, 10.5], "texture": "#yellowclay"},
				"east": {"uv": [6, 3.5, 10, 10.5], "texture": "#yellowclay"},
				"south": {"uv": [6, 3.5, 10, 10.5], "texture": "#yellowclay"},
				"west": {"uv": [6, 3.5, 10, 10.5], "texture": "#yellowclay"},
				"up": {"uv": [6, 3.5, 10, 10.5], "texture": "#yellowclay"},
				"down": {"uv": [6, 3.5, 10, 10.5], "texture": "#yellowclay"}
			}
		},
		{
			"name": "Cube1",
			"from": [9, 8, -2.5],
			"to": [11, 10, 2.5],
			"faces": {
				"north": {"uv": [6, 3.5, 10, 10.5], "texture": "#yellowclay"},
				"east": {"uv": [6, 3.5, 10, 10.5], "texture": "#yellowclay"},
				"south": {"uv": [6, 3.5, 10, 10.5], "texture": "#yellowclay"},
				"west": {"uv": [6, 3.5, 10, 10.5], "texture": "#yellowclay"},
				"up": {"uv": [6, 3.5, 10, 10.5], "texture": "#yellowclay"},
				"down": {"uv": [6, 3.5, 10, 10.5], "texture": "#yellowclay"}
			}
		},
		{
			"name": "Cube1",
			"from": [9, 8, 13.5],
			"to": [11, 10, 18.5],
			"faces": {
				"north": {"uv": [6, 3.5, 10, 10.5], "texture": "#yellowclay"},
				"east": {"uv": [6, 3.5, 10, 10.5], "texture": "#yellowclay"},
				"south": {"uv": [6, 3.5, 10, 10.5], "texture": "#yellowclay"},
				"west": {"uv": [6, 3.5, 10, 10.5], "texture": "#yellowclay"},
				"up": {"uv": [6, 3.5, 10, 10.5], "texture": "#yellowclay"},
				"down": {"uv": [6, 3.5, 10, 10.5], "texture": "#yellowclay"}
			}
		},
		{
			"name": "Cube1",
			"from": [8, 8, -4],
			"to": [10, 10, -1],
			"faces": {
				"north": {"uv": [6, 3.5, 10, 10.5], "texture": "#yellowclay"},
				"east": {"uv": [6, 3.5, 10, 10.5], "texture": "#yellowclay"},
				"south": {"uv": [6, 3.5, 10, 10.5], "texture": "#yellowclay"},
				"west": {"uv": [6, 3.5, 10, 10.5], "texture": "#yellowclay"},
				"up": {"uv": [6, 3.5, 10, 10.5], "texture": "#yellowclay"},
				"down": {"uv": [6, 3.5, 10, 10.5], "texture": "#yellowclay"}
			}
		},
		{
			"name": "Cube1",
			"from": [8, 8, 17],
			"to": [10, 10, 20],
			"faces": {
				"north": {"uv": [6, 3.5, 10, 10.5], "texture": "#yellowclay"},
				"east": {"uv": [6, 3.5, 10, 10.5], "texture": "#yellowclay"},
				"south": {"uv": [6, 3.5, 10, 10.5], "texture": "#yellowclay"},
				"west": {"uv": [6, 3.5, 10, 10.5], "texture": "#yellowclay"},
				"up": {"uv": [6, 3.5, 10, 10.5], "texture": "#yellowclay"},
				"down": {"uv": [6, 3.5, 10, 10.5], "texture": "#yellowclay"}
			}
		},
		{
			"name": "Cube1",
			"from": [7, 8, -5],
			"to": [9, 10, -3],
			"faces": {
				"north": {"uv": [6, 3.5, 10, 10.5], "texture": "#yellowclay"},
				"east": {"uv": [6, 3.5, 10, 10.5], "texture": "#yellowclay"},
				"south": {"uv": [6, 3.5, 10, 10.5], "texture": "#yellowclay"},
				"west": {"uv": [6, 3.5, 10, 10.5], "texture": "#yellowclay"},
				"up": {"uv": [6, 3.5, 10, 10.5], "texture": "#yellowclay"},
				"down": {"uv": [6, 3.5, 10, 10.5], "texture": "#yellowclay"}
			}
		},
		{
			"name": "Cube1",
			"from": [7, 8, 19],
			"to": [9, 10, 21],
			"faces": {
				"north": {"uv": [6, 3.5, 10, 10.5], "texture": "#yellowclay"},
				"east": {"uv": [6, 3.5, 10, 10.5], "texture": "#yellowclay"},
				"south": {"uv": [6, 3.5, 10, 10.5], "texture": "#yellowclay"},
				"west": {"uv": [6, 3.5, 10, 10.5], "texture": "#yellowclay"},
				"up": {"uv": [6, 3.5, 10, 10.5], "texture": "#yellowclay"},
				"down": {"uv": [6, 3.5, 10, 10.5], "texture": "#yellowclay"}
			}
		},
		{
			"name": "Cube1",
			"from": [5, 8, -6.5],
			"to": [8, 10, -4.5],
			"faces": {
				"north": {"uv": [6, 3.5, 10, 10.5], "texture": "#yellowclay"},
				"east": {"uv": [6, 3.5, 10, 10.5], "texture": "#yellowclay"},
				"south": {"uv": [6, 3.5, 10, 10.5], "texture": "#yellowclay"},
				"west": {"uv": [6, 3.5, 10, 10.5], "texture": "#yellowclay"},
				"up": {"uv": [6, 3.5, 10, 10.5], "texture": "#yellowclay"},
				"down": {"uv": [6, 3.5, 10, 10.5], "texture": "#yellowclay"}
			}
		},
		{
			"name": "Cube1",
			"from": [4.5, 8, 20],
			"to": [7.5, 10, 22],
			"faces": {
				"north": {"uv": [6, 3.5, 10, 10.5], "texture": "#yellowclay"},
				"east": {"uv": [6, 3.5, 10, 10.5], "texture": "#yellowclay"},
				"south": {"uv": [6, 3.5, 10, 10.5], "texture": "#yellowclay"},
				"west": {"uv": [6, 3.5, 10, 10.5], "texture": "#yellowclay"},
				"up": {"uv": [6, 3.5, 10, 10.5], "texture": "#yellowclay"},
				"down": {"uv": [6, 3.5, 10, 10.5], "texture": "#yellowclay"}
			}
		},
		{
			"name": "Cube1",
			"from": [1, 8, -7.5],
			"to": [6, 10, -5.5],
			"faces": {
				"north": {"uv": [6, 3.5, 10, 10.5], "texture": "#yellowclay"},
				"east": {"uv": [6, 3.5, 10, 10.5], "texture": "#yellowclay"},
				"south": {"uv": [6, 3.5, 10, 10.5], "texture": "#yellowclay"},
				"west": {"uv": [6, 3.5, 10, 10.5], "texture": "#yellowclay"},
				"up": {"uv": [6, 3.5, 10, 10.5], "texture": "#yellowclay"},
				"down": {"uv": [6, 3.5, 10, 10.5], "texture": "#yellowclay"}
			}
		},
		{
			"name": "Cube1",
			"from": [1, 8, 21],
			"to": [6, 10, 23],
			"faces": {
				"north": {"uv": [6, 3.5, 10, 10.5], "texture": "#yellowclay"},
				"east": {"uv": [6, 3.5, 10, 10.5], "texture": "#yellowclay"},
				"south": {"uv": [6, 3.5, 10, 10.5], "texture": "#yellowclay"},
				"west": {"uv": [6, 3.5, 10, 10.5], "texture": "#yellowclay"},
				"up": {"uv": [6, 3.5, 10, 10.5], "texture": "#yellowclay"},
				"down": {"uv": [6, 3.5, 10, 10.5], "texture": "#yellowclay"}
			}
		},
		{
			"name": "Cube1",
			"from": [-7, 8, -8.5],
			"to": [2, 10, -6.5],
			"faces": {
				"north": {"uv": [6, 3.5, 10, 10.5], "texture": "#yellowclay"},
				"east": {"uv": [6, 3.5, 10, 10.5], "texture": "#yellowclay"},
				"south": {"uv": [6, 3.5, 10, 10.5], "texture": "#yellowclay"},
				"west": {"uv": [6, 3.5, 10, 10.5], "texture": "#yellowclay"},
				"up": {"uv": [6, 3.5, 10, 10.5], "texture": "#yellowclay"},
				"down": {"uv": [6, 3.5, 10, 10.5], "texture": "#yellowclay"}
			}
		},
		{
			"name": "Cube1",
			"from": [-7, 8, 22],
			"to": [2, 10, 24],
			"faces": {
				"north": {"uv": [6, 3.5, 10, 10.5], "texture": "#yellowclay"},
				"east": {"uv": [6, 3.5, 10, 10.5], "texture": "#yellowclay"},
				"south": {"uv": [6, 3.5, 10, 10.5], "texture": "#yellowclay"},
				"west": {"uv": [6, 3.5, 10, 10.5], "texture": "#yellowclay"},
				"up": {"uv": [6, 3.5, 10, 10.5], "texture": "#yellowclay"},
				"down": {"uv": [6, 3.5, 10, 10.5], "texture": "#yellowclay"}
			}
		},
		{
			"name": "Cube1",
			"from": [-7, 8, 12.5],
			"to": [-4, 10, 14.5],
			"faces": {
				"north": {"uv": [6, 3.5, 10, 10.5], "texture": "#yellowclay"},
				"east": {"uv": [6, 3.5, 10, 10.5], "texture": "#yellowclay"},
				"south": {"uv": [6, 3.5, 10, 10.5], "texture": "#yellowclay"},
				"west": {"uv": [6, 3.5, 10, 10.5], "texture": "#yellowclay"},
				"up": {"uv": [6, 3.5, 10, 10.5], "texture": "#yellowclay"},
				"down": {"uv": [6, 3.5, 10, 10.5], "texture": "#yellowclay"}
			}
		},
		{
			"name": "Cube1",
			"from": [-4, 8, 9.5],
			"to": [-2, 10, 12],
			"faces": {
				"north": {"uv": [6, 3.5, 10, 10.5], "texture": "#yellowclay"},
				"east": {"uv": [6, 3.5, 10, 10.5], "texture": "#yellowclay"},
				"south": {"uv": [6, 3.5, 10, 10.5], "texture": "#yellowclay"},
				"west": {"uv": [6, 3.5, 10, 10.5], "texture": "#yellowclay"},
				"up": {"uv": [6, 3.5, 10, 10.5], "texture": "#yellowclay"},
				"down": {"uv": [6, 3.5, 10, 10.5], "texture": "#yellowclay"}
			}
		},
		{
			"name": "Cube1",
			"from": [-5, 8, 11.5],
			"to": [-3, 10, 13.5],
			"faces": {
				"north": {"uv": [6, 3.5, 10, 10.5], "texture": "#yellowclay"},
				"east": {"uv": [6, 3.5, 10, 10.5], "texture": "#yellowclay"},
				"south": {"uv": [6, 3.5, 10, 10.5], "texture": "#yellowclay"},
				"west": {"uv": [6, 3.5, 10, 10.5], "texture": "#yellowclay"},
				"up": {"uv": [6, 3.5, 10, 10.5], "texture": "#yellowclay"},
				"down": {"uv": [6, 3.5, 10, 10.5], "texture": "#yellowclay"}
			}
		},
		{
			"name": "Cube1",
			"from": [-4, 8, 4],
			"to": [-2, 10, 6.5],
			"faces": {
				"north": {"uv": [6, 3.5, 10, 10.5], "texture": "#yellowclay"},
				"east": {"uv": [6, 3.5, 10, 10.5], "texture": "#yellowclay"},
				"south": {"uv": [6, 3.5, 10, 10.5], "texture": "#yellowclay"},
				"west": {"uv": [6, 3.5, 10, 10.5], "texture": "#yellowclay"},
				"up": {"uv": [6, 3.5, 10, 10.5], "texture": "#yellowclay"},
				"down": {"uv": [6, 3.5, 10, 10.5], "texture": "#yellowclay"}
			}
		},
		{
			"name": "Cube1",
			"from": [-5, 8, 3],
			"to": [-3, 10, 5],
			"faces": {
				"north": {"uv": [6, 3.5, 10, 10.5], "texture": "#yellowclay"},
				"east": {"uv": [6, 3.5, 10, 10.5], "texture": "#yellowclay"},
				"south": {"uv": [6, 3.5, 10, 10.5], "texture": "#yellowclay"},
				"west": {"uv": [6, 3.5, 10, 10.5], "texture": "#yellowclay"},
				"up": {"uv": [6, 3.5, 10, 10.5], "texture": "#yellowclay"},
				"down": {"uv": [6, 3.5, 10, 10.5], "texture": "#yellowclay"}
			}
		},
		{
			"name": "Cube1",
			"from": [-7, 8, 2],
			"to": [-4, 10, 4],
			"faces": {
				"north": {"uv": [6, 3.5, 10, 10.5], "texture": "#yellowclay"},
				"east": {"uv": [6, 3.5, 10, 10.5], "texture": "#yellowclay"},
				"south": {"uv": [6, 3.5, 10, 10.5], "texture": "#yellowclay"},
				"west": {"uv": [6, 3.5, 10, 10.5], "texture": "#yellowclay"},
				"up": {"uv": [6, 3.5, 10, 10.5], "texture": "#yellowclay"},
				"down": {"uv": [6, 3.5, 10, 10.5], "texture": "#yellowclay"}
			}
		},
		{
			"name": "Cube1",
			"from": [-2, 10.3333, 7.25],
			"to": [12, 10.8333, 7.75],
			"faces": {
				"north": {"uv": [6, 3.5, 10, 10.5], "texture": "#blackconcrete"},
				"east": {"uv": [6, 3.5, 10, 10.5], "texture": "#blackconcrete"},
				"south": {"uv": [6, 3.5, 10, 10.5], "texture": "#blackconcrete"},
				"west": {"uv": [6, 3.5, 10, 10.5], "texture": "#blackconcrete"},
				"up": {"uv": [6, 3.5, 10, 10.5], "texture": "#blackconcrete"},
				"down": {"uv": [6, 3.5, 10, 10.5], "texture": "#blackconcrete"}
			}
		},
		{
			"name": "Cube1",
			"from": [-2, 10.3333, 8],
			"to": [12, 10.8333, 8.5],
			"faces": {
				"north": {"uv": [6, 3.5, 10, 10.5], "texture": "#blackconcrete"},
				"east": {"uv": [6, 3.5, 10, 10.5], "texture": "#blackconcrete"},
				"south": {"uv": [6, 3.5, 10, 10.5], "texture": "#blackconcrete"},
				"west": {"uv": [6, 3.5, 10, 10.5], "texture": "#blackconcrete"},
				"up": {"uv": [6, 3.5, 10, 10.5], "texture": "#blackconcrete"},
				"down": {"uv": [6, 3.5, 10, 10.5], "texture": "#blackconcrete"}
			}
		},
		{
			"name": "Cube1",
			"from": [-2, 10.8333, 7.25],
			"to": [2.5, 11.3333, 7.75],
			"faces": {
				"north": {"uv": [6, 3.5, 10, 10.5], "texture": "#blackconcrete"},
				"east": {"uv": [6, 3.5, 10, 10.5], "texture": "#blackconcrete"},
				"south": {"uv": [6, 3.5, 10, 10.5], "texture": "#blackconcrete"},
				"west": {"uv": [6, 3.5, 10, 10.5], "texture": "#blackconcrete"},
				"up": {"uv": [6, 3.5, 10, 10.5], "texture": "#blackconcrete"},
				"down": {"uv": [6, 3.5, 10, 10.5], "texture": "#blackconcrete"}
			}
		},
		{
			"name": "Cube1",
			"from": [-2, 10.8333, 8],
			"to": [2.5, 11.3333, 8.5],
			"faces": {
				"north": {"uv": [6, 3.5, 10, 10.5], "texture": "#blackconcrete"},
				"east": {"uv": [6, 3.5, 10, 10.5], "texture": "#blackconcrete"},
				"south": {"uv": [6, 3.5, 10, 10.5], "texture": "#blackconcrete"},
				"west": {"uv": [6, 3.5, 10, 10.5], "texture": "#blackconcrete"},
				"up": {"uv": [6, 3.5, 10, 10.5], "texture": "#blackconcrete"},
				"down": {"uv": [6, 3.5, 10, 10.5], "texture": "#blackconcrete"}
			}
		},
		{
			"name": "Cube1",
			"from": [-4.499, 9.9999, 7.615],
			"to": [-3.999, 11.4999, 8.115],
			"faces": {
				"north": {"uv": [6, 3.5, 10, 10.5], "texture": "#blackconcrete"},
				"east": {"uv": [6, 9, 10, 16], "texture": "#whiteconcrete"},
				"south": {"uv": [6, 3.5, 10, 10.5], "texture": "#blackconcrete"},
				"west": {"uv": [6, 3.5, 10, 10.5], "texture": "#blackconcrete"},
				"up": {"uv": [6, 3.5, 10, 10.5], "texture": "#blackconcrete"},
				"down": {"uv": [6, 3.5, 10, 10.5], "texture": "#blackconcrete"}
			}
		},
		{
			"name": "Cube1",
			"from": [-4, 10.1666, 7.615],
			"to": [-3.5, 11.1666, 8.115],
			"faces": {
				"north": {"uv": [6, 3.5, 10, 10.5], "texture": "#blackconcrete"},
				"east": {"uv": [6, 3.5, 10, 10.5], "texture": "#blackconcrete"},
				"south": {"uv": [6, 3.5, 10, 10.5], "texture": "#blackconcrete"},
				"west": {"uv": [6, 3.5, 10, 10.5], "texture": "#blackconcrete"},
				"up": {"uv": [6, 3.5, 10, 10.5], "texture": "#blackconcrete"},
				"down": {"uv": [6, 3.5, 10, 10.5], "texture": "#blackconcrete"}
			}
		},
		{
			"name": "Cube1",
			"from": [-4.498, 11.3333, 7.25],
			"to": [-3.998, 11.8333, 7.75],
			"faces": {
				"north": {"uv": [6, 3.5, 10, 10.5], "texture": "#blackconcrete"},
				"east": {"uv": [6, 3.5, 10, 10.5], "texture": "#blackconcrete"},
				"south": {"uv": [6, 3.5, 10, 10.5], "texture": "#blackconcrete"},
				"west": {"uv": [6, 3.5, 10, 10.5], "texture": "#blackconcrete"},
				"up": {"uv": [6, 3.5, 10, 10.5], "texture": "#blackconcrete"},
				"down": {"uv": [6, 3.5, 10, 10.5], "texture": "#blackconcrete"}
			}
		},
		{
			"name": "Cube1",
			"from": [-4.498, 11.3333, 8],
			"to": [-3.998, 11.8333, 8.5],
			"faces": {
				"north": {"uv": [6, 3.5, 10, 10.5], "texture": "#blackconcrete"},
				"east": {"uv": [6, 3.5, 10, 10.5], "texture": "#blackconcrete"},
				"south": {"uv": [6, 3.5, 10, 10.5], "texture": "#blackconcrete"},
				"west": {"uv": [6, 3.5, 10, 10.5], "texture": "#blackconcrete"},
				"up": {"uv": [6, 3.5, 10, 10.5], "texture": "#blackconcrete"},
				"down": {"uv": [6, 3.5, 10, 10.5], "texture": "#blackconcrete"}
			}
		},
		{
			"name": "Cube1",
			"from": [-7, 8, -1.5],
			"to": [-2, 10, 0.5],
			"faces": {
				"north": {"uv": [6, 3.5, 10, 10.5], "texture": "#yellowclay"},
				"east": {"uv": [6, 3.5, 10, 10.5], "texture": "#yellowclay"},
				"south": {"uv": [6, 3.5, 10, 10.5], "texture": "#yellowclay"},
				"west": {"uv": [6, 3.5, 10, 10.5], "texture": "#yellowclay"},
				"up": {"uv": [6, 3.5, 10, 10.5], "texture": "#yellowclay"},
				"down": {"uv": [6, 3.5, 10, 10.5], "texture": "#yellowclay"}
			}
		},
		{
			"name": "Cube1",
			"from": [-7, 8, -5],
			"to": [-0.5, 10, -3],
			"faces": {
				"north": {"uv": [6, 3.5, 10, 10.5], "texture": "#yellowclay"},
				"east": {"uv": [6, 3.5, 10, 10.5], "texture": "#yellowclay"},
				"south": {"uv": [6, 3.5, 10, 10.5], "texture": "#yellowclay"},
				"west": {"uv": [6, 3.5, 10, 10.5], "texture": "#yellowclay"},
				"up": {"uv": [6, 3.5, 10, 10.5], "texture": "#yellowclay"},
				"down": {"uv": [6, 3.5, 10, 10.5], "texture": "#yellowclay"}
			}
		},
		{
			"name": "Cube1",
			"from": [-3, 8, -0.5],
			"to": [-1, 10, 1.5],
			"faces": {
				"north": {"uv": [6, 3.5, 10, 10.5], "texture": "#yellowclay"},
				"east": {"uv": [6, 3.5, 10, 10.5], "texture": "#yellowclay"},
				"south": {"uv": [6, 3.5, 10, 10.5], "texture": "#yellowclay"},
				"west": {"uv": [6, 3.5, 10, 10.5], "texture": "#yellowclay"},
				"up": {"uv": [6, 3.5, 10, 10.5], "texture": "#yellowclay"},
				"down": {"uv": [6, 3.5, 10, 10.5], "texture": "#yellowclay"}
			}
		},
		{
			"name": "Cube1",
			"from": [-2, 8, 0.5],
			"to": [0, 10, 2.5],
			"faces": {
				"north": {"uv": [6, 3.5, 10, 10.5], "texture": "#yellowclay"},
				"east": {"uv": [6, 3.5, 10, 10.5], "texture": "#yellowclay"},
				"south": {"uv": [6, 3.5, 10, 10.5], "texture": "#yellowclay"},
				"west": {"uv": [6, 3.5, 10, 10.5], "texture": "#yellowclay"},
				"up": {"uv": [6, 3.5, 10, 10.5], "texture": "#yellowclay"},
				"down": {"uv": [6, 3.5, 10, 10.5], "texture": "#yellowclay"}
			}
		},
		{
			"name": "Cube1",
			"from": [-1, 8, 1.5],
			"to": [1, 10, 3.5],
			"faces": {
				"north": {"uv": [6, 3.5, 10, 10.5], "texture": "#yellowclay"},
				"east": {"uv": [6, 3.5, 10, 10.5], "texture": "#yellowclay"},
				"south": {"uv": [6, 3.5, 10, 10.5], "texture": "#yellowclay"},
				"west": {"uv": [6, 3.5, 10, 10.5], "texture": "#yellowclay"},
				"up": {"uv": [6, 3.5, 10, 10.5], "texture": "#yellowclay"},
				"down": {"uv": [6, 3.5, 10, 10.5], "texture": "#yellowclay"}
			}
		},
		{
			"name": "Cube1",
			"from": [0, 8, 2.5],
			"to": [2, 10, 6.5],
			"faces": {
				"north": {"uv": [6, 3.5, 10, 10.5], "texture": "#yellowclay"},
				"east": {"uv": [6, 3.5, 10, 10.5], "texture": "#yellowclay"},
				"south": {"uv": [6, 3.5, 10, 10.5], "texture": "#yellowclay"},
				"west": {"uv": [6, 3.5, 10, 10.5], "texture": "#yellowclay"},
				"up": {"uv": [6, 3.5, 10, 10.5], "texture": "#yellowclay"},
				"down": {"uv": [6, 3.5, 10, 10.5], "texture": "#yellowclay"}
			}
		},
		{
			"name": "Cube1",
			"from": [-7, 8, 15.5],
			"to": [-2, 10, 17.5],
			"faces": {
				"north": {"uv": [6, 3.5, 10, 10.5], "texture": "#yellowclay"},
				"east": {"uv": [6, 3.5, 10, 10.5], "texture": "#yellowclay"},
				"south": {"uv": [6, 3.5, 10, 10.5], "texture": "#yellowclay"},
				"west": {"uv": [6, 3.5, 10, 10.5], "texture": "#yellowclay"},
				"up": {"uv": [6, 3.5, 10, 10.5], "texture": "#yellowclay"},
				"down": {"uv": [6, 3.5, 10, 10.5], "texture": "#yellowclay"}
			}
		},
		{
			"name": "Cube1",
			"from": [0, 8, 9.5],
			"to": [2, 10, 13.5],
			"faces": {
				"north": {"uv": [6, 3.5, 10, 10.5], "texture": "#yellowclay"},
				"east": {"uv": [6, 3.5, 10, 10.5], "texture": "#yellowclay"},
				"south": {"uv": [6, 3.5, 10, 10.5], "texture": "#yellowclay"},
				"west": {"uv": [6, 3.5, 10, 10.5], "texture": "#yellowclay"},
				"up": {"uv": [6, 3.5, 10, 10.5], "texture": "#yellowclay"},
				"down": {"uv": [6, 3.5, 10, 10.5], "texture": "#yellowclay"}
			}
		},
		{
			"name": "Cube1",
			"from": [-1, 8, 12.5],
			"to": [1, 10, 14.5],
			"faces": {
				"north": {"uv": [6, 3.5, 10, 10.5], "texture": "#yellowclay"},
				"east": {"uv": [6, 3.5, 10, 10.5], "texture": "#yellowclay"},
				"south": {"uv": [6, 3.5, 10, 10.5], "texture": "#yellowclay"},
				"west": {"uv": [6, 3.5, 10, 10.5], "texture": "#yellowclay"},
				"up": {"uv": [6, 3.5, 10, 10.5], "texture": "#yellowclay"},
				"down": {"uv": [6, 3.5, 10, 10.5], "texture": "#yellowclay"}
			}
		},
		{
			"name": "Cube1",
			"from": [-2, 8, 13.5],
			"to": [0, 10, 15.5],
			"faces": {
				"north": {"uv": [6, 3.5, 10, 10.5], "texture": "#yellowclay"},
				"east": {"uv": [6, 3.5, 10, 10.5], "texture": "#yellowclay"},
				"south": {"uv": [6, 3.5, 10, 10.5], "texture": "#yellowclay"},
				"west": {"uv": [6, 3.5, 10, 10.5], "texture": "#yellowclay"},
				"up": {"uv": [6, 3.5, 10, 10.5], "texture": "#yellowclay"},
				"down": {"uv": [6, 3.5, 10, 10.5], "texture": "#yellowclay"}
			}
		},
		{
			"name": "Cube1",
			"from": [-3, 8, 14.5],
			"to": [-1, 10, 16.5],
			"faces": {
				"north": {"uv": [6, 3.5, 10, 10.5], "texture": "#yellowclay"},
				"east": {"uv": [6, 3.5, 10, 10.5], "texture": "#yellowclay"},
				"south": {"uv": [6, 3.5, 10, 10.5], "texture": "#yellowclay"},
				"west": {"uv": [6, 3.5, 10, 10.5], "texture": "#yellowclay"},
				"up": {"uv": [6, 3.5, 10, 10.5], "texture": "#yellowclay"},
				"down": {"uv": [6, 3.5, 10, 10.5], "texture": "#yellowclay"}
			}
		},
		{
			"name": "Cube1",
			"from": [-2, 8, -4],
			"to": [3, 10, -2],
			"faces": {
				"north": {"uv": [6, 3.5, 10, 10.5], "texture": "#yellowclay"},
				"east": {"uv": [6, 3.5, 10, 10.5], "texture": "#yellowclay"},
				"south": {"uv": [6, 3.5, 10, 10.5], "texture": "#yellowclay"},
				"west": {"uv": [6, 3.5, 10, 10.5], "texture": "#yellowclay"},
				"up": {"uv": [6, 3.5, 10, 10.5], "texture": "#yellowclay"},
				"down": {"uv": [6, 3.5, 10, 10.5], "texture": "#yellowclay"}
			}
		},
		{
			"name": "Cube1",
			"from": [1.5, 8, -3],
			"to": [5, 10, -1],
			"faces": {
				"north": {"uv": [6, 3.5, 10, 10.5], "texture": "#yellowclay"},
				"east": {"uv": [6, 3.5, 10, 10.5], "texture": "#yellowclay"},
				"south": {"uv": [6, 3.5, 10, 10.5], "texture": "#yellowclay"},
				"west": {"uv": [6, 3.5, 10, 10.5], "texture": "#yellowclay"},
				"up": {"uv": [6, 3.5, 10, 10.5], "texture": "#yellowclay"},
				"down": {"uv": [6, 3.5, 10, 10.5], "texture": "#yellowclay"}
			}
		},
		{
			"name": "Cube1",
			"from": [4, 8, -2],
			"to": [6, 10, 0],
			"faces": {
				"north": {"uv": [6, 3.5, 10, 10.5], "texture": "#yellowclay"},
				"east": {"uv": [6, 3.5, 10, 10.5], "texture": "#yellowclay"},
				"south": {"uv": [6, 3.5, 10, 10.5], "texture": "#yellowclay"},
				"west": {"uv": [6, 3.5, 10, 10.5], "texture": "#yellowclay"},
				"up": {"uv": [6, 3.5, 10, 10.5], "texture": "#yellowclay"},
				"down": {"uv": [6, 3.5, 10, 10.5], "texture": "#yellowclay"}
			}
		},
		{
			"name": "Cube1",
			"from": [5, 8, -1],
			"to": [7, 10, 2.5],
			"faces": {
				"north": {"uv": [6, 3.5, 10, 10.5], "texture": "#yellowclay"},
				"east": {"uv": [6, 3.5, 10, 10.5], "texture": "#yellowclay"},
				"south": {"uv": [6, 3.5, 10, 10.5], "texture": "#yellowclay"},
				"west": {"uv": [6, 3.5, 10, 10.5], "texture": "#yellowclay"},
				"up": {"uv": [6, 3.5, 10, 10.5], "texture": "#yellowclay"},
				"down": {"uv": [6, 3.5, 10, 10.5], "texture": "#yellowclay"}
			}
		},
		{
			"name": "Cube1",
			"from": [6, 8, 1.5],
			"to": [8, 10, 6.5],
			"faces": {
				"north": {"uv": [6, 3.5, 10, 10.5], "texture": "#yellowclay"},
				"east": {"uv": [6, 3.5, 10, 10.5], "texture": "#yellowclay"},
				"south": {"uv": [6, 3.5, 10, 10.5], "texture": "#yellowclay"},
				"west": {"uv": [6, 3.5, 10, 10.5], "texture": "#yellowclay"},
				"up": {"uv": [6, 3.5, 10, 10.5], "texture": "#yellowclay"},
				"down": {"uv": [6, 3.5, 10, 10.5], "texture": "#yellowclay"}
			}
		},
		{
			"name": "Cube1",
			"from": [6, 8, 9.5],
			"to": [8, 10, 14.5],
			"faces": {
				"north": {"uv": [6, 3.5, 10, 10.5], "texture": "#yellowclay"},
				"east": {"uv": [6, 3.5, 10, 10.5], "texture": "#yellowclay"},
				"south": {"uv": [6, 3.5, 10, 10.5], "texture": "#yellowclay"},
				"west": {"uv": [6, 3.5, 10, 10.5], "texture": "#yellowclay"},
				"up": {"uv": [6, 3.5, 10, 10.5], "texture": "#yellowclay"},
				"down": {"uv": [6, 3.5, 10, 10.5], "texture": "#yellowclay"}
			}
		},
		{
			"name": "Cube1",
			"from": [5, 8, 13.5],
			"to": [7, 10, 17],
			"faces": {
				"north": {"uv": [6, 3.5, 10, 10.5], "texture": "#yellowclay"},
				"east": {"uv": [6, 3.5, 10, 10.5], "texture": "#yellowclay"},
				"south": {"uv": [6, 3.5, 10, 10.5], "texture": "#yellowclay"},
				"west": {"uv": [6, 3.5, 10, 10.5], "texture": "#yellowclay"},
				"up": {"uv": [6, 3.5, 10, 10.5], "texture": "#yellowclay"},
				"down": {"uv": [6, 3.5, 10, 10.5], "texture": "#yellowclay"}
			}
		},
		{
			"name": "Cube1",
			"from": [4, 8, 16],
			"to": [6, 10, 18],
			"faces": {
				"north": {"uv": [6, 3.5, 10, 10.5], "texture": "#yellowclay"},
				"east": {"uv": [6, 3.5, 10, 10.5], "texture": "#yellowclay"},
				"south": {"uv": [6, 3.5, 10, 10.5], "texture": "#yellowclay"},
				"west": {"uv": [6, 3.5, 10, 10.5], "texture": "#yellowclay"},
				"up": {"uv": [6, 3.5, 10, 10.5], "texture": "#yellowclay"},
				"down": {"uv": [6, 3.5, 10, 10.5], "texture": "#yellowclay"}
			}
		},
		{
			"name": "Cube1",
			"from": [1.5, 8, 17],
			"to": [5, 10, 19],
			"faces": {
				"north": {"uv": [6, 3.5, 10, 10.5], "texture": "#yellowclay"},
				"east": {"uv": [6, 3.5, 10, 10.5], "texture": "#yellowclay"},
				"south": {"uv": [6, 3.5, 10, 10.5], "texture": "#yellowclay"},
				"west": {"uv": [6, 3.5, 10, 10.5], "texture": "#yellowclay"},
				"up": {"uv": [6, 3.5, 10, 10.5], "texture": "#yellowclay"},
				"down": {"uv": [6, 3.5, 10, 10.5], "texture": "#yellowclay"}
			}
		},
		{
			"name": "Cube1",
			"from": [-2.5, 8, 18],
			"to": [2.5, 10, 20],
			"faces": {
				"north": {"uv": [6, 3.5, 10, 10.5], "texture": "#yellowclay"},
				"east": {"uv": [6, 3.5, 10, 10.5], "texture": "#yellowclay"},
				"south": {"uv": [6, 3.5, 10, 10.5], "texture": "#yellowclay"},
				"west": {"uv": [6, 3.5, 10, 10.5], "texture": "#yellowclay"},
				"up": {"uv": [6, 3.5, 10, 10.5], "texture": "#yellowclay"},
				"down": {"uv": [6, 3.5, 10, 10.5], "texture": "#yellowclay"}
			}
		},
		{
			"name": "Cube1",
			"from": [-7, 8, 19],
			"to": [-1, 10, 21],
			"faces": {
				"north": {"uv": [6, 3.5, 10, 10.5], "texture": "#yellowclay"},
				"east": {"uv": [6, 3.5, 10, 10.5], "texture": "#yellowclay"},
				"south": {"uv": [6, 3.5, 10, 10.5], "texture": "#yellowclay"},
				"west": {"uv": [6, 3.5, 10, 10.5], "texture": "#yellowclay"},
				"up": {"uv": [6, 3.5, 10, 10.5], "texture": "#yellowclay"},
				"down": {"uv": [6, 3.5, 10, 10.5], "texture": "#yellowclay"}
			}
		},
		{
			"name": "Cube1",
			"from": [11.5, 2.5, 7],
			"to": [13, 6, 9],
			"faces": {
				"north": {"uv": [6, 3, 9.5, 9], "texture": "#oakwood"},
				"east": {"uv": [8.5, 3, 11.5, 9], "texture": "#oakwood"},
				"south": {"uv": [6.5, 3, 9.5, 9], "texture": "#oakwood"},
				"west": {"uv": [6, 3, 9, 9], "texture": "#oakwood"},
				"up": {"uv": [8.5, 4, 11.5, 7], "texture": "#oakwood"},
				"down": {"uv": [8, 4, 11, 7], "texture": "#oakwood"}
			}
		},
		{
			"name": "Cube1",
			"from": [10.5, 6, 7],
			"to": [14, 7.5, 9],
			"faces": {
				"north": {"uv": [6, 3.5, 10, 10.5], "texture": "#grayconcrete"},
				"east": {"uv": [6, 3.5, 10, 10.5], "texture": "#grayconcrete"},
				"south": {"uv": [6, 3.5, 10, 10.5], "texture": "#grayconcrete"},
				"west": {"uv": [6, 3.5, 10, 10.5], "texture": "#grayconcrete"},
				"up": {"uv": [6, 3.5, 10, 10.5], "texture": "#grayconcrete"},
				"down": {"uv": [6, 3.5, 10, 10.5], "texture": "#grayconcrete"}
			}
		},
		{
			"name": "Cube1",
			"from": [-0.5, 6, 7],
			"to": [7.5, 7.5, 9],
			"faces": {
				"north": {"uv": [6, 3.5, 10, 10.5], "texture": "#grayconcrete"},
				"east": {"uv": [6, 3.5, 10, 10.5], "texture": "#grayconcrete"},
				"south": {"uv": [6, 3.5, 10, 10.5], "texture": "#grayconcrete"},
				"west": {"uv": [6, 3.5, 10, 10.5], "texture": "#grayconcrete"},
				"up": {"uv": [6, 3.5, 10, 10.5], "texture": "#grayconcrete"},
				"down": {"uv": [6, 3.5, 10, 10.5], "texture": "#grayconcrete"}
			}
		},
		{
			"name": "Cube1",
			"from": [-1.5, 6, 7],
			"to": [-0.5, 7.5, 9],
			"faces": {
				"north": {"uv": [6, 3.5, 10, 10.5], "texture": "#grayconcrete"},
				"east": {"uv": [6, 3.5, 10, 10.5], "texture": "#grayconcrete"},
				"south": {"uv": [6, 3.5, 10, 10.5], "texture": "#grayconcrete"},
				"west": {"uv": [6, 3.5, 10, 10.5], "texture": "#grayconcrete"},
				"up": {"uv": [6, 3.5, 10, 10.5], "texture": "#grayconcrete"},
				"down": {"uv": [6, 3.5, 10, 10.5], "texture": "#grayconcrete"}
			}
		},
		{
			"name": "Cube1",
			"from": [3.5, 4.5, 7],
			"to": [7.5, 6, 9],
			"faces": {
				"north": {"uv": [6, 3.5, 10, 10.5], "texture": "#grayconcrete"},
				"east": {"uv": [6, 3.5, 10, 10.5], "texture": "#grayconcrete"},
				"south": {"uv": [6, 3.5, 10, 10.5], "texture": "#grayconcrete"},
				"west": {"uv": [6, 3.5, 10, 10.5], "texture": "#grayconcrete"},
				"up": {"uv": [6, 3.5, 10, 10.5], "texture": "#grayconcrete"},
				"down": {"uv": [6, 3.5, 10, 10.5], "texture": "#grayconcrete"}
			}
		},
		{
			"name": "Cube1",
			"from": [3.5, 3, 7],
			"to": [6.5, 4.5, 9],
			"faces": {
				"north": {"uv": [6, 3.5, 10, 10.5], "texture": "#oakwood"},
				"east": {"uv": [6, 3.5, 10, 10.5], "texture": "#oakwood"},
				"south": {"uv": [6, 3.5, 10, 10.5], "texture": "#oakwood"},
				"west": {"uv": [6, 3.5, 10, 10.5], "texture": "#oakwood"},
				"up": {"uv": [6, 3.5, 10, 10.5], "texture": "#oakwood"},
				"down": {"uv": [6, 3.5, 10, 10.5], "texture": "#oakwood"}
			}
		},
		{
			"name": "Cube1",
			"from": [3.5, 1, 7],
			"to": [6, 3, 9],
			"faces": {
				"north": {"uv": [6, 3.5, 10, 10.5], "texture": "#oakwood"},
				"east": {"uv": [6, 3.5, 10, 10.5], "texture": "#oakwood"},
				"south": {"uv": [6, 3.5, 10, 10.5], "texture": "#oakwood"},
				"west": {"uv": [6, 3.5, 10, 10.5], "texture": "#oakwood"},
				"up": {"uv": [6, 3.5, 10, 10.5], "texture": "#oakwood"},
				"down": {"uv": [6, 3.5, 10, 10.5], "texture": "#oakwood"}
			}
		},
		{
			"name": "Cube1",
			"from": [7.5, 4, 7.5],
			"to": [8.5, 5, 8.5],
			"faces": {
				"north": {"uv": [6, 3.5, 10, 10.5], "texture": "#blackconcrete"},
				"east": {"uv": [6, 3.5, 10, 10.5], "texture": "#blackconcrete"},
				"south": {"uv": [6, 3.5, 10, 10.5], "texture": "#blackconcrete"},
				"west": {"uv": [6, 3.5, 10, 10.5], "texture": "#blackconcrete"},
				"up": {"uv": [6, 3.5, 10, 10.5], "texture": "#blackconcrete"},
				"down": {"uv": [6, 3.5, 10, 10.5], "texture": "#blackconcrete"}
			}
		},
		{
			"name": "Cube1",
			"from": [8.5, 4.5, 7.5],
			"to": [9.5, 6.5, 8.5],
			"faces": {
				"north": {"uv": [6, 3.5, 10, 10.5], "texture": "#blackconcrete"},
				"east": {"uv": [6, 3.5, 10, 10.5], "texture": "#blackconcrete"},
				"south": {"uv": [6, 3.5, 10, 10.5], "texture": "#blackconcrete"},
				"west": {"uv": [6, 3.5, 10, 10.5], "texture": "#blackconcrete"},
				"up": {"uv": [6, 3.5, 10, 10.5], "texture": "#blackconcrete"},
				"down": {"uv": [6, 3.5, 10, 10.5], "texture": "#blackconcrete"}
			}
		},
		{
			"name": "Cube1",
			"from": [0.5, 2, 7.5],
			"to": [3.5, 3, 8.5],
			"faces": {
				"north": {"uv": [6, 3.5, 10, 10.5], "texture": "#grayconcrete"},
				"east": {"uv": [6, 3.5, 10, 10.5], "texture": "#grayconcrete"},
				"south": {"uv": [6, 3.5, 10, 10.5], "texture": "#grayconcrete"},
				"west": {"uv": [6, 3.5, 10, 10.5], "texture": "#grayconcrete"},
				"up": {"uv": [6, 3.5, 10, 10.5], "texture": "#grayconcrete"},
				"down": {"uv": [6, 3.5, 10, 10.5], "texture": "#grayconcrete"}
			}
		},
		{
			"name": "Cube1",
			"from": [0, 2.5, 7.5],
			"to": [1, 3.5, 8.5],
			"faces": {
				"north": {"uv": [6, 3.5, 10, 10.5], "texture": "#grayconcrete"},
				"east": {"uv": [6, 3.5, 10, 10.5], "texture": "#grayconcrete"},
				"south": {"uv": [6, 3.5, 10, 10.5], "texture": "#grayconcrete"},
				"west": {"uv": [6, 3.5, 10, 10.5], "texture": "#grayconcrete"},
				"up": {"uv": [6, 3.5, 10, 10.5], "texture": "#grayconcrete"},
				"down": {"uv": [6, 3.5, 10, 10.5], "texture": "#grayconcrete"}
			}
		},
		{
			"name": "Cube1",
			"from": [-0.5, 3, 7.5],
			"to": [0.5, 6, 8.5],
			"faces": {
				"north": {"uv": [6, 3.5, 10, 10.5], "texture": "#grayconcrete"},
				"east": {"uv": [6, 3.5, 10, 10.5], "texture": "#grayconcrete"},
				"south": {"uv": [6, 3.5, 10, 10.5], "texture": "#grayconcrete"},
				"west": {"uv": [6, 3.5, 10, 10.5], "texture": "#grayconcrete"},
				"up": {"uv": [6, 3.5, 10, 10.5], "texture": "#grayconcrete"},
				"down": {"uv": [6, 3.5, 10, 10.5], "texture": "#grayconcrete"}
			}
		},
		{
			"name": "Cube1",
			"from": [2, 4.5, 7.5],
			"to": [3, 6, 8.5],
			"faces": {
				"north": {"uv": [6, 3.5, 10, 10.5], "texture": "#blackconcrete"},
				"east": {"uv": [6, 3.5, 10, 10.5], "texture": "#blackconcrete"},
				"south": {"uv": [6, 3.5, 10, 10.5], "texture": "#blackconcrete"},
				"west": {"uv": [6, 3.5, 10, 10.5], "texture": "#blackconcrete"},
				"up": {"uv": [6, 3.5, 10, 10.5], "texture": "#blackconcrete"},
				"down": {"uv": [6, 3.5, 10, 10.5], "texture": "#blackconcrete"}
			}
		},
		{
			"name": "Cube1",
			"from": [1.5, 4, 7.5],
			"to": [2.5, 5, 8.5],
			"faces": {
				"north": {"uv": [6, 3.5, 10, 10.5], "texture": "#blackconcrete"},
				"east": {"uv": [6, 3.5, 10, 10.5], "texture": "#blackconcrete"},
				"south": {"uv": [6, 3.5, 10, 10.5], "texture": "#blackconcrete"},
				"west": {"uv": [6, 3.5, 10, 10.5], "texture": "#blackconcrete"},
				"up": {"uv": [6, 3.5, 10, 10.5], "texture": "#blackconcrete"},
				"down": {"uv": [6, 3.5, 10, 10.5], "texture": "#blackconcrete"}
			}
		},
		{
			"name": "Cube1",
			"from": [-7.5, 8, -9],
			"to": [-7, 10, -6],
			"faces": {
				"north": {"uv": [6, 3.5, 10, 10.5], "texture": "#yellowclay"},
				"east": {"uv": [6, 3.5, 10, 10.5], "texture": "#yellowclay"},
				"south": {"uv": [6, 3.5, 10, 10.5], "texture": "#yellowclay"},
				"west": {"uv": [6, 3.5, 10, 10.5], "texture": "#yellowclay"},
				"up": {"uv": [6, 3.5, 10, 10.5], "texture": "#yellowclay"},
				"down": {"uv": [6, 3.5, 10, 10.5], "texture": "#yellowclay"}
			}
		},
		{
			"name": "Cube1",
			"from": [-7.5, 7.5, -8.5],
			"to": [-7, 10.5, -6.5],
			"faces": {
				"north": {"uv": [6, 3.5, 10, 10.5], "texture": "#yellowclay"},
				"east": {"uv": [6, 3.5, 10, 10.5], "texture": "#yellowclay"},
				"south": {"uv": [6, 3.5, 10, 10.5], "texture": "#yellowclay"},
				"west": {"uv": [6, 3.5, 10, 10.5], "texture": "#yellowclay"},
				"up": {"uv": [6, 3.5, 10, 10.5], "texture": "#yellowclay"},
				"down": {"uv": [6, 3.5, 10, 10.5], "texture": "#yellowclay"}
			}
		},
		{
			"name": "Cube1",
			"from": [-7.5, 8, -5.5],
			"to": [-7, 10, -2.5],
			"faces": {
				"north": {"uv": [6, 3.5, 10, 10.5], "texture": "#yellowclay"},
				"east": {"uv": [6, 3.5, 10, 10.5], "texture": "#yellowclay"},
				"south": {"uv": [6, 3.5, 10, 10.5], "texture": "#yellowclay"},
				"west": {"uv": [6, 3.5, 10, 10.5], "texture": "#yellowclay"},
				"up": {"uv": [6, 3.5, 10, 10.5], "texture": "#yellowclay"},
				"down": {"uv": [6, 3.5, 10, 10.5], "texture": "#yellowclay"}
			}
		},
		{
			"name": "Cube1",
			"from": [-7.5, 7.5, -5],
			"to": [-7, 10.5, -3],
			"faces": {
				"north": {"uv": [6, 3.5, 10, 10.5], "texture": "#yellowclay"},
				"east": {"uv": [6, 3.5, 10, 10.5], "texture": "#yellowclay"},
				"south": {"uv": [6, 3.5, 10, 10.5], "texture": "#yellowclay"},
				"west": {"uv": [6, 3.5, 10, 10.5], "texture": "#yellowclay"},
				"up": {"uv": [6, 3.5, 10, 10.5], "texture": "#yellowclay"},
				"down": {"uv": [6, 3.5, 10, 10.5], "texture": "#yellowclay"}
			}
		},
		{
			"name": "Cube1",
			"from": [-7.5, 8, -2],
			"to": [-7, 10, 1],
			"faces": {
				"north": {"uv": [6, 3.5, 10, 10.5], "texture": "#yellowclay"},
				"east": {"uv": [6, 3.5, 10, 10.5], "texture": "#yellowclay"},
				"south": {"uv": [6, 3.5, 10, 10.5], "texture": "#yellowclay"},
				"west": {"uv": [6, 3.5, 10, 10.5], "texture": "#yellowclay"},
				"up": {"uv": [6, 3.5, 10, 10.5], "texture": "#yellowclay"},
				"down": {"uv": [6, 3.5, 10, 10.5], "texture": "#yellowclay"}
			}
		},
		{
			"name": "Cube1",
			"from": [-7.5, 7.5, -1.5],
			"to": [-7, 10.5, 0.5],
			"faces": {
				"north": {"uv": [6, 3.5, 10, 10.5], "texture": "#yellowclay"},
				"east": {"uv": [6, 3.5, 10, 10.5], "texture": "#yellowclay"},
				"south": {"uv": [6, 3.5, 10, 10.5], "texture": "#yellowclay"},
				"west": {"uv": [6, 3.5, 10, 10.5], "texture": "#yellowclay"},
				"up": {"uv": [6, 3.5, 10, 10.5], "texture": "#yellowclay"},
				"down": {"uv": [6, 3.5, 10, 10.5], "texture": "#yellowclay"}
			}
		},
		{
			"name": "Cube1",
			"from": [-7.5, 8, 1.5],
			"to": [-7, 10, 4.5],
			"faces": {
				"north": {"uv": [6, 3.5, 10, 10.5], "texture": "#yellowclay"},
				"east": {"uv": [6, 3.5, 10, 10.5], "texture": "#yellowclay"},
				"south": {"uv": [6, 3.5, 10, 10.5], "texture": "#yellowclay"},
				"west": {"uv": [6, 3.5, 10, 10.5], "texture": "#yellowclay"},
				"up": {"uv": [6, 3.5, 10, 10.5], "texture": "#yellowclay"},
				"down": {"uv": [6, 3.5, 10, 10.5], "texture": "#yellowclay"}
			}
		},
		{
			"name": "Cube1",
			"from": [-7.5, 7.5, 2],
			"to": [-7, 10.5, 4],
			"faces": {
				"north": {"uv": [6, 3.5, 10, 10.5], "texture": "#yellowclay"},
				"east": {"uv": [6, 3.5, 10, 10.5], "texture": "#yellowclay"},
				"south": {"uv": [6, 3.5, 10, 10.5], "texture": "#yellowclay"},
				"west": {"uv": [6, 3.5, 10, 10.5], "texture": "#yellowclay"},
				"up": {"uv": [6, 3.5, 10, 10.5], "texture": "#yellowclay"},
				"down": {"uv": [6, 3.5, 10, 10.5], "texture": "#yellowclay"}
			}
		},
		{
			"name": "Cube1",
			"from": [-7, 8, 11.5],
			"to": [-6.5, 10, 14.5],
			"faces": {
				"north": {"uv": [6, 3.5, 10, 10.5], "texture": "#yellowclay"},
				"east": {"uv": [6, 3.5, 10, 10.5], "texture": "#yellowclay"},
				"south": {"uv": [6, 3.5, 10, 10.5], "texture": "#yellowclay"},
				"west": {"uv": [6, 3.5, 10, 10.5], "texture": "#yellowclay"},
				"up": {"uv": [6, 3.5, 10, 10.5], "texture": "#yellowclay"},
				"down": {"uv": [6, 3.5, 10, 10.5], "texture": "#yellowclay"}
			}
		},
		{
			"name": "Cube1",
			"from": [-7, 7.5, 12],
			"to": [-6.5, 10.5, 14],
			"faces": {
				"north": {"uv": [6, 3.5, 10, 10.5], "texture": "#yellowclay"},
				"east": {"uv": [6, 3.5, 10, 10.5], "texture": "#yellowclay"},
				"south": {"uv": [6, 3.5, 10, 10.5], "texture": "#yellowclay"},
				"west": {"uv": [6, 3.5, 10, 10.5], "texture": "#yellowclay"},
				"up": {"uv": [6, 3.5, 10, 10.5], "texture": "#yellowclay"},
				"down": {"uv": [6, 3.5, 10, 10.5], "texture": "#yellowclay"}
			}
		},
		{
			"name": "Cube1",
			"from": [-7, 8, 15],
			"to": [-6.5, 10, 18],
			"faces": {
				"north": {"uv": [6, 3.5, 10, 10.5], "texture": "#yellowclay"},
				"east": {"uv": [6, 3.5, 10, 10.5], "texture": "#yellowclay"},
				"south": {"uv": [6, 3.5, 10, 10.5], "texture": "#yellowclay"},
				"west": {"uv": [6, 3.5, 10, 10.5], "texture": "#yellowclay"},
				"up": {"uv": [6, 3.5, 10, 10.5], "texture": "#yellowclay"},
				"down": {"uv": [6, 3.5, 10, 10.5], "texture": "#yellowclay"}
			}
		},
		{
			"name": "Cube1",
			"from": [-7, 7.5, 15.5],
			"to": [-6.5, 10.5, 17.5],
			"faces": {
				"north": {"uv": [6, 3.5, 10, 10.5], "texture": "#yellowclay"},
				"east": {"uv": [6, 3.5, 10, 10.5], "texture": "#yellowclay"},
				"south": {"uv": [6, 3.5, 10, 10.5], "texture": "#yellowclay"},
				"west": {"uv": [6, 3.5, 10, 10.5], "texture": "#yellowclay"},
				"up": {"uv": [6, 3.5, 10, 10.5], "texture": "#yellowclay"},
				"down": {"uv": [6, 3.5, 10, 10.5], "texture": "#yellowclay"}
			}
		},
		{
			"name": "Cube1",
			"from": [-7, 8, 18.5],
			"to": [-6.5, 10, 21.5],
			"faces": {
				"north": {"uv": [6, 3.5, 10, 10.5], "texture": "#yellowclay"},
				"east": {"uv": [6, 3.5, 10, 10.5], "texture": "#yellowclay"},
				"south": {"uv": [6, 3.5, 10, 10.5], "texture": "#yellowclay"},
				"west": {"uv": [6, 3.5, 10, 10.5], "texture": "#yellowclay"},
				"up": {"uv": [6, 3.5, 10, 10.5], "texture": "#yellowclay"},
				"down": {"uv": [6, 3.5, 10, 10.5], "texture": "#yellowclay"}
			}
		},
		{
			"name": "Cube1",
			"from": [-7, 7.5, 19],
			"to": [-6.5, 10.5, 21],
			"faces": {
				"north": {"uv": [6, 3.5, 10, 10.5], "texture": "#yellowclay"},
				"east": {"uv": [6, 3.5, 10, 10.5], "texture": "#yellowclay"},
				"south": {"uv": [6, 3.5, 10, 10.5], "texture": "#yellowclay"},
				"west": {"uv": [6, 3.5, 10, 10.5], "texture": "#yellowclay"},
				"up": {"uv": [6, 3.5, 10, 10.5], "texture": "#yellowclay"},
				"down": {"uv": [6, 3.5, 10, 10.5], "texture": "#yellowclay"}
			}
		},
		{
			"name": "Cube1",
			"from": [-7, 8, 22],
			"to": [-6.5, 10, 25],
			"faces": {
				"north": {"uv": [6, 3.5, 10, 10.5], "texture": "#yellowclay"},
				"east": {"uv": [6, 3.5, 10, 10.5], "texture": "#yellowclay"},
				"south": {"uv": [6, 3.5, 10, 10.5], "texture": "#yellowclay"},
				"west": {"uv": [6, 3.5, 10, 10.5], "texture": "#yellowclay"},
				"up": {"uv": [6, 3.5, 10, 10.5], "texture": "#yellowclay"},
				"down": {"uv": [6, 3.5, 10, 10.5], "texture": "#yellowclay"}
			}
		},
		{
			"name": "Cube1",
			"from": [-7, 7.5, 22.5],
			"to": [-6.5, 10.5, 24.5],
			"faces": {
				"north": {"uv": [6, 3.5, 10, 10.5], "texture": "#yellowclay"},
				"east": {"uv": [6, 3.5, 10, 10.5], "texture": "#yellowclay"},
				"south": {"uv": [6, 3.5, 10, 10.5], "texture": "#yellowclay"},
				"west": {"uv": [6, 3.5, 10, 10.5], "texture": "#yellowclay"},
				"up": {"uv": [6, 3.5, 10, 10.5], "texture": "#yellowclay"},
				"down": {"uv": [6, 3.5, 10, 10.5], "texture": "#yellowclay"}
			}
		}
	],
	"display": {
		"thirdperson_righthand": {
			"rotation": [0, -90, 0],
			"translation": [0, 2.25, 1.5],
			"scale": [0.5, 0.5, 0.5]
		},
		"thirdperson_lefthand": {
			"rotation": [0, 90, 0],
			"translation": [0, 2.25, 1.5],
			"scale": [0.5, 0.5, 0.5]
		},
		"firstperson_righthand": {
			"rotation": [0, -90, -4.5],
			"translation": [0, 2.75, 0],
			"scale": [0.7, 0.7, 0.7]
		},
		"firstperson_lefthand": {
			"rotation": [0, -90, -4.5],
			"translation": [0, 2.75, 0],
			"scale": [0.7, 0.7, 0.7]
		},
		"ground": {
			"scale": [0.5, 0.5, 0.5]
		},
		"gui": {
			"rotation": [10, 55, 0],
			"translation": [2.75, 0, 0],
			"scale": [0.5, 0.5, 0.5]
		},
		"head": {
			"rotation": [0, -90, 0],
			"translation": [0, 10.25, -4.5]
		},
		"fixed": {
			"rotation": [-90, 90, 0],
			"translation": [0, -3, -2.5]
		}
	}
}