{
	"parent": "item/handheld",
	"textures": {
		"layer0": "item/diamond_axe"
	},
	"overrides": [
		{"predicate":{"custom_model_data":1},"model":"paradisu:props/warppipe_full"},
		{"predicate":{"custom_model_data":2},"model":"paradisu:props/warppipe_half"},
		{"predicate":{"custom_model_data":3},"model":"paradisu:props/spawnlights"},
		{"predicate":{"custom_model_data":4},"model":"paradisu:props/lolipop"},
		{"predicate":{"custom_model_data":5},"model":"paradisu:props/urine"},
		{"predicate":{"custom_model_data":6},"model":"paradisu:props/openingpost"},
		{"predicate":{"custom_model_data":7},"model":"paradisu:props/ribbon"},
		{"predicate":{"custom_model_data":8},"model":"paradisu:props/stainedglasspeach"},
		{"predicate":{"custom_model_data":9},"model":"paradisu:ride_signs/nintendosign"},
		{"predicate":{"custom_model_data":10},"model":"paradisu:ride_signs/supersign"},
		{"predicate":{"custom_model_data":11},"model":"paradisu:ride_signs/nintendosign2"},
		{"predicate":{"custom_model_data":12},"model":"paradisu:ride_signs/worldsign"},
		{"predicate":{"custom_model_data":13},"model":"paradisu:toys/bigsword"},
		{"predicate":{"custom_model_data":14},"model":"paradisu:props/mysterybox"},
		{"predicate":{"custom_model_data":15},"model":"paradisu:props/castle_wall_window"},
		{"predicate":{"custom_model_data":16},"model":"paradisu:props/yellowspike"},
		{"predicate":{"custom_model_data":17},"model":"paradisu:props/goldcoin2"},
		{"predicate":{"custom_model_data":18},"model":"paradisu:props/questionmarkcoin"},
		{"predicate":{"custom_model_data":19},"model":"paradisu:props/lamppost"},
		{"predicate":{"custom_model_data":20},"model":"paradisu:props/lampposttop"},
		{"predicate":{"custom_model_data":21},"model":"paradisu:icons/bottomleftarrow"},
		{"predicate":{"custom_model_data":22},"model":"paradisu:icons/bottomrightarrow"},
		{"predicate":{"custom_model_data":23},"model":"paradisu:props/greenshell"},
		{"predicate":{"custom_model_data":24},"model":"paradisu:icons/checkmark"},
		{"predicate":{"custom_model_data":25},"model":"paradisu:icons/dividesign"},
		{"predicate":{"custom_model_data":26},"model":"paradisu:icons/downarrow"},
		{"predicate":{"custom_model_data":27},"model":"paradisu:icons/equalssign"},
		{"predicate":{"custom_model_data":28},"model":"paradisu:icons/leftarrow"},
		{"predicate":{"custom_model_data":29},"model":"paradisu:icons/minussign"},
		{"predicate":{"custom_model_data":30},"model":"paradisu:vehicles/jawsboat1"},
		{"predicate":{"custom_model_data":31},"model":"paradisu:vehicles/jawsboat2"},
		{"predicate":{"custom_model_data":32},"model":"paradisu:props/mushroomtable1"},
		{"predicate":{"custom_model_data":33},"model":"paradisu:props/mushroomtable2"},
		{"predicate":{"custom_model_data":34},"model":"paradisu:props/mushroomtable3"},
		{"predicate":{"custom_model_data":35},"model":"paradisu:props/clouds"},
		{"predicate":{"custom_model_data":36},"model":"paradisu:props/bulletbill"},
		{"predicate":{"custom_model_data":37},"model":"paradisu:props/3waypipe"},
		{"predicate":{"custom_model_data":38},"model":"paradisu:props/marioflag"},
		{"predicate":{"custom_model_data":39},"model":"paradisu:toys/fireflower"},
		{"predicate":{"custom_model_data":40},"model":"paradisu:props/keycoin"},
		{"predicate":{"custom_model_data":41},"model":"paradisu:icons/minussign"},
		{"predicate":{"custom_model_data":42},"model":"paradisu:toys/darksaber"},
		{"predicate":{"custom_model_data":43},"model":"paradisu:props/red_powblock"},
		{"predicate":{"custom_model_data":44},"model":"paradisu:props/blue_powblock"},
		{"predicate":{"custom_model_data":45},"model":"paradisu:props/frontjaws"},
		{"predicate":{"custom_model_data":46},"model":"paradisu:icons/multiplysign"},
		{"predicate":{"custom_model_data":47},"model":"paradisu:icons/plussign"},
		{"predicate":{"custom_model_data":48},"model":"paradisu:icons/rightarrow"},
		{"predicate":{"custom_model_data":49},"model":"paradisu:props/billcannon"},
		{"predicate":{"custom_model_data":50},"model":"paradisu:toys/marioband"},
		{"predicate":{"custom_model_data":51},"model":"paradisu:toys/luigiband"},
		{"predicate":{"custom_model_data":52},"model":"paradisu:props/yoshiegg"},
		{"predicate":{"custom_model_data":53},"model":"paradisu:props/yoshi"},
		{"predicate":{"custom_model_data":54},"model":"paradisu:props/thwomp"},
		{"predicate":{"custom_model_data":55},"model":"paradisu:food/mariofood"},
		{"predicate":{"custom_model_data":56},"model":"paradisu:food/luigifood"},
		{"predicate":{"custom_model_data":57},"model":"paradisu:food/mariodrink"},
		{"predicate":{"custom_model_data":58},"model":"paradisu:food/luigidrink"},
		{"predicate":{"custom_model_data":59},"model":"paradisu:food/peachdrink"},
		{"predicate":{"custom_model_data":60},"model":"paradisu:icons/topleftarrow"},
		{"predicate":{"custom_model_data":61},"model":"paradisu:toys/palutenastaff"},
		{"predicate":{"custom_model_data":62},"model":"paradisu:toys/odmgearmain"},
		{"predicate":{"custom_model_data":63},"model":"paradisu:toys/odmgearoff"},
		{"predicate":{"custom_model_data":64},"model":"paradisu:props/goomba1"},
		{"predicate":{"custom_model_data":65},"model":"paradisu:props/goomba2"},
		{"predicate":{"custom_model_data":66},"model":"paradisu:props/goomba3"},
		{"predicate":{"custom_model_data":67},"model":"paradisu:props/piranhajaw"},
		{"predicate":{"custom_model_data":68},"model":"paradisu:props/piranhastem"},
		{"predicate":{"custom_model_data":69},"model":"paradisu:props/piranhamouth"},
		{"predicate":{"custom_model_data":70},"model":"paradisu:toys/texcompass"},
		{"predicate":{"custom_model_data":71},"model":"paradisu:icons/toprightarrow"},
		{"predicate":{"custom_model_data":72},"model":"paradisu:icons/uparrow"},
		{"predicate":{"custom_model_data":73},"model":"paradisu:toys/eboymccompass"},
		{"predicate":{"custom_model_data":74},"model":"paradisu:toys/jakecompass"},
		{"predicate":{"custom_model_data":75},"model":"paradisu:props/shyguy"},
		{"predicate":{"custom_model_data":76},"model":"paradisu:icons/xsign"},
		{"predicate":{"custom_model_data":79},"model":"paradisu:vehicles/yoshi_ride_1"},
		{"predicate":{"custom_model_data":80},"model":"paradisu:vehicles/yoshi_ride_2"},
		{"predicate":{"custom_model_data":81},"model":"paradisu:vehicles/yoshi_ride_3"},
		{"predicate":{"custom_model_data":82},"model":"paradisu:vehicles/yoshi_ride_4"},
		{"predicate":{"custom_model_data":83},"model":"paradisu:vehicles/yoshi_ride_5"},
		{"predicate":{"custom_model_data":84},"model":"paradisu:vehicles/yoshi_ride_6"},
		{"predicate":{"custom_model_data":85},"model":"paradisu:vehicles/yoshi_ride_7"},
		{"predicate":{"custom_model_data":86},"model":"paradisu:vehicles/yoshi_ride_8"},
		{"predicate":{"custom_model_data":87},"model":"paradisu:vehicles/yoshi_ride_bar"},
		{"predicate":{"custom_model_data":88},"model":"paradisu:trashcans/blackrecyclecan"},
		{"predicate":{"custom_model_data":89},"model":"paradisu:trashcans/blacktrashcan"},
		{"predicate":{"custom_model_data":90},"model":"paradisu:trashcans/aquarecyclecan"},
		{"predicate":{"custom_model_data":91},"model":"paradisu:trashcans/aquatrashcan"},
		{"predicate":{"custom_model_data":92},"model":"paradisu:props/yoshi_merch_cart"},
		{"predicate":{"custom_model_data":93},"model":"paradisu:props/waterworld_spinner"},
		{"predicate":{"custom_model_data":94},"model":"paradisu:props/jawsamitysign"},
		{"predicate":{"custom_model_data":95},"model":"paradisu:props/mavsurfboard"},
		{"predicate":{"custom_model_data":97},"model":"paradisu:toys/spaceshuttle"},
		{"predicate":{"custom_model_data":99},"model":"paradisu:props/snwsign"},
		{"predicate":{"custom_model_data":100},"model":"paradisu:ride_signs/jurassicsign"},
		{"predicate":{"custom_model_data":101},"model":"paradisu:props/pathwaybush"},
		{"predicate":{"custom_model_data":102},"model":"paradisu:terminator/terminatorhead"},
		{"predicate":{"custom_model_data":103},"model":"paradisu:terminator/terminatorbody2"},
		{"predicate":{"custom_model_data":104},"model":"paradisu:terminator/terminatorbicep1"},
		{"predicate":{"custom_model_data":105},"model":"paradisu:terminator/terminatorleftthigh1"},
		{"predicate":{"custom_model_data":106},"model":"paradisu:terminator/terminatortrighthigh1"},
		{"predicate":{"custom_model_data":107},"model":"paradisu:terminator/terminatorleftleg"},
		{"predicate":{"custom_model_data":108},"model":"paradisu:terminator/terminator_lefthand1"},
		{"predicate":{"custom_model_data":109},"model":"paradisu:terminator/terminator_righthand1"},
		{"predicate":{"custom_model_data":110},"model":"paradisu:terminator/terminatorleftleg"},
		{"predicate":{"custom_model_data":111},"model":"paradisu:props/hyrdocoinstack"},
		{"predicate":{"custom_model_data":112},"model":"paradisu:props/batteryparkclockbottom"},
		{"predicate":{"custom_model_data":113},"model":"paradisu:props/batteryparkclocktop"},
		{"predicate":{"custom_model_data":114},"model":"paradisu:props/batteryparkclockboth"},
		{"predicate":{"custom_model_data":115},"model":"paradisu:props/bp_park_lamp"},
		{"predicate":{"custom_model_data":116},"model":"paradisu:food/travisscottmeal"},
		{"predicate":{"custom_model_data":117},"model":"paradisu:toys/sportsball"},
		{"predicate":{"custom_model_data":118},"model":"paradisu:toys/pulsescanner"},
		{"predicate":{"custom_model_data":122},"model":"paradisu:props/cplampspeaker"},
		{"predicate":{"custom_model_data":123},"model":"paradisu:props/cp_fountain"},
		{"predicate":{"custom_model_data":124},"model":"paradisu:vehicles/jurrasicfront"},
		{"predicate":{"custom_model_data":125},"model":"paradisu:vehicles/jurrasicback"},
		{"predicate":{"custom_model_data":126},"model":"paradisu:vehicles/jurrasicparkride"},
		{"predicate":{"custom_model_data":128},"model":"paradisu:props/slurpeemachine"},
		{"predicate":{"custom_model_data":129},"model":"paradisu:props/jurrasicpodium"},
		{"predicate":{"custom_model_data":130},"model":"paradisu:props/sodafountain"},
		{"predicate":{"custom_model_data":131},"model":"paradisu:wings/reddevilwings"},
		{"predicate":{"custom_model_data":132},"model":"paradisu:wings/bluedevilwings"},
		{"predicate":{"custom_model_data":133},"model":"paradisu:wings/cyandevilwings"},
		{"predicate":{"custom_model_data":134},"model":"paradisu:wings/greendevilwings"},
		{"predicate":{"custom_model_data":135},"model":"paradisu:wings/magentadevilwings"},
		{"predicate":{"custom_model_data":136},"model":"paradisu:wings/whitedevilwings"},
		{"predicate":{"custom_model_data":137},"model":"paradisu:wings/yellowdevilwings"},
		{"predicate":{"custom_model_data":138},"model":"paradisu:wings/rainbowdevilwings"},
		{"predicate":{"custom_model_data":145},"model":"paradisu:vehicles/flyingdinobot"},
		{"predicate":{"custom_model_data":146},"model":"paradisu:toys/dubsteplauncher"}
	  ]
}
