{
	"credit": "Made with Blockbench",
	"textures": {
		"0": "block/red_concrete",
		"1": "block/gray_concrete",
		"2": "block/black_concrete",
		"3": "block/lime_glazed_terracotta",
		"4": "block/light_blue_glazed_terracotta",
		"5": "block/light_gray_concrete",
		"particle": "block/light_blue_glazed_terracotta"
	},
	"elements": [
		{
			"from": [6.8, 0, 0],
			"to": [11, 5, 2],
			"faces": {
				"north": {"uv": [0, 0, 4.2, 5], "texture": "#0"},
				"east": {"uv": [0, 0, 2, 5], "texture": "#0"},
				"south": {"uv": [0, 0, 4.2, 5], "texture": "#0"},
				"west": {"uv": [0, 0, 2, 5], "texture": "#0"},
				"up": {"uv": [0, 0, 4.2, 2], "texture": "#0"},
				"down": {"uv": [0, 0, 4.2, 2], "texture": "#0"}
			}
		},
		{
			"from": [6.7, 3, -0.4],
			"to": [7, 3.3, 0.1],
			"faces": {
				"north": {"uv": [0, 0, 0.3, 0.3], "texture": "#1"},
				"east": {"uv": [0, 0, 0.5, 0.3], "texture": "#1"},
				"south": {"uv": [0, 0, 0.3, 0.3], "texture": "#1"},
				"west": {"uv": [0, 0, 0.5, 0.3], "texture": "#1"},
				"up": {"uv": [0, 0, 0.3, 0.5], "texture": "#1"},
				"down": {"uv": [0, 0, 0.3, 0.5], "texture": "#1"}
			}
		},
		{
			"from": [10.8, 3, -0.4],
			"to": [11.1, 3.3, 0.1],
			"faces": {
				"north": {"uv": [0, 0, 0.3, 0.3], "texture": "#1"},
				"east": {"uv": [0, 0, 0.5, 0.3], "texture": "#1"},
				"south": {"uv": [0, 0, 0.3, 0.3], "texture": "#1"},
				"west": {"uv": [0, 0, 0.5, 0.3], "texture": "#1"},
				"up": {"uv": [0, 0, 0.3, 0.5], "texture": "#1"},
				"down": {"uv": [0, 0, 0.3, 0.5], "texture": "#1"}
			}
		},
		{
			"from": [6.7, 3, -0.6],
			"to": [11.1, 3.3, -0.4],
			"faces": {
				"north": {"uv": [0, 0, 4.4, 0.3], "texture": "#1"},
				"east": {"uv": [0, 0, 0.2, 0.3], "texture": "#1"},
				"south": {"uv": [0, 0, 4.4, 0.3], "texture": "#1"},
				"west": {"uv": [0, 0, 0.2, 0.3], "texture": "#1"},
				"up": {"uv": [0, 0, 4.4, 0.2], "texture": "#1"},
				"down": {"uv": [0, 0, 4.4, 0.2], "texture": "#1"}
			}
		},
		{
			"from": [6.7, 1.4, -0.4],
			"to": [7, 1.7, 0.1],
			"faces": {
				"north": {"uv": [0, 0, 0.3, 0.3], "texture": "#1"},
				"east": {"uv": [0, 0, 0.5, 0.3], "texture": "#1"},
				"south": {"uv": [0, 0, 0.3, 0.3], "texture": "#1"},
				"west": {"uv": [0, 0, 0.5, 0.3], "texture": "#1"},
				"up": {"uv": [0, 0, 0.3, 0.5], "texture": "#1"},
				"down": {"uv": [0, 0, 0.3, 0.5], "texture": "#1"}
			}
		},
		{
			"from": [10.8, 1.4, -0.4],
			"to": [11.1, 1.7, 0.1],
			"faces": {
				"north": {"uv": [0, 0, 0.3, 0.3], "texture": "#1"},
				"east": {"uv": [0, 0, 0.5, 0.3], "texture": "#1"},
				"south": {"uv": [0, 0, 0.3, 0.3], "texture": "#1"},
				"west": {"uv": [0, 0, 0.5, 0.3], "texture": "#1"},
				"up": {"uv": [0, 0, 0.3, 0.5], "texture": "#1"},
				"down": {"uv": [0, 0, 0.3, 0.5], "texture": "#1"}
			}
		},
		{
			"from": [6.7, 1.4, -0.6],
			"to": [11.1, 1.7, -0.4],
			"faces": {
				"north": {"uv": [0, 0, 4.4, 0.3], "texture": "#1"},
				"east": {"uv": [0, 0, 0.2, 0.3], "texture": "#1"},
				"south": {"uv": [0, 0, 4.4, 0.3], "texture": "#1"},
				"west": {"uv": [0, 0, 0.2, 0.3], "texture": "#1"},
				"up": {"uv": [0, 0, 4.4, 0.2], "texture": "#1"},
				"down": {"uv": [0, 0, 4.4, 0.2], "texture": "#1"}
			}
		},
		{
			"from": [6.8, 0, 2.4],
			"to": [11, 5, 3],
			"faces": {
				"north": {"uv": [0, 0, 4.2, 5], "texture": "#0"},
				"east": {"uv": [0, 0, 0.6, 5], "texture": "#0"},
				"south": {"uv": [0, 0, 4.2, 5], "texture": "#0"},
				"west": {"uv": [0, 0, 0.6, 5], "texture": "#0"},
				"up": {"uv": [0, 0, 4.2, 0.6], "texture": "#0"},
				"down": {"uv": [0, 0, 4.2, 0.6], "texture": "#0"}
			}
		},
		{
			"from": [8.1, 5, 2.4],
			"to": [11, 9.6, 3],
			"faces": {
				"north": {"uv": [0, 0, 2.9, 4.6], "texture": "#0"},
				"east": {"uv": [0, 0, 0.6, 4.6], "texture": "#0"},
				"south": {"uv": [0, 0, 2.9, 4.6], "texture": "#0"},
				"west": {"uv": [0, 0, 0.6, 4.6], "texture": "#0"},
				"up": {"uv": [0, 0, 2.9, 0.6], "texture": "#0"},
				"down": {"uv": [0, 0, 2.9, 0.6], "texture": "#0"}
			}
		},
		{
			"from": [8.3, 5.6, 3.4],
			"to": [10.2, 9.6, 9.8],
			"faces": {
				"north": {"uv": [0, 0, 1.9, 4], "texture": "#0"},
				"east": {"uv": [0, 0, 6.4, 4], "texture": "#0"},
				"south": {"uv": [0, 0, 1.9, 4], "texture": "#0"},
				"west": {"uv": [0, 0, 6.4, 4], "texture": "#0"},
				"up": {"uv": [0, 0, 1.9, 6.4], "texture": "#0"},
				"down": {"uv": [0, 0, 1.9, 6.4], "texture": "#0"}
			}
		},
		{
			"from": [8.1, 8.8, 3.6],
			"to": [10, 9.3, 4.1],
			"faces": {
				"north": {"uv": [0, 0, 0.5, 0.5], "texture": "#3"},
				"east": {"uv": [0, 0, 0.5, 0.5], "texture": "#3"},
				"south": {"uv": [0, 0, 1.9, 0.5], "texture": "#3"},
				"west": {"uv": [0, 0, 0.5, 0.5], "texture": "#3"},
				"up": {"uv": [0, 0, 1.9, 0.5], "texture": "#3"},
				"down": {"uv": [0, 0, 1.9, 0.5], "texture": "#3"}
			}
		},
		{
			"from": [8, 8.8, 0.7],
			"to": [8.2, 9.3, 1.2],
			"faces": {
				"north": {"uv": [0, 0, 0.2, 0.5], "texture": "#1"},
				"east": {"uv": [0, 0, 0.5, 0.5], "texture": "#1"},
				"south": {"uv": [0, 0, 0.2, 0.5], "texture": "#1"},
				"west": {"uv": [0, 0, 0.5, 0.5], "texture": "#1"},
				"up": {"uv": [0, 0, 0.2, 0.5], "texture": "#1"},
				"down": {"uv": [0, 0, 0.2, 0.5], "texture": "#1"}
			}
		},
		{
			"from": [7.8, 8.8, 0.7],
			"to": [8, 9.3, 1.2],
			"faces": {
				"north": {"uv": [0, 0, 0.2, 0.5], "texture": "#3"},
				"east": {"uv": [0, 0, 0.5, 0.5], "texture": "#3"},
				"south": {"uv": [0, 0, 0.2, 0.5], "texture": "#3"},
				"west": {"uv": [0, 0, 0.5, 0.5], "texture": "#3"},
				"up": {"uv": [0, 0, 0.2, 0.5], "texture": "#3"},
				"down": {"uv": [0, 0, 0.2, 0.5], "texture": "#3"}
			}
		},
		{
			"from": [9.4, 8.5, -0.4],
			"to": [9.8, 8.9, 0.1],
			"faces": {
				"north": {"uv": [0, 0, 0.4, 0.4], "texture": "#3"},
				"east": {"uv": [0, 0, 0.5, 0.4], "texture": "#3"},
				"south": {"uv": [0, 0, 0.4, 0.4], "texture": "#3"},
				"west": {"uv": [0, 0, 0.5, 0.4], "texture": "#3"},
				"up": {"uv": [0, 0, 0.4, 0.5], "texture": "#3"},
				"down": {"uv": [0, 0, 0.4, 0.5], "texture": "#3"}
			}
		},
		{
			"from": [8.1, 8.8, 4.4],
			"to": [10, 9.3, 4.9],
			"faces": {
				"north": {"uv": [1, 1, 1.7, 1.7], "texture": "#3"},
				"east": {"uv": [1, 1, 1.7, 1.7], "texture": "#3"},
				"south": {"uv": [1, 1, 1.7, 1.7], "texture": "#3"},
				"west": {"uv": [1, 1, 1.7, 1.7], "texture": "#3"},
				"up": {"uv": [1, 1, 1.7, 1.7], "texture": "#3"},
				"down": {"uv": [1, 1, 1.7, 1.7], "texture": "#3"}
			}
		},
		{
			"from": [8, 8, 0.7],
			"to": [8.2, 8.5, 1.2],
			"faces": {
				"north": {"uv": [1, 1, 1.7, 1.7], "texture": "#1"},
				"east": {"uv": [1, 1, 1.7, 1.7], "texture": "#1"},
				"south": {"uv": [1, 1, 1.7, 1.7], "texture": "#1"},
				"west": {"uv": [1, 1, 1.7, 1.7], "texture": "#1"},
				"up": {"uv": [1, 1, 1.7, 1.7], "texture": "#1"},
				"down": {"uv": [1, 1, 1.7, 1.7], "texture": "#1"}
			}
		},
		{
			"from": [7.8, 8, 0.7],
			"to": [8, 8.5, 1.2],
			"faces": {
				"north": {"uv": [1, 1, 1.7, 1.7], "texture": "#3"},
				"east": {"uv": [1, 1, 1.7, 1.7], "texture": "#3"},
				"south": {"uv": [1, 1, 1.7, 1.7], "texture": "#3"},
				"west": {"uv": [1, 1, 1.7, 1.7], "texture": "#3"},
				"up": {"uv": [1, 1, 1.7, 1.7], "texture": "#3"},
				"down": {"uv": [1, 1, 1.7, 1.7], "texture": "#3"}
			}
		},
		{
			"from": [9.4, 6.9, -0.4],
			"to": [9.8, 7.3, 0.1],
			"faces": {
				"north": {"uv": [1, 1, 1.7, 1.7], "texture": "#3"},
				"east": {"uv": [1, 1, 1.7, 1.7], "texture": "#3"},
				"south": {"uv": [1, 1, 1.7, 1.7], "texture": "#3"},
				"west": {"uv": [1, 1, 1.7, 1.7], "texture": "#3"},
				"up": {"uv": [1, 1, 1.7, 1.7], "texture": "#3"},
				"down": {"uv": [1, 1, 1.7, 1.7], "texture": "#3"}
			}
		},
		{
			"from": [8.1, 8.8, 5.2],
			"to": [10, 9.3, 5.7],
			"faces": {
				"north": {"uv": [1, 1, 1.7, 1.7], "texture": "#4"},
				"east": {"uv": [1, 1, 1.7, 1.7], "texture": "#4"},
				"south": {"uv": [1, 1, 1.7, 1.7], "texture": "#4"},
				"west": {"uv": [1, 1, 1.7, 1.7], "texture": "#4"},
				"up": {"uv": [1, 1, 1.7, 1.7], "texture": "#4"},
				"down": {"uv": [1, 1, 1.7, 1.7], "texture": "#4"}
			}
		},
		{
			"from": [8, 7.2, 0.7],
			"to": [8.2, 7.7, 1.2],
			"faces": {
				"north": {"uv": [1, 1, 1.7, 1.7], "texture": "#1"},
				"east": {"uv": [1, 1, 1.7, 1.7], "texture": "#1"},
				"south": {"uv": [1, 1, 1.7, 1.7], "texture": "#1"},
				"west": {"uv": [1, 1, 1.7, 1.7], "texture": "#1"},
				"up": {"uv": [1, 1, 1.7, 1.7], "texture": "#1"},
				"down": {"uv": [1, 1, 1.7, 1.7], "texture": "#1"}
			}
		},
		{
			"from": [7.8, 7.2, 0.7],
			"to": [8, 7.7, 1.2],
			"faces": {
				"north": {"uv": [1, 1, 1.7, 1.7], "texture": "#4"},
				"east": {"uv": [1, 1, 1.7, 1.7], "texture": "#4"},
				"south": {"uv": [1, 1, 1.7, 1.7], "texture": "#4"},
				"west": {"uv": [1, 1, 1.7, 1.7], "texture": "#4"},
				"up": {"uv": [1, 1, 1.7, 1.7], "texture": "#4"},
				"down": {"uv": [1, 1, 1.7, 1.7], "texture": "#4"}
			}
		},
		{
			"from": [9.4, 5.2, -0.4],
			"to": [9.8, 5.6, 0.1],
			"faces": {
				"north": {"uv": [1, 1, 1.7, 1.7], "texture": "#4"},
				"east": {"uv": [1, 1, 1.7, 1.7], "texture": "#4"},
				"south": {"uv": [1, 1, 1.7, 1.7], "texture": "#4"},
				"west": {"uv": [1, 1, 1.7, 1.7], "texture": "#4"},
				"up": {"uv": [1, 1, 1.7, 1.7], "texture": "#4"},
				"down": {"uv": [1, 1, 1.7, 1.7], "texture": "#4"}
			}
		},
		{
			"from": [8.3, 5.6, 9.8],
			"to": [10.2, 8.6, 19.2],
			"faces": {
				"north": {"uv": [0, 0, 1.9, 3], "texture": "#0"},
				"east": {"uv": [0, 0, 9.4, 3], "texture": "#0"},
				"south": {"uv": [0, 0, 1.9, 3], "texture": "#0"},
				"west": {"uv": [0, 0, 9.4, 3], "texture": "#0"},
				"up": {"uv": [0, 0, 1.9, 9.4], "texture": "#0"},
				"down": {"uv": [0, 0, 1.9, 9.4], "texture": "#0"}
			}
		},
		{
			"from": [8.2, 5.9, 16.3],
			"to": [8.3, 8.3, 18.7],
			"faces": {
				"north": {"uv": [0, 0, 0.1, 2.4], "texture": "#2"},
				"east": {"uv": [0, 0, 2.4, 2.4], "texture": "#2"},
				"south": {"uv": [0, 0, 0.1, 2.4], "texture": "#2"},
				"west": {"uv": [0, 0, 2.4, 2.4], "texture": "#2"},
				"up": {"uv": [0, 0, 0.1, 2.4], "texture": "#2"},
				"down": {"uv": [0, 0, 0.1, 2.4], "texture": "#2"}
			}
		},
		{
			"from": [8.2, 3.3, 12.8],
			"to": [10.1, 4.6, 14.1],
			"faces": {
				"north": {"uv": [0, 0, 1.9, 1.3], "texture": "#2"},
				"east": {"uv": [0, 0, 1.3, 1.3], "texture": "#2"},
				"south": {"uv": [0, 0, 1.9, 1.3], "texture": "#2"},
				"west": {"uv": [0, 0, 1.3, 1.3], "texture": "#2"},
				"up": {"uv": [0, 0, 1.9, 1.3], "texture": "#2"},
				"down": {"uv": [0, 0, 1.9, 1.3], "texture": "#2"}
			}
		},
		{
			"from": [7.5, 3.7, 13.2],
			"to": [9.4, 4.3, 13.8],
			"faces": {
				"north": {"uv": [0, 0, 1.9, 0.6], "texture": "#1"},
				"east": {"uv": [0, 0, 0.6, 0.6], "texture": "#1"},
				"south": {"uv": [0, 0, 1.9, 0.6], "texture": "#1"},
				"west": {"uv": [0, 0, 0.6, 0.6], "texture": "#1"},
				"up": {"uv": [0, 0, 1.9, 0.6], "texture": "#1"},
				"down": {"uv": [0, 0, 1.9, 0.6], "texture": "#1"}
			}
		},
		{
			"from": [7.5, 4.00642, 12.27838],
			"to": [7.7, 7.20642, 12.37838],
			"rotation": {"angle": -22.5, "axis": "x", "origin": [7.6, 6.42122, 12.25122]},
			"faces": {
				"north": {"uv": [0, 0, 0.2, 3.2], "rotation": 180, "texture": "#1"},
				"east": {"uv": [0, 0, 3.2, 0.1], "rotation": 270, "texture": "#1"},
				"south": {"uv": [0, 0, 0.2, 3.2], "texture": "#1"},
				"west": {"uv": [0, 0, 3.2, 0.1], "rotation": 90, "texture": "#1"},
				"up": {"uv": [0, 0, 0.2, 0.1], "rotation": 180, "texture": "#1"},
				"down": {"uv": [0, 0, 0.2, 0.1], "texture": "#1"}
			}
		},
		{
			"from": [7.5, 8.0291, 10.20337],
			"to": [7.7, 8.1291, 12.20337],
			"rotation": {"angle": 22.5, "axis": "x", "origin": [7.6, 8.00193, 9.78857]},
			"faces": {
				"north": {"uv": [0, 0, 0.2, 0.1], "texture": "#1"},
				"east": {"uv": [0, 0, 2, 0.1], "texture": "#1"},
				"south": {"uv": [0, 0, 0.2, 0.1], "texture": "#1"},
				"west": {"uv": [0, 0, 2, 0.1], "texture": "#1"},
				"up": {"uv": [0, 0, 0.2, 2], "texture": "#1"},
				"down": {"uv": [0, 0, 0.2, 2], "texture": "#1"}
			}
		},
		{
			"from": [7.5, 7.9291, 9.90337],
			"to": [7.7, 8.2291, 10.20337],
			"rotation": {"angle": 22.5, "axis": "x", "origin": [7.6, 8.00193, 9.78857]},
			"faces": {
				"north": {"uv": [0, 0, 0.2, 0.3], "texture": "#1"},
				"east": {"uv": [0, 0, 0.3, 0.3], "texture": "#1"},
				"south": {"uv": [0, 0, 0.2, 0.3], "texture": "#1"},
				"west": {"uv": [0, 0, 0.3, 0.3], "texture": "#1"},
				"up": {"uv": [0, 0, 0.2, 0.3], "texture": "#1"},
				"down": {"uv": [0, 0, 0.2, 0.3], "texture": "#1"}
			}
		},
		{
			"from": [7.7, 8.0291, 10.00337],
			"to": [7.9, 8.1291, 10.10337],
			"rotation": {"angle": 22.5, "axis": "x", "origin": [7.6, 8.00193, 9.78857]},
			"faces": {
				"north": {"uv": [8, 5, 9, 6], "texture": "#4"},
				"east": {"uv": [8, 5, 9, 6], "texture": "#4"},
				"south": {"uv": [8, 5, 9, 6], "texture": "#4"},
				"west": {"uv": [8, 5, 9, 6], "texture": "#4"},
				"up": {"uv": [8, 5, 9, 6], "texture": "#4"},
				"down": {"uv": [8, 5, 9, 6], "texture": "#4"}
			}
		},
		{
			"from": [8.2, 6.6, 13],
			"to": [10.1, 7.9, 15.4],
			"faces": {
				"north": {"uv": [0, 0, 1.9, 1.3], "texture": "#2"},
				"east": {"uv": [0, 0, 2.4, 1.3], "texture": "#2"},
				"south": {"uv": [0, 0, 1.9, 1.3], "texture": "#2"},
				"west": {"uv": [0, 0, 2.4, 1.3], "texture": "#2"},
				"up": {"uv": [0, 0, 1.9, 2.4], "texture": "#2"},
				"down": {"uv": [0, 0, 1.9, 2.4], "texture": "#2"}
			}
		},
		{
			"from": [8, 6.8, 13.2],
			"to": [10.3, 7.7, 13.4],
			"faces": {
				"north": {"uv": [0, 0, 2.3, 0.9], "texture": "#1"},
				"east": {"uv": [0, 0, 0.2, 0.9], "texture": "#1"},
				"south": {"uv": [0, 0, 2.3, 0.9], "texture": "#1"},
				"west": {"uv": [0, 0, 0.2, 0.9], "texture": "#1"},
				"up": {"uv": [0, 0, 2.3, 0.2], "texture": "#1"},
				"down": {"uv": [0, 0, 2.3, 0.2], "texture": "#1"}
			}
		},
		{
			"from": [8, 6.4, 14.4],
			"to": [10.3, 7.7, 14.6],
			"faces": {
				"north": {"uv": [0, 0, 2.3, 1.3], "texture": "#1"},
				"east": {"uv": [0, 0, 0.2, 1.3], "texture": "#1"},
				"south": {"uv": [0, 0, 2.3, 1.3], "texture": "#1"},
				"west": {"uv": [0, 0, 0.2, 1.3], "texture": "#1"},
				"up": {"uv": [0, 0, 2.3, 0.2], "texture": "#1"},
				"down": {"uv": [0, 0, 2.3, 0.2], "texture": "#1"}
			}
		},
		{
			"from": [8, 6.8, 13.8],
			"to": [10.3, 7.7, 14],
			"faces": {
				"north": {"uv": [0, 0, 2.3, 0.9], "texture": "#1"},
				"east": {"uv": [0, 0, 0.2, 0.9], "texture": "#1"},
				"south": {"uv": [0, 0, 2.3, 0.9], "texture": "#1"},
				"west": {"uv": [0, 0, 0.2, 0.9], "texture": "#1"},
				"up": {"uv": [0, 0, 2.3, 0.2], "texture": "#1"},
				"down": {"uv": [0, 0, 2.3, 0.2], "texture": "#1"}
			}
		},
		{
			"from": [8, 6.4, 15],
			"to": [10.3, 7.7, 15.2],
			"faces": {
				"north": {"uv": [0, 0, 2.3, 1.3], "texture": "#1"},
				"east": {"uv": [0, 0, 0.2, 1.3], "texture": "#1"},
				"south": {"uv": [0, 0, 2.3, 1.3], "texture": "#1"},
				"west": {"uv": [0, 0, 0.2, 1.3], "texture": "#1"},
				"up": {"uv": [0, 0, 2.3, 0.2], "texture": "#1"},
				"down": {"uv": [0, 0, 2.3, 0.2], "texture": "#1"}
			}
		},
		{
			"from": [8.2, 6.1, 14.1],
			"to": [10.1, 6.6, 15.4],
			"faces": {
				"north": {"uv": [0, 0, 1.9, 0.5], "texture": "#2"},
				"east": {"uv": [0, 0, 1.3, 0.5], "texture": "#2"},
				"south": {"uv": [0, 0, 1.9, 0.5], "texture": "#2"},
				"west": {"uv": [0, 0, 1.3, 0.5], "texture": "#2"},
				"up": {"uv": [0, 0, 1.9, 1.3], "texture": "#2"},
				"down": {"uv": [0, 0, 1.9, 1.3], "texture": "#2"}
			}
		},
		{
			"from": [8.3, 5.2, 19.2],
			"to": [10.2, 9.2, 20.4],
			"faces": {
				"north": {"uv": [0, 0, 1.9, 4], "texture": "#0"},
				"east": {"uv": [0, 0, 1.2, 4], "texture": "#0"},
				"south": {"uv": [0, 0, 1.9, 4], "texture": "#0"},
				"west": {"uv": [0, 0, 1.2, 4], "texture": "#0"},
				"up": {"uv": [0, 0, 1.9, 1.2], "texture": "#0"},
				"down": {"uv": [0, 0, 1.9, 1.2], "texture": "#0"}
			}
		},
		{
			"from": [8.3, 2.9, 6.9],
			"to": [10.2, 5.6, 14.8],
			"faces": {
				"north": {"uv": [0, 0, 1.9, 2.7], "texture": "#0"},
				"east": {"uv": [0, 0, 7.9, 2.7], "texture": "#0"},
				"south": {"uv": [0, 0, 1.9, 2.7], "texture": "#0"},
				"west": {"uv": [0, 0, 7.9, 2.7], "texture": "#0"},
				"up": {"uv": [0, 0, 1.9, 7.9], "texture": "#0"},
				"down": {"uv": [0, 0, 1.9, 7.9], "texture": "#0"}
			}
		},
		{
			"from": [8.3, 2, 12.5],
			"to": [10.2, 2.9, 14.8],
			"faces": {
				"north": {"uv": [0, 0, 1.9, 0.9], "texture": "#0"},
				"east": {"uv": [0, 0, 2.3, 0.9], "texture": "#0"},
				"south": {"uv": [0, 0, 1.9, 0.9], "texture": "#0"},
				"west": {"uv": [0, 0, 2.3, 0.9], "texture": "#0"},
				"up": {"uv": [0, 0, 1.9, 2.3], "texture": "#0"},
				"down": {"uv": [0, 0, 1.9, 2.3], "texture": "#0"}
			}
		},
		{
			"from": [8.3, 2.4, 11.3],
			"to": [10.2, 2.9, 12.5],
			"faces": {
				"north": {"uv": [0, 0, 1.9, 0.5], "texture": "#0"},
				"east": {"uv": [0, 0, 1.2, 0.5], "texture": "#0"},
				"south": {"uv": [0, 0, 1.9, 0.5], "texture": "#0"},
				"west": {"uv": [0, 0, 1.2, 0.5], "texture": "#0"},
				"up": {"uv": [0, 0, 1.9, 1.2], "texture": "#0"},
				"down": {"uv": [0, 0, 1.9, 1.2], "texture": "#0"}
			}
		},
		{
			"from": [8.3, 5.1, 14.8],
			"to": [10.2, 5.6, 16],
			"faces": {
				"north": {"uv": [0, 0, 1.9, 0.5], "texture": "#0"},
				"east": {"uv": [0, 0, 1.2, 0.5], "texture": "#0"},
				"south": {"uv": [0, 0, 1.9, 0.5], "texture": "#0"},
				"west": {"uv": [0, 0, 1.2, 0.5], "texture": "#0"},
				"up": {"uv": [0, 0, 1.9, 1.2], "texture": "#0"},
				"down": {"uv": [0, 0, 1.9, 1.2], "texture": "#0"}
			}
		},
		{
			"from": [8.5, 4.6, 3],
			"to": [10.2, 5.6, 6.8],
			"faces": {
				"north": {"uv": [0, 0, 1.7, 1], "texture": "#2"},
				"east": {"uv": [0, 0, 3.8, 1], "texture": "#2"},
				"south": {"uv": [0, 0, 1.7, 1], "texture": "#2"},
				"west": {"uv": [0, 0, 3.8, 1], "texture": "#2"},
				"up": {"uv": [0, 0, 1.7, 3.8], "texture": "#2"},
				"down": {"uv": [0, 0, 1.7, 3.8], "texture": "#2"}
			}
		},
		{
			"from": [8.6, 5.4, 7.6],
			"to": [10.4, 7.6, 12.8],
			"faces": {
				"north": {"uv": [0, 0, 1.8, 2.2], "texture": "#1"},
				"east": {"uv": [0, 0, 5.2, 2.2], "texture": "#1"},
				"south": {"uv": [0, 0, 1.8, 2.2], "texture": "#1"},
				"west": {"uv": [0, 0, 5.2, 2.2], "texture": "#1"},
				"up": {"uv": [0, 0, 1.8, 5.2], "texture": "#1"},
				"down": {"uv": [0, 0, 1.8, 5.2], "texture": "#1"}
			}
		},
		{
			"from": [10.4, 7.2, 7.6],
			"to": [10.6, 7.6, 12.8],
			"faces": {
				"north": {"uv": [0, 0, 0.2, 0.4], "texture": "#1"},
				"east": {"uv": [0, 0, 5.2, 0.4], "texture": "#1"},
				"south": {"uv": [0, 0, 0.2, 0.4], "texture": "#1"},
				"west": {"uv": [0, 0, 5.2, 0.4], "texture": "#1"},
				"up": {"uv": [0, 0, 0.2, 5.2], "texture": "#1"},
				"down": {"uv": [0, 0, 0.2, 5.2], "texture": "#1"}
			}
		},
		{
			"from": [10.4, 5.4, 7.6],
			"to": [10.6, 5.8, 12.8],
			"faces": {
				"north": {"uv": [0, 0, 0.2, 0.4], "texture": "#1"},
				"east": {"uv": [0, 0, 5.2, 0.4], "texture": "#1"},
				"south": {"uv": [0, 0, 0.2, 0.4], "texture": "#1"},
				"west": {"uv": [0, 0, 5.2, 0.4], "texture": "#1"},
				"up": {"uv": [0, 0, 0.2, 5.2], "texture": "#1"},
				"down": {"uv": [0, 0, 0.2, 5.2], "texture": "#1"}
			}
		},
		{
			"from": [8.5, 3.6, 3],
			"to": [10.2, 4.6, 4.8],
			"faces": {
				"north": {"uv": [0, 0, 1.7, 1], "texture": "#1"},
				"east": {"uv": [0, 0, 1.8, 1], "texture": "#1"},
				"south": {"uv": [0, 0, 1.7, 1], "texture": "#1"},
				"west": {"uv": [0, 0, 1.8, 1], "texture": "#1"},
				"up": {"uv": [0, 0, 1.7, 1.8], "texture": "#1"},
				"down": {"uv": [0, 0, 1.7, 1.8], "texture": "#1"}
			}
		},
		{
			"from": [8.5, 2.2, 8],
			"to": [10, 3.2, 9.8],
			"faces": {
				"north": {"uv": [8, 5, 9, 7], "texture": "#2"},
				"east": {"uv": [0, 0, 1.8, 1], "texture": "#1"},
				"south": {"uv": [0, 0, 1.5, 1], "texture": "#1"},
				"west": {"uv": [0, 0, 1.8, 1], "texture": "#1"},
				"up": {"uv": [0, 0, 1.5, 1.8], "texture": "#1"},
				"down": {"uv": [8, 5, 9, 7], "texture": "#2"}
			}
		},
		{
			"from": [8.5, 4.1, 4.8],
			"to": [10.2, 4.6, 6],
			"faces": {
				"north": {"uv": [0, 0, 1.7, 0.5], "texture": "#1"},
				"east": {"uv": [0, 0, 1.2, 0.5], "texture": "#1"},
				"south": {"uv": [0, 0, 1.7, 0.5], "texture": "#1"},
				"west": {"uv": [0, 0, 1.2, 0.5], "texture": "#1"},
				"up": {"uv": [0, 0, 1.7, 1.2], "texture": "#1"},
				"down": {"uv": [0, 0, 1.7, 1.2], "texture": "#1"}
			}
		},
		{
			"from": [8.6, -0.4, 3.7],
			"to": [9.6, 3.6, 4.7],
			"faces": {
				"north": {"uv": [0, 0, 1, 4], "texture": "#2"},
				"east": {"uv": [0, 0, 1, 4], "texture": "#2"},
				"south": {"uv": [0, 0, 1, 4], "texture": "#2"},
				"west": {"uv": [0, 0, 1, 4], "texture": "#2"},
				"up": {"uv": [0, 0, 1, 1], "texture": "#2"},
				"down": {"uv": [0, 0, 1, 1], "texture": "#2"}
			}
		},
		{
			"from": [8.7, -0.4, 8.1],
			"to": [9.7, 3.6, 9.1],
			"faces": {
				"north": {"uv": [8, 5, 9, 7], "texture": "#4"},
				"east": {"uv": [8, 5, 9, 7], "texture": "#2"},
				"south": {"uv": [8, 5, 9, 7], "texture": "#2"},
				"west": {"uv": [8, 5, 9, 7], "texture": "#2"},
				"up": {"uv": [8, 5, 9, 7], "texture": "#4"},
				"down": {"uv": [8, 5, 9, 7], "texture": "#2"}
			}
		},
		{
			"from": [8.7, -0.4, 9.1],
			"to": [9.7, 0.8, 9.3],
			"faces": {
				"north": {"uv": [8, 5, 9, 7], "texture": "#4"},
				"east": {"uv": [8, 5, 9, 7], "texture": "#2"},
				"south": {"uv": [8, 5, 9, 7], "texture": "#2"},
				"west": {"uv": [8, 5, 9, 7], "texture": "#2"},
				"up": {"uv": [8, 5, 9, 7], "texture": "#2"},
				"down": {"uv": [8, 5, 9, 7], "texture": "#2"}
			}
		},
		{
			"from": [9.1, 1.8, 7.8],
			"to": [9.4, 2.6, 8.1],
			"faces": {
				"north": {"uv": [0, 0, 0.3, 0.8], "texture": "#0"},
				"east": {"uv": [0, 0, 0.3, 0.8], "texture": "#0"},
				"south": {"uv": [0, 0, 0.3, 0.8], "texture": "#0"},
				"west": {"uv": [0, 0, 0.3, 0.8], "texture": "#0"},
				"up": {"uv": [0, 0, 0.3, 0.8], "texture": "#0"},
				"down": {"uv": [0, 0, 0.3, 0.8], "texture": "#0"}
			}
		},
		{
			"from": [9.1, 8.3, 3],
			"to": [10, 9.2, 3.6],
			"faces": {
				"north": {"uv": [0, 0, 0.9, 0.9], "texture": "#1"},
				"east": {"uv": [0, 0, 0.6, 0.9], "texture": "#1"},
				"south": {"uv": [0, 0, 0.9, 0.9], "texture": "#1"},
				"west": {"uv": [0, 0, 0.6, 0.9], "texture": "#1"},
				"up": {"uv": [0, 0, 0.9, 0.6], "texture": "#1"},
				"down": {"uv": [0, 0, 0.9, 0.6], "texture": "#1"}
			}
		},
		{
			"from": [9.1, 6.3, 3],
			"to": [10, 7.2, 3.6],
			"faces": {
				"north": {"uv": [0, 0, 0.9, 0.9], "texture": "#1"},
				"east": {"uv": [0, 0, 0.6, 0.9], "texture": "#1"},
				"south": {"uv": [0, 0, 0.9, 0.9], "texture": "#1"},
				"west": {"uv": [0, 0, 0.6, 0.9], "texture": "#1"},
				"up": {"uv": [0, 0, 0.9, 0.6], "texture": "#1"},
				"down": {"uv": [0, 0, 0.9, 0.6], "texture": "#1"}
			}
		},
		{
			"from": [8.2, 6.3, 3.3],
			"to": [10.3, 7.2, 12.5],
			"faces": {
				"north": {"uv": [0, 0, 2.1, 0.9], "texture": "#1"},
				"east": {"uv": [0, 0, 9.2, 0.9], "texture": "#1"},
				"south": {"uv": [0, 0, 2.1, 0.9], "texture": "#1"},
				"west": {"uv": [0, 0, 9.2, 0.9], "texture": "#1"},
				"up": {"uv": [0, 0, 2.1, 9.2], "texture": "#1"},
				"down": {"uv": [0, 0, 2.1, 9.2], "texture": "#1"}
			}
		},
		{
			"from": [9.3, 6.3, 12.5],
			"to": [10.3, 7.2, 20.5],
			"faces": {
				"north": {"uv": [0, 0, 1, 0.9], "texture": "#1"},
				"east": {"uv": [0, 0, 8, 0.9], "texture": "#1"},
				"south": {"uv": [0, 0, 1, 0.9], "texture": "#1"},
				"west": {"uv": [0, 0, 8, 0.9], "texture": "#1"},
				"up": {"uv": [0, 0, 1, 8], "texture": "#1"},
				"down": {"uv": [0, 0, 1, 8], "texture": "#1"}
			}
		},
		{
			"from": [9.5, 7.2, 16],
			"to": [10.3, 7.7, 19.8],
			"faces": {
				"north": {"uv": [0, 0, 0.8, 0.5], "texture": "#1"},
				"east": {"uv": [0, 0, 3.8, 0.5], "texture": "#1"},
				"south": {"uv": [0, 0, 0.8, 0.5], "texture": "#1"},
				"west": {"uv": [0, 0, 3.8, 0.5], "texture": "#1"},
				"up": {"uv": [0, 0, 0.8, 3.8], "texture": "#1"},
				"down": {"uv": [0, 0, 0.8, 3.8], "texture": "#1"}
			}
		},
		{
			"from": [9.9, 8.3, 3.3],
			"to": [10.3, 9.2, 9.9],
			"faces": {
				"north": {"uv": [0, 0, 0.4, 0.9], "texture": "#1"},
				"east": {"uv": [0, 0, 6.6, 0.9], "texture": "#1"},
				"south": {"uv": [0, 0, 0.4, 0.9], "texture": "#1"},
				"west": {"uv": [0, 0, 6.6, 0.9], "texture": "#1"},
				"up": {"uv": [0, 0, 0.4, 6.6], "texture": "#1"},
				"down": {"uv": [0, 0, 0.4, 6.6], "texture": "#1"}
			}
		},
		{
			"from": [9.9, 8.3, 9.9],
			"to": [10.3, 8.7, 20.5],
			"faces": {
				"north": {"uv": [0, 0, 0.4, 0.4], "texture": "#1"},
				"east": {"uv": [0, 0, 10.6, 0.4], "texture": "#1"},
				"south": {"uv": [0, 0, 0.4, 0.4], "texture": "#1"},
				"west": {"uv": [0, 0, 10.6, 0.4], "texture": "#1"},
				"up": {"uv": [0, 0, 0.4, 10.6], "texture": "#1"},
				"down": {"uv": [0, 0, 0.4, 10.6], "texture": "#1"}
			}
		},
		{
			"from": [8.2, 8.3, 19.4],
			"to": [9.9, 8.7, 20.5],
			"faces": {
				"north": {"uv": [0, 0, 1.7, 0.4], "texture": "#1"},
				"east": {"uv": [0, 0, 1.1, 0.4], "texture": "#1"},
				"south": {"uv": [0, 0, 1.7, 0.4], "texture": "#1"},
				"west": {"uv": [0, 0, 1.1, 0.4], "texture": "#1"},
				"up": {"uv": [0, 0, 1.7, 1.1], "texture": "#1"},
				"down": {"uv": [0, 0, 1.7, 1.1], "texture": "#1"}
			}
		},
		{
			"from": [8.2, 6.3, 19.4],
			"to": [9.3, 7.2, 20.5],
			"faces": {
				"north": {"uv": [0, 0, 1.1, 0.9], "texture": "#1"},
				"east": {"uv": [0, 0, 1.1, 0.9], "texture": "#1"},
				"south": {"uv": [0, 0, 1.1, 0.9], "texture": "#1"},
				"west": {"uv": [0, 0, 1.1, 0.9], "texture": "#1"},
				"up": {"uv": [0, 0, 1.1, 1.1], "texture": "#1"},
				"down": {"uv": [0, 0, 1.1, 1.1], "texture": "#1"}
			}
		},
		{
			"from": [8.1, 5, 0],
			"to": [11, 9.6, 2],
			"faces": {
				"north": {"uv": [0, 0, 2.9, 4.6], "texture": "#0"},
				"east": {"uv": [0, 0, 2, 4.6], "texture": "#0"},
				"south": {"uv": [0, 0, 2.9, 4.6], "texture": "#0"},
				"west": {"uv": [0, 0, 2, 4.6], "texture": "#0"},
				"up": {"uv": [0, 0, 2.9, 2], "texture": "#0"},
				"down": {"uv": [0, 0, 2.9, 2], "texture": "#0"}
			}
		},
		{
			"from": [7, 0.2, 2],
			"to": [10.8, 4.8, 2.4],
			"faces": {
				"north": {"uv": [0, 0, 3.8, 4.6], "texture": "#1"},
				"east": {"uv": [0, 0, 0.4, 4.6], "texture": "#1"},
				"south": {"uv": [0, 0, 3.8, 4.6], "texture": "#1"},
				"west": {"uv": [0, 0, 0.4, 4.6], "texture": "#1"},
				"up": {"uv": [0, 0, 3.8, 0.4], "texture": "#1"},
				"down": {"uv": [0, 0, 3.8, 0.4], "texture": "#1"}
			}
		},
		{
			"from": [6.7, 3.7, 0.4],
			"to": [10.5, 3.9, 2.1],
			"faces": {
				"north": {"uv": [0, 0, 3.8, 0.2], "texture": "#1"},
				"east": {"uv": [0, 0, 1.7, 0.2], "texture": "#1"},
				"south": {"uv": [0, 0, 3.8, 0.2], "texture": "#1"},
				"west": {"uv": [0, 0, 1.7, 0.2], "texture": "#1"},
				"up": {"uv": [0, 0, 3.8, 1.7], "texture": "#1"},
				"down": {"uv": [0, 0, 3.8, 1.7], "texture": "#1"}
			}
		},
		{
			"from": [6.7, 3.1, 0.4],
			"to": [10.5, 3.3, 2.1],
			"faces": {
				"north": {"uv": [0, 0, 3.8, 0.2], "texture": "#1"},
				"east": {"uv": [0, 0, 1.7, 0.2], "texture": "#1"},
				"south": {"uv": [0, 0, 3.8, 0.2], "texture": "#1"},
				"west": {"uv": [0, 0, 1.7, 0.2], "texture": "#1"},
				"up": {"uv": [0, 0, 3.8, 1.7], "texture": "#1"},
				"down": {"uv": [0, 0, 3.8, 1.7], "texture": "#1"}
			}
		},
		{
			"from": [6.7, 2.5, 0.4],
			"to": [10.5, 2.7, 2.1],
			"faces": {
				"north": {"uv": [0, 0, 3.8, 0.2], "texture": "#1"},
				"east": {"uv": [0, 0, 1.7, 0.2], "texture": "#1"},
				"south": {"uv": [0, 0, 3.8, 0.2], "texture": "#1"},
				"west": {"uv": [0, 0, 1.7, 0.2], "texture": "#1"},
				"up": {"uv": [0, 0, 3.8, 1.7], "texture": "#1"},
				"down": {"uv": [0, 0, 3.8, 1.7], "texture": "#1"}
			}
		},
		{
			"from": [6.7, 2.5, 0.2],
			"to": [10.5, 3.9, 0.4],
			"faces": {
				"north": {"uv": [0, 0, 3.8, 1.4], "texture": "#1"},
				"east": {"uv": [0, 0, 0.2, 1.4], "texture": "#1"},
				"south": {"uv": [0, 0, 3.8, 1.4], "texture": "#1"},
				"west": {"uv": [0, 0, 0.2, 1.4], "texture": "#1"},
				"up": {"uv": [0, 0, 3.8, 0.2], "texture": "#1"},
				"down": {"uv": [0, 0, 3.8, 0.2], "texture": "#1"}
			}
		},
		{
			"from": [8.3, 4.8, 2],
			"to": [10.8, 9.4, 2.4],
			"faces": {
				"north": {"uv": [0, 0, 2.5, 4.6], "texture": "#1"},
				"east": {"uv": [0, 0, 0.4, 4.6], "texture": "#1"},
				"south": {"uv": [0, 0, 2.5, 4.6], "texture": "#1"},
				"west": {"uv": [0, 0, 0.4, 4.6], "texture": "#1"},
				"up": {"uv": [0, 0, 2.5, 0.4], "texture": "#1"},
				"down": {"uv": [0, 0, 2.5, 0.4], "texture": "#1"}
			}
		},
		{
			"name": "hexadecagon",
			"from": [8, 5.80381, 5.1],
			"to": [9.9, 7.19619, 12.1],
			"rotation": {"angle": -45, "axis": "x", "origin": [8, 6.5, 8.6]},
			"faces": {
				"north": {"uv": [0, 0, 1, 1], "texture": "#0"},
				"east": {"uv": [0, 0, 1, 1], "texture": "#0"},
				"south": {"uv": [0, 0, 1, 1], "texture": "#0"},
				"west": {"uv": [0, 0, 1, 1], "texture": "#0"},
				"up": {"uv": [0, 0, 1, 1], "texture": "#0"},
				"down": {"uv": [0, 0, 1, 1], "texture": "#0"}
			}
		},
		{
			"name": "hexadecagon",
			"from": [8, 5.80381, 5.1],
			"to": [9.9, 7.19619, 12.1],
			"rotation": {"angle": -22.5, "axis": "x", "origin": [8, 6.5, 8.6]},
			"faces": {
				"north": {"uv": [0, 0, 1, 1], "texture": "#0"},
				"east": {"uv": [0, 0, 1, 1], "texture": "#0"},
				"south": {"uv": [0, 0, 1, 1], "texture": "#0"},
				"west": {"uv": [0, 0, 1, 1], "texture": "#0"},
				"up": {"uv": [0, 0, 1, 1], "texture": "#0"},
				"down": {"uv": [0, 0, 1, 1], "texture": "#0"}
			}
		},
		{
			"name": "hexadecagon",
			"from": [8, 5.80381, 5.1],
			"to": [9.9, 7.19619, 12.1],
			"rotation": {"angle": 0, "axis": "x", "origin": [8, 6.5, 8.6]},
			"faces": {
				"north": {"uv": [0, 0, 1, 1], "texture": "#0"},
				"east": {"uv": [0, 0, 1, 1], "texture": "#0"},
				"south": {"uv": [0, 0, 1, 1], "texture": "#0"},
				"west": {"uv": [0, 0, 1, 1], "texture": "#0"},
				"up": {"uv": [0, 0, 1, 1], "texture": "#0"},
				"down": {"uv": [0, 0, 1, 1], "texture": "#0"}
			}
		},
		{
			"name": "hexadecagon",
			"from": [8, 5.80381, 5.1],
			"to": [9.9, 7.19619, 12.1],
			"rotation": {"angle": 22.5, "axis": "x", "origin": [8, 6.5, 8.6]},
			"faces": {
				"north": {"uv": [0, 0, 1, 1], "texture": "#0"},
				"east": {"uv": [0, 0, 1, 1], "texture": "#0"},
				"south": {"uv": [0, 0, 1, 1], "texture": "#0"},
				"west": {"uv": [0, 0, 1, 1], "texture": "#0"},
				"up": {"uv": [0, 0, 1, 1], "texture": "#0"},
				"down": {"uv": [0, 0, 1, 1], "texture": "#0"}
			}
		},
		{
			"name": "hexadecagon",
			"from": [8, 5.80381, 5.1],
			"to": [9.9, 7.19619, 12.1],
			"rotation": {"angle": 45, "axis": "x", "origin": [8, 6.5, 8.6]},
			"faces": {
				"north": {"uv": [0, 0, 1, 1], "texture": "#0"},
				"east": {"uv": [0, 0, 1, 1], "texture": "#0"},
				"south": {"uv": [0, 0, 1, 1], "texture": "#0"},
				"west": {"uv": [0, 0, 1, 1], "texture": "#0"},
				"up": {"uv": [0, 0, 1, 1], "texture": "#0"},
				"down": {"uv": [0, 0, 1, 1], "texture": "#0"}
			}
		},
		{
			"name": "hexadecagon",
			"from": [8, 3, 7.90381],
			"to": [9.9, 10, 9.29619],
			"rotation": {"angle": -22.5, "axis": "x", "origin": [8, 6.5, 8.6]},
			"faces": {
				"north": {"uv": [0, 0, 1, 1], "texture": "#0"},
				"east": {"uv": [0, 0, 1, 1], "texture": "#0"},
				"south": {"uv": [0, 0, 1, 1], "texture": "#0"},
				"west": {"uv": [0, 0, 1, 1], "texture": "#0"},
				"up": {"uv": [0, 0, 1, 1], "texture": "#0"},
				"down": {"uv": [0, 0, 1, 1], "texture": "#0"}
			}
		},
		{
			"name": "hexadecagon",
			"from": [8, 3, 7.90381],
			"to": [9.9, 10, 9.29619],
			"rotation": {"angle": 0, "axis": "x", "origin": [8, 6.5, 8.6]},
			"faces": {
				"north": {"uv": [0, 0, 1, 1], "texture": "#0"},
				"east": {"uv": [0, 0, 1, 1], "texture": "#0"},
				"south": {"uv": [0, 0, 1, 1], "texture": "#0"},
				"west": {"uv": [0, 0, 1, 1], "texture": "#0"},
				"up": {"uv": [0, 0, 1, 1], "texture": "#0"},
				"down": {"uv": [0, 0, 1, 1], "texture": "#0"}
			}
		},
		{
			"name": "hexadecagon",
			"from": [8, 3, 7.90381],
			"to": [9.9, 10, 9.29619],
			"rotation": {"angle": 22.5, "axis": "x", "origin": [8, 6.5, 8.6]},
			"faces": {
				"north": {"uv": [0, 0, 1, 1], "texture": "#0"},
				"east": {"uv": [0, 0, 1, 1], "texture": "#0"},
				"south": {"uv": [0, 0, 1, 1], "texture": "#0"},
				"west": {"uv": [0, 0, 1, 1], "texture": "#0"},
				"up": {"uv": [0, 0, 1, 1], "texture": "#0"},
				"down": {"uv": [0, 0, 1, 1], "texture": "#0"}
			}
		},
		{
			"name": "hexadecagon",
			"from": [7.8, 5.80381, 5.1],
			"to": [8, 7.19619, 5.2],
			"rotation": {"angle": -45, "axis": "x", "origin": [7.5, 6.5, 8.6]},
			"faces": {
				"north": {"uv": [0, 0, 1, 1], "texture": "#0"},
				"east": {"uv": [0, 0, 1, 1], "texture": "#0"},
				"south": {"uv": [0, 0, 1, 1], "texture": "#0"},
				"west": {"uv": [0, 0, 1, 1], "texture": "#0"},
				"up": {"uv": [0, 0, 1, 1], "texture": "#0"},
				"down": {"uv": [0, 0, 1, 1], "texture": "#0"}
			}
		},
		{
			"name": "hexadecagon",
			"from": [7.8, 5.80381, 5.1],
			"to": [8, 7.19619, 5.2],
			"rotation": {"angle": -22.5, "axis": "x", "origin": [7.5, 6.5, 8.6]},
			"faces": {
				"north": {"uv": [0, 0, 1, 1], "texture": "#0"},
				"east": {"uv": [0, 0, 1, 1], "texture": "#0"},
				"south": {"uv": [0, 0, 1, 1], "texture": "#0"},
				"west": {"uv": [0, 0, 1, 1], "texture": "#0"},
				"up": {"uv": [0, 0, 1, 1], "texture": "#0"},
				"down": {"uv": [0, 0, 1, 1], "texture": "#0"}
			}
		},
		{
			"name": "hexadecagon",
			"from": [7.8, 5.80381, 5.1],
			"to": [8, 7.19619, 5.2],
			"rotation": {"angle": 0, "axis": "x", "origin": [7.5, 6.5, 8.6]},
			"faces": {
				"north": {"uv": [0, 0, 1, 1], "texture": "#0"},
				"east": {"uv": [0, 0, 1, 1], "texture": "#0"},
				"south": {"uv": [0, 0, 1, 1], "texture": "#0"},
				"west": {"uv": [0, 0, 1, 1], "texture": "#0"},
				"up": {"uv": [0, 0, 1, 1], "texture": "#0"},
				"down": {"uv": [0, 0, 1, 1], "texture": "#0"}
			}
		},
		{
			"name": "hexadecagon",
			"from": [7.8, 5.80381, 5.1],
			"to": [8, 7.19619, 5.2],
			"rotation": {"angle": 22.5, "axis": "x", "origin": [7.5, 6.5, 8.6]},
			"faces": {
				"north": {"uv": [0, 0, 1, 1], "texture": "#0"},
				"east": {"uv": [0, 0, 1, 1], "texture": "#0"},
				"south": {"uv": [0, 0, 1, 1], "texture": "#0"},
				"west": {"uv": [0, 0, 1, 1], "texture": "#0"},
				"up": {"uv": [0, 0, 1, 1], "texture": "#0"},
				"down": {"uv": [0, 0, 1, 1], "texture": "#0"}
			}
		},
		{
			"name": "hexadecagon",
			"from": [7.8, 5.80381, 5.1],
			"to": [8, 7.19619, 5.2],
			"rotation": {"angle": 45, "axis": "x", "origin": [7.5, 6.5, 8.6]},
			"faces": {
				"north": {"uv": [0, 0, 1, 1], "texture": "#0"},
				"east": {"uv": [0, 0, 1, 1], "texture": "#0"},
				"south": {"uv": [0, 0, 1, 1], "texture": "#0"},
				"west": {"uv": [0, 0, 1, 1], "texture": "#0"},
				"up": {"uv": [0, 0, 1, 1], "texture": "#0"},
				"down": {"uv": [0, 0, 1, 1], "texture": "#0"}
			}
		},
		{
			"name": "hexadecagon",
			"from": [7.8, 5.80381, 12],
			"to": [8, 7.19619, 12.1],
			"rotation": {"angle": -45, "axis": "x", "origin": [7.5, 6.5, 8.6]},
			"faces": {
				"north": {"uv": [0, 0, 1, 1], "texture": "#0"},
				"east": {"uv": [0, 0, 1, 1], "texture": "#0"},
				"south": {"uv": [0, 0, 1, 1], "texture": "#0"},
				"west": {"uv": [0, 0, 1, 1], "texture": "#0"},
				"up": {"uv": [0, 0, 1, 1], "texture": "#0"},
				"down": {"uv": [0, 0, 1, 1], "texture": "#0"}
			}
		},
		{
			"name": "hexadecagon",
			"from": [7.8, 5.80381, 12],
			"to": [8, 7.19619, 12.1],
			"rotation": {"angle": -22.5, "axis": "x", "origin": [7.5, 6.5, 8.6]},
			"faces": {
				"north": {"uv": [0, 0, 1, 1], "texture": "#0"},
				"east": {"uv": [0, 0, 1, 1], "texture": "#0"},
				"south": {"uv": [0, 0, 1, 1], "texture": "#0"},
				"west": {"uv": [0, 0, 1, 1], "texture": "#0"},
				"up": {"uv": [0, 0, 1, 1], "texture": "#0"},
				"down": {"uv": [0, 0, 1, 1], "texture": "#0"}
			}
		},
		{
			"name": "hexadecagon",
			"from": [7.8, 5.80381, 12],
			"to": [8, 7.19619, 12.1],
			"rotation": {"angle": 0, "axis": "x", "origin": [7.5, 6.5, 8.6]},
			"faces": {
				"north": {"uv": [0, 0, 1, 1], "texture": "#0"},
				"east": {"uv": [0, 0, 1, 1], "texture": "#0"},
				"south": {"uv": [0, 0, 1, 1], "texture": "#0"},
				"west": {"uv": [0, 0, 1, 1], "texture": "#0"},
				"up": {"uv": [0, 0, 1, 1], "texture": "#0"},
				"down": {"uv": [0, 0, 1, 1], "texture": "#0"}
			}
		},
		{
			"name": "hexadecagon",
			"from": [7.8, 5.80381, 12],
			"to": [8, 7.19619, 12.1],
			"rotation": {"angle": 22.5, "axis": "x", "origin": [7.5, 6.5, 8.6]},
			"faces": {
				"north": {"uv": [0, 0, 1, 1], "texture": "#0"},
				"east": {"uv": [0, 0, 1, 1], "texture": "#0"},
				"south": {"uv": [0, 0, 1, 1], "texture": "#0"},
				"west": {"uv": [0, 0, 1, 1], "texture": "#0"},
				"up": {"uv": [0, 0, 1, 1], "texture": "#0"},
				"down": {"uv": [0, 0, 1, 1], "texture": "#0"}
			}
		},
		{
			"name": "hexadecagon",
			"from": [7.8, 5.80381, 12],
			"to": [8, 7.19619, 12.1],
			"rotation": {"angle": 45, "axis": "x", "origin": [7.5, 6.5, 8.6]},
			"faces": {
				"north": {"uv": [0, 0, 1, 1], "texture": "#0"},
				"east": {"uv": [0, 0, 1, 1], "texture": "#0"},
				"south": {"uv": [0, 0, 1, 1], "texture": "#0"},
				"west": {"uv": [0, 0, 1, 1], "texture": "#0"},
				"up": {"uv": [0, 0, 1, 1], "texture": "#0"},
				"down": {"uv": [0, 0, 1, 1], "texture": "#0"}
			}
		},
		{
			"name": "hexadecagon",
			"from": [7.8, 3, 7.90381],
			"to": [8, 3.1, 9.29619],
			"rotation": {"angle": -22.5, "axis": "x", "origin": [7.5, 6.5, 8.6]},
			"faces": {
				"north": {"uv": [0, 0, 1, 1], "texture": "#0"},
				"east": {"uv": [0, 0, 1, 1], "texture": "#0"},
				"south": {"uv": [0, 0, 1, 1], "texture": "#0"},
				"west": {"uv": [0, 0, 1, 1], "texture": "#0"},
				"up": {"uv": [0, 0, 1, 1], "texture": "#0"},
				"down": {"uv": [0, 0, 1, 1], "texture": "#0"}
			}
		},
		{
			"name": "hexadecagon",
			"from": [7.8, 3, 7.90381],
			"to": [8, 3.1, 9.29619],
			"rotation": {"angle": 0, "axis": "x", "origin": [7.5, 6.5, 8.6]},
			"faces": {
				"north": {"uv": [0, 0, 1, 1], "texture": "#0"},
				"east": {"uv": [0, 0, 1, 1], "texture": "#0"},
				"south": {"uv": [0, 0, 1, 1], "texture": "#0"},
				"west": {"uv": [0, 0, 1, 1], "texture": "#0"},
				"up": {"uv": [0, 0, 1, 1], "texture": "#0"},
				"down": {"uv": [0, 0, 1, 1], "texture": "#0"}
			}
		},
		{
			"name": "hexadecagon",
			"from": [7.8, 3, 7.90381],
			"to": [8, 3.1, 9.29619],
			"rotation": {"angle": 22.5, "axis": "x", "origin": [7.5, 6.5, 8.6]},
			"faces": {
				"north": {"uv": [0, 0, 1, 1], "texture": "#0"},
				"east": {"uv": [0, 0, 1, 1], "texture": "#0"},
				"south": {"uv": [0, 0, 1, 1], "texture": "#0"},
				"west": {"uv": [0, 0, 1, 1], "texture": "#0"},
				"up": {"uv": [0, 0, 1, 1], "texture": "#0"},
				"down": {"uv": [0, 0, 1, 1], "texture": "#0"}
			}
		},
		{
			"name": "hexadecagon",
			"from": [7.8, 9.9, 7.90381],
			"to": [8, 10, 9.29619],
			"rotation": {"angle": -22.5, "axis": "x", "origin": [7.5, 6.5, 8.6]},
			"faces": {
				"north": {"uv": [0, 0, 1, 1], "texture": "#0"},
				"east": {"uv": [0, 0, 1, 1], "texture": "#0"},
				"south": {"uv": [0, 0, 1, 1], "texture": "#0"},
				"west": {"uv": [0, 0, 1, 1], "texture": "#0"},
				"up": {"uv": [0, 0, 1, 1], "texture": "#0"},
				"down": {"uv": [0, 0, 1, 1], "texture": "#0"}
			}
		},
		{
			"name": "hexadecagon",
			"from": [7.8, 9.9, 7.90381],
			"to": [8, 10, 9.29619],
			"rotation": {"angle": 0, "axis": "x", "origin": [7.5, 6.5, 8.6]},
			"faces": {
				"north": {"uv": [0, 0, 1, 1], "texture": "#0"},
				"east": {"uv": [0, 0, 1, 1], "texture": "#0"},
				"south": {"uv": [0, 0, 1, 1], "texture": "#0"},
				"west": {"uv": [0, 0, 1, 1], "texture": "#0"},
				"up": {"uv": [0, 0, 1, 1], "texture": "#0"},
				"down": {"uv": [0, 0, 1, 1], "texture": "#0"}
			}
		},
		{
			"name": "hexadecagon",
			"from": [7.8, 9.9, 7.90381],
			"to": [8, 10, 9.29619],
			"rotation": {"angle": 22.5, "axis": "x", "origin": [7.5, 6.5, 8.6]},
			"faces": {
				"north": {"uv": [0, 0, 1, 1], "texture": "#0"},
				"east": {"uv": [0, 0, 1, 1], "texture": "#0"},
				"south": {"uv": [0, 0, 1, 1], "texture": "#0"},
				"west": {"uv": [0, 0, 1, 1], "texture": "#0"},
				"up": {"uv": [0, 0, 1, 1], "texture": "#0"},
				"down": {"uv": [0, 0, 1, 1], "texture": "#0"}
			}
		},
		{
			"name": "hexadecagon",
			"from": [7.9, 5.8237, 5.2],
			"to": [8, 7.1763, 12],
			"rotation": {"angle": -45, "axis": "x", "origin": [8.4, 6.5, 8.6]},
			"faces": {
				"north": {"uv": [0, 0, 1, 1], "texture": "#2"},
				"east": {"uv": [0, 0, 1, 1], "texture": "#2"},
				"south": {"uv": [0, 0, 1, 1], "texture": "#2"},
				"west": {"uv": [0, 0, 1, 1], "texture": "#2"},
				"up": {"uv": [0, 0, 1, 1], "texture": "#2"},
				"down": {"uv": [0, 0, 1, 1], "texture": "#2"}
			}
		},
		{
			"name": "hexadecagon",
			"from": [7.9, 5.8237, 5.2],
			"to": [8, 7.1763, 12],
			"rotation": {"angle": -22.5, "axis": "x", "origin": [8.4, 6.5, 8.6]},
			"faces": {
				"north": {"uv": [0, 0, 1, 1], "texture": "#2"},
				"east": {"uv": [0, 0, 1, 1], "texture": "#2"},
				"south": {"uv": [0, 0, 1, 1], "texture": "#2"},
				"west": {"uv": [0, 0, 1, 1], "texture": "#2"},
				"up": {"uv": [0, 0, 1, 1], "texture": "#2"},
				"down": {"uv": [0, 0, 1, 1], "texture": "#2"}
			}
		},
		{
			"name": "hexadecagon",
			"from": [7.9, 5.8237, 5.2],
			"to": [8, 7.1763, 12],
			"rotation": {"angle": 0, "axis": "x", "origin": [8.4, 6.5, 8.6]},
			"faces": {
				"north": {"uv": [0, 0, 1, 1], "texture": "#2"},
				"east": {"uv": [0, 0, 1, 1], "texture": "#2"},
				"south": {"uv": [0, 0, 1, 1], "texture": "#2"},
				"west": {"uv": [0, 0, 1, 1], "texture": "#2"},
				"up": {"uv": [0, 0, 1, 1], "texture": "#2"},
				"down": {"uv": [0, 0, 1, 1], "texture": "#2"}
			}
		},
		{
			"name": "hexadecagon",
			"from": [7.9, 5.8237, 5.2],
			"to": [8, 7.1763, 12],
			"rotation": {"angle": 22.5, "axis": "x", "origin": [8.4, 6.5, 8.6]},
			"faces": {
				"north": {"uv": [0, 0, 1, 1], "texture": "#2"},
				"east": {"uv": [0, 0, 1, 1], "texture": "#2"},
				"south": {"uv": [0, 0, 1, 1], "texture": "#2"},
				"west": {"uv": [0, 0, 1, 1], "texture": "#2"},
				"up": {"uv": [0, 0, 1, 1], "texture": "#2"},
				"down": {"uv": [0, 0, 1, 1], "texture": "#2"}
			}
		},
		{
			"name": "hexadecagon",
			"from": [7.9, 5.8237, 5.2],
			"to": [8, 7.1763, 12],
			"rotation": {"angle": 45, "axis": "x", "origin": [8.4, 6.5, 8.6]},
			"faces": {
				"north": {"uv": [0, 0, 1, 1], "texture": "#2"},
				"east": {"uv": [0, 0, 1, 1], "texture": "#2"},
				"south": {"uv": [0, 0, 1, 1], "texture": "#2"},
				"west": {"uv": [0, 0, 1, 1], "texture": "#2"},
				"up": {"uv": [0, 0, 1, 1], "texture": "#2"},
				"down": {"uv": [0, 0, 1, 1], "texture": "#2"}
			}
		},
		{
			"name": "hexadecagon",
			"from": [7.9, 3.1, 7.9237],
			"to": [8, 9.9, 9.2763],
			"rotation": {"angle": -22.5, "axis": "x", "origin": [8.4, 6.5, 8.6]},
			"faces": {
				"north": {"uv": [0, 0, 1, 1], "texture": "#2"},
				"east": {"uv": [0, 0, 1, 1], "texture": "#2"},
				"south": {"uv": [0, 0, 1, 1], "texture": "#2"},
				"west": {"uv": [0, 0, 1, 1], "texture": "#2"},
				"up": {"uv": [0, 0, 1, 1], "texture": "#2"},
				"down": {"uv": [0, 0, 1, 1], "texture": "#2"}
			}
		},
		{
			"name": "hexadecagon",
			"from": [7.9, 3.1, 7.9237],
			"to": [8, 9.9, 9.2763],
			"rotation": {"angle": 0, "axis": "x", "origin": [8.4, 6.5, 8.6]},
			"faces": {
				"north": {"uv": [0, 0, 1, 1], "texture": "#2"},
				"east": {"uv": [0, 0, 1, 1], "texture": "#2"},
				"south": {"uv": [0, 0, 1, 1], "texture": "#2"},
				"west": {"uv": [0, 0, 1, 1], "texture": "#2"},
				"up": {"uv": [0, 0, 1, 1], "texture": "#2"},
				"down": {"uv": [0, 0, 1, 1], "texture": "#2"}
			}
		},
		{
			"name": "hexadecagon",
			"from": [7.9, 3.1, 7.9237],
			"to": [8, 9.9, 9.2763],
			"rotation": {"angle": 22.5, "axis": "x", "origin": [8.4, 6.5, 8.6]},
			"faces": {
				"north": {"uv": [0, 0, 1, 1], "texture": "#2"},
				"east": {"uv": [0, 0, 1, 1], "texture": "#2"},
				"south": {"uv": [0, 0, 1, 1], "texture": "#2"},
				"west": {"uv": [0, 0, 1, 1], "texture": "#2"},
				"up": {"uv": [0, 0, 1, 1], "texture": "#2"},
				"down": {"uv": [0, 0, 1, 1], "texture": "#2"}
			}
		},
		{
			"name": "hexadecagon",
			"from": [8.50218, 0.4, -0.2],
			"to": [9.29782, 4.4, 0.8],
			"rotation": {"angle": -45, "axis": "z", "origin": [8.9, 2.4, 0.3]},
			"faces": {
				"north": {"uv": [0, 0, 1, 1], "texture": "#2"},
				"east": {"uv": [0, 0, 1, 1], "texture": "#2"},
				"south": {"uv": [0, 0, 1, 1], "texture": "#2"},
				"west": {"uv": [0, 0, 1, 1], "texture": "#2"},
				"up": {"uv": [0, 0, 1, 1], "texture": "#2"},
				"down": {"uv": [0, 0, 1, 1], "texture": "#2"}
			}
		},
		{
			"name": "hexadecagon",
			"from": [8.50218, 0.4, -0.2],
			"to": [9.29782, 4.4, 0.8],
			"rotation": {"angle": -22.5, "axis": "z", "origin": [8.9, 2.4, 0.3]},
			"faces": {
				"north": {"uv": [0, 0, 1, 1], "texture": "#2"},
				"east": {"uv": [0, 0, 1, 1], "texture": "#2"},
				"south": {"uv": [0, 0, 1, 1], "texture": "#2"},
				"west": {"uv": [0, 0, 1, 1], "texture": "#2"},
				"up": {"uv": [0, 0, 1, 1], "texture": "#2"},
				"down": {"uv": [0, 0, 1, 1], "texture": "#2"}
			}
		},
		{
			"name": "hexadecagon",
			"from": [8.50218, 0.4, -0.2],
			"to": [9.29782, 4.4, 0.8],
			"rotation": {"angle": 0, "axis": "z", "origin": [8.9, 2.4, 0.3]},
			"faces": {
				"north": {"uv": [0, 0, 1, 1], "texture": "#2"},
				"east": {"uv": [0, 0, 1, 1], "texture": "#2"},
				"south": {"uv": [0, 0, 1, 1], "texture": "#2"},
				"west": {"uv": [0, 0, 1, 1], "texture": "#2"},
				"up": {"uv": [0, 0, 1, 1], "texture": "#2"},
				"down": {"uv": [0, 0, 1, 1], "texture": "#2"}
			}
		},
		{
			"name": "hexadecagon",
			"from": [8.50218, 0.4, -0.2],
			"to": [9.29782, 4.4, 0.8],
			"rotation": {"angle": 22.5, "axis": "z", "origin": [8.9, 2.4, 0.3]},
			"faces": {
				"north": {"uv": [0, 0, 1, 1], "texture": "#2"},
				"east": {"uv": [0, 0, 1, 1], "texture": "#2"},
				"south": {"uv": [0, 0, 1, 1], "texture": "#2"},
				"west": {"uv": [0, 0, 1, 1], "texture": "#2"},
				"up": {"uv": [0, 0, 1, 1], "texture": "#2"},
				"down": {"uv": [0, 0, 1, 1], "texture": "#2"}
			}
		},
		{
			"name": "hexadecagon",
			"from": [8.50218, 0.4, -0.2],
			"to": [9.29782, 4.4, 0.8],
			"rotation": {"angle": 45, "axis": "z", "origin": [8.9, 2.4, 0.3]},
			"faces": {
				"north": {"uv": [0, 0, 1, 1], "texture": "#2"},
				"east": {"uv": [0, 0, 1, 1], "texture": "#2"},
				"south": {"uv": [0, 0, 1, 1], "texture": "#2"},
				"west": {"uv": [0, 0, 1, 1], "texture": "#2"},
				"up": {"uv": [0, 0, 1, 1], "texture": "#2"},
				"down": {"uv": [0, 0, 1, 1], "texture": "#2"}
			}
		},
		{
			"name": "hexadecagon",
			"from": [6.9, 2.00218, -0.2],
			"to": [10.9, 2.79782, 0.8],
			"rotation": {"angle": -22.5, "axis": "z", "origin": [8.9, 2.4, 0.3]},
			"faces": {
				"north": {"uv": [0, 0, 1, 1], "texture": "#2"},
				"east": {"uv": [0, 0, 1, 1], "texture": "#2"},
				"south": {"uv": [0, 0, 1, 1], "texture": "#2"},
				"west": {"uv": [0, 0, 1, 1], "texture": "#2"},
				"up": {"uv": [0, 0, 1, 1], "texture": "#2"},
				"down": {"uv": [0, 0, 1, 1], "texture": "#2"}
			}
		},
		{
			"name": "hexadecagon",
			"from": [6.9, 2.00218, -0.2],
			"to": [10.9, 2.79782, 0.8],
			"rotation": {"angle": 0, "axis": "z", "origin": [8.9, 2.4, 0.3]},
			"faces": {
				"north": {"uv": [0, 0, 1, 1], "texture": "#2"},
				"east": {"uv": [0, 0, 1, 1], "texture": "#2"},
				"south": {"uv": [0, 0, 1, 1], "texture": "#2"},
				"west": {"uv": [0, 0, 1, 1], "texture": "#2"},
				"up": {"uv": [0, 0, 1, 1], "texture": "#2"},
				"down": {"uv": [0, 0, 1, 1], "texture": "#2"}
			}
		},
		{
			"name": "hexadecagon",
			"from": [6.9, 2.00218, -0.2],
			"to": [10.9, 2.79782, 0.8],
			"rotation": {"angle": 22.5, "axis": "z", "origin": [8.9, 2.4, 0.3]},
			"faces": {
				"north": {"uv": [0, 0, 1, 1], "texture": "#2"},
				"east": {"uv": [0, 0, 1, 1], "texture": "#2"},
				"south": {"uv": [0, 0, 1, 1], "texture": "#2"},
				"west": {"uv": [0, 0, 1, 1], "texture": "#2"},
				"up": {"uv": [0, 0, 1, 1], "texture": "#2"},
				"down": {"uv": [0, 0, 1, 1], "texture": "#2"}
			}
		},
		{
			"name": "hexadecagon",
			"from": [9.45082, 4.65, -0.2],
			"to": [9.74918, 6.15, 0.8],
			"rotation": {"angle": -45, "axis": "z", "origin": [9.6, 5.4, 0.3]},
			"faces": {
				"north": {"uv": [0, 0, 1, 1], "texture": "#2"},
				"east": {"uv": [0, 0, 1, 1], "texture": "#2"},
				"south": {"uv": [0, 0, 1, 1], "texture": "#2"},
				"west": {"uv": [0, 0, 1, 1], "texture": "#2"},
				"up": {"uv": [0, 0, 1, 1], "texture": "#2"},
				"down": {"uv": [0, 0, 1, 1], "texture": "#2"}
			}
		},
		{
			"name": "hexadecagon",
			"from": [9.45082, 4.65, -0.2],
			"to": [9.74918, 6.15, 0.8],
			"rotation": {"angle": -22.5, "axis": "z", "origin": [9.6, 5.4, 0.3]},
			"faces": {
				"north": {"uv": [0, 0, 1, 1], "texture": "#2"},
				"east": {"uv": [0, 0, 1, 1], "texture": "#2"},
				"south": {"uv": [0, 0, 1, 1], "texture": "#2"},
				"west": {"uv": [0, 0, 1, 1], "texture": "#2"},
				"up": {"uv": [0, 0, 1, 1], "texture": "#2"},
				"down": {"uv": [0, 0, 1, 1], "texture": "#2"}
			}
		},
		{
			"name": "hexadecagon",
			"from": [9.45082, 4.65, -0.2],
			"to": [9.74918, 6.15, 0.8],
			"rotation": {"angle": 0, "axis": "z", "origin": [9.6, 5.4, 0.3]},
			"faces": {
				"north": {"uv": [0, 0, 1, 1], "texture": "#2"},
				"east": {"uv": [0, 0, 1, 1], "texture": "#2"},
				"south": {"uv": [0, 0, 1, 1], "texture": "#2"},
				"west": {"uv": [0, 0, 1, 1], "texture": "#2"},
				"up": {"uv": [0, 0, 1, 1], "texture": "#2"},
				"down": {"uv": [0, 0, 1, 1], "texture": "#2"}
			}
		},
		{
			"name": "hexadecagon",
			"from": [9.45082, 4.65, -0.2],
			"to": [9.74918, 6.15, 0.8],
			"rotation": {"angle": 22.5, "axis": "z", "origin": [9.6, 5.4, 0.3]},
			"faces": {
				"north": {"uv": [0, 0, 1, 1], "texture": "#2"},
				"east": {"uv": [0, 0, 1, 1], "texture": "#2"},
				"south": {"uv": [0, 0, 1, 1], "texture": "#2"},
				"west": {"uv": [0, 0, 1, 1], "texture": "#2"},
				"up": {"uv": [0, 0, 1, 1], "texture": "#2"},
				"down": {"uv": [0, 0, 1, 1], "texture": "#2"}
			}
		},
		{
			"name": "hexadecagon",
			"from": [9.45082, 4.65, -0.2],
			"to": [9.74918, 6.15, 0.8],
			"rotation": {"angle": 45, "axis": "z", "origin": [9.6, 5.4, 0.3]},
			"faces": {
				"north": {"uv": [0, 0, 1, 1], "texture": "#2"},
				"east": {"uv": [0, 0, 1, 1], "texture": "#2"},
				"south": {"uv": [0, 0, 1, 1], "texture": "#2"},
				"west": {"uv": [0, 0, 1, 1], "texture": "#2"},
				"up": {"uv": [0, 0, 1, 1], "texture": "#2"},
				"down": {"uv": [0, 0, 1, 1], "texture": "#2"}
			}
		},
		{
			"name": "hexadecagon",
			"from": [8.85, 5.25082, -0.2],
			"to": [10.35, 5.54918, 0.8],
			"rotation": {"angle": -22.5, "axis": "z", "origin": [9.6, 5.4, 0.3]},
			"faces": {
				"north": {"uv": [0, 0, 1, 1], "texture": "#2"},
				"east": {"uv": [0, 0, 1, 1], "texture": "#2"},
				"south": {"uv": [0, 0, 1, 1], "texture": "#2"},
				"west": {"uv": [0, 0, 1, 1], "texture": "#2"},
				"up": {"uv": [0, 0, 1, 1], "texture": "#2"},
				"down": {"uv": [0, 0, 1, 1], "texture": "#2"}
			}
		},
		{
			"name": "hexadecagon",
			"from": [8.85, 5.25082, -0.2],
			"to": [10.35, 5.54918, 0.8],
			"rotation": {"angle": 0, "axis": "z", "origin": [9.6, 5.4, 0.3]},
			"faces": {
				"north": {"uv": [0, 0, 1, 1], "texture": "#2"},
				"east": {"uv": [0, 0, 1, 1], "texture": "#2"},
				"south": {"uv": [0, 0, 1, 1], "texture": "#2"},
				"west": {"uv": [0, 0, 1, 1], "texture": "#2"},
				"up": {"uv": [0, 0, 1, 1], "texture": "#2"},
				"down": {"uv": [0, 0, 1, 1], "texture": "#2"}
			}
		},
		{
			"name": "hexadecagon",
			"from": [8.85, 5.25082, -0.2],
			"to": [10.35, 5.54918, 0.8],
			"rotation": {"angle": 22.5, "axis": "z", "origin": [9.6, 5.4, 0.3]},
			"faces": {
				"north": {"uv": [0, 0, 1, 1], "texture": "#2"},
				"east": {"uv": [0, 0, 1, 1], "texture": "#2"},
				"south": {"uv": [0, 0, 1, 1], "texture": "#2"},
				"west": {"uv": [0, 0, 1, 1], "texture": "#2"},
				"up": {"uv": [0, 0, 1, 1], "texture": "#2"},
				"down": {"uv": [0, 0, 1, 1], "texture": "#2"}
			}
		},
		{
			"name": "hexadecagon",
			"from": [9.45082, 6.35, -0.2],
			"to": [9.74918, 7.85, 0.8],
			"rotation": {"angle": -45, "axis": "z", "origin": [9.6, 7.1, 0.3]},
			"faces": {
				"north": {"uv": [0, 0, 1, 1], "texture": "#2"},
				"east": {"uv": [0, 0, 1, 1], "texture": "#2"},
				"south": {"uv": [0, 0, 1, 1], "texture": "#2"},
				"west": {"uv": [0, 0, 1, 1], "texture": "#2"},
				"up": {"uv": [0, 0, 1, 1], "texture": "#2"},
				"down": {"uv": [0, 0, 1, 1], "texture": "#2"}
			}
		},
		{
			"name": "hexadecagon",
			"from": [9.45082, 6.35, -0.2],
			"to": [9.74918, 7.85, 0.8],
			"rotation": {"angle": -22.5, "axis": "z", "origin": [9.6, 7.1, 0.3]},
			"faces": {
				"north": {"uv": [0, 0, 1, 1], "texture": "#2"},
				"east": {"uv": [0, 0, 1, 1], "texture": "#2"},
				"south": {"uv": [0, 0, 1, 1], "texture": "#2"},
				"west": {"uv": [0, 0, 1, 1], "texture": "#2"},
				"up": {"uv": [0, 0, 1, 1], "texture": "#2"},
				"down": {"uv": [0, 0, 1, 1], "texture": "#2"}
			}
		},
		{
			"name": "hexadecagon",
			"from": [9.45082, 6.35, -0.2],
			"to": [9.74918, 7.85, 0.8],
			"rotation": {"angle": 0, "axis": "z", "origin": [9.6, 7.1, 0.3]},
			"faces": {
				"north": {"uv": [0, 0, 1, 1], "texture": "#2"},
				"east": {"uv": [0, 0, 1, 1], "texture": "#2"},
				"south": {"uv": [0, 0, 1, 1], "texture": "#2"},
				"west": {"uv": [0, 0, 1, 1], "texture": "#2"},
				"up": {"uv": [0, 0, 1, 1], "texture": "#2"},
				"down": {"uv": [0, 0, 1, 1], "texture": "#2"}
			}
		},
		{
			"name": "hexadecagon",
			"from": [9.45082, 6.35, -0.2],
			"to": [9.74918, 7.85, 0.8],
			"rotation": {"angle": 22.5, "axis": "z", "origin": [9.6, 7.1, 0.3]},
			"faces": {
				"north": {"uv": [0, 0, 1, 1], "texture": "#2"},
				"east": {"uv": [0, 0, 1, 1], "texture": "#2"},
				"south": {"uv": [0, 0, 1, 1], "texture": "#2"},
				"west": {"uv": [0, 0, 1, 1], "texture": "#2"},
				"up": {"uv": [0, 0, 1, 1], "texture": "#2"},
				"down": {"uv": [0, 0, 1, 1], "texture": "#2"}
			}
		},
		{
			"name": "hexadecagon",
			"from": [9.45082, 6.35, -0.2],
			"to": [9.74918, 7.85, 0.8],
			"rotation": {"angle": 45, "axis": "z", "origin": [9.6, 7.1, 0.3]},
			"faces": {
				"north": {"uv": [0, 0, 1, 1], "texture": "#2"},
				"east": {"uv": [0, 0, 1, 1], "texture": "#2"},
				"south": {"uv": [0, 0, 1, 1], "texture": "#2"},
				"west": {"uv": [0, 0, 1, 1], "texture": "#2"},
				"up": {"uv": [0, 0, 1, 1], "texture": "#2"},
				"down": {"uv": [0, 0, 1, 1], "texture": "#2"}
			}
		},
		{
			"name": "hexadecagon",
			"from": [8.85, 6.95082, -0.2],
			"to": [10.35, 7.24918, 0.8],
			"rotation": {"angle": -22.5, "axis": "z", "origin": [9.6, 7.1, 0.3]},
			"faces": {
				"north": {"uv": [0, 0, 1, 1], "texture": "#2"},
				"east": {"uv": [0, 0, 1, 1], "texture": "#2"},
				"south": {"uv": [0, 0, 1, 1], "texture": "#2"},
				"west": {"uv": [0, 0, 1, 1], "texture": "#2"},
				"up": {"uv": [0, 0, 1, 1], "texture": "#2"},
				"down": {"uv": [0, 0, 1, 1], "texture": "#2"}
			}
		},
		{
			"name": "hexadecagon",
			"from": [8.85, 6.95082, -0.2],
			"to": [10.35, 7.24918, 0.8],
			"rotation": {"angle": 0, "axis": "z", "origin": [9.6, 7.1, 0.3]},
			"faces": {
				"north": {"uv": [0, 0, 1, 1], "texture": "#2"},
				"east": {"uv": [0, 0, 1, 1], "texture": "#2"},
				"south": {"uv": [0, 0, 1, 1], "texture": "#2"},
				"west": {"uv": [0, 0, 1, 1], "texture": "#2"},
				"up": {"uv": [0, 0, 1, 1], "texture": "#2"},
				"down": {"uv": [0, 0, 1, 1], "texture": "#2"}
			}
		},
		{
			"name": "hexadecagon",
			"from": [8.85, 6.95082, -0.2],
			"to": [10.35, 7.24918, 0.8],
			"rotation": {"angle": 22.5, "axis": "z", "origin": [9.6, 7.1, 0.3]},
			"faces": {
				"north": {"uv": [0, 0, 1, 1], "texture": "#2"},
				"east": {"uv": [0, 0, 1, 1], "texture": "#2"},
				"south": {"uv": [0, 0, 1, 1], "texture": "#2"},
				"west": {"uv": [0, 0, 1, 1], "texture": "#2"},
				"up": {"uv": [0, 0, 1, 1], "texture": "#2"},
				"down": {"uv": [0, 0, 1, 1], "texture": "#2"}
			}
		},
		{
			"name": "hexadecagon",
			"from": [9.45082, 7.95, -0.2],
			"to": [9.74918, 9.45, 0.8],
			"rotation": {"angle": -45, "axis": "z", "origin": [9.6, 8.7, 0.3]},
			"faces": {
				"north": {"uv": [0, 0, 1, 1], "texture": "#2"},
				"east": {"uv": [0, 0, 1, 1], "texture": "#2"},
				"south": {"uv": [0, 0, 1, 1], "texture": "#2"},
				"west": {"uv": [0, 0, 1, 1], "texture": "#2"},
				"up": {"uv": [0, 0, 1, 1], "texture": "#2"},
				"down": {"uv": [0, 0, 1, 1], "texture": "#2"}
			}
		},
		{
			"name": "hexadecagon",
			"from": [9.45082, 7.95, -0.2],
			"to": [9.74918, 9.45, 0.8],
			"rotation": {"angle": -22.5, "axis": "z", "origin": [9.6, 8.7, 0.3]},
			"faces": {
				"north": {"uv": [0, 0, 1, 1], "texture": "#2"},
				"east": {"uv": [0, 0, 1, 1], "texture": "#2"},
				"south": {"uv": [0, 0, 1, 1], "texture": "#2"},
				"west": {"uv": [0, 0, 1, 1], "texture": "#2"},
				"up": {"uv": [0, 0, 1, 1], "texture": "#2"},
				"down": {"uv": [0, 0, 1, 1], "texture": "#2"}
			}
		},
		{
			"name": "hexadecagon",
			"from": [9.45082, 7.95, -0.2],
			"to": [9.74918, 9.45, 0.8],
			"rotation": {"angle": 0, "axis": "z", "origin": [9.6, 8.7, 0.3]},
			"faces": {
				"north": {"uv": [0, 0, 1, 1], "texture": "#2"},
				"east": {"uv": [0, 0, 1, 1], "texture": "#2"},
				"south": {"uv": [0, 0, 1, 1], "texture": "#2"},
				"west": {"uv": [0, 0, 1, 1], "texture": "#2"},
				"up": {"uv": [0, 0, 1, 1], "texture": "#2"},
				"down": {"uv": [0, 0, 1, 1], "texture": "#2"}
			}
		},
		{
			"name": "hexadecagon",
			"from": [9.45082, 7.95, -0.2],
			"to": [9.74918, 9.45, 0.8],
			"rotation": {"angle": 22.5, "axis": "z", "origin": [9.6, 8.7, 0.3]},
			"faces": {
				"north": {"uv": [0, 0, 1, 1], "texture": "#2"},
				"east": {"uv": [0, 0, 1, 1], "texture": "#2"},
				"south": {"uv": [0, 0, 1, 1], "texture": "#2"},
				"west": {"uv": [0, 0, 1, 1], "texture": "#2"},
				"up": {"uv": [0, 0, 1, 1], "texture": "#2"},
				"down": {"uv": [0, 0, 1, 1], "texture": "#2"}
			}
		},
		{
			"name": "hexadecagon",
			"from": [9.45082, 7.95, -0.2],
			"to": [9.74918, 9.45, 0.8],
			"rotation": {"angle": 45, "axis": "z", "origin": [9.6, 8.7, 0.3]},
			"faces": {
				"north": {"uv": [0, 0, 1, 1], "texture": "#2"},
				"east": {"uv": [0, 0, 1, 1], "texture": "#2"},
				"south": {"uv": [0, 0, 1, 1], "texture": "#2"},
				"west": {"uv": [0, 0, 1, 1], "texture": "#2"},
				"up": {"uv": [0, 0, 1, 1], "texture": "#2"},
				"down": {"uv": [0, 0, 1, 1], "texture": "#2"}
			}
		},
		{
			"name": "hexadecagon",
			"from": [8.85, 8.55082, -0.2],
			"to": [10.35, 8.84918, 0.8],
			"rotation": {"angle": -22.5, "axis": "z", "origin": [9.6, 8.7, 0.3]},
			"faces": {
				"north": {"uv": [0, 0, 1, 1], "texture": "#2"},
				"east": {"uv": [0, 0, 1, 1], "texture": "#2"},
				"south": {"uv": [0, 0, 1, 1], "texture": "#2"},
				"west": {"uv": [0, 0, 1, 1], "texture": "#2"},
				"up": {"uv": [0, 0, 1, 1], "texture": "#2"},
				"down": {"uv": [0, 0, 1, 1], "texture": "#2"}
			}
		},
		{
			"name": "hexadecagon",
			"from": [8.85, 8.55082, -0.2],
			"to": [10.35, 8.84918, 0.8],
			"rotation": {"angle": 0, "axis": "z", "origin": [9.6, 8.7, 0.3]},
			"faces": {
				"north": {"uv": [0, 0, 1, 1], "texture": "#2"},
				"east": {"uv": [0, 0, 1, 1], "texture": "#2"},
				"south": {"uv": [0, 0, 1, 1], "texture": "#2"},
				"west": {"uv": [0, 0, 1, 1], "texture": "#2"},
				"up": {"uv": [0, 0, 1, 1], "texture": "#2"},
				"down": {"uv": [0, 0, 1, 1], "texture": "#2"}
			}
		},
		{
			"name": "hexadecagon",
			"from": [8.85, 8.55082, -0.2],
			"to": [10.35, 8.84918, 0.8],
			"rotation": {"angle": 22.5, "axis": "z", "origin": [9.6, 8.7, 0.3]},
			"faces": {
				"north": {"uv": [0, 0, 1, 1], "texture": "#2"},
				"east": {"uv": [0, 0, 1, 1], "texture": "#2"},
				"south": {"uv": [0, 0, 1, 1], "texture": "#2"},
				"west": {"uv": [0, 0, 1, 1], "texture": "#2"},
				"up": {"uv": [0, 0, 1, 1], "texture": "#2"},
				"down": {"uv": [0, 0, 1, 1], "texture": "#2"}
			}
		},
		{
			"name": "hexadecagon",
			"from": [8.76076, 1.7, -0.3],
			"to": [9.03924, 3.1, 0.7],
			"rotation": {"angle": -45, "axis": "z", "origin": [8.9, 2.4, 0.2]},
			"faces": {
				"north": {"uv": [0, 0, 1, 1], "texture": "#1"},
				"east": {"uv": [0, 0, 1, 1], "texture": "#1"},
				"south": {"uv": [0, 0, 1, 1], "texture": "#1"},
				"west": {"uv": [0, 0, 1, 1], "texture": "#1"},
				"up": {"uv": [0, 0, 1, 1], "texture": "#1"},
				"down": {"uv": [0, 0, 1, 1], "texture": "#1"}
			}
		},
		{
			"name": "hexadecagon",
			"from": [8.76076, 1.7, -0.3],
			"to": [9.03924, 3.1, 0.7],
			"rotation": {"angle": -22.5, "axis": "z", "origin": [8.9, 2.4, 0.2]},
			"faces": {
				"north": {"uv": [0, 0, 1, 1], "texture": "#1"},
				"east": {"uv": [0, 0, 1, 1], "texture": "#1"},
				"south": {"uv": [0, 0, 1, 1], "texture": "#1"},
				"west": {"uv": [0, 0, 1, 1], "texture": "#1"},
				"up": {"uv": [0, 0, 1, 1], "texture": "#1"},
				"down": {"uv": [0, 0, 1, 1], "texture": "#1"}
			}
		},
		{
			"name": "hexadecagon",
			"from": [8.76076, 1.7, -0.3],
			"to": [9.03924, 3.1, 0.7],
			"rotation": {"angle": 0, "axis": "z", "origin": [8.9, 2.4, 0.2]},
			"faces": {
				"north": {"uv": [0, 0, 1, 1], "texture": "#1"},
				"east": {"uv": [0, 0, 1, 1], "texture": "#1"},
				"south": {"uv": [0, 0, 1, 1], "texture": "#1"},
				"west": {"uv": [0, 0, 1, 1], "texture": "#1"},
				"up": {"uv": [0, 0, 1, 1], "texture": "#1"},
				"down": {"uv": [0, 0, 1, 1], "texture": "#1"}
			}
		},
		{
			"name": "hexadecagon",
			"from": [8.76076, 1.7, -0.3],
			"to": [9.03924, 3.1, 0.7],
			"rotation": {"angle": 22.5, "axis": "z", "origin": [8.9, 2.4, 0.2]},
			"faces": {
				"north": {"uv": [0, 0, 1, 1], "texture": "#1"},
				"east": {"uv": [0, 0, 1, 1], "texture": "#1"},
				"south": {"uv": [0, 0, 1, 1], "texture": "#1"},
				"west": {"uv": [0, 0, 1, 1], "texture": "#1"},
				"up": {"uv": [0, 0, 1, 1], "texture": "#1"},
				"down": {"uv": [0, 0, 1, 1], "texture": "#1"}
			}
		},
		{
			"name": "hexadecagon",
			"from": [8.76076, 1.7, -0.3],
			"to": [9.03924, 3.1, 0.7],
			"rotation": {"angle": 45, "axis": "z", "origin": [8.9, 2.4, 0.2]},
			"faces": {
				"north": {"uv": [0, 0, 1, 1], "texture": "#1"},
				"east": {"uv": [0, 0, 1, 1], "texture": "#1"},
				"south": {"uv": [0, 0, 1, 1], "texture": "#1"},
				"west": {"uv": [0, 0, 1, 1], "texture": "#1"},
				"up": {"uv": [0, 0, 1, 1], "texture": "#1"},
				"down": {"uv": [0, 0, 1, 1], "texture": "#1"}
			}
		},
		{
			"name": "hexadecagon",
			"from": [8.2, 2.26076, -0.3],
			"to": [9.6, 2.53924, 0.7],
			"rotation": {"angle": -22.5, "axis": "z", "origin": [8.9, 2.4, 0.2]},
			"faces": {
				"north": {"uv": [0, 0, 1, 1], "texture": "#1"},
				"east": {"uv": [0, 0, 1, 1], "texture": "#1"},
				"south": {"uv": [0, 0, 1, 1], "texture": "#1"},
				"west": {"uv": [0, 0, 1, 1], "texture": "#1"},
				"up": {"uv": [0, 0, 1, 1], "texture": "#1"},
				"down": {"uv": [0, 0, 1, 1], "texture": "#1"}
			}
		},
		{
			"name": "hexadecagon",
			"from": [8.2, 2.26076, -0.3],
			"to": [9.6, 2.53924, 0.7],
			"rotation": {"angle": 0, "axis": "z", "origin": [8.9, 2.4, 0.2]},
			"faces": {
				"north": {"uv": [0, 0, 1, 1], "texture": "#1"},
				"east": {"uv": [0, 0, 1, 1], "texture": "#1"},
				"south": {"uv": [0, 0, 1, 1], "texture": "#1"},
				"west": {"uv": [0, 0, 1, 1], "texture": "#1"},
				"up": {"uv": [0, 0, 1, 1], "texture": "#1"},
				"down": {"uv": [0, 0, 1, 1], "texture": "#1"}
			}
		},
		{
			"name": "hexadecagon",
			"from": [8.2, 2.26076, -0.3],
			"to": [9.6, 2.53924, 0.7],
			"rotation": {"angle": 22.5, "axis": "z", "origin": [8.9, 2.4, 0.2]},
			"faces": {
				"north": {"uv": [0, 0, 1, 1], "texture": "#1"},
				"east": {"uv": [0, 0, 1, 1], "texture": "#1"},
				"south": {"uv": [0, 0, 1, 1], "texture": "#1"},
				"west": {"uv": [0, 0, 1, 1], "texture": "#1"},
				"up": {"uv": [0, 0, 1, 1], "texture": "#1"},
				"down": {"uv": [0, 0, 1, 1], "texture": "#1"}
			}
		},
		{
			"name": "hexadecagon",
			"from": [7.8, 6.30109, 7.6],
			"to": [8.8, 6.69891, 9.6],
			"rotation": {"angle": -45, "axis": "x", "origin": [8.3, 6.5, 8.6]},
			"faces": {
				"north": {"uv": [3, 2, 4, 3], "texture": "#3"},
				"east": {"uv": [3, 2, 4, 3], "texture": "#3"},
				"south": {"uv": [3, 2, 4, 3], "texture": "#3"},
				"west": {"uv": [3, 2, 4, 3], "texture": "#3"},
				"up": {"uv": [3, 2, 4, 3], "texture": "#3"},
				"down": {"uv": [3, 2, 4, 3], "texture": "#3"}
			}
		},
		{
			"name": "hexadecagon",
			"from": [7.8, 6.30109, 7.6],
			"to": [8.8, 6.69891, 9.6],
			"rotation": {"angle": -22.5, "axis": "x", "origin": [8.3, 6.5, 8.6]},
			"faces": {
				"north": {"uv": [3, 2, 4, 3], "texture": "#3"},
				"east": {"uv": [3, 2, 4, 3], "texture": "#3"},
				"south": {"uv": [3, 2, 4, 3], "texture": "#3"},
				"west": {"uv": [3, 2, 4, 3], "texture": "#3"},
				"up": {"uv": [3, 2, 4, 3], "texture": "#3"},
				"down": {"uv": [3, 2, 4, 3], "texture": "#3"}
			}
		},
		{
			"name": "hexadecagon",
			"from": [7.8, 6.30109, 7.6],
			"to": [8.8, 6.69891, 9.6],
			"rotation": {"angle": 0, "axis": "x", "origin": [8.3, 6.5, 8.6]},
			"faces": {
				"north": {"uv": [3, 2, 4, 3], "texture": "#3"},
				"east": {"uv": [3, 2, 4, 3], "texture": "#3"},
				"south": {"uv": [3, 2, 4, 3], "texture": "#3"},
				"west": {"uv": [3, 2, 4, 3], "texture": "#3"},
				"up": {"uv": [3, 2, 4, 3], "texture": "#3"},
				"down": {"uv": [3, 2, 4, 3], "texture": "#3"}
			}
		},
		{
			"name": "hexadecagon",
			"from": [7.8, 6.30109, 7.6],
			"to": [8.8, 6.69891, 9.6],
			"rotation": {"angle": 22.5, "axis": "x", "origin": [8.3, 6.5, 8.6]},
			"faces": {
				"north": {"uv": [3, 2, 4, 3], "texture": "#3"},
				"east": {"uv": [3, 2, 4, 3], "texture": "#3"},
				"south": {"uv": [3, 2, 4, 3], "texture": "#3"},
				"west": {"uv": [3, 2, 4, 3], "texture": "#3"},
				"up": {"uv": [3, 2, 4, 3], "texture": "#3"},
				"down": {"uv": [3, 2, 4, 3], "texture": "#3"}
			}
		},
		{
			"name": "hexadecagon",
			"from": [7.8, 6.30109, 7.6],
			"to": [8.8, 6.69891, 9.6],
			"rotation": {"angle": 45, "axis": "x", "origin": [8.3, 6.5, 8.6]},
			"faces": {
				"north": {"uv": [3, 2, 4, 3], "texture": "#3"},
				"east": {"uv": [3, 2, 4, 3], "texture": "#3"},
				"south": {"uv": [3, 2, 4, 3], "texture": "#3"},
				"west": {"uv": [3, 2, 4, 3], "texture": "#3"},
				"up": {"uv": [3, 2, 4, 3], "texture": "#3"},
				"down": {"uv": [3, 2, 4, 3], "texture": "#3"}
			}
		},
		{
			"name": "hexadecagon",
			"from": [7.8, 5.5, 8.40109],
			"to": [8.8, 7.5, 8.79891],
			"rotation": {"angle": -22.5, "axis": "x", "origin": [8.3, 6.5, 8.6]},
			"faces": {
				"north": {"uv": [3, 2, 4, 3], "texture": "#3"},
				"east": {"uv": [3, 2, 4, 3], "texture": "#3"},
				"south": {"uv": [3, 2, 4, 3], "texture": "#3"},
				"west": {"uv": [3, 2, 4, 3], "texture": "#3"},
				"up": {"uv": [3, 2, 4, 3], "texture": "#3"},
				"down": {"uv": [3, 2, 4, 3], "texture": "#3"}
			}
		},
		{
			"name": "hexadecagon",
			"from": [7.8, 5.5, 8.40109],
			"to": [8.8, 7.5, 8.79891],
			"rotation": {"angle": 0, "axis": "x", "origin": [8.3, 6.5, 8.6]},
			"faces": {
				"north": {"uv": [3, 2, 4, 3], "texture": "#3"},
				"east": {"uv": [3, 2, 4, 3], "texture": "#3"},
				"south": {"uv": [3, 2, 4, 3], "texture": "#3"},
				"west": {"uv": [3, 2, 4, 3], "texture": "#3"},
				"up": {"uv": [3, 2, 4, 3], "texture": "#3"},
				"down": {"uv": [3, 2, 4, 3], "texture": "#3"}
			}
		},
		{
			"name": "hexadecagon",
			"from": [7.8, 5.5, 8.40109],
			"to": [8.8, 7.5, 8.79891],
			"rotation": {"angle": 22.5, "axis": "x", "origin": [8.3, 6.5, 8.6]},
			"faces": {
				"north": {"uv": [3, 2, 4, 3], "texture": "#3"},
				"east": {"uv": [3, 2, 4, 3], "texture": "#3"},
				"south": {"uv": [3, 2, 4, 3], "texture": "#3"},
				"west": {"uv": [3, 2, 4, 3], "texture": "#3"},
				"up": {"uv": [3, 2, 4, 3], "texture": "#3"},
				"down": {"uv": [3, 2, 4, 3], "texture": "#3"}
			}
		},
		{
			"name": "hexadecagon",
			"from": [7.7, 6.2812, 7.5],
			"to": [8.7, 6.7188, 7.8],
			"rotation": {"angle": -45, "axis": "x", "origin": [8.2, 6.5, 8.6]},
			"faces": {
				"north": {"uv": [0, 0, 1, 1], "texture": "#1"},
				"east": {"uv": [0, 0, 1, 1], "texture": "#1"},
				"south": {"uv": [0, 0, 1, 1], "texture": "#1"},
				"west": {"uv": [0, 0, 1, 1], "texture": "#1"},
				"up": {"uv": [0, 0, 1, 1], "texture": "#1"},
				"down": {"uv": [0, 0, 1, 1], "texture": "#1"}
			}
		},
		{
			"name": "hexadecagon",
			"from": [7.7, 6.2812, 7.5],
			"to": [8.7, 6.7188, 7.8],
			"rotation": {"angle": -22.5, "axis": "x", "origin": [8.2, 6.5, 8.6]},
			"faces": {
				"north": {"uv": [0, 0, 1, 1], "texture": "#1"},
				"east": {"uv": [0, 0, 1, 1], "texture": "#1"},
				"south": {"uv": [0, 0, 1, 1], "texture": "#1"},
				"west": {"uv": [0, 0, 1, 1], "texture": "#1"},
				"up": {"uv": [0, 0, 1, 1], "texture": "#1"},
				"down": {"uv": [0, 0, 1, 1], "texture": "#1"}
			}
		},
		{
			"name": "hexadecagon",
			"from": [7.7, 6.2812, 7.5],
			"to": [8.7, 6.7188, 7.8],
			"rotation": {"angle": 0, "axis": "x", "origin": [8.2, 6.5, 8.6]},
			"faces": {
				"north": {"uv": [0, 0, 1, 1], "texture": "#1"},
				"east": {"uv": [0, 0, 1, 1], "texture": "#1"},
				"south": {"uv": [0, 0, 1, 1], "texture": "#1"},
				"west": {"uv": [0, 0, 1, 1], "texture": "#1"},
				"up": {"uv": [0, 0, 1, 1], "texture": "#1"},
				"down": {"uv": [0, 0, 1, 1], "texture": "#1"}
			}
		},
		{
			"name": "hexadecagon",
			"from": [7.7, 6.2812, 7.5],
			"to": [8.7, 6.7188, 7.8],
			"rotation": {"angle": 22.5, "axis": "x", "origin": [8.2, 6.5, 8.6]},
			"faces": {
				"north": {"uv": [0, 0, 1, 1], "texture": "#1"},
				"east": {"uv": [0, 0, 1, 1], "texture": "#1"},
				"south": {"uv": [0, 0, 1, 1], "texture": "#1"},
				"west": {"uv": [0, 0, 1, 1], "texture": "#1"},
				"up": {"uv": [0, 0, 1, 1], "texture": "#1"},
				"down": {"uv": [0, 0, 1, 1], "texture": "#1"}
			}
		},
		{
			"name": "hexadecagon",
			"from": [7.7, 6.2812, 7.5],
			"to": [8.7, 6.7188, 7.8],
			"rotation": {"angle": 45, "axis": "x", "origin": [8.2, 6.5, 8.6]},
			"faces": {
				"north": {"uv": [0, 0, 1, 1], "texture": "#1"},
				"east": {"uv": [0, 0, 1, 1], "texture": "#1"},
				"south": {"uv": [0, 0, 1, 1], "texture": "#1"},
				"west": {"uv": [0, 0, 1, 1], "texture": "#1"},
				"up": {"uv": [0, 0, 1, 1], "texture": "#1"},
				"down": {"uv": [0, 0, 1, 1], "texture": "#1"}
			}
		},
		{
			"name": "hexadecagon",
			"from": [7.7, 6.2812, 9.4],
			"to": [8.7, 6.7188, 9.7],
			"rotation": {"angle": -45, "axis": "x", "origin": [8.2, 6.5, 8.6]},
			"faces": {
				"north": {"uv": [0, 0, 1, 1], "texture": "#1"},
				"east": {"uv": [0, 0, 1, 1], "texture": "#1"},
				"south": {"uv": [0, 0, 1, 1], "texture": "#1"},
				"west": {"uv": [0, 0, 1, 1], "texture": "#1"},
				"up": {"uv": [0, 0, 1, 1], "texture": "#1"},
				"down": {"uv": [0, 0, 1, 1], "texture": "#1"}
			}
		},
		{
			"name": "hexadecagon",
			"from": [7.7, 6.2812, 9.4],
			"to": [8.7, 6.7188, 9.7],
			"rotation": {"angle": -22.5, "axis": "x", "origin": [8.2, 6.5, 8.6]},
			"faces": {
				"north": {"uv": [0, 0, 1, 1], "texture": "#1"},
				"east": {"uv": [0, 0, 1, 1], "texture": "#1"},
				"south": {"uv": [0, 0, 1, 1], "texture": "#1"},
				"west": {"uv": [0, 0, 1, 1], "texture": "#1"},
				"up": {"uv": [0, 0, 1, 1], "texture": "#1"},
				"down": {"uv": [0, 0, 1, 1], "texture": "#1"}
			}
		},
		{
			"name": "hexadecagon",
			"from": [7.7, 6.2812, 9.4],
			"to": [8.7, 6.7188, 9.7],
			"rotation": {"angle": 0, "axis": "x", "origin": [8.2, 6.5, 8.6]},
			"faces": {
				"north": {"uv": [0, 0, 1, 1], "texture": "#1"},
				"east": {"uv": [0, 0, 1, 1], "texture": "#1"},
				"south": {"uv": [0, 0, 1, 1], "texture": "#1"},
				"west": {"uv": [0, 0, 1, 1], "texture": "#1"},
				"up": {"uv": [0, 0, 1, 1], "texture": "#1"},
				"down": {"uv": [0, 0, 1, 1], "texture": "#1"}
			}
		},
		{
			"name": "hexadecagon",
			"from": [7.7, 6.2812, 9.4],
			"to": [8.7, 6.7188, 9.7],
			"rotation": {"angle": 22.5, "axis": "x", "origin": [8.2, 6.5, 8.6]},
			"faces": {
				"north": {"uv": [0, 0, 1, 1], "texture": "#1"},
				"east": {"uv": [0, 0, 1, 1], "texture": "#1"},
				"south": {"uv": [0, 0, 1, 1], "texture": "#1"},
				"west": {"uv": [0, 0, 1, 1], "texture": "#1"},
				"up": {"uv": [0, 0, 1, 1], "texture": "#1"},
				"down": {"uv": [0, 0, 1, 1], "texture": "#1"}
			}
		},
		{
			"name": "hexadecagon",
			"from": [7.7, 6.2812, 9.4],
			"to": [8.7, 6.7188, 9.7],
			"rotation": {"angle": 45, "axis": "x", "origin": [8.2, 6.5, 8.6]},
			"faces": {
				"north": {"uv": [0, 0, 1, 1], "texture": "#1"},
				"east": {"uv": [0, 0, 1, 1], "texture": "#1"},
				"south": {"uv": [0, 0, 1, 1], "texture": "#1"},
				"west": {"uv": [0, 0, 1, 1], "texture": "#1"},
				"up": {"uv": [0, 0, 1, 1], "texture": "#1"},
				"down": {"uv": [0, 0, 1, 1], "texture": "#1"}
			}
		},
		{
			"name": "hexadecagon",
			"from": [7.7, 5.4, 8.3812],
			"to": [8.7, 5.7, 8.8188],
			"rotation": {"angle": -22.5, "axis": "x", "origin": [8.2, 6.5, 8.6]},
			"faces": {
				"north": {"uv": [0, 0, 1, 1], "texture": "#1"},
				"east": {"uv": [0, 0, 1, 1], "texture": "#1"},
				"south": {"uv": [0, 0, 1, 1], "texture": "#1"},
				"west": {"uv": [0, 0, 1, 1], "texture": "#1"},
				"up": {"uv": [0, 0, 1, 1], "texture": "#1"},
				"down": {"uv": [0, 0, 1, 1], "texture": "#1"}
			}
		},
		{
			"name": "hexadecagon",
			"from": [7.7, 5.4, 8.3812],
			"to": [8.7, 5.7, 8.8188],
			"rotation": {"angle": 0, "axis": "x", "origin": [8.2, 6.5, 8.6]},
			"faces": {
				"north": {"uv": [0, 0, 1, 1], "texture": "#1"},
				"east": {"uv": [0, 0, 1, 1], "texture": "#1"},
				"south": {"uv": [0, 0, 1, 1], "texture": "#1"},
				"west": {"uv": [0, 0, 1, 1], "texture": "#1"},
				"up": {"uv": [0, 0, 1, 1], "texture": "#1"},
				"down": {"uv": [0, 0, 1, 1], "texture": "#1"}
			}
		},
		{
			"name": "hexadecagon",
			"from": [7.7, 5.7, 7.9812],
			"to": [8.7, 6, 9.2188],
			"rotation": {"angle": 0, "axis": "x", "origin": [8.2, 6.5, 8.6]},
			"faces": {
				"north": {"uv": [0, 0, 1, 1], "texture": "#1"},
				"east": {"uv": [0, 0, 1, 1], "texture": "#1"},
				"south": {"uv": [0, 0, 1, 1], "texture": "#1"},
				"west": {"uv": [0, 0, 1, 1], "texture": "#1"},
				"up": {"uv": [0, 0, 1, 1], "texture": "#1"},
				"down": {"uv": [0, 0, 1, 1], "texture": "#1"}
			}
		},
		{
			"name": "hexadecagon",
			"from": [7.6, 5.7, 8.1812],
			"to": [8.6, 5.8, 8.3188],
			"rotation": {"angle": 0, "axis": "x", "origin": [8.2, 6.5, 8.6]},
			"faces": {
				"north": {"uv": [1, 13, 2, 14], "texture": "#4"},
				"east": {"uv": [1, 13, 2, 14], "texture": "#4"},
				"south": {"uv": [1, 13, 2, 14], "texture": "#4"},
				"west": {"uv": [1, 13, 2, 14], "texture": "#4"},
				"up": {"uv": [1, 13, 2, 14], "texture": "#4"},
				"down": {"uv": [1, 13, 2, 14], "texture": "#4"}
			}
		},
		{
			"name": "hexadecagon",
			"from": [7.6, 5.7, 8.7812],
			"to": [8.6, 5.8, 8.9188],
			"rotation": {"angle": 0, "axis": "x", "origin": [8.1, 5.75, 8.45]},
			"faces": {
				"north": {"uv": [1, 13, 2, 14], "texture": "#4"},
				"east": {"uv": [1, 13, 2, 14], "texture": "#4"},
				"south": {"uv": [1, 13, 2, 14], "texture": "#4"},
				"west": {"uv": [1, 13, 2, 14], "texture": "#4"},
				"up": {"uv": [1, 13, 2, 14], "texture": "#4"},
				"down": {"uv": [1, 13, 2, 14], "texture": "#4"}
			}
		},
		{
			"name": "hexadecagon",
			"from": [7.6, 5.7, 8.4812],
			"to": [8.6, 5.8, 8.6188],
			"rotation": {"angle": 0, "axis": "x", "origin": [8.2, 6.5, 8.6]},
			"faces": {
				"north": {"uv": [1, 13, 2, 14], "texture": "#4"},
				"east": {"uv": [1, 13, 2, 14], "texture": "#4"},
				"south": {"uv": [1, 13, 2, 14], "texture": "#4"},
				"west": {"uv": [1, 13, 2, 14], "texture": "#4"},
				"up": {"uv": [1, 13, 2, 14], "texture": "#4"},
				"down": {"uv": [1, 13, 2, 14], "texture": "#4"}
			}
		},
		{
			"name": "hexadecagon",
			"from": [7.79, 5.6812, 8.6],
			"to": [8.79, 6.9188, 8.8],
			"rotation": {"angle": 22.5, "axis": "x", "origin": [8.2, 6.5, 8.6]},
			"faces": {
				"north": {"uv": [0, 0, 1, 1], "rotation": 180, "texture": "#0"},
				"east": {"uv": [0, 0, 1, 1], "rotation": 90, "texture": "#0"},
				"south": {"uv": [0, 0, 1, 1], "texture": "#0"},
				"west": {"uv": [0, 0, 1, 1], "rotation": 270, "texture": "#0"},
				"up": {"uv": [0, 0, 1, 1], "texture": "#0"},
				"down": {"uv": [0, 0, 1, 1], "rotation": 180, "texture": "#0"}
			}
		},
		{
			"name": "hexadecagon",
			"from": [7.7, 5.4, 8.3812],
			"to": [8.7, 5.7, 8.8188],
			"rotation": {"angle": 22.5, "axis": "x", "origin": [8.2, 6.5, 8.6]},
			"faces": {
				"north": {"uv": [0, 0, 1, 1], "texture": "#1"},
				"east": {"uv": [0, 0, 1, 1], "texture": "#1"},
				"south": {"uv": [0, 0, 1, 1], "texture": "#1"},
				"west": {"uv": [0, 0, 1, 1], "texture": "#1"},
				"up": {"uv": [0, 0, 1, 1], "texture": "#1"},
				"down": {"uv": [0, 0, 1, 1], "texture": "#1"}
			}
		},
		{
			"name": "hexadecagon",
			"from": [7.7, 7.3, 8.3812],
			"to": [8.7, 7.6, 8.8188],
			"rotation": {"angle": -22.5, "axis": "x", "origin": [8.2, 6.5, 8.6]},
			"faces": {
				"north": {"uv": [0, 0, 1, 1], "texture": "#1"},
				"east": {"uv": [0, 0, 1, 1], "texture": "#1"},
				"south": {"uv": [0, 0, 1, 1], "texture": "#1"},
				"west": {"uv": [0, 0, 1, 1], "texture": "#1"},
				"up": {"uv": [0, 0, 1, 1], "texture": "#1"},
				"down": {"uv": [0, 0, 1, 1], "texture": "#1"}
			}
		},
		{
			"name": "hexadecagon",
			"from": [7.7, 7.3, 8.3812],
			"to": [8.7, 7.6, 8.8188],
			"rotation": {"angle": 0, "axis": "x", "origin": [8.2, 6.5, 8.6]},
			"faces": {
				"north": {"uv": [0, 0, 1, 1], "texture": "#1"},
				"east": {"uv": [0, 0, 1, 1], "texture": "#1"},
				"south": {"uv": [0, 0, 1, 1], "texture": "#1"},
				"west": {"uv": [0, 0, 1, 1], "texture": "#1"},
				"up": {"uv": [0, 0, 1, 1], "texture": "#1"},
				"down": {"uv": [0, 0, 1, 1], "texture": "#1"}
			}
		},
		{
			"name": "hexadecagon",
			"from": [7.7, 7.3, 8.3812],
			"to": [8.7, 7.6, 8.8188],
			"rotation": {"angle": 22.5, "axis": "x", "origin": [8.2, 6.5, 8.6]},
			"faces": {
				"north": {"uv": [0, 0, 1, 1], "texture": "#1"},
				"east": {"uv": [0, 0, 1, 1], "texture": "#1"},
				"south": {"uv": [0, 0, 1, 1], "texture": "#1"},
				"west": {"uv": [0, 0, 1, 1], "texture": "#1"},
				"up": {"uv": [0, 0, 1, 1], "texture": "#1"},
				"down": {"uv": [0, 0, 1, 1], "texture": "#1"}
			}
		},
		{
			"name": "hexadecagon",
			"from": [10.26076, 5.8, 7.9],
			"to": [10.53924, 7.2, 8.9],
			"rotation": {"angle": -45, "axis": "z", "origin": [10.4, 6.5, 8.4]},
			"faces": {
				"north": {"uv": [13, 3, 14, 4], "texture": "#3"},
				"east": {"uv": [13, 3, 14, 4], "texture": "#3"},
				"south": {"uv": [13, 3, 14, 4], "texture": "#3"},
				"west": {"uv": [13, 3, 14, 4], "texture": "#3"},
				"up": {"uv": [13, 3, 14, 4], "texture": "#3"},
				"down": {"uv": [13, 3, 14, 4], "texture": "#3"}
			}
		},
		{
			"name": "hexadecagon",
			"from": [10.26076, 5.8, 7.9],
			"to": [10.53924, 7.2, 8.9],
			"rotation": {"angle": -22.5, "axis": "z", "origin": [10.4, 6.5, 8.4]},
			"faces": {
				"north": {"uv": [13, 3, 14, 4], "texture": "#3"},
				"east": {"uv": [13, 3, 14, 4], "texture": "#3"},
				"south": {"uv": [13, 3, 14, 4], "texture": "#3"},
				"west": {"uv": [13, 3, 14, 4], "texture": "#3"},
				"up": {"uv": [13, 3, 14, 4], "texture": "#3"},
				"down": {"uv": [13, 3, 14, 4], "texture": "#3"}
			}
		},
		{
			"name": "hexadecagon",
			"from": [10.26076, 5.8, 7.9],
			"to": [10.53924, 7.2, 8.9],
			"rotation": {"angle": 0, "axis": "z", "origin": [10.4, 6.5, 8.4]},
			"faces": {
				"north": {"uv": [13, 3, 14, 4], "texture": "#3"},
				"east": {"uv": [13, 3, 14, 4], "texture": "#3"},
				"south": {"uv": [13, 3, 14, 4], "texture": "#3"},
				"west": {"uv": [13, 3, 14, 4], "texture": "#3"},
				"up": {"uv": [13, 3, 14, 4], "texture": "#3"},
				"down": {"uv": [13, 3, 14, 4], "texture": "#3"}
			}
		},
		{
			"name": "hexadecagon",
			"from": [10.26076, 5.8, 7.9],
			"to": [10.53924, 7.2, 8.9],
			"rotation": {"angle": 22.5, "axis": "z", "origin": [10.4, 6.5, 8.4]},
			"faces": {
				"north": {"uv": [13, 3, 14, 4], "texture": "#3"},
				"east": {"uv": [13, 3, 14, 4], "texture": "#3"},
				"south": {"uv": [13, 3, 14, 4], "texture": "#3"},
				"west": {"uv": [13, 3, 14, 4], "texture": "#3"},
				"up": {"uv": [13, 3, 14, 4], "texture": "#3"},
				"down": {"uv": [13, 3, 14, 4], "texture": "#3"}
			}
		},
		{
			"name": "hexadecagon",
			"from": [10.26076, 5.8, 7.9],
			"to": [10.53924, 7.2, 8.9],
			"rotation": {"angle": 45, "axis": "z", "origin": [10.4, 6.5, 8.4]},
			"faces": {
				"north": {"uv": [13, 3, 14, 4], "texture": "#3"},
				"east": {"uv": [13, 3, 14, 4], "texture": "#3"},
				"south": {"uv": [13, 3, 14, 4], "texture": "#3"},
				"west": {"uv": [13, 3, 14, 4], "texture": "#3"},
				"up": {"uv": [13, 3, 14, 4], "texture": "#3"},
				"down": {"uv": [13, 3, 14, 4], "texture": "#3"}
			}
		},
		{
			"name": "hexadecagon",
			"from": [9.7, 6.36076, 7.9],
			"to": [11.1, 6.63924, 8.9],
			"rotation": {"angle": -22.5, "axis": "z", "origin": [10.4, 6.5, 8.4]},
			"faces": {
				"north": {"uv": [13, 3, 14, 4], "texture": "#3"},
				"east": {"uv": [13, 3, 14, 4], "texture": "#3"},
				"south": {"uv": [13, 3, 14, 4], "texture": "#3"},
				"west": {"uv": [13, 3, 14, 4], "texture": "#3"},
				"up": {"uv": [13, 3, 14, 4], "texture": "#3"},
				"down": {"uv": [13, 3, 14, 4], "texture": "#3"}
			}
		},
		{
			"name": "hexadecagon",
			"from": [9.7, 6.36076, 7.9],
			"to": [11.1, 6.63924, 8.9],
			"rotation": {"angle": 0, "axis": "z", "origin": [10.4, 6.5, 8.4]},
			"faces": {
				"north": {"uv": [13, 3, 14, 4], "texture": "#3"},
				"east": {"uv": [13, 3, 14, 4], "texture": "#3"},
				"south": {"uv": [13, 3, 14, 4], "texture": "#3"},
				"west": {"uv": [13, 3, 14, 4], "texture": "#3"},
				"up": {"uv": [13, 3, 14, 4], "texture": "#3"},
				"down": {"uv": [13, 3, 14, 4], "texture": "#3"}
			}
		},
		{
			"name": "hexadecagon",
			"from": [9.7, 6.36076, 7.9],
			"to": [11.1, 6.63924, 8.9],
			"rotation": {"angle": 22.5, "axis": "z", "origin": [10.4, 6.5, 8.4]},
			"faces": {
				"north": {"uv": [13, 3, 14, 4], "texture": "#3"},
				"east": {"uv": [13, 3, 14, 4], "texture": "#3"},
				"south": {"uv": [13, 3, 14, 4], "texture": "#3"},
				"west": {"uv": [13, 3, 14, 4], "texture": "#3"},
				"up": {"uv": [13, 3, 14, 4], "texture": "#3"},
				"down": {"uv": [13, 3, 14, 4], "texture": "#3"}
			}
		},
		{
			"name": "hexadecagon",
			"from": [10.26076, 5.8, 8.9],
			"to": [10.53924, 7.2, 12.5],
			"rotation": {"angle": -45, "axis": "z", "origin": [10.4, 6.5, 9.4]},
			"faces": {
				"north": {"uv": [0, 0, 1, 1], "texture": "#2"},
				"east": {"uv": [0, 0, 1, 1], "texture": "#2"},
				"south": {"uv": [0, 0, 1, 1], "texture": "#2"},
				"west": {"uv": [0, 0, 1, 1], "texture": "#2"},
				"up": {"uv": [0, 0, 1, 1], "texture": "#2"},
				"down": {"uv": [0, 0, 1, 1], "texture": "#2"}
			}
		},
		{
			"name": "hexadecagon",
			"from": [10.26076, 5.8, 8.9],
			"to": [10.53924, 7.2, 12.5],
			"rotation": {"angle": -22.5, "axis": "z", "origin": [10.4, 6.5, 9.4]},
			"faces": {
				"north": {"uv": [0, 0, 1, 1], "texture": "#2"},
				"east": {"uv": [0, 0, 1, 1], "texture": "#2"},
				"south": {"uv": [0, 0, 1, 1], "texture": "#2"},
				"west": {"uv": [0, 0, 1, 1], "texture": "#2"},
				"up": {"uv": [0, 0, 1, 1], "texture": "#2"},
				"down": {"uv": [0, 0, 1, 1], "texture": "#2"}
			}
		},
		{
			"name": "hexadecagon",
			"from": [10.26076, 5.8, 8.9],
			"to": [10.53924, 7.2, 12.5],
			"rotation": {"angle": 0, "axis": "z", "origin": [10.4, 6.5, 9.4]},
			"faces": {
				"north": {"uv": [0, 0, 1, 1], "texture": "#2"},
				"east": {"uv": [0, 0, 1, 1], "texture": "#2"},
				"south": {"uv": [0, 0, 1, 1], "texture": "#2"},
				"west": {"uv": [0, 0, 1, 1], "texture": "#2"},
				"up": {"uv": [0, 0, 1, 1], "texture": "#2"},
				"down": {"uv": [0, 0, 1, 1], "texture": "#2"}
			}
		},
		{
			"name": "hexadecagon",
			"from": [10.26076, 5.8, 8.9],
			"to": [10.53924, 7.2, 12.5],
			"rotation": {"angle": 22.5, "axis": "z", "origin": [10.4, 6.5, 9.4]},
			"faces": {
				"north": {"uv": [0, 0, 1, 1], "texture": "#2"},
				"east": {"uv": [0, 0, 1, 1], "texture": "#2"},
				"south": {"uv": [0, 0, 1, 1], "texture": "#2"},
				"west": {"uv": [0, 0, 1, 1], "texture": "#2"},
				"up": {"uv": [0, 0, 1, 1], "texture": "#2"},
				"down": {"uv": [0, 0, 1, 1], "texture": "#2"}
			}
		},
		{
			"name": "hexadecagon",
			"from": [10.26076, 5.8, 8.9],
			"to": [10.53924, 7.2, 12.5],
			"rotation": {"angle": 45, "axis": "z", "origin": [10.4, 6.5, 9.4]},
			"faces": {
				"north": {"uv": [0, 0, 1, 1], "texture": "#2"},
				"east": {"uv": [0, 0, 1, 1], "texture": "#2"},
				"south": {"uv": [0, 0, 1, 1], "texture": "#2"},
				"west": {"uv": [0, 0, 1, 1], "texture": "#2"},
				"up": {"uv": [0, 0, 1, 1], "texture": "#2"},
				"down": {"uv": [0, 0, 1, 1], "texture": "#2"}
			}
		},
		{
			"name": "hexadecagon",
			"from": [9.7, 6.36076, 8.9],
			"to": [11.1, 6.63924, 12.5],
			"rotation": {"angle": -22.5, "axis": "z", "origin": [10.4, 6.5, 9.4]},
			"faces": {
				"north": {"uv": [0, 0, 1, 1], "texture": "#2"},
				"east": {"uv": [0, 0, 1, 1], "texture": "#2"},
				"south": {"uv": [0, 0, 1, 1], "texture": "#2"},
				"west": {"uv": [0, 0, 1, 1], "texture": "#2"},
				"up": {"uv": [0, 0, 1, 1], "texture": "#2"},
				"down": {"uv": [0, 0, 1, 1], "texture": "#2"}
			}
		},
		{
			"name": "hexadecagon",
			"from": [9.7, 6.36076, 8.9],
			"to": [11.1, 6.63924, 12.5],
			"rotation": {"angle": 0, "axis": "z", "origin": [10.4, 6.5, 9.4]},
			"faces": {
				"north": {"uv": [0, 0, 1, 1], "texture": "#2"},
				"east": {"uv": [0, 0, 1, 1], "texture": "#2"},
				"south": {"uv": [0, 0, 1, 1], "texture": "#2"},
				"west": {"uv": [0, 0, 1, 1], "texture": "#2"},
				"up": {"uv": [0, 0, 1, 1], "texture": "#2"},
				"down": {"uv": [0, 0, 1, 1], "texture": "#2"}
			}
		},
		{
			"name": "hexadecagon",
			"from": [9.7, 6.36076, 8.9],
			"to": [11.1, 6.63924, 12.5],
			"rotation": {"angle": 22.5, "axis": "z", "origin": [10.4, 6.5, 9.4]},
			"faces": {
				"north": {"uv": [0, 0, 1, 1], "texture": "#2"},
				"east": {"uv": [0, 0, 1, 1], "texture": "#2"},
				"south": {"uv": [0, 0, 1, 1], "texture": "#2"},
				"west": {"uv": [0, 0, 1, 1], "texture": "#2"},
				"up": {"uv": [0, 0, 1, 1], "texture": "#2"},
				"down": {"uv": [0, 0, 1, 1], "texture": "#2"}
			}
		},
		{
			"name": "hexadecagon",
			"from": [10.28065, 5.9, 7.8],
			"to": [10.51935, 7.1, 12.6],
			"rotation": {"angle": -45, "axis": "z", "origin": [10.4, 6.5, 8.3]},
			"faces": {
				"north": {"uv": [0, 0, 1, 1], "texture": "#5"},
				"east": {"uv": [0, 0, 1, 1], "texture": "#5"},
				"south": {"uv": [0, 0, 1, 1], "texture": "#5"},
				"west": {"uv": [0, 0, 1, 1], "texture": "#5"},
				"up": {"uv": [0, 0, 1, 1], "texture": "#5"},
				"down": {"uv": [0, 0, 1, 1], "texture": "#5"}
			}
		},
		{
			"name": "hexadecagon",
			"from": [10.28065, 5.9, 7.8],
			"to": [10.51935, 7.1, 12.6],
			"rotation": {"angle": -22.5, "axis": "z", "origin": [10.4, 6.5, 8.3]},
			"faces": {
				"north": {"uv": [0, 0, 1, 1], "texture": "#5"},
				"east": {"uv": [0, 0, 1, 1], "texture": "#5"},
				"south": {"uv": [0, 0, 1, 1], "texture": "#5"},
				"west": {"uv": [0, 0, 1, 1], "texture": "#5"},
				"up": {"uv": [0, 0, 1, 1], "texture": "#5"},
				"down": {"uv": [0, 0, 1, 1], "texture": "#5"}
			}
		},
		{
			"name": "hexadecagon",
			"from": [10.28065, 5.9, 7.8],
			"to": [10.51935, 7.1, 12.6],
			"rotation": {"angle": 0, "axis": "z", "origin": [10.4, 6.5, 8.3]},
			"faces": {
				"north": {"uv": [0, 0, 1, 1], "texture": "#5"},
				"east": {"uv": [0, 0, 1, 1], "texture": "#5"},
				"south": {"uv": [0, 0, 1, 1], "texture": "#5"},
				"west": {"uv": [0, 0, 1, 1], "texture": "#5"},
				"up": {"uv": [0, 0, 1, 1], "texture": "#5"},
				"down": {"uv": [0, 0, 1, 1], "texture": "#5"}
			}
		},
		{
			"name": "hexadecagon",
			"from": [10.28065, 5.9, 7.8],
			"to": [10.51935, 7.1, 12.6],
			"rotation": {"angle": 22.5, "axis": "z", "origin": [10.4, 6.5, 8.3]},
			"faces": {
				"north": {"uv": [0, 0, 1, 1], "texture": "#5"},
				"east": {"uv": [0, 0, 1, 1], "texture": "#5"},
				"south": {"uv": [0, 0, 1, 1], "texture": "#5"},
				"west": {"uv": [0, 0, 1, 1], "texture": "#5"},
				"up": {"uv": [0, 0, 1, 1], "texture": "#5"},
				"down": {"uv": [0, 0, 1, 1], "texture": "#5"}
			}
		},
		{
			"name": "hexadecagon",
			"from": [10.28065, 5.9, 7.8],
			"to": [10.51935, 7.1, 12.6],
			"rotation": {"angle": 45, "axis": "z", "origin": [10.4, 6.5, 8.3]},
			"faces": {
				"north": {"uv": [0, 0, 1, 1], "texture": "#5"},
				"east": {"uv": [0, 0, 1, 1], "texture": "#5"},
				"south": {"uv": [0, 0, 1, 1], "texture": "#5"},
				"west": {"uv": [0, 0, 1, 1], "texture": "#5"},
				"up": {"uv": [0, 0, 1, 1], "texture": "#5"},
				"down": {"uv": [0, 0, 1, 1], "texture": "#5"}
			}
		},
		{
			"name": "hexadecagon",
			"from": [9.8, 6.38065, 7.8],
			"to": [11, 6.61935, 12.6],
			"rotation": {"angle": -22.5, "axis": "z", "origin": [10.4, 6.5, 8.3]},
			"faces": {
				"north": {"uv": [0, 0, 1, 1], "texture": "#5"},
				"east": {"uv": [0, 0, 1, 1], "texture": "#5"},
				"south": {"uv": [0, 0, 1, 1], "texture": "#5"},
				"west": {"uv": [0, 0, 1, 1], "texture": "#5"},
				"up": {"uv": [0, 0, 1, 1], "texture": "#5"},
				"down": {"uv": [0, 0, 1, 1], "texture": "#5"}
			}
		},
		{
			"name": "hexadecagon",
			"from": [9.8, 6.38065, 7.8],
			"to": [11, 6.61935, 12.6],
			"rotation": {"angle": 0, "axis": "z", "origin": [10.4, 6.5, 8.3]},
			"faces": {
				"north": {"uv": [0, 0, 1, 1], "texture": "#5"},
				"east": {"uv": [0, 0, 1, 1], "texture": "#5"},
				"south": {"uv": [0, 0, 1, 1], "texture": "#5"},
				"west": {"uv": [0, 0, 1, 1], "texture": "#5"},
				"up": {"uv": [0, 0, 1, 1], "texture": "#5"},
				"down": {"uv": [0, 0, 1, 1], "texture": "#5"}
			}
		},
		{
			"name": "hexadecagon",
			"from": [9.8, 6.38065, 7.8],
			"to": [11, 6.61935, 12.6],
			"rotation": {"angle": 22.5, "axis": "z", "origin": [10.4, 6.5, 8.3]},
			"faces": {
				"north": {"uv": [0, 0, 1, 1], "texture": "#5"},
				"east": {"uv": [0, 0, 1, 1], "texture": "#5"},
				"south": {"uv": [0, 0, 1, 1], "texture": "#5"},
				"west": {"uv": [0, 0, 1, 1], "texture": "#5"},
				"up": {"uv": [0, 0, 1, 1], "texture": "#5"},
				"down": {"uv": [0, 0, 1, 1], "texture": "#5"}
			}
		},
		{
			"name": "hexadecagon",
			"from": [10.36022, 6.3, 7.7],
			"to": [10.43978, 6.7, 8.7],
			"rotation": {"angle": -45, "axis": "z", "origin": [10.4, 6.5, 8.2]},
			"faces": {
				"north": {"uv": [0, 0, 1, 1], "texture": "#5"},
				"east": {"uv": [0, 0, 1, 1], "texture": "#5"},
				"south": {"uv": [0, 0, 1, 1], "texture": "#5"},
				"west": {"uv": [0, 0, 1, 1], "texture": "#5"},
				"up": {"uv": [0, 0, 1, 1], "texture": "#5"},
				"down": {"uv": [0, 0, 1, 1], "texture": "#5"}
			}
		},
		{
			"name": "hexadecagon",
			"from": [10.36022, 6.3, 7.7],
			"to": [10.43978, 6.7, 8.7],
			"rotation": {"angle": -22.5, "axis": "z", "origin": [10.4, 6.5, 8.2]},
			"faces": {
				"north": {"uv": [0, 0, 1, 1], "texture": "#5"},
				"east": {"uv": [0, 0, 1, 1], "texture": "#5"},
				"south": {"uv": [0, 0, 1, 1], "texture": "#5"},
				"west": {"uv": [0, 0, 1, 1], "texture": "#5"},
				"up": {"uv": [0, 0, 1, 1], "texture": "#5"},
				"down": {"uv": [0, 0, 1, 1], "texture": "#5"}
			}
		},
		{
			"name": "hexadecagon",
			"from": [10.36022, 6.3, 7.7],
			"to": [10.43978, 6.7, 8.7],
			"rotation": {"angle": 0, "axis": "z", "origin": [10.4, 6.5, 8.2]},
			"faces": {
				"north": {"uv": [0, 0, 1, 1], "texture": "#5"},
				"east": {"uv": [0, 0, 1, 1], "texture": "#5"},
				"south": {"uv": [0, 0, 1, 1], "texture": "#5"},
				"west": {"uv": [0, 0, 1, 1], "texture": "#5"},
				"up": {"uv": [0, 0, 1, 1], "texture": "#5"},
				"down": {"uv": [0, 0, 1, 1], "texture": "#5"}
			}
		},
		{
			"name": "hexadecagon",
			"from": [10.36022, 6.3, 7.7],
			"to": [10.43978, 6.7, 8.7],
			"rotation": {"angle": 22.5, "axis": "z", "origin": [10.4, 6.5, 8.2]},
			"faces": {
				"north": {"uv": [0, 0, 1, 1], "texture": "#5"},
				"east": {"uv": [0, 0, 1, 1], "texture": "#5"},
				"south": {"uv": [0, 0, 1, 1], "texture": "#5"},
				"west": {"uv": [0, 0, 1, 1], "texture": "#5"},
				"up": {"uv": [0, 0, 1, 1], "texture": "#5"},
				"down": {"uv": [0, 0, 1, 1], "texture": "#5"}
			}
		},
		{
			"name": "hexadecagon",
			"from": [10.36022, 6.3, 7.7],
			"to": [10.43978, 6.7, 8.7],
			"rotation": {"angle": 45, "axis": "z", "origin": [10.4, 6.5, 8.2]},
			"faces": {
				"north": {"uv": [0, 0, 1, 1], "texture": "#5"},
				"east": {"uv": [0, 0, 1, 1], "texture": "#5"},
				"south": {"uv": [0, 0, 1, 1], "texture": "#5"},
				"west": {"uv": [0, 0, 1, 1], "texture": "#5"},
				"up": {"uv": [0, 0, 1, 1], "texture": "#5"},
				"down": {"uv": [0, 0, 1, 1], "texture": "#5"}
			}
		},
		{
			"name": "hexadecagon",
			"from": [10.2, 6.46022, 7.7],
			"to": [10.6, 6.53978, 8.7],
			"rotation": {"angle": -22.5, "axis": "z", "origin": [10.4, 6.5, 8.2]},
			"faces": {
				"north": {"uv": [0, 0, 1, 1], "texture": "#5"},
				"east": {"uv": [0, 0, 1, 1], "texture": "#5"},
				"south": {"uv": [0, 0, 1, 1], "texture": "#5"},
				"west": {"uv": [0, 0, 1, 1], "texture": "#5"},
				"up": {"uv": [0, 0, 1, 1], "texture": "#5"},
				"down": {"uv": [0, 0, 1, 1], "texture": "#5"}
			}
		},
		{
			"name": "hexadecagon",
			"from": [10.2, 6.46022, 7.7],
			"to": [10.6, 6.53978, 8.7],
			"rotation": {"angle": 0, "axis": "z", "origin": [10.4, 6.5, 8.2]},
			"faces": {
				"north": {"uv": [0, 0, 1, 1], "texture": "#5"},
				"east": {"uv": [0, 0, 1, 1], "texture": "#5"},
				"south": {"uv": [0, 0, 1, 1], "texture": "#5"},
				"west": {"uv": [0, 0, 1, 1], "texture": "#5"},
				"up": {"uv": [0, 0, 1, 1], "texture": "#5"},
				"down": {"uv": [0, 0, 1, 1], "texture": "#5"}
			}
		},
		{
			"name": "hexadecagon",
			"from": [10.2, 6.46022, 7.7],
			"to": [10.6, 6.53978, 8.7],
			"rotation": {"angle": 22.5, "axis": "z", "origin": [10.4, 6.5, 8.2]},
			"faces": {
				"north": {"uv": [0, 0, 1, 1], "texture": "#5"},
				"east": {"uv": [0, 0, 1, 1], "texture": "#5"},
				"south": {"uv": [0, 0, 1, 1], "texture": "#5"},
				"west": {"uv": [0, 0, 1, 1], "texture": "#5"},
				"up": {"uv": [0, 0, 1, 1], "texture": "#5"},
				"down": {"uv": [0, 0, 1, 1], "texture": "#5"}
			}
		}
	],
	"display": {
		"thirdperson_righthand": {
			"translation": [-1.25, 6.5, 0]
		},
		"thirdperson_lefthand": {
			"translation": [1, 6.5, 0]
		},
		"firstperson_righthand": {
			"translation": [0, 7, -1.5]
		},
		"firstperson_lefthand": {
			"translation": [0, 7, -1.5]
		},
		"ground": {
			"translation": [0, 6.25, 0]
		},
		"gui": {
			"rotation": [9.75, 127.5, 0],
			"translation": [-1, 2, 0]
		},
		"head": {
			"translation": [-2.75, 18, 0],
			"scale": [2, 2, 2]
		},
		"fixed": {
			"rotation": [0, -90, 0],
			"translation": [3, 5, -3.25],
			"scale": [2, 2, 2]
		}
	},
	"groups": [0, 1, 2, 3, 4, 5, 6, 7, 8, 9, 10, 11, 12, 13, 14, 15, 16, 17, 18, 19, 20, 21, 22, 23, 24, 25, 26, 27, 28, 29, 30, 31, 32, 33, 34, 35, 36, 37, 38, 39, 40, 41, 42, 43, 44, 45, 46, 47, 48, 49, 50, 51, 52, 53, 54, 55, 56, 57, 58, 59, 60, 61, 62, 63, 64, 65, 66, 67,
		{
			"name": "hexadecagon",
			"origin": [8, 8, 8],
			"color": 0,
			"children": [68, 69, 70, 71, 72, 73, 74, 75]
		},
		{
			"name": "hexadecagon",
			"origin": [8, 8, 8],
			"color": 0,
			"children": [76, 77, 78, 79, 80, 81, 82, 83, 84, 85, 86, 87, 88, 89, 90, 91]
		},
		{
			"name": "hexadecagon",
			"origin": [8, 8, 8],
			"color": 0,
			"children": [92, 93, 94, 95, 96, 97, 98, 99]
		},
		{
			"name": "hexadecagon",
			"origin": [8, 8, 8],
			"color": 0,
			"children": [100, 101, 102, 103, 104, 105, 106, 107]
		},
		{
			"name": "hexadecagon",
			"origin": [8, 8, 8],
			"color": 0,
			"children": [108, 109, 110, 111, 112, 113, 114, 115]
		},
		{
			"name": "hexadecagon",
			"origin": [8, 8, 8],
			"color": 0,
			"children": [116, 117, 118, 119, 120, 121, 122, 123]
		},
		{
			"name": "hexadecagon",
			"origin": [8, 8, 8],
			"color": 0,
			"children": [124, 125, 126, 127, 128, 129, 130, 131]
		},
		{
			"name": "hexadecagon",
			"origin": [8, 8, 8],
			"color": 0,
			"children": [132, 133, 134, 135, 136, 137, 138, 139]
		},
		{
			"name": "hexadecagon",
			"origin": [8, 8, 8],
			"color": 0,
			"children": [140, 141, 142, 143, 144, 145, 146, 147]
		},
		{
			"name": "hexadecagon",
			"origin": [8, 8, 8],
			"color": 0,
			"children": [148, 149, 150, 151, 152, 153, 154, 155, 156, 157, 158, 159, 160, 161, 162, 163, 164, 165, 166, 167, 168]
		},
		{
			"name": "hexadecagon",
			"origin": [8, 8, 8],
			"color": 0,
			"children": [169, 170, 171, 172, 173, 174, 175, 176]
		},
		{
			"name": "hexadecagon",
			"origin": [8, 8, 8],
			"color": 0,
			"children": [177, 178, 179, 180, 181, 182, 183, 184]
		},
		{
			"name": "hexadecagon",
			"origin": [8, 8, 8],
			"color": 0,
			"children": [185, 186, 187, 188, 189, 190, 191, 192]
		},
		{
			"name": "hexadecagon",
			"origin": [8, 8, 8],
			"color": 0,
			"children": [193, 194, 195, 196, 197, 198, 199, 200]
		}
	]
}