{
	"credit": "Made with Blockbench",
	"textures": {
		"0": "block/white_concrete",
		"1": "block/yellow_concrete",
		"2": "block/red_terracotta",
		"3": "block/black_concrete",
		"4": "block/lime_concrete",
		"particle": "block/white_concrete"
	},
	"elements": [
		{
			"name": "octagon",
			"from": [5, 6.75736, 7.51],
			"to": [11, 9.24264, 8.49],
			"faces": {
				"north": {"uv": [0, 0, 1, 1], "texture": "#0"},
				"east": {"uv": [0, 0, 1, 1], "texture": "#0"},
				"south": {"uv": [0, 0, 1, 1], "texture": "#0"},
				"west": {"uv": [0, 0, 1, 1], "texture": "#0"},
				"up": {"uv": [0, 0, 1, 1], "texture": "#0"},
				"down": {"uv": [0, 0, 1, 1], "texture": "#0"}
			}
		},
		{
			"name": "octagon",
			"from": [4.13, 1.44169, 7.7207],
			"to": [7.55, 2.85831, 8.2793],
			"rotation": {"angle": 0, "axis": "z", "origin": [5.84, 2.15, 8]},
			"faces": {
				"north": {"uv": [0, 0, 1, 1], "texture": "#4"},
				"east": {"uv": [0, 0, 1, 1], "texture": "#4"},
				"south": {"uv": [0, 0, 1, 1], "texture": "#4"},
				"west": {"uv": [0, 0, 1, 1], "texture": "#4"},
				"up": {"uv": [0, 0, 1, 1], "texture": "#4"},
				"down": {"uv": [0, 0, 1, 1], "texture": "#4"}
			}
		},
		{
			"name": "octagon",
			"from": [8.4354, 0.26652, 7.78215],
			"to": [11.103, 1.37148, 8.21785],
			"rotation": {"angle": 0, "axis": "z", "origin": [9.7692, 0.819, 8]},
			"faces": {
				"north": {"uv": [0, 0, 1, 1], "texture": "#4"},
				"east": {"uv": [0, 0, 1, 1], "texture": "#4"},
				"south": {"uv": [0, 0, 1, 1], "texture": "#4"},
				"west": {"uv": [0, 0, 1, 1], "texture": "#4"},
				"up": {"uv": [0, 0, 1, 1], "texture": "#4"},
				"down": {"uv": [0, 0, 1, 1], "texture": "#4"}
			}
		},
		{
			"name": "octagon",
			"from": [4.70615, 7.49646, 7.51],
			"to": [11.30615, 8.49646, 8.49],
			"rotation": {"angle": 0, "axis": "z", "origin": [8.10615, 7.8391, 8]},
			"faces": {
				"north": {"uv": [0, 0, 1, 1], "texture": "#0"},
				"east": {"uv": [0, 0, 1, 1], "texture": "#0"},
				"south": {"uv": [0, 0, 1, 1], "texture": "#0"},
				"west": {"uv": [0, 0, 1, 1], "texture": "#0"},
				"up": {"uv": [0, 0, 1, 1], "texture": "#0"},
				"down": {"uv": [0, 0, 1, 1], "texture": "#0"}
			}
		},
		{
			"name": "octagon",
			"from": [3.9625, 1.86298, 7.7207],
			"to": [7.7245, 2.43298, 8.2793],
			"rotation": {"angle": 0, "axis": "z", "origin": [5.9005, 2.05829, 8]},
			"faces": {
				"north": {"uv": [0, 0, 1, 1], "texture": "#4"},
				"east": {"uv": [0, 0, 1, 1], "texture": "#4"},
				"south": {"uv": [0, 0, 1, 1], "texture": "#4"},
				"west": {"uv": [0, 0, 1, 1], "texture": "#4"},
				"up": {"uv": [0, 0, 1, 1], "texture": "#4"},
				"down": {"uv": [0, 0, 1, 1], "texture": "#4"}
			}
		},
		{
			"name": "octagon",
			"from": [8.30475, 0.59513, 7.78215],
			"to": [11.23911, 1.03973, 8.21785],
			"rotation": {"angle": 0, "axis": "z", "origin": [9.81639, 0.74747, 8]},
			"faces": {
				"north": {"uv": [0, 0, 1, 1], "texture": "#4"},
				"east": {"uv": [0, 0, 1, 1], "texture": "#4"},
				"south": {"uv": [0, 0, 1, 1], "texture": "#4"},
				"west": {"uv": [0, 0, 1, 1], "texture": "#4"},
				"up": {"uv": [0, 0, 1, 1], "texture": "#4"},
				"down": {"uv": [0, 0, 1, 1], "texture": "#4"}
			}
		},
		{
			"name": "octagon",
			"from": [11.3, 7.08622, 7.5],
			"to": [12.23, 8.88622, 8.48],
			"rotation": {"angle": 0, "axis": "z", "origin": [9.13003, 7.82886, 7.99]},
			"faces": {
				"north": {"uv": [0, 0, 1, 1], "texture": "#1"},
				"east": {"uv": [0, 0, 1, 1], "texture": "#1"},
				"south": {"uv": [0, 0, 1, 1], "texture": "#1"},
				"west": {"uv": [0, 0, 1, 1], "texture": "#1"},
				"up": {"uv": [0, 0, 1, 1], "texture": "#1"},
				"down": {"uv": [0, 0, 1, 1], "texture": "#1"}
			}
		},
		{
			"name": "octagon",
			"from": [12.22391, 6.7311, 7.5],
			"to": [13.22391, 9.1311, 8.5],
			"rotation": {"angle": 0, "axis": "z", "origin": [10.05393, 7.47374, 8.01]},
			"faces": {
				"north": {"uv": [4, 7, 5, 8], "texture": "#2"},
				"east": {"uv": [4, 7, 5, 8], "texture": "#2"},
				"south": {"uv": [4, 7, 5, 8], "texture": "#2"},
				"west": {"uv": [4, 7, 5, 8], "texture": "#2"},
				"up": {"uv": [4, 7, 5, 8], "texture": "#2"},
				"down": {"uv": [4, 7, 5, 8], "texture": "#2"}
			}
		},
		{
			"name": "octagon",
			"from": [3.8, 7.08622, 7.5],
			"to": [4.73, 8.88622, 8.48],
			"rotation": {"angle": 0, "axis": "z", "origin": [1.63003, 7.82886, 7.99]},
			"faces": {
				"north": {"uv": [0, 0, 1, 1], "texture": "#1"},
				"east": {"uv": [0, 0, 1, 1], "texture": "#1"},
				"south": {"uv": [0, 0, 1, 1], "texture": "#1"},
				"west": {"uv": [0, 0, 1, 1], "texture": "#1"},
				"up": {"uv": [0, 0, 1, 1], "texture": "#1"},
				"down": {"uv": [0, 0, 1, 1], "texture": "#1"}
			}
		},
		{
			"name": "octagon",
			"from": [2.80783, 6.82348, 7.5],
			"to": [3.83783, 9.12348, 8.5],
			"rotation": {"angle": 0, "axis": "z", "origin": [0.73785, 7.76612, 8.01]},
			"faces": {
				"north": {"uv": [4, 7, 5, 8], "texture": "#2"},
				"east": {"uv": [4, 7, 5, 8], "texture": "#2"},
				"south": {"uv": [4, 7, 5, 8], "texture": "#2"},
				"west": {"uv": [4, 7, 5, 8], "texture": "#2"},
				"up": {"uv": [4, 7, 5, 8], "texture": "#2"},
				"down": {"uv": [4, 7, 5, 8], "texture": "#2"}
			}
		},
		{
			"name": "octagon",
			"from": [6.3, 8.95736, 7.51],
			"to": [9.7, 10.14264, 8.49],
			"rotation": {"angle": 0, "axis": "z", "origin": [8, 8.9, 8]},
			"faces": {
				"north": {"uv": [0, 0, 1, 1], "texture": "#0"},
				"east": {"uv": [0, 0, 1, 1], "texture": "#0"},
				"south": {"uv": [0, 0, 1, 1], "texture": "#0"},
				"west": {"uv": [0, 0, 1, 1], "texture": "#0"},
				"up": {"uv": [0, 0, 1, 1], "texture": "#0"},
				"down": {"uv": [0, 0, 1, 1], "texture": "#0"}
			}
		},
		{
			"name": "octagon",
			"from": [4.871, 2.69569, 7.7207],
			"to": [6.809, 3.37131, 8.2793],
			"rotation": {"angle": 0, "axis": "z", "origin": [5.84, 2.663, 8]},
			"faces": {
				"north": {"uv": [0, 0, 1, 1], "texture": "#4"},
				"east": {"uv": [0, 0, 1, 1], "texture": "#4"},
				"south": {"uv": [0, 0, 1, 1], "texture": "#4"},
				"west": {"uv": [0, 0, 1, 1], "texture": "#4"},
				"up": {"uv": [0, 0, 1, 1], "texture": "#4"},
				"down": {"uv": [0, 0, 1, 1], "texture": "#4"}
			}
		},
		{
			"name": "octagon",
			"from": [9.01338, 1.24464, 7.78215],
			"to": [10.52502, 1.77162, 8.21785],
			"rotation": {"angle": 0, "axis": "z", "origin": [9.7692, 1.21914, 8]},
			"faces": {
				"north": {"uv": [0, 0, 1, 1], "texture": "#4"},
				"east": {"uv": [0, 0, 1, 1], "texture": "#4"},
				"south": {"uv": [0, 0, 1, 1], "texture": "#4"},
				"west": {"uv": [0, 0, 1, 1], "texture": "#4"},
				"up": {"uv": [0, 0, 1, 1], "texture": "#4"},
				"down": {"uv": [0, 0, 1, 1], "texture": "#4"}
			}
		},
		{
			"name": "octagon",
			"from": [5.92211, 10.03835, 7.5],
			"to": [10.12211, 11.03835, 8.5],
			"rotation": {"angle": 0, "axis": "z", "origin": [7.82211, 9.88103, 8]},
			"faces": {
				"north": {"uv": [0, 0, 1, 1], "texture": "#1"},
				"east": {"uv": [0, 0, 1, 1], "texture": "#1"},
				"south": {"uv": [0, 0, 1, 1], "texture": "#1"},
				"west": {"uv": [0, 0, 1, 1], "texture": "#1"},
				"up": {"uv": [0, 0, 1, 1], "texture": "#1"},
				"down": {"uv": [0, 0, 1, 1], "texture": "#1"}
			}
		},
		{
			"name": "octagon",
			"from": [5.72211, 11.03835, 7.5],
			"to": [10.32211, 12.03835, 8.5],
			"rotation": {"angle": 0, "axis": "z", "origin": [7.82211, 10.88103, 8]},
			"faces": {
				"north": {"uv": [4, 7, 5, 8], "texture": "#2"},
				"east": {"uv": [4, 7, 5, 8], "texture": "#2"},
				"south": {"uv": [4, 7, 5, 8], "texture": "#2"},
				"west": {"uv": [4, 7, 5, 8], "texture": "#2"},
				"up": {"uv": [4, 7, 5, 8], "texture": "#2"},
				"down": {"uv": [4, 7, 5, 8], "texture": "#2"}
			}
		},
		{
			"name": "octagon",
			"from": [9.22955, 6.77594, 7.5],
			"to": [9.62955, 8.76122, 8.5],
			"rotation": {"angle": 0, "axis": "z", "origin": [7.92955, 6.61858, 8]},
			"faces": {
				"north": {"uv": [0, 0, 1, 1], "texture": "#3"},
				"east": {"uv": [0, 0, 1, 1], "texture": "#3"},
				"south": {"uv": [0, 0, 1, 1], "texture": "#3"},
				"west": {"uv": [0, 0, 1, 1], "texture": "#3"},
				"up": {"uv": [0, 0, 1, 1], "texture": "#3"},
				"down": {"uv": [0, 0, 1, 1], "texture": "#3"}
			}
		},
		{
			"name": "octagon",
			"from": [6.32955, 4.77594, 7.5],
			"to": [9.62955, 5.76122, 8.5],
			"rotation": {"angle": 0, "axis": "z", "origin": [7.92955, 4.61858, 8]},
			"faces": {
				"north": {"uv": [0, 0, 1, 1], "texture": "#1"},
				"east": {"uv": [0, 0, 1, 1], "texture": "#1"},
				"south": {"uv": [0, 0, 1, 1], "texture": "#1"},
				"west": {"uv": [0, 0, 1, 1], "texture": "#1"},
				"up": {"uv": [0, 0, 1, 1], "texture": "#1"},
				"down": {"uv": [0, 0, 1, 1], "texture": "#1"}
			}
		},
		{
			"name": "octagon",
			"from": [6.32955, 6.77594, 7.5],
			"to": [6.72955, 8.76122, 8.5],
			"rotation": {"angle": 0, "axis": "z", "origin": [7.92955, 6.61858, 8]},
			"faces": {
				"north": {"uv": [0, 0, 1, 1], "texture": "#3"},
				"east": {"uv": [0, 0, 1, 1], "texture": "#3"},
				"south": {"uv": [0, 0, 1, 1], "texture": "#3"},
				"west": {"uv": [0, 0, 1, 1], "texture": "#3"},
				"up": {"uv": [0, 0, 1, 1], "texture": "#3"},
				"down": {"uv": [0, 0, 1, 1], "texture": "#3"}
			}
		},
		{
			"name": "octagon",
			"from": [6.42955, 8.17594, 7.51],
			"to": [6.62955, 8.66122, 8.51],
			"rotation": {"angle": 0, "axis": "z", "origin": [7.92955, 6.61858, 8]},
			"faces": {
				"north": {"uv": [0, 0, 1, 1], "texture": "#0"},
				"east": {"uv": [0, 0, 1, 1], "texture": "#0"},
				"south": {"uv": [0, 0, 1, 1], "texture": "#0"},
				"west": {"uv": [0, 0, 1, 1], "texture": "#0"},
				"up": {"uv": [0, 0, 1, 1], "texture": "#0"},
				"down": {"uv": [0, 0, 1, 1], "texture": "#0"}
			}
		},
		{
			"name": "octagon",
			"from": [9.32955, 8.17594, 7.51],
			"to": [9.52955, 8.66122, 8.51],
			"rotation": {"angle": 0, "axis": "z", "origin": [10.82955, 6.61858, 8]},
			"faces": {
				"north": {"uv": [0, 0, 1, 1], "texture": "#0"},
				"east": {"uv": [0, 0, 1, 1], "texture": "#0"},
				"south": {"uv": [0, 0, 1, 1], "texture": "#0"},
				"west": {"uv": [0, 0, 1, 1], "texture": "#0"},
				"up": {"uv": [0, 0, 1, 1], "texture": "#0"},
				"down": {"uv": [0, 0, 1, 1], "texture": "#0"}
			}
		},
		{
			"name": "octagon",
			"from": [6.12955, 3.79066, 7.5],
			"to": [9.82955, 4.77594, 8.5],
			"rotation": {"angle": 0, "axis": "z", "origin": [7.92955, 3.6333, 8]},
			"faces": {
				"north": {"uv": [4, 7, 5, 8], "texture": "#2"},
				"east": {"uv": [4, 7, 5, 8], "texture": "#2"},
				"south": {"uv": [4, 7, 5, 8], "texture": "#2"},
				"west": {"uv": [4, 7, 5, 8], "texture": "#2"},
				"up": {"uv": [4, 7, 5, 8], "texture": "#2"},
				"down": {"uv": [4, 7, 5, 8], "texture": "#2"}
			}
		},
		{
			"name": "octagon",
			"from": [6.66074, 5.73809, 7.51],
			"to": [9.36074, 6.92337, 8.49],
			"rotation": {"angle": 0, "axis": "z", "origin": [8.36074, 5.38073, 8]},
			"faces": {
				"north": {"uv": [0, 0, 1, 1], "texture": "#0"},
				"east": {"uv": [0, 0, 1, 1], "texture": "#0"},
				"south": {"uv": [0, 0, 1, 1], "texture": "#0"},
				"west": {"uv": [0, 0, 1, 1], "texture": "#0"},
				"up": {"uv": [0, 0, 1, 1], "texture": "#0"},
				"down": {"uv": [0, 0, 1, 1], "texture": "#0"}
			}
		},
		{
			"name": "octagon",
			"from": [5.07662, 0.86071, 7.7207],
			"to": [6.61562, 1.53632, 8.2793],
			"rotation": {"angle": 0, "axis": "z", "origin": [6.04562, 0.65701, 8]},
			"faces": {
				"north": {"uv": [0, 0, 1, 1], "texture": "#4"},
				"east": {"uv": [0, 0, 1, 1], "texture": "#4"},
				"south": {"uv": [0, 0, 1, 1], "texture": "#4"},
				"west": {"uv": [0, 0, 1, 1], "texture": "#4"},
				"up": {"uv": [0, 0, 1, 1], "texture": "#4"},
				"down": {"uv": [0, 0, 1, 1], "texture": "#4"}
			}
		},
		{
			"name": "octagon",
			"from": [9.17377, -0.18665, 7.78215],
			"to": [10.37419, 0.34033, 8.21785],
			"rotation": {"angle": 0, "axis": "z", "origin": [9.92959, -0.34553, 8]},
			"faces": {
				"north": {"uv": [0, 0, 1, 1], "texture": "#4"},
				"east": {"uv": [0, 0, 1, 1], "texture": "#4"},
				"south": {"uv": [0, 0, 1, 1], "texture": "#4"},
				"west": {"uv": [0, 0, 1, 1], "texture": "#4"},
				"up": {"uv": [0, 0, 1, 1], "texture": "#4"},
				"down": {"uv": [0, 0, 1, 1], "texture": "#4"}
			}
		},
		{
			"name": "octagon",
			"from": [9.38714, 9.86569, 7.51],
			"to": [10.18714, 11.05097, 8.49],
			"rotation": {"angle": -22.5, "axis": "z", "origin": [7.18714, 9.80833, 8]},
			"faces": {
				"north": {"uv": [0, 0, 1, 1], "texture": "#0"},
				"east": {"uv": [0, 0, 1, 1], "texture": "#0"},
				"south": {"uv": [0, 0, 1, 1], "texture": "#0"},
				"west": {"uv": [0, 0, 1, 1], "texture": "#0"},
				"up": {"uv": [0, 0, 1, 1], "texture": "#0"},
				"down": {"uv": [0, 0, 1, 1], "texture": "#0"}
			}
		},
		{
			"name": "octagon",
			"from": [6.63067, 3.21344, 7.7207],
			"to": [7.08667, 3.88905, 8.2793],
			"rotation": {"angle": -22.5, "axis": "z", "origin": [5.37667, 3.18075, 8]},
			"faces": {
				"north": {"uv": [0, 0, 1, 1], "texture": "#4"},
				"east": {"uv": [0, 0, 1, 1], "texture": "#4"},
				"south": {"uv": [0, 0, 1, 1], "texture": "#4"},
				"west": {"uv": [0, 0, 1, 1], "texture": "#4"},
				"up": {"uv": [0, 0, 1, 1], "texture": "#4"},
				"down": {"uv": [0, 0, 1, 1], "texture": "#4"}
			}
		},
		{
			"name": "octagon",
			"from": [10.38592, 1.64848, 7.78215],
			"to": [10.7416, 2.17546, 8.21785],
			"rotation": {"angle": -22.5, "axis": "z", "origin": [9.4078, 1.62298, 8]},
			"faces": {
				"north": {"uv": [0, 0, 1, 1], "texture": "#4"},
				"east": {"uv": [0, 0, 1, 1], "texture": "#4"},
				"south": {"uv": [0, 0, 1, 1], "texture": "#4"},
				"west": {"uv": [0, 0, 1, 1], "texture": "#4"},
				"up": {"uv": [0, 0, 1, 1], "texture": "#4"},
				"down": {"uv": [0, 0, 1, 1], "texture": "#4"}
			}
		},
		{
			"name": "octagon",
			"from": [9.84073, 10.96074, 7.5],
			"to": [10.84073, 11.96074, 8.5],
			"rotation": {"angle": -22.5, "axis": "z", "origin": [7.64073, 10.90338, 8]},
			"faces": {
				"north": {"uv": [0, 0, 16, 16], "texture": "#1"},
				"east": {"uv": [0, 0, 1, 1], "texture": "#1"},
				"south": {"uv": [0, 0, 1, 1], "texture": "#1"},
				"west": {"uv": [0, 0, 1, 1], "texture": "#1"},
				"up": {"uv": [0, 0, 1, 1], "texture": "#1"},
				"down": {"uv": [0, 0, 1, 1], "texture": "#1"}
			}
		},
		{
			"name": "octagon",
			"from": [10.02341, 11.88462, 7.5],
			"to": [11.42341, 12.88462, 8.5],
			"rotation": {"angle": -22.5, "axis": "z", "origin": [8.02341, 11.82726, 8]},
			"faces": {
				"north": {"uv": [4, 7, 5, 8], "texture": "#2"},
				"east": {"uv": [4, 7, 5, 8], "texture": "#2"},
				"south": {"uv": [4, 7, 5, 8], "texture": "#2"},
				"west": {"uv": [4, 7, 5, 8], "texture": "#2"},
				"up": {"uv": [4, 7, 5, 8], "texture": "#2"},
				"down": {"uv": [4, 7, 5, 8], "texture": "#2"}
			}
		},
		{
			"name": "octagon",
			"from": [9.84073, 10.96074, 7.5],
			"to": [10.64073, 11.96074, 8.5],
			"rotation": {"angle": -22.5, "axis": "z", "origin": [7.64073, 10.90338, 8]},
			"faces": {
				"north": {"uv": [0, 0, 16, 16], "texture": "#1"},
				"east": {"uv": [0, 0, 1, 1], "texture": "#1"},
				"south": {"uv": [0, 0, 1, 1], "texture": "#1"},
				"west": {"uv": [0, 0, 1, 1], "texture": "#1"},
				"up": {"uv": [0, 0, 1, 1], "texture": "#1"},
				"down": {"uv": [0, 0, 1, 1], "texture": "#1"}
			}
		},
		{
			"name": "octagon",
			"from": [8.19557, 5.48777, 7.51],
			"to": [9.38085, 6.58777, 8.49],
			"rotation": {"angle": 22.5, "axis": "z", "origin": [8.13821, 8.48777, 8]},
			"faces": {
				"north": {"uv": [0, 0, 1, 1], "rotation": 270, "texture": "#0"},
				"east": {"uv": [0, 0, 1, 1], "rotation": 90, "texture": "#0"},
				"south": {"uv": [0, 0, 1, 1], "rotation": 90, "texture": "#0"},
				"west": {"uv": [0, 0, 1, 1], "rotation": 90, "texture": "#0"},
				"up": {"uv": [0, 0, 1, 1], "rotation": 90, "texture": "#0"},
				"down": {"uv": [0, 0, 1, 1], "rotation": 90, "texture": "#0"}
			}
		},
		{
			"name": "octagon",
			"from": [5.95148, 0.71803, 7.7207],
			"to": [6.62709, 1.34503, 8.2793],
			"rotation": {"angle": 22.5, "axis": "z", "origin": [5.91878, 2.42803, 8]},
			"faces": {
				"north": {"uv": [0, 0, 1, 1], "rotation": 270, "texture": "#4"},
				"east": {"uv": [0, 0, 1, 1], "rotation": 90, "texture": "#4"},
				"south": {"uv": [0, 0, 1, 1], "rotation": 90, "texture": "#4"},
				"west": {"uv": [0, 0, 1, 1], "rotation": 90, "texture": "#4"},
				"up": {"uv": [0, 0, 1, 1], "rotation": 90, "texture": "#4"},
				"down": {"uv": [0, 0, 1, 1], "rotation": 90, "texture": "#4"}
			}
		},
		{
			"name": "octagon",
			"from": [9.85615, -0.29794, 7.78215],
			"to": [10.38313, 0.19112, 8.21785],
			"rotation": {"angle": 22.5, "axis": "z", "origin": [9.83065, 1.03586, 8]},
			"faces": {
				"north": {"uv": [0, 0, 1, 1], "rotation": 270, "texture": "#4"},
				"east": {"uv": [0, 0, 1, 1], "rotation": 90, "texture": "#4"},
				"south": {"uv": [0, 0, 1, 1], "rotation": 90, "texture": "#4"},
				"west": {"uv": [0, 0, 1, 1], "rotation": 90, "texture": "#4"},
				"up": {"uv": [0, 0, 1, 1], "rotation": 90, "texture": "#4"},
				"down": {"uv": [0, 0, 1, 1], "rotation": 90, "texture": "#4"}
			}
		},
		{
			"name": "octagon",
			"from": [8.47826, 4.56389, 7.5],
			"to": [9.86354, 5.56389, 8.5],
			"rotation": {"angle": 22.5, "axis": "z", "origin": [8.5209, 7.56389, 8]},
			"faces": {
				"north": {"uv": [0, 0, 1, 1], "rotation": 270, "texture": "#1"},
				"east": {"uv": [0, 0, 1, 1], "rotation": 90, "texture": "#1"},
				"south": {"uv": [0, 0, 1, 1], "rotation": 90, "texture": "#1"},
				"west": {"uv": [0, 0, 1, 1], "rotation": 90, "texture": "#1"},
				"up": {"uv": [0, 0, 1, 1], "rotation": 90, "texture": "#1"},
				"down": {"uv": [0, 0, 1, 1], "rotation": 90, "texture": "#1"}
			}
		},
		{
			"name": "octagon",
			"from": [8.66094, 3.64002, 7.5],
			"to": [10.44622, 4.64002, 8.5],
			"rotation": {"angle": 22.5, "axis": "z", "origin": [8.90358, 6.64002, 8]},
			"faces": {
				"north": {"uv": [4, 7, 5, 8], "rotation": 270, "texture": "#2"},
				"east": {"uv": [4, 7, 5, 8], "rotation": 270, "texture": "#2"},
				"south": {"uv": [4, 7, 5, 8], "rotation": 270, "texture": "#2"},
				"west": {"uv": [4, 7, 5, 8], "rotation": 270, "texture": "#2"},
				"up": {"uv": [4, 7, 5, 8], "rotation": 270, "texture": "#2"},
				"down": {"uv": [4, 7, 5, 8], "rotation": 270, "texture": "#2"}
			}
		},
		{
			"name": "octagon",
			"from": [6.20869, 7.87573, 7.51],
			"to": [7.00869, 9.06101, 8.49],
			"rotation": {"angle": 22.5, "axis": "z", "origin": [4.00869, 7.81837, 8]},
			"faces": {
				"north": {"uv": [0, 0, 1, 1], "texture": "#0"},
				"east": {"uv": [0, 0, 1, 1], "texture": "#0"},
				"south": {"uv": [0, 0, 1, 1], "texture": "#0"},
				"west": {"uv": [0, 0, 1, 1], "texture": "#0"},
				"up": {"uv": [0, 0, 1, 1], "texture": "#0"},
				"down": {"uv": [0, 0, 1, 1], "texture": "#0"}
			}
		},
		{
			"name": "octagon",
			"from": [4.81895, 2.07917, 7.7207],
			"to": [5.27495, 2.75478, 8.2793],
			"rotation": {"angle": 22.5, "axis": "z", "origin": [3.56495, 2.04647, 8]},
			"faces": {
				"north": {"uv": [0, 0, 1, 1], "texture": "#4"},
				"east": {"uv": [0, 0, 1, 1], "texture": "#4"},
				"south": {"uv": [0, 0, 1, 1], "texture": "#4"},
				"west": {"uv": [0, 0, 1, 1], "texture": "#4"},
				"up": {"uv": [0, 0, 1, 1], "texture": "#4"},
				"down": {"uv": [0, 0, 1, 1], "texture": "#4"}
			}
		},
		{
			"name": "octagon",
			"from": [8.97278, 0.76375, 7.78215],
			"to": [9.32846, 1.29073, 8.21785],
			"rotation": {"angle": 22.5, "axis": "z", "origin": [7.99466, 0.73825, 8]},
			"faces": {
				"north": {"uv": [0, 0, 1, 1], "texture": "#4"},
				"east": {"uv": [0, 0, 1, 1], "texture": "#4"},
				"south": {"uv": [0, 0, 1, 1], "texture": "#4"},
				"west": {"uv": [0, 0, 1, 1], "texture": "#4"},
				"up": {"uv": [0, 0, 1, 1], "texture": "#4"},
				"down": {"uv": [0, 0, 1, 1], "texture": "#4"}
			}
		},
		{
			"name": "octagon",
			"from": [5.4551, 8.97079, 7.5],
			"to": [6.5551, 9.97079, 8.5],
			"rotation": {"angle": 22.5, "axis": "z", "origin": [3.5551, 8.91343, 8]},
			"faces": {
				"north": {"uv": [0, 0, 1, 1], "texture": "#1"},
				"east": {"uv": [0, 0, 1, 1], "texture": "#1"},
				"south": {"uv": [0, 0, 1, 1], "texture": "#1"},
				"west": {"uv": [0, 0, 1, 1], "texture": "#1"},
				"up": {"uv": [0, 0, 1, 1], "texture": "#1"},
				"down": {"uv": [0, 0, 1, 1], "texture": "#1"}
			}
		},
		{
			"name": "octagon",
			"from": [4.87242, 9.89467, 7.5],
			"to": [6.37242, 10.89467, 8.5],
			"rotation": {"angle": 22.5, "axis": "z", "origin": [3.17242, 9.83731, 8]},
			"faces": {
				"north": {"uv": [4, 7, 5, 8], "texture": "#2"},
				"east": {"uv": [4, 7, 5, 8], "texture": "#2"},
				"south": {"uv": [4, 7, 5, 8], "texture": "#2"},
				"west": {"uv": [4, 7, 5, 8], "texture": "#2"},
				"up": {"uv": [4, 7, 5, 8], "texture": "#2"},
				"down": {"uv": [4, 7, 5, 8], "texture": "#2"}
			}
		},
		{
			"name": "octagon",
			"from": [6.7181, 5.98526, 7.51],
			"to": [7.90338, 7.18526, 8.49],
			"rotation": {"angle": -22.5, "axis": "z", "origin": [6.66074, 8.98526, 8]},
			"faces": {
				"north": {"uv": [0, 0, 1, 1], "rotation": 270, "texture": "#0"},
				"east": {"uv": [0, 0, 1, 1], "rotation": 90, "texture": "#0"},
				"south": {"uv": [0, 0, 1, 1], "rotation": 90, "texture": "#0"},
				"west": {"uv": [0, 0, 1, 1], "rotation": 90, "texture": "#0"},
				"up": {"uv": [0, 0, 1, 1], "rotation": 90, "texture": "#0"},
				"down": {"uv": [0, 0, 1, 1], "rotation": 90, "texture": "#0"}
			}
		},
		{
			"name": "octagon",
			"from": [5.10932, 1.0016, 7.7207],
			"to": [5.78493, 1.6856, 8.2793],
			"rotation": {"angle": -22.5, "axis": "z", "origin": [5.07662, 2.7116, 8]},
			"faces": {
				"north": {"uv": [0, 0, 1, 1], "rotation": 270, "texture": "#4"},
				"east": {"uv": [0, 0, 1, 1], "rotation": 90, "texture": "#4"},
				"south": {"uv": [0, 0, 1, 1], "rotation": 90, "texture": "#4"},
				"west": {"uv": [0, 0, 1, 1], "rotation": 90, "texture": "#4"},
				"up": {"uv": [0, 0, 1, 1], "rotation": 90, "texture": "#4"},
				"down": {"uv": [0, 0, 1, 1], "rotation": 90, "texture": "#4"}
			}
		},
		{
			"name": "octagon",
			"from": [9.19927, -0.07675, 7.78215],
			"to": [9.72624, 0.45677, 8.21785],
			"rotation": {"angle": -22.5, "axis": "z", "origin": [9.17377, 1.25705, 8]},
			"faces": {
				"north": {"uv": [0, 0, 1, 1], "rotation": 270, "texture": "#4"},
				"east": {"uv": [0, 0, 1, 1], "rotation": 90, "texture": "#4"},
				"south": {"uv": [0, 0, 1, 1], "rotation": 90, "texture": "#4"},
				"west": {"uv": [0, 0, 1, 1], "rotation": 90, "texture": "#4"},
				"up": {"uv": [0, 0, 1, 1], "rotation": 90, "texture": "#4"},
				"down": {"uv": [0, 0, 1, 1], "rotation": 90, "texture": "#4"}
			}
		},
		{
			"name": "octagon",
			"from": [6.13542, 5.06138, 7.5],
			"to": [7.6207, 6.06138, 8.5],
			"rotation": {"angle": -22.5, "axis": "z", "origin": [6.27806, 8.06138, 8]},
			"faces": {
				"north": {"uv": [0, 0, 1, 1], "rotation": 270, "texture": "#1"},
				"east": {"uv": [0, 0, 1, 1], "rotation": 90, "texture": "#1"},
				"south": {"uv": [0, 0, 1, 1], "rotation": 90, "texture": "#1"},
				"west": {"uv": [0, 0, 1, 1], "rotation": 90, "texture": "#1"},
				"up": {"uv": [0, 0, 1, 1], "rotation": 90, "texture": "#1"},
				"down": {"uv": [0, 0, 1, 1], "rotation": 90, "texture": "#1"}
			}
		},
		{
			"name": "octagon",
			"from": [5.55274, 4.1375, 7.5],
			"to": [7.43802, 5.1375, 8.5],
			"rotation": {"angle": -22.5, "axis": "z", "origin": [5.89538, 7.1375, 8]},
			"faces": {
				"north": {"uv": [4, 7, 5, 8], "rotation": 270, "texture": "#2"},
				"east": {"uv": [4, 7, 5, 8], "rotation": 270, "texture": "#2"},
				"south": {"uv": [4, 7, 5, 8], "rotation": 270, "texture": "#2"},
				"west": {"uv": [4, 7, 5, 8], "rotation": 270, "texture": "#2"},
				"up": {"uv": [4, 7, 5, 8], "rotation": 270, "texture": "#2"},
				"down": {"uv": [4, 7, 5, 8], "rotation": 270, "texture": "#2"}
			}
		},
		{
			"name": "octagon",
			"from": [10.2, 11.04264, 7.51],
			"to": [11, 11.72792, 8.49],
			"rotation": {"angle": -45, "axis": "z", "origin": [8, 10.48528, 8]},
			"faces": {
				"north": {"uv": [0, 0, 1, 1], "texture": "#0"},
				"east": {"uv": [0, 0, 1, 1], "texture": "#0"},
				"south": {"uv": [0, 0, 1, 1], "texture": "#0"},
				"west": {"uv": [0, 0, 1, 1], "texture": "#0"},
				"up": {"uv": [0, 0, 1, 1], "texture": "#0"},
				"down": {"uv": [0, 0, 1, 1], "texture": "#0"}
			}
		},
		{
			"name": "octagon",
			"from": [7.094, 3.88431, 7.7207],
			"to": [7.55, 4.27492, 8.2793],
			"rotation": {"angle": -45, "axis": "z", "origin": [5.84, 3.56661, 8]},
			"faces": {
				"north": {"uv": [0, 0, 1, 1], "texture": "#4"},
				"east": {"uv": [0, 0, 1, 1], "texture": "#4"},
				"south": {"uv": [0, 0, 1, 1], "texture": "#4"},
				"west": {"uv": [0, 0, 1, 1], "texture": "#4"},
				"up": {"uv": [0, 0, 1, 1], "texture": "#4"},
				"down": {"uv": [0, 0, 1, 1], "texture": "#4"}
			}
		},
		{
			"name": "octagon",
			"from": [10.74732, 2.17176, 7.78215],
			"to": [11.103, 2.47643, 8.21785],
			"rotation": {"angle": -45, "axis": "z", "origin": [9.7692, 1.92396, 8]},
			"faces": {
				"north": {"uv": [0, 0, 1, 1], "texture": "#4"},
				"east": {"uv": [0, 0, 1, 1], "texture": "#4"},
				"south": {"uv": [0, 0, 1, 1], "texture": "#4"},
				"west": {"uv": [0, 0, 1, 1], "texture": "#4"},
				"up": {"uv": [0, 0, 1, 1], "texture": "#4"},
				"down": {"uv": [0, 0, 1, 1], "texture": "#4"}
			}
		},
		{
			"name": "octagon",
			"from": [10.48457, 11.52721, 7.5],
			"to": [11.68457, 12.52721, 8.5],
			"rotation": {"angle": -45, "axis": "z", "origin": [8.48457, 10.96985, 8]},
			"faces": {
				"north": {"uv": [0, 0, 1, 1], "texture": "#1"},
				"east": {"uv": [0, 0, 1, 1], "texture": "#1"},
				"south": {"uv": [0, 0, 1, 1], "texture": "#1"},
				"west": {"uv": [0, 0, 1, 1], "texture": "#1"},
				"up": {"uv": [0, 0, 1, 1], "texture": "#1"},
				"down": {"uv": [0, 0, 1, 1], "texture": "#1"}
			}
		},
		{
			"name": "octagon",
			"from": [10.99167, 12.23431, 7.5],
			"to": [12.59167, 13.23431, 8.5],
			"rotation": {"angle": -45, "axis": "z", "origin": [9.19167, 11.67696, 8]},
			"faces": {
				"north": {"uv": [4, 7, 5, 8], "texture": "#2"},
				"east": {"uv": [4, 7, 5, 8], "texture": "#2"},
				"south": {"uv": [4, 7, 5, 8], "texture": "#2"},
				"west": {"uv": [4, 7, 5, 8], "texture": "#2"},
				"up": {"uv": [4, 7, 5, 8], "texture": "#2"},
				"down": {"uv": [4, 7, 5, 8], "texture": "#2"}
			}
		},
		{
			"name": "octagon",
			"from": [12.23431, 6.19167, 7.51],
			"to": [12.9196, 6.99167, 8.49],
			"rotation": {"angle": -45, "axis": "z", "origin": [11.67696, 9.19167, 8]},
			"faces": {
				"north": {"uv": [0, 0, 1, 1], "rotation": 270, "texture": "#0"},
				"east": {"uv": [0, 0, 1, 1], "rotation": 90, "texture": "#0"},
				"south": {"uv": [0, 0, 1, 1], "rotation": 90, "texture": "#0"},
				"west": {"uv": [0, 0, 1, 1], "rotation": 90, "texture": "#0"},
				"up": {"uv": [0, 0, 1, 1], "rotation": 90, "texture": "#0"},
				"down": {"uv": [0, 0, 1, 1], "rotation": 90, "texture": "#0"}
			}
		},
		{
			"name": "octagon",
			"from": [8.25356, 1.11925, 7.7207],
			"to": [8.64417, 1.57525, 8.2793],
			"rotation": {"angle": -45, "axis": "z", "origin": [7.93586, 2.82925, 8]},
			"faces": {
				"north": {"uv": [0, 0, 1, 1], "rotation": 270, "texture": "#4"},
				"east": {"uv": [0, 0, 1, 1], "rotation": 90, "texture": "#4"},
				"south": {"uv": [0, 0, 1, 1], "rotation": 90, "texture": "#4"},
				"west": {"uv": [0, 0, 1, 1], "rotation": 90, "texture": "#4"},
				"up": {"uv": [0, 0, 1, 1], "rotation": 90, "texture": "#4"},
				"down": {"uv": [0, 0, 1, 1], "rotation": 90, "texture": "#4"}
			}
		},
		{
			"name": "octagon",
			"from": [11.65178, 0.01502, 7.78215],
			"to": [11.95645, 0.3707, 8.21785],
			"rotation": {"angle": -45, "axis": "z", "origin": [11.40397, 1.34882, 8]},
			"faces": {
				"north": {"uv": [0, 0, 1, 1], "rotation": 270, "texture": "#4"},
				"east": {"uv": [0, 0, 1, 1], "rotation": 90, "texture": "#4"},
				"south": {"uv": [0, 0, 1, 1], "rotation": 90, "texture": "#4"},
				"west": {"uv": [0, 0, 1, 1], "rotation": 90, "texture": "#4"},
				"up": {"uv": [0, 0, 1, 1], "rotation": 90, "texture": "#4"},
				"down": {"uv": [0, 0, 1, 1], "rotation": 90, "texture": "#4"}
			}
		},
		{
			"name": "octagon",
			"from": [12.71888, 5.40711, 7.5],
			"to": [13.71888, 6.70711, 8.5],
			"rotation": {"angle": -45, "axis": "z", "origin": [12.16152, 8.70711, 8]},
			"faces": {
				"north": {"uv": [0, 0, 1, 1], "rotation": 270, "texture": "#1"},
				"east": {"uv": [0, 0, 1, 1], "rotation": 90, "texture": "#1"},
				"south": {"uv": [0, 0, 1, 1], "rotation": 90, "texture": "#1"},
				"west": {"uv": [0, 0, 1, 1], "rotation": 90, "texture": "#1"},
				"up": {"uv": [0, 0, 1, 1], "rotation": 90, "texture": "#1"},
				"down": {"uv": [0, 0, 1, 1], "rotation": 90, "texture": "#1"}
			}
		},
		{
			"name": "octagon",
			"from": [13.42599, 4.5, 7.5],
			"to": [14.42599, 6.2, 8.5],
			"rotation": {"angle": -45, "axis": "z", "origin": [12.86863, 8, 8]},
			"faces": {
				"north": {"uv": [4, 7, 5, 8], "rotation": 270, "texture": "#2"},
				"east": {"uv": [4, 7, 5, 8], "rotation": 270, "texture": "#2"},
				"south": {"uv": [4, 7, 5, 8], "rotation": 270, "texture": "#2"},
				"west": {"uv": [4, 7, 5, 8], "rotation": 270, "texture": "#2"},
				"up": {"uv": [4, 7, 5, 8], "rotation": 270, "texture": "#2"},
				"down": {"uv": [4, 7, 5, 8], "rotation": 270, "texture": "#2"}
			}
		},
		{
			"name": "octagon",
			"from": [3.72721, 10.51543, 7.51],
			"to": [4.52721, 11.20071, 8.49],
			"rotation": {"angle": 45, "axis": "z", "origin": [6.72721, 11.75807, 8]},
			"faces": {
				"north": {"uv": [0, 0, 1, 1], "rotation": 180, "texture": "#0"},
				"east": {"uv": [0, 0, 1, 1], "rotation": 180, "texture": "#0"},
				"south": {"uv": [0, 0, 1, 1], "rotation": 180, "texture": "#0"},
				"west": {"uv": [0, 0, 1, 1], "rotation": 180, "texture": "#0"},
				"up": {"uv": [0, 0, 1, 1], "rotation": 180, "texture": "#0"},
				"down": {"uv": [0, 0, 1, 1], "rotation": 180, "texture": "#0"}
			}
		},
		{
			"name": "octagon",
			"from": [3.40451, 3.5838, 7.7207],
			"to": [3.86051, 3.97441, 8.2793],
			"rotation": {"angle": 45, "axis": "z", "origin": [5.11451, 4.2921, 8]},
			"faces": {
				"north": {"uv": [0, 0, 1, 1], "rotation": 180, "texture": "#4"},
				"east": {"uv": [0, 0, 1, 1], "rotation": 180, "texture": "#4"},
				"south": {"uv": [0, 0, 1, 1], "rotation": 180, "texture": "#4"},
				"west": {"uv": [0, 0, 1, 1], "rotation": 180, "texture": "#4"},
				"up": {"uv": [0, 0, 1, 1], "rotation": 180, "texture": "#4"},
				"down": {"uv": [0, 0, 1, 1], "rotation": 180, "texture": "#4"}
			}
		},
		{
			"name": "octagon",
			"from": [7.86952, 1.93736, 7.78215],
			"to": [8.2252, 2.24204, 8.21785],
			"rotation": {"angle": 45, "axis": "z", "origin": [9.20332, 2.48984, 8]},
			"faces": {
				"north": {"uv": [0, 0, 1, 1], "rotation": 180, "texture": "#4"},
				"east": {"uv": [0, 0, 1, 1], "rotation": 180, "texture": "#4"},
				"south": {"uv": [0, 0, 1, 1], "rotation": 180, "texture": "#4"},
				"west": {"uv": [0, 0, 1, 1], "rotation": 180, "texture": "#4"},
				"up": {"uv": [0, 0, 1, 1], "rotation": 180, "texture": "#4"},
				"down": {"uv": [0, 0, 1, 1], "rotation": 180, "texture": "#4"}
			}
		},
		{
			"name": "octagon",
			"from": [3.04264, 11, 7.5],
			"to": [4.14264, 12, 8.5],
			"rotation": {"angle": 45, "axis": "z", "origin": [6.24264, 12.24264, 8]},
			"faces": {
				"north": {"uv": [0, 0, 1, 1], "rotation": 180, "texture": "#1"},
				"east": {"uv": [0, 0, 1, 1], "rotation": 180, "texture": "#1"},
				"south": {"uv": [0, 0, 1, 1], "rotation": 180, "texture": "#1"},
				"west": {"uv": [0, 0, 1, 1], "rotation": 180, "texture": "#1"},
				"up": {"uv": [0, 0, 1, 1], "rotation": 180, "texture": "#1"},
				"down": {"uv": [0, 0, 1, 1], "rotation": 180, "texture": "#1"}
			}
		},
		{
			"name": "octagon",
			"from": [2.13553, 11.70711, 7.5],
			"to": [3.63553, 12.70711, 8.5],
			"rotation": {"angle": 45, "axis": "z", "origin": [5.53553, 12.94975, 8]},
			"faces": {
				"north": {"uv": [4, 7, 5, 8], "texture": "#2"},
				"east": {"uv": [4, 7, 5, 8], "texture": "#2"},
				"south": {"uv": [4, 7, 5, 8], "texture": "#2"},
				"west": {"uv": [4, 7, 5, 8], "texture": "#2"},
				"up": {"uv": [4, 7, 5, 8], "texture": "#2"},
				"down": {"uv": [4, 7, 5, 8], "texture": "#2"}
			}
		},
		{
			"name": "octagon",
			"from": [5.88433, 8.48847, 7.51],
			"to": [6.56961, 9.28847, 8.49],
			"rotation": {"angle": -22.5, "axis": "z", "origin": [5.32697, 11.48847, 8]},
			"faces": {
				"north": {"uv": [0, 0, 1, 1], "rotation": 270, "texture": "#0"},
				"east": {"uv": [0, 0, 1, 1], "rotation": 90, "texture": "#0"},
				"south": {"uv": [0, 0, 1, 1], "rotation": 90, "texture": "#0"},
				"west": {"uv": [0, 0, 1, 1], "rotation": 90, "texture": "#0"},
				"up": {"uv": [0, 0, 1, 1], "rotation": 90, "texture": "#0"},
				"down": {"uv": [0, 0, 1, 1], "rotation": 90, "texture": "#0"}
			}
		},
		{
			"name": "octagon",
			"from": [4.63407, 2.42843, 7.7207],
			"to": [5.02468, 2.88443, 8.2793],
			"rotation": {"angle": -22.5, "axis": "z", "origin": [4.31637, 4.13843, 8]},
			"faces": {
				"north": {"uv": [0, 0, 1, 1], "rotation": 270, "texture": "#4"},
				"east": {"uv": [0, 0, 1, 1], "rotation": 90, "texture": "#4"},
				"south": {"uv": [0, 0, 1, 1], "rotation": 90, "texture": "#4"},
				"west": {"uv": [0, 0, 1, 1], "rotation": 90, "texture": "#4"},
				"up": {"uv": [0, 0, 1, 1], "rotation": 90, "texture": "#4"},
				"down": {"uv": [0, 0, 1, 1], "rotation": 90, "texture": "#4"}
			}
		},
		{
			"name": "octagon",
			"from": [8.82857, 1.03617, 7.78215],
			"to": [9.13325, 1.39185, 8.21785],
			"rotation": {"angle": -22.5, "axis": "z", "origin": [8.58077, 2.36997, 8]},
			"faces": {
				"north": {"uv": [0, 0, 1, 1], "rotation": 270, "texture": "#4"},
				"east": {"uv": [0, 0, 1, 1], "rotation": 90, "texture": "#4"},
				"south": {"uv": [0, 0, 1, 1], "rotation": 90, "texture": "#4"},
				"west": {"uv": [0, 0, 1, 1], "rotation": 90, "texture": "#4"},
				"up": {"uv": [0, 0, 1, 1], "rotation": 90, "texture": "#4"},
				"down": {"uv": [0, 0, 1, 1], "rotation": 90, "texture": "#4"}
			}
		},
		{
			"name": "octagon",
			"from": [4.96045, 8.87115, 7.5],
			"to": [5.96045, 9.87115, 8.5],
			"rotation": {"angle": -22.5, "axis": "z", "origin": [4.40309, 11.87115, 8]},
			"faces": {
				"north": {"uv": [0, 0, 1, 1], "rotation": 270, "texture": "#1"},
				"east": {"uv": [0, 0, 1, 1], "rotation": 90, "texture": "#1"},
				"south": {"uv": [0, 0, 1, 1], "rotation": 90, "texture": "#1"},
				"west": {"uv": [0, 0, 1, 1], "rotation": 90, "texture": "#1"},
				"up": {"uv": [0, 0, 1, 1], "rotation": 90, "texture": "#1"},
				"down": {"uv": [0, 0, 1, 1], "rotation": 90, "texture": "#1"}
			}
		},
		{
			"name": "octagon",
			"from": [4.03657, 9.05383, 7.5],
			"to": [5.03657, 10.45383, 8.5],
			"rotation": {"angle": -22.5, "axis": "z", "origin": [3.47921, 12.25383, 8]},
			"faces": {
				"north": {"uv": [4, 7, 5, 8], "texture": "#2"},
				"east": {"uv": [4, 7, 5, 8], "texture": "#2"},
				"south": {"uv": [4, 7, 5, 8], "texture": "#2"},
				"west": {"uv": [4, 7, 5, 8], "texture": "#2"},
				"up": {"uv": [4, 7, 5, 8], "texture": "#2"},
				"down": {"uv": [4, 7, 5, 8], "texture": "#2"}
			}
		},
		{
			"name": "octagon",
			"from": [11.55736, 7.00454, 7.51],
			"to": [12.24264, 7.80454, 8.49],
			"rotation": {"angle": -22.5, "axis": "z", "origin": [11, 10.00454, 8]},
			"faces": {
				"north": {"uv": [0, 0, 1, 1], "rotation": 270, "texture": "#0"},
				"east": {"uv": [0, 0, 1, 1], "rotation": 90, "texture": "#0"},
				"south": {"uv": [0, 0, 1, 1], "rotation": 90, "texture": "#0"},
				"west": {"uv": [0, 0, 1, 1], "rotation": 90, "texture": "#0"},
				"up": {"uv": [0, 0, 1, 1], "rotation": 90, "texture": "#0"},
				"down": {"uv": [0, 0, 1, 1], "rotation": 90, "texture": "#0"}
			}
		},
		{
			"name": "octagon",
			"from": [7.86769, 1.58259, 7.7207],
			"to": [8.25831, 2.03859, 8.2793],
			"rotation": {"angle": -22.5, "axis": "z", "origin": [7.55, 3.29259, 8]},
			"faces": {
				"north": {"uv": [0, 0, 1, 1], "rotation": 270, "texture": "#4"},
				"east": {"uv": [0, 0, 1, 1], "rotation": 90, "texture": "#4"},
				"south": {"uv": [0, 0, 1, 1], "rotation": 90, "texture": "#4"},
				"west": {"uv": [0, 0, 1, 1], "rotation": 90, "texture": "#4"},
				"up": {"uv": [0, 0, 1, 1], "rotation": 90, "texture": "#4"},
				"down": {"uv": [0, 0, 1, 1], "rotation": 90, "texture": "#4"}
			}
		},
		{
			"name": "octagon",
			"from": [12.19048, 6.54229, 7.5],
			"to": [13.19048, 7.54229, 8.5],
			"rotation": {"angle": -22.5, "axis": "z", "origin": [11.63312, 9.74229, 8]},
			"faces": {
				"north": {"uv": [0, 0, 1, 1], "rotation": 270, "texture": "#1"},
				"east": {"uv": [0, 0, 1, 1], "rotation": 90, "texture": "#1"},
				"south": {"uv": [0, 0, 1, 1], "rotation": 90, "texture": "#1"},
				"west": {"uv": [0, 0, 1, 1], "rotation": 90, "texture": "#1"},
				"up": {"uv": [0, 0, 1, 1], "rotation": 90, "texture": "#1"},
				"down": {"uv": [0, 0, 1, 1], "rotation": 90, "texture": "#1"}
			}
		},
		{
			"name": "octagon",
			"from": [13.11436, 5.95961, 7.5],
			"to": [14.11436, 7.15961, 8.5],
			"rotation": {"angle": -22.5, "axis": "z", "origin": [12.557, 9.35961, 8]},
			"faces": {
				"north": {"uv": [4, 7, 5, 8], "rotation": 270, "texture": "#2"},
				"east": {"uv": [4, 7, 5, 8], "rotation": 270, "texture": "#2"},
				"south": {"uv": [4, 7, 5, 8], "rotation": 270, "texture": "#2"},
				"west": {"uv": [4, 7, 5, 8], "rotation": 270, "texture": "#2"},
				"up": {"uv": [4, 7, 5, 8], "rotation": 270, "texture": "#2"},
				"down": {"uv": [4, 7, 5, 8], "rotation": 270, "texture": "#2"}
			}
		},
		{
			"name": "octagon",
			"from": [5, 4.27208, 7.51],
			"to": [5.8, 4.95736, 8.49],
			"rotation": {"angle": -45, "axis": "z", "origin": [8, 5.51472, 8]},
			"faces": {
				"north": {"uv": [0, 0, 1, 1], "rotation": 180, "texture": "#0"},
				"east": {"uv": [0, 0, 1, 1], "rotation": 180, "texture": "#0"},
				"south": {"uv": [0, 0, 1, 1], "rotation": 180, "texture": "#0"},
				"west": {"uv": [0, 0, 1, 1], "rotation": 180, "texture": "#0"},
				"up": {"uv": [0, 0, 1, 1], "rotation": 180, "texture": "#0"},
				"down": {"uv": [0, 0, 1, 1], "rotation": 180, "texture": "#0"}
			}
		},
		{
			"name": "octagon",
			"from": [4.13, 0.02508, 7.7207],
			"to": [4.586, 0.41569, 8.2793],
			"rotation": {"angle": -45, "axis": "z", "origin": [5.84, 0.73339, 8]},
			"faces": {
				"north": {"uv": [0, 0, 1, 1], "rotation": 180, "texture": "#4"},
				"east": {"uv": [0, 0, 1, 1], "rotation": 180, "texture": "#4"},
				"south": {"uv": [0, 0, 1, 1], "rotation": 180, "texture": "#4"},
				"west": {"uv": [0, 0, 1, 1], "rotation": 180, "texture": "#4"},
				"up": {"uv": [0, 0, 1, 1], "rotation": 180, "texture": "#4"},
				"down": {"uv": [0, 0, 1, 1], "rotation": 180, "texture": "#4"}
			}
		},
		{
			"name": "octagon",
			"from": [8.4354, -0.83843, 7.78215],
			"to": [8.79108, -0.53376, 8.21785],
			"rotation": {"angle": -45, "axis": "z", "origin": [9.7692, -0.28596, 8]},
			"faces": {
				"north": {"uv": [0, 0, 1, 1], "rotation": 180, "texture": "#4"},
				"east": {"uv": [0, 0, 1, 1], "rotation": 180, "texture": "#4"},
				"south": {"uv": [0, 0, 1, 1], "rotation": 180, "texture": "#4"},
				"west": {"uv": [0, 0, 1, 1], "rotation": 180, "texture": "#4"},
				"up": {"uv": [0, 0, 1, 1], "rotation": 180, "texture": "#4"},
				"down": {"uv": [0, 0, 1, 1], "rotation": 180, "texture": "#4"}
			}
		},
		{
			"name": "octagon",
			"from": [4.30503, 3.4771, 7.5],
			"to": [5.50503, 4.4771, 8.5],
			"rotation": {"angle": -45, "axis": "z", "origin": [7.50503, 5.01974, 8]},
			"faces": {
				"north": {"uv": [0, 0, 1, 1], "rotation": 180, "texture": "#1"},
				"east": {"uv": [0, 0, 1, 1], "rotation": 180, "texture": "#1"},
				"south": {"uv": [0, 0, 1, 1], "rotation": 180, "texture": "#1"},
				"west": {"uv": [0, 0, 1, 1], "rotation": 180, "texture": "#1"},
				"up": {"uv": [0, 0, 1, 1], "rotation": 180, "texture": "#1"},
				"down": {"uv": [0, 0, 1, 1], "rotation": 180, "texture": "#1"}
			}
		},
		{
			"name": "octagon",
			"from": [3.39792, 2.77, 7.5],
			"to": [4.99792, 3.77, 8.5],
			"rotation": {"angle": -45, "axis": "z", "origin": [6.79792, 4.31264, 8]},
			"faces": {
				"north": {"uv": [4, 7, 5, 8], "rotation": 180, "texture": "#2"},
				"east": {"uv": [4, 7, 5, 8], "rotation": 180, "texture": "#2"},
				"south": {"uv": [4, 7, 5, 8], "rotation": 180, "texture": "#2"},
				"west": {"uv": [4, 7, 5, 8], "rotation": 180, "texture": "#2"},
				"up": {"uv": [4, 7, 5, 8], "rotation": 180, "texture": "#2"},
				"down": {"uv": [4, 7, 5, 8], "rotation": 180, "texture": "#2"}
			}
		},
		{
			"name": "octagon",
			"from": [5.74731, 7.40036, 7.51],
			"to": [6.43259, 8.20036, 8.49],
			"rotation": {"angle": 22.5, "axis": "z", "origin": [6.98995, 5.20036, 8]},
			"faces": {
				"north": {"uv": [0, 0, 1, 1], "rotation": 90, "texture": "#0"},
				"east": {"uv": [0, 0, 1, 1], "rotation": 270, "texture": "#0"},
				"south": {"uv": [0, 0, 1, 1], "rotation": 270, "texture": "#0"},
				"west": {"uv": [0, 0, 1, 1], "rotation": 270, "texture": "#0"},
				"up": {"uv": [0, 0, 1, 1], "rotation": 270, "texture": "#0"},
				"down": {"uv": [0, 0, 1, 1], "rotation": 270, "texture": "#0"}
			}
		},
		{
			"name": "octagon",
			"from": [4.55597, 1.80821, 7.7207],
			"to": [4.94658, 2.26421, 8.2793],
			"rotation": {"angle": 22.5, "axis": "z", "origin": [5.26427, 0.55421, 8]},
			"faces": {
				"north": {"uv": [0, 0, 1, 1], "rotation": 90, "texture": "#4"},
				"east": {"uv": [0, 0, 1, 1], "rotation": 270, "texture": "#4"},
				"south": {"uv": [0, 0, 1, 1], "rotation": 270, "texture": "#4"},
				"west": {"uv": [0, 0, 1, 1], "rotation": 270, "texture": "#4"},
				"up": {"uv": [0, 0, 1, 1], "rotation": 270, "texture": "#4"},
				"down": {"uv": [0, 0, 1, 1], "rotation": 270, "texture": "#4"}
			}
		},
		{
			"name": "octagon",
			"from": [8.76766, 0.5524, 7.78215],
			"to": [9.07233, 0.90808, 8.21785],
			"rotation": {"angle": 22.5, "axis": "z", "origin": [9.32013, -0.42572, 8]},
			"faces": {
				"north": {"uv": [0, 0, 1, 1], "rotation": 90, "texture": "#4"},
				"east": {"uv": [0, 0, 1, 1], "rotation": 270, "texture": "#4"},
				"south": {"uv": [0, 0, 1, 1], "rotation": 270, "texture": "#4"},
				"west": {"uv": [0, 0, 1, 1], "rotation": 270, "texture": "#4"},
				"up": {"uv": [0, 0, 1, 1], "rotation": 270, "texture": "#4"},
				"down": {"uv": [0, 0, 1, 1], "rotation": 270, "texture": "#4"}
			}
		},
		{
			"name": "octagon",
			"from": [4.82343, 6.81768, 7.5],
			"to": [5.82343, 7.81768, 8.5],
			"rotation": {"angle": 22.5, "axis": "z", "origin": [6.06607, 4.81768, 8]},
			"faces": {
				"north": {"uv": [0, 0, 1, 1], "rotation": 90, "texture": "#1"},
				"east": {"uv": [0, 0, 1, 1], "rotation": 270, "texture": "#1"},
				"south": {"uv": [0, 0, 1, 1], "rotation": 270, "texture": "#1"},
				"west": {"uv": [0, 0, 1, 1], "rotation": 270, "texture": "#1"},
				"up": {"uv": [0, 0, 1, 1], "rotation": 270, "texture": "#1"},
				"down": {"uv": [0, 0, 1, 1], "rotation": 270, "texture": "#1"}
			}
		},
		{
			"name": "octagon",
			"from": [3.89955, 6.235, 7.5],
			"to": [4.89955, 7.535, 8.5],
			"rotation": {"angle": 22.5, "axis": "z", "origin": [5.14219, 4.435, 8]},
			"faces": {
				"north": {"uv": [4, 7, 5, 8], "rotation": 90, "texture": "#2"},
				"east": {"uv": [4, 7, 5, 8], "rotation": 90, "texture": "#2"},
				"south": {"uv": [4, 7, 5, 8], "rotation": 90, "texture": "#2"},
				"west": {"uv": [4, 7, 5, 8], "rotation": 90, "texture": "#2"},
				"up": {"uv": [4, 7, 5, 8], "rotation": 90, "texture": "#2"},
				"down": {"uv": [4, 7, 5, 8], "rotation": 90, "texture": "#2"}
			}
		},
		{
			"name": "octagon",
			"from": [11.42034, 8.88429, 7.51],
			"to": [12.10562, 9.68429, 8.49],
			"rotation": {"angle": 22.5, "axis": "z", "origin": [12.66298, 6.68429, 8]},
			"faces": {
				"north": {"uv": [0, 0, 1, 1], "rotation": 90, "texture": "#0"},
				"east": {"uv": [0, 0, 1, 1], "rotation": 270, "texture": "#0"},
				"south": {"uv": [0, 0, 1, 1], "rotation": 270, "texture": "#0"},
				"west": {"uv": [0, 0, 1, 1], "rotation": 270, "texture": "#0"},
				"up": {"uv": [0, 0, 1, 1], "rotation": 270, "texture": "#0"},
				"down": {"uv": [0, 0, 1, 1], "rotation": 270, "texture": "#0"}
			}
		},
		{
			"name": "octagon",
			"from": [7.7896, 2.65405, 7.7207],
			"to": [8.18021, 3.11005, 8.2793],
			"rotation": {"angle": 22.5, "axis": "z", "origin": [8.4979, 1.40005, 8]},
			"faces": {
				"north": {"uv": [0, 0, 1, 1], "rotation": 90, "texture": "#4"},
				"east": {"uv": [0, 0, 1, 1], "rotation": 270, "texture": "#4"},
				"south": {"uv": [0, 0, 1, 1], "rotation": 270, "texture": "#4"},
				"west": {"uv": [0, 0, 1, 1], "rotation": 270, "texture": "#4"},
				"up": {"uv": [0, 0, 1, 1], "rotation": 270, "texture": "#4"},
				"down": {"uv": [0, 0, 1, 1], "rotation": 270, "texture": "#4"}
			}
		},
		{
			"name": "octagon",
			"from": [11.28988, 1.21216, 7.78215],
			"to": [11.59456, 1.56784, 8.21785],
			"rotation": {"angle": 22.5, "axis": "z", "origin": [11.84236, 0.23404, 8]},
			"faces": {
				"north": {"uv": [0, 0, 1, 1], "rotation": 90, "texture": "#4"},
				"east": {"uv": [0, 0, 1, 1], "rotation": 270, "texture": "#4"},
				"south": {"uv": [0, 0, 1, 1], "rotation": 270, "texture": "#4"},
				"west": {"uv": [0, 0, 1, 1], "rotation": 270, "texture": "#4"},
				"up": {"uv": [0, 0, 1, 1], "rotation": 270, "texture": "#4"},
				"down": {"uv": [0, 0, 1, 1], "rotation": 270, "texture": "#4"}
			}
		},
		{
			"name": "octagon",
			"from": [10.40515, 0.24615, 7.78215],
			"to": [10.70983, 0.60183, 8.21785],
			"rotation": {"angle": -22.5, "axis": "z", "origin": [10.95763, -0.73197, 8]},
			"faces": {
				"north": {"uv": [0, 0, 1, 1], "rotation": 90, "texture": "#4"},
				"east": {"uv": [0, 0, 1, 1], "rotation": 270, "texture": "#4"},
				"south": {"uv": [0, 0, 1, 1], "rotation": 270, "texture": "#4"},
				"west": {"uv": [0, 0, 1, 1], "rotation": 270, "texture": "#4"},
				"up": {"uv": [0, 0, 1, 1], "rotation": 270, "texture": "#4"},
				"down": {"uv": [0, 0, 1, 1], "rotation": 270, "texture": "#4"}
			}
		},
		{
			"name": "octagon",
			"from": [12.05346, 9.14654, 7.5],
			"to": [13.05346, 10.14654, 8.5],
			"rotation": {"angle": 22.5, "axis": "z", "origin": [13.2961, 6.94654, 8]},
			"faces": {
				"north": {"uv": [0, 0, 1, 1], "rotation": 90, "texture": "#1"},
				"east": {"uv": [0, 0, 1, 1], "rotation": 270, "texture": "#1"},
				"south": {"uv": [0, 0, 1, 1], "rotation": 270, "texture": "#1"},
				"west": {"uv": [0, 0, 1, 1], "rotation": 270, "texture": "#1"},
				"up": {"uv": [0, 0, 1, 1], "rotation": 270, "texture": "#1"},
				"down": {"uv": [0, 0, 1, 1], "rotation": 270, "texture": "#1"}
			}
		},
		{
			"name": "octagon",
			"from": [12.97734, 9.32922, 7.5],
			"to": [13.97734, 10.72922, 8.5],
			"rotation": {"angle": 22.5, "axis": "z", "origin": [14.21998, 7.32922, 8]},
			"faces": {
				"north": {"uv": [4, 7, 5, 8], "rotation": 90, "texture": "#2"},
				"east": {"uv": [4, 7, 5, 8], "rotation": 90, "texture": "#2"},
				"south": {"uv": [4, 7, 5, 8], "rotation": 90, "texture": "#2"},
				"west": {"uv": [4, 7, 5, 8], "rotation": 90, "texture": "#2"},
				"up": {"uv": [4, 7, 5, 8], "rotation": 90, "texture": "#2"},
				"down": {"uv": [4, 7, 5, 8], "rotation": 90, "texture": "#2"}
			}
		},
		{
			"name": "hexadecagon",
			"from": [7.90054, -3.1, 7.5],
			"to": [8.09946, 3.8, 8.5],
			"rotation": {"angle": -45, "axis": "y", "origin": [8, 3.3, 8]},
			"faces": {
				"north": {"uv": [0, 0, 1, 1], "texture": "#4"},
				"east": {"uv": [0, 0, 1, 1], "texture": "#4"},
				"south": {"uv": [0, 0, 1, 1], "texture": "#4"},
				"west": {"uv": [0, 0, 1, 1], "texture": "#4"},
				"up": {"uv": [0, 0, 1, 1], "texture": "#4"},
				"down": {"uv": [0, 0, 1, 1], "texture": "#4"}
			}
		},
		{
			"name": "hexadecagon",
			"from": [7.90054, -3.1, 7.5],
			"to": [8.09946, 3.8, 8.5],
			"rotation": {"angle": -22.5, "axis": "y", "origin": [8, 3.3, 8]},
			"faces": {
				"north": {"uv": [0, 0, 1, 1], "texture": "#4"},
				"east": {"uv": [0, 0, 1, 1], "texture": "#4"},
				"south": {"uv": [0, 0, 1, 1], "texture": "#4"},
				"west": {"uv": [0, 0, 1, 1], "texture": "#4"},
				"up": {"uv": [0, 0, 1, 1], "texture": "#4"},
				"down": {"uv": [0, 0, 1, 1], "texture": "#4"}
			}
		},
		{
			"name": "hexadecagon",
			"from": [7.90054, -3.1, 7.5],
			"to": [8.09946, 3.8, 8.5],
			"rotation": {"angle": 0, "axis": "y", "origin": [8, 3.3, 8]},
			"faces": {
				"north": {"uv": [0, 0, 1, 1], "texture": "#4"},
				"east": {"uv": [0, 0, 1, 1], "texture": "#4"},
				"south": {"uv": [0, 0, 1, 1], "texture": "#4"},
				"west": {"uv": [0, 0, 1, 1], "texture": "#4"},
				"up": {"uv": [0, 0, 1, 1], "texture": "#4"},
				"down": {"uv": [0, 0, 1, 1], "texture": "#4"}
			}
		},
		{
			"name": "hexadecagon",
			"from": [7.90054, -3.1, 7.5],
			"to": [8.09946, 3.8, 8.5],
			"rotation": {"angle": 22.5, "axis": "y", "origin": [8, 3.3, 8]},
			"faces": {
				"north": {"uv": [0, 0, 1, 1], "texture": "#4"},
				"east": {"uv": [0, 0, 1, 1], "texture": "#4"},
				"south": {"uv": [0, 0, 1, 1], "texture": "#4"},
				"west": {"uv": [0, 0, 1, 1], "texture": "#4"},
				"up": {"uv": [0, 0, 1, 1], "texture": "#4"},
				"down": {"uv": [0, 0, 1, 1], "texture": "#4"}
			}
		},
		{
			"name": "hexadecagon",
			"from": [7.90054, -3.1, 7.5],
			"to": [8.09946, 3.8, 8.5],
			"rotation": {"angle": 45, "axis": "y", "origin": [8, 3.3, 8]},
			"faces": {
				"north": {"uv": [0, 0, 1, 1], "texture": "#4"},
				"east": {"uv": [0, 0, 1, 1], "texture": "#4"},
				"south": {"uv": [0, 0, 1, 1], "texture": "#4"},
				"west": {"uv": [0, 0, 1, 1], "texture": "#4"},
				"up": {"uv": [0, 0, 1, 1], "texture": "#4"},
				"down": {"uv": [0, 0, 1, 1], "texture": "#4"}
			}
		},
		{
			"name": "hexadecagon",
			"from": [7.5, -3.1, 7.90054],
			"to": [8.5, 3.8, 8.09946],
			"rotation": {"angle": -22.5, "axis": "y", "origin": [8, 3.3, 8]},
			"faces": {
				"north": {"uv": [0, 0, 1, 1], "texture": "#4"},
				"east": {"uv": [0, 0, 1, 1], "texture": "#4"},
				"south": {"uv": [0, 0, 1, 1], "texture": "#4"},
				"west": {"uv": [0, 0, 1, 1], "texture": "#4"},
				"up": {"uv": [0, 0, 1, 1], "texture": "#4"},
				"down": {"uv": [0, 0, 1, 1], "texture": "#4"}
			}
		},
		{
			"name": "hexadecagon",
			"from": [7.5, -3.1, 7.90054],
			"to": [8.5, 3.8, 8.09946],
			"rotation": {"angle": 0, "axis": "y", "origin": [8, 3.3, 8]},
			"faces": {
				"north": {"uv": [0, 0, 1, 1], "texture": "#4"},
				"east": {"uv": [0, 0, 1, 1], "texture": "#4"},
				"south": {"uv": [0, 0, 1, 1], "texture": "#4"},
				"west": {"uv": [0, 0, 1, 1], "texture": "#4"},
				"up": {"uv": [0, 0, 1, 1], "texture": "#4"},
				"down": {"uv": [0, 0, 1, 1], "texture": "#4"}
			}
		},
		{
			"name": "hexadecagon",
			"from": [7.5, -3.1, 7.90054],
			"to": [8.5, 3.8, 8.09946],
			"rotation": {"angle": 22.5, "axis": "y", "origin": [8, 3.3, 8]},
			"faces": {
				"north": {"uv": [0, 0, 1, 1], "texture": "#4"},
				"east": {"uv": [0, 0, 1, 1], "texture": "#4"},
				"south": {"uv": [0, 0, 1, 1], "texture": "#4"},
				"west": {"uv": [0, 0, 1, 1], "texture": "#4"},
				"up": {"uv": [0, 0, 1, 1], "texture": "#4"},
				"down": {"uv": [0, 0, 1, 1], "texture": "#4"}
			}
		},
		{
			"name": "hexadecagon",
			"from": [7.93038, -3.2, 7.65],
			"to": [8.06962, -2.2, 8.35],
			"rotation": {"angle": -45, "axis": "y", "origin": [8, -2.7, 8]},
			"faces": {
				"north": {"uv": [0, 0, 1, 1], "texture": "#4"},
				"east": {"uv": [0, 0, 1, 1], "texture": "#4"},
				"south": {"uv": [0, 0, 1, 1], "texture": "#4"},
				"west": {"uv": [0, 0, 1, 1], "texture": "#4"},
				"up": {"uv": [0, 0, 1, 1], "texture": "#4"},
				"down": {"uv": [0, 0, 1, 1], "texture": "#4"}
			}
		},
		{
			"name": "hexadecagon",
			"from": [7.93038, -3.2, 7.65],
			"to": [8.06962, -2.2, 8.35],
			"rotation": {"angle": -22.5, "axis": "y", "origin": [8, -2.7, 8]},
			"faces": {
				"north": {"uv": [0, 0, 1, 1], "texture": "#4"},
				"east": {"uv": [0, 0, 1, 1], "texture": "#4"},
				"south": {"uv": [0, 0, 1, 1], "texture": "#4"},
				"west": {"uv": [0, 0, 1, 1], "texture": "#4"},
				"up": {"uv": [0, 0, 1, 1], "texture": "#4"},
				"down": {"uv": [0, 0, 1, 1], "texture": "#4"}
			}
		},
		{
			"name": "hexadecagon",
			"from": [7.93038, -3.2, 7.65],
			"to": [8.06962, -2.2, 8.35],
			"rotation": {"angle": 0, "axis": "y", "origin": [8, -2.7, 8]},
			"faces": {
				"north": {"uv": [0, 0, 1, 1], "texture": "#4"},
				"east": {"uv": [0, 0, 1, 1], "texture": "#4"},
				"south": {"uv": [0, 0, 1, 1], "texture": "#4"},
				"west": {"uv": [0, 0, 1, 1], "texture": "#4"},
				"up": {"uv": [0, 0, 1, 1], "texture": "#4"},
				"down": {"uv": [0, 0, 1, 1], "texture": "#4"}
			}
		},
		{
			"name": "hexadecagon",
			"from": [7.93038, -3.2, 7.65],
			"to": [8.06962, -2.2, 8.35],
			"rotation": {"angle": 22.5, "axis": "y", "origin": [8, -2.7, 8]},
			"faces": {
				"north": {"uv": [0, 0, 1, 1], "texture": "#4"},
				"east": {"uv": [0, 0, 1, 1], "texture": "#4"},
				"south": {"uv": [0, 0, 1, 1], "texture": "#4"},
				"west": {"uv": [0, 0, 1, 1], "texture": "#4"},
				"up": {"uv": [0, 0, 1, 1], "texture": "#4"},
				"down": {"uv": [0, 0, 1, 1], "texture": "#4"}
			}
		},
		{
			"name": "hexadecagon",
			"from": [7.93038, -3.2, 7.65],
			"to": [8.06962, -2.2, 8.35],
			"rotation": {"angle": 45, "axis": "y", "origin": [8, -2.7, 8]},
			"faces": {
				"north": {"uv": [0, 0, 1, 1], "texture": "#4"},
				"east": {"uv": [0, 0, 1, 1], "texture": "#4"},
				"south": {"uv": [0, 0, 1, 1], "texture": "#4"},
				"west": {"uv": [0, 0, 1, 1], "texture": "#4"},
				"up": {"uv": [0, 0, 1, 1], "texture": "#4"},
				"down": {"uv": [0, 0, 1, 1], "texture": "#4"}
			}
		},
		{
			"name": "hexadecagon",
			"from": [7.65, -3.2, 7.93038],
			"to": [8.35, -2.2, 8.06962],
			"rotation": {"angle": -22.5, "axis": "y", "origin": [8, -2.7, 8]},
			"faces": {
				"north": {"uv": [0, 0, 1, 1], "texture": "#4"},
				"east": {"uv": [0, 0, 1, 1], "texture": "#4"},
				"south": {"uv": [0, 0, 1, 1], "texture": "#4"},
				"west": {"uv": [0, 0, 1, 1], "texture": "#4"},
				"up": {"uv": [0, 0, 1, 1], "texture": "#4"},
				"down": {"uv": [0, 0, 1, 1], "texture": "#4"}
			}
		},
		{
			"name": "hexadecagon",
			"from": [7.65, -3.2, 7.93038],
			"to": [8.35, -2.2, 8.06962],
			"rotation": {"angle": 0, "axis": "y", "origin": [8, -2.7, 8]},
			"faces": {
				"north": {"uv": [0, 0, 1, 1], "texture": "#4"},
				"east": {"uv": [0, 0, 1, 1], "texture": "#4"},
				"south": {"uv": [0, 0, 1, 1], "texture": "#4"},
				"west": {"uv": [0, 0, 1, 1], "texture": "#4"},
				"up": {"uv": [0, 0, 1, 1], "texture": "#4"},
				"down": {"uv": [0, 0, 1, 1], "texture": "#4"}
			}
		},
		{
			"name": "hexadecagon",
			"from": [7.65, -3.2, 7.93038],
			"to": [8.35, -2.2, 8.06962],
			"rotation": {"angle": 22.5, "axis": "y", "origin": [8, -2.7, 8]},
			"faces": {
				"north": {"uv": [0, 0, 1, 1], "texture": "#4"},
				"east": {"uv": [0, 0, 1, 1], "texture": "#4"},
				"south": {"uv": [0, 0, 1, 1], "texture": "#4"},
				"west": {"uv": [0, 0, 1, 1], "texture": "#4"},
				"up": {"uv": [0, 0, 1, 1], "texture": "#4"},
				"down": {"uv": [0, 0, 1, 1], "texture": "#4"}
			}
		},
		{
			"name": "hexadecagon",
			"from": [7.90054, -3.1, 7.5],
			"to": [8.09946, 3.8, 8.5],
			"rotation": {"angle": -45, "axis": "y", "origin": [8, 3.3, 8]},
			"faces": {
				"north": {"uv": [0, 0, 1, 1], "texture": "#4"},
				"east": {"uv": [0, 0, 1, 1], "texture": "#4"},
				"south": {"uv": [0, 0, 1, 1], "texture": "#4"},
				"west": {"uv": [0, 0, 1, 1], "texture": "#4"},
				"up": {"uv": [0, 0, 1, 1], "texture": "#4"},
				"down": {"uv": [0, 0, 1, 1], "texture": "#4"}
			}
		},
		{
			"name": "hexadecagon",
			"from": [7.90054, -3.1, 7.5],
			"to": [8.09946, 3.8, 8.5],
			"rotation": {"angle": -22.5, "axis": "y", "origin": [8, 3.3, 8]},
			"faces": {
				"north": {"uv": [0, 0, 1, 1], "texture": "#4"},
				"east": {"uv": [0, 0, 1, 1], "texture": "#4"},
				"south": {"uv": [0, 0, 1, 1], "texture": "#4"},
				"west": {"uv": [0, 0, 1, 1], "texture": "#4"},
				"up": {"uv": [0, 0, 1, 1], "texture": "#4"},
				"down": {"uv": [0, 0, 1, 1], "texture": "#4"}
			}
		},
		{
			"name": "hexadecagon",
			"from": [7.90054, -3.1, 7.5],
			"to": [8.09946, 3.8, 8.5],
			"rotation": {"angle": 0, "axis": "y", "origin": [8, 3.3, 8]},
			"faces": {
				"north": {"uv": [0, 0, 1, 1], "texture": "#4"},
				"east": {"uv": [0, 0, 1, 1], "texture": "#4"},
				"south": {"uv": [0, 0, 1, 1], "texture": "#4"},
				"west": {"uv": [0, 0, 1, 1], "texture": "#4"},
				"up": {"uv": [0, 0, 1, 1], "texture": "#4"},
				"down": {"uv": [0, 0, 1, 1], "texture": "#4"}
			}
		},
		{
			"name": "hexadecagon",
			"from": [7.90054, -3.1, 7.5],
			"to": [8.09946, 3.8, 8.5],
			"rotation": {"angle": 22.5, "axis": "y", "origin": [8, 3.3, 8]},
			"faces": {
				"north": {"uv": [0, 0, 1, 1], "texture": "#4"},
				"east": {"uv": [0, 0, 1, 1], "texture": "#4"},
				"south": {"uv": [0, 0, 1, 1], "texture": "#4"},
				"west": {"uv": [0, 0, 1, 1], "texture": "#4"},
				"up": {"uv": [0, 0, 1, 1], "texture": "#4"},
				"down": {"uv": [0, 0, 1, 1], "texture": "#4"}
			}
		},
		{
			"name": "hexadecagon",
			"from": [7.90054, -3.1, 7.5],
			"to": [8.09946, 3.8, 8.5],
			"rotation": {"angle": 45, "axis": "y", "origin": [8, 3.3, 8]},
			"faces": {
				"north": {"uv": [0, 0, 1, 1], "texture": "#4"},
				"east": {"uv": [0, 0, 1, 1], "texture": "#4"},
				"south": {"uv": [0, 0, 1, 1], "texture": "#4"},
				"west": {"uv": [0, 0, 1, 1], "texture": "#4"},
				"up": {"uv": [0, 0, 1, 1], "texture": "#4"},
				"down": {"uv": [0, 0, 1, 1], "texture": "#4"}
			}
		},
		{
			"name": "hexadecagon",
			"from": [7.5, -3.1, 7.90054],
			"to": [8.5, 3.8, 8.09946],
			"rotation": {"angle": -22.5, "axis": "y", "origin": [8, 3.3, 8]},
			"faces": {
				"north": {"uv": [0, 0, 1, 1], "texture": "#4"},
				"east": {"uv": [0, 0, 1, 1], "texture": "#4"},
				"south": {"uv": [0, 0, 1, 1], "texture": "#4"},
				"west": {"uv": [0, 0, 1, 1], "texture": "#4"},
				"up": {"uv": [0, 0, 1, 1], "texture": "#4"},
				"down": {"uv": [0, 0, 1, 1], "texture": "#4"}
			}
		},
		{
			"name": "hexadecagon",
			"from": [7.5, -3.1, 7.90054],
			"to": [8.5, 3.8, 8.09946],
			"rotation": {"angle": 0, "axis": "y", "origin": [8, 3.3, 8]},
			"faces": {
				"north": {"uv": [0, 0, 1, 1], "texture": "#4"},
				"east": {"uv": [0, 0, 1, 1], "texture": "#4"},
				"south": {"uv": [0, 0, 1, 1], "texture": "#4"},
				"west": {"uv": [0, 0, 1, 1], "texture": "#4"},
				"up": {"uv": [0, 0, 1, 1], "texture": "#4"},
				"down": {"uv": [0, 0, 1, 1], "texture": "#4"}
			}
		},
		{
			"name": "hexadecagon",
			"from": [7.5, -3.1, 7.90054],
			"to": [8.5, 3.8, 8.09946],
			"rotation": {"angle": 22.5, "axis": "y", "origin": [8, 3.3, 8]},
			"faces": {
				"north": {"uv": [0, 0, 1, 1], "texture": "#4"},
				"east": {"uv": [0, 0, 1, 1], "texture": "#4"},
				"south": {"uv": [0, 0, 1, 1], "texture": "#4"},
				"west": {"uv": [0, 0, 1, 1], "texture": "#4"},
				"up": {"uv": [0, 0, 1, 1], "texture": "#4"},
				"down": {"uv": [0, 0, 1, 1], "texture": "#4"}
			}
		}
	],
	"display": {
		"thirdperson_righthand": {
			"translation": [0, 8, 0]
		},
		"thirdperson_lefthand": {
			"translation": [0, 8, 0]
		},
		"firstperson_righthand": {
			"translation": [0, 10, 0]
		},
		"firstperson_lefthand": {
			"translation": [0, 10, 0]
		},
		"ground": {
			"translation": [0, 10.75, 0]
		},
		"gui": {
			"rotation": [10, 4, 0],
			"translation": [0, 1.5, 0]
		},
		"head": {
			"translation": [0, 26.75, 0],
			"scale": [2, 2, 2]
		},
		"fixed": {
			"translation": [0, 7.75, -1.5],
			"scale": [2, 2, 2]
		}
	},
	"groups": [
		{
			"name": "octagon",
			"origin": [8, 8, 8],
			"children": [0, 1, 2, 3, 4, 5, 6, 7, 8, 9, 10, 11, 12, 13, 14, 15, 16, 17, 18, 19, 20, 21, 22, 23, 24, 25, 26, 27, 28, 29, 30, 31, 32, 33, 34, 35, 36, 37, 38, 39, 40, 41, 42, 43, 44, 45, 46, 47, 48, 49, 50, 51, 52, 53, 54, 55, 56, 57, 58, 59, 60, 61, 62, 63, 64, 65, 66, 67, 68, 69, 70, 71, 72, 73, 74, 75, 76, 77, 78, 79, 80, 81, 82, 83, 84]
		},
		{
			"name": "hexadecagon",
			"origin": [8, 8, 8],
			"children": [85, 86, 87, 88, 89, 90, 91, 92]
		},
		{
			"name": "hexadecagon",
			"origin": [8, 8, 8],
			"children": [93, 94, 95, 96, 97, 98, 99, 100]
		},
		{
			"name": "hexadecagon",
			"origin": [8, 8, 8],
			"children": [101, 102, 103, 104, 105, 106, 107, 108]
		}
	]
}