{
	"credit": "Made with Blockbench",
	"textures": {
		"0": "block/yellow_terracotta",
		"1": "block/red_concrete",
		"particle": "block/yellow_terracotta"
	},
	"elements": [
		{
			"from": [22.70208, -0.20208, 13],
			"to": [26.00208, 1.59792, 14],
			"rotation": {"angle": 0, "axis": "y", "origin": [9.00208, 0.09792, 0]},
			"faces": {
				"north": {"uv": [0, 0, 3.3, 1.8], "texture": "#0"},
				"east": {"uv": [0, 0, 1, 1.8], "texture": "#0"},
				"south": {"uv": [0, 0, 3.3, 1.8], "texture": "#0"},
				"west": {"uv": [0, 0, 1, 1.8], "texture": "#0"},
				"up": {"uv": [0, 0, 3.3, 1], "texture": "#0"},
				"down": {"uv": [0, 0, 3.3, 1], "texture": "#0"}
			}
		},
		{
			"from": [21.5, 2, 13],
			"to": [23.5, 10, 14],
			"rotation": {"angle": 0, "axis": "y", "origin": [9, 0, 0]},
			"faces": {
				"north": {"uv": [0, 0, 2, 8], "texture": "#0"},
				"east": {"uv": [0, 0, 1, 8], "texture": "#0"},
				"south": {"uv": [0, 0, 2, 8], "texture": "#0"},
				"west": {"uv": [0, 0, 1, 8], "texture": "#0"},
				"up": {"uv": [0, 0, 2, 1], "texture": "#0"},
				"down": {"uv": [0, 0, 2, 1], "texture": "#0"}
			}
		},
		{
			"from": [21.5, 1, 13],
			"to": [23.5, 2, 14],
			"rotation": {"angle": 0, "axis": "y", "origin": [9, 0, 0]},
			"faces": {
				"north": {"uv": [0, 0, 2, 1], "texture": "#0"},
				"east": {"uv": [0, 0, 1, 1], "texture": "#0"},
				"south": {"uv": [0, 0, 2, 1], "texture": "#0"},
				"west": {"uv": [0, 0, 1, 1], "texture": "#0"},
				"up": {"uv": [0, 0, 2, 1], "texture": "#0"},
				"down": {"uv": [0, 0, 2, 1], "texture": "#0"}
			}
		},
		{
			"from": [26.13898, -9.29949, 13],
			"to": [27.23898, -7.59949, 14],
			"rotation": {"angle": 45, "axis": "z", "origin": [13.43898, -8.89949, 0]},
			"faces": {
				"north": {"uv": [0, 0, 1.1, 1.7], "texture": "#0"},
				"east": {"uv": [0, 0, 1, 1.7], "texture": "#0"},
				"south": {"uv": [0, 0, 1.1, 1.7], "texture": "#0"},
				"west": {"uv": [0, 0, 1, 1.7], "texture": "#0"},
				"up": {"uv": [0, 0, 1.1, 1], "texture": "#0"},
				"down": {"uv": [0, 0, 1.1, 1], "texture": "#0"}
			}
		},
		{
			"from": [27.91472, -8.99949, 13],
			"to": [28.31472, -8.09949, 14],
			"rotation": {"angle": 45, "axis": "z", "origin": [13.51472, -8.89949, 0]},
			"faces": {
				"north": {"uv": [0, 0, 0.4, 0.9], "texture": "#0"},
				"east": {"uv": [0, 0, 1, 0.9], "texture": "#0"},
				"south": {"uv": [0, 0, 0.4, 0.9], "texture": "#0"},
				"west": {"uv": [0, 0, 1, 0.9], "texture": "#0"},
				"up": {"uv": [0, 0, 0.4, 1], "texture": "#0"},
				"down": {"uv": [0, 0, 0.4, 1], "texture": "#0"}
			}
		},
		{
			"from": [19.9, 3.2, 13],
			"to": [21.1, 8.8, 14],
			"rotation": {"angle": 0, "axis": "y", "origin": [6.7, -1.6, -2.6]},
			"faces": {
				"north": {"uv": [0, 0, 1, 4], "texture": "#0"},
				"east": {"uv": [0, 0, 1, 4], "texture": "#0"},
				"south": {"uv": [0, 0, 1, 4], "texture": "#0"},
				"west": {"uv": [0, 0, 1, 4], "texture": "#0"},
				"up": {"uv": [0, 0, 1, 1], "texture": "#0"},
				"down": {"uv": [0, 0, 1, 1], "texture": "#0"}
			}
		},
		{
			"from": [16.78, 2.24, 13],
			"to": [17.98, 8.8, 14],
			"rotation": {"angle": 0, "axis": "y", "origin": [7.18, -1.6, -2.6]},
			"faces": {
				"north": {"uv": [0, 0, 1, 4.8], "texture": "#0"},
				"east": {"uv": [0, 0, 1, 4.8], "texture": "#0"},
				"south": {"uv": [0, 0, 1, 4.8], "texture": "#0"},
				"west": {"uv": [0, 0, 1, 4.8], "texture": "#0"},
				"up": {"uv": [0, 0, 1, 1], "texture": "#0"},
				"down": {"uv": [0, 0, 1, 1], "texture": "#0"}
			}
		},
		{
			"from": [17.26, 2.12, 13],
			"to": [17.98, 2.24, 14],
			"rotation": {"angle": 0, "axis": "y", "origin": [7.18, -1.36, -2.6]},
			"faces": {
				"north": {"uv": [0, 0, 0.6, 0.1], "texture": "#0"},
				"east": {"uv": [0, 0, 1, 0.1], "texture": "#0"},
				"south": {"uv": [0, 0, 0.6, 0.1], "texture": "#0"},
				"west": {"uv": [0, 0, 1, 0.1], "texture": "#0"},
				"up": {"uv": [0, 0, 0.6, 1], "texture": "#0"},
				"down": {"uv": [0, 0, 0.6, 1], "texture": "#0"}
			}
		},
		{
			"from": [17.38, 2, 13],
			"to": [17.98, 2.12, 14],
			"rotation": {"angle": 0, "axis": "y", "origin": [7.18, -1.36, -2.6]},
			"faces": {
				"north": {"uv": [0, 0, 0.5, 0.1], "texture": "#0"},
				"east": {"uv": [0, 0, 1, 0.1], "texture": "#0"},
				"south": {"uv": [0, 0, 0.5, 0.1], "texture": "#0"},
				"west": {"uv": [0, 0, 1, 0.1], "texture": "#0"},
				"up": {"uv": [0, 0, 0.5, 1], "texture": "#0"},
				"down": {"uv": [0, 0, 0.5, 1], "texture": "#0"}
			}
		},
		{
			"from": [18.03232, -0.65645, 13],
			"to": [20.91232, 0.54355, 14],
			"rotation": {"angle": 22.5, "axis": "z", "origin": [11.31232, 1.74355, -2.6]},
			"faces": {
				"north": {"uv": [0, 0, 1, 2.4], "rotation": 270, "texture": "#0"},
				"east": {"uv": [0, 0, 1, 1], "rotation": 90, "texture": "#0"},
				"south": {"uv": [0, 0, 1, 2.4], "rotation": 90, "texture": "#0"},
				"west": {"uv": [0, 0, 1, 1], "rotation": 90, "texture": "#0"},
				"up": {"uv": [0, 0, 1, 2.4], "rotation": 90, "texture": "#0"},
				"down": {"uv": [0, 0, 1, 2.4], "rotation": 90, "texture": "#0"}
			}
		},
		{
			"from": [17.75225, 3.28782, 13],
			"to": [18.95225, 3.52782, 14],
			"rotation": {"angle": -22.5, "axis": "z", "origin": [14.63225, 5.20782, -2.6]},
			"faces": {
				"north": {"uv": [0, 0, 0.2, 1], "rotation": 270, "texture": "#0"},
				"east": {"uv": [0, 0, 0.2, 1], "rotation": 90, "texture": "#0"},
				"south": {"uv": [0, 0, 0.2, 1], "rotation": 90, "texture": "#0"},
				"west": {"uv": [0, 0, 0.2, 1], "rotation": 90, "texture": "#0"},
				"up": {"uv": [0, 0, 1, 1], "rotation": 90, "texture": "#0"},
				"down": {"uv": [0, 0, 1, 1], "rotation": 90, "texture": "#0"}
			}
		},
		{
			"from": [18.66282, 3.60491, 13],
			"to": [19.50282, 4.44491, 14],
			"rotation": {"angle": -22.5, "axis": "z", "origin": [15.18282, 5.52491, -2.6]},
			"faces": {
				"north": {"uv": [0, 0, 0.7, 0.7], "rotation": 270, "texture": "#0"},
				"east": {"uv": [0, 0, 0.7, 1], "rotation": 90, "texture": "#0"},
				"south": {"uv": [0, 0, 0.7, 0.7], "rotation": 90, "texture": "#0"},
				"west": {"uv": [0, 0, 0.7, 1], "rotation": 90, "texture": "#0"},
				"up": {"uv": [0, 0, 1, 0.7], "rotation": 90, "texture": "#0"},
				"down": {"uv": [0, 0, 1, 0.7], "rotation": 90, "texture": "#0"}
			}
		},
		{
			"from": [14.48, 1.74, 13],
			"to": [15.98, 8.8, 14],
			"rotation": {"angle": 0, "axis": "y", "origin": [7.18, -1.6, -2.6]},
			"faces": {
				"north": {"uv": [0, 0, 1, 4.8], "texture": "#0"},
				"east": {"uv": [0, 0, 1, 4.8], "texture": "#0"},
				"south": {"uv": [0, 0, 1, 4.8], "texture": "#0"},
				"west": {"uv": [0, 0, 1, 4.8], "texture": "#0"},
				"up": {"uv": [0, 0, 1, 1], "texture": "#0"},
				"down": {"uv": [0, 0, 1, 1], "texture": "#0"}
			}
		},
		{
			"from": [15.86084, 3.54599, 13],
			"to": [17.46084, 6.00599, 14],
			"rotation": {"angle": 22.5, "axis": "z", "origin": [12.26084, -3.79401, -2.6]},
			"faces": {
				"north": {"uv": [0, 0, 1, 4.8], "texture": "#0"},
				"east": {"uv": [0, 0, 1, 4.8], "texture": "#0"},
				"south": {"uv": [0, 0, 1, 4.8], "texture": "#0"},
				"west": {"uv": [0, 0, 1, 4.8], "texture": "#0"},
				"up": {"uv": [0, 0, 1, 1], "texture": "#0"},
				"down": {"uv": [0, 0, 1, 1], "texture": "#0"}
			}
		},
		{
			"from": [10.76167, 1.02861, 13],
			"to": [12.82167, 2.62861, 14],
			"rotation": {"angle": -22.5, "axis": "z", "origin": [21.16167, -2.57139, -2.6]},
			"faces": {
				"north": {"uv": [0, 0, 1, 4.8], "rotation": 90, "texture": "#0"},
				"east": {"uv": [0, 0, 1, 1], "rotation": 270, "texture": "#0"},
				"south": {"uv": [0, 0, 1, 4.8], "rotation": 270, "texture": "#0"},
				"west": {"uv": [0, 0, 1, 1], "rotation": 270, "texture": "#0"},
				"up": {"uv": [0, 0, 1, 4.8], "rotation": 270, "texture": "#0"},
				"down": {"uv": [0, 0, 1, 4.8], "rotation": 270, "texture": "#0"}
			}
		},
		{
			"from": [9.64606, 4.16006, 13],
			"to": [11.04606, 6.82006, 14],
			"rotation": {"angle": -22.5, "axis": "z", "origin": [6.04606, -2.47994, -2.6]},
			"faces": {
				"north": {"uv": [0, 0, 1, 4.8], "texture": "#0"},
				"east": {"uv": [0, 0, 1, 4.8], "texture": "#0"},
				"south": {"uv": [0, 0, 1, 4.8], "texture": "#0"},
				"west": {"uv": [0, 0, 1, 4.8], "texture": "#0"},
				"up": {"uv": [0, 0, 1, 1], "texture": "#0"},
				"down": {"uv": [0, 0, 1, 1], "texture": "#0"}
			}
		},
		{
			"from": [8.84243, 8.6654, 13],
			"to": [10.44243, 10.5254, 14],
			"rotation": {"angle": -22.5, "axis": "z", "origin": [5.24243, 0.1254, -2.6]},
			"faces": {
				"north": {"uv": [0, 0, 1, 4.8], "texture": "#0"},
				"east": {"uv": [0, 0, 1, 4.8], "texture": "#0"},
				"south": {"uv": [0, 0, 1, 4.8], "texture": "#0"},
				"west": {"uv": [0, 0, 1, 4.8], "texture": "#0"},
				"up": {"uv": [0, 0, 1, 1], "texture": "#0"},
				"down": {"uv": [0, 0, 1, 1], "texture": "#0"}
			}
		},
		{
			"from": [13.62, 7.2, 13],
			"to": [14.78, 8.8, 14],
			"rotation": {"angle": 0, "axis": "z", "origin": [4.38, 12.4, -2.6]},
			"faces": {
				"north": {"uv": [0, 0, 1, 4.8], "rotation": 270, "texture": "#0"},
				"east": {"uv": [0, 0, 1, 1], "rotation": 90, "texture": "#0"},
				"south": {"uv": [0, 0, 1, 4.8], "rotation": 90, "texture": "#0"},
				"west": {"uv": [0, 0, 1, 1], "rotation": 90, "texture": "#0"},
				"up": {"uv": [0, 0, 1, 4.8], "rotation": 90, "texture": "#0"},
				"down": {"uv": [0, 0, 1, 4.8], "rotation": 90, "texture": "#0"}
			}
		},
		{
			"from": [11.87399, 3.04606, 13],
			"to": [13.03399, 4.54606, 14],
			"rotation": {"angle": 22.5, "axis": "z", "origin": [2.63399, 8.14606, -2.6]},
			"faces": {
				"north": {"uv": [0, 0, 1, 4.8], "rotation": 270, "texture": "#0"},
				"east": {"uv": [0, 0, 1, 1], "rotation": 90, "texture": "#0"},
				"south": {"uv": [0, 0, 1, 4.8], "rotation": 90, "texture": "#0"},
				"west": {"uv": [0, 0, 1, 1], "rotation": 90, "texture": "#0"},
				"up": {"uv": [0, 0, 1, 4.8], "rotation": 90, "texture": "#0"},
				"down": {"uv": [0, 0, 1, 4.8], "rotation": 90, "texture": "#0"}
			}
		},
		{
			"from": [11.54057, 0.57583, 13],
			"to": [13.04057, 7.43583, 14],
			"rotation": {"angle": 22.5, "axis": "z", "origin": [8.24057, -2.26417, -2.6]},
			"faces": {
				"north": {"uv": [0, 0, 1, 4.8], "texture": "#0"},
				"east": {"uv": [0, 0, 1, 4.8], "texture": "#0"},
				"south": {"uv": [0, 0, 1, 4.8], "texture": "#0"},
				"west": {"uv": [0, 0, 1, 4.8], "texture": "#0"},
				"up": {"uv": [0, 0, 1, 1], "texture": "#0"},
				"down": {"uv": [0, 0, 1, 1], "texture": "#0"}
			}
		},
		{
			"from": [2.85943, 0.57583, 13],
			"to": [4.35943, 7.43583, 14],
			"rotation": {"angle": -22.5, "axis": "z", "origin": [7.65943, -2.26417, -2.6]},
			"faces": {
				"north": {"uv": [1, 0, 0, 4.8], "texture": "#0"},
				"east": {"uv": [1, 0, 0, 4.8], "texture": "#0"},
				"south": {"uv": [1, 0, 0, 4.8], "texture": "#0"},
				"west": {"uv": [1, 0, 0, 4.8], "texture": "#0"},
				"up": {"uv": [1, 0, 0, 1], "texture": "#0"},
				"down": {"uv": [1, 0, 0, 1], "texture": "#0"}
			}
		},
		{
			"from": [6.93684, 7.27435, 13],
			"to": [8.93684, 8.53435, 14],
			"rotation": {"angle": 0, "axis": "z", "origin": [11.03684, -5.16565, -2.6]},
			"faces": {
				"north": {"uv": [1, 0, 0, 4.8], "texture": "#0"},
				"east": {"uv": [1, 0, 0, 4.8], "texture": "#0"},
				"south": {"uv": [1, 0, 0, 4.8], "texture": "#0"},
				"west": {"uv": [1, 0, 0, 4.8], "texture": "#0"},
				"up": {"uv": [1, 0, 0, 1], "texture": "#0"},
				"down": {"uv": [1, 0, 0, 1], "texture": "#0"}
			}
		},
		{
			"from": [6.63684, 4.27435, 13],
			"to": [9.33684, 5.53435, 14],
			"rotation": {"angle": 0, "axis": "z", "origin": [11.03684, -5.16565, -2.6]},
			"faces": {
				"north": {"uv": [1, 0, 0, 4.8], "texture": "#0"},
				"east": {"uv": [1, 0, 0, 4.8], "texture": "#0"},
				"south": {"uv": [1, 0, 0, 4.8], "texture": "#0"},
				"west": {"uv": [1, 0, 0, 4.8], "texture": "#0"},
				"up": {"uv": [1, 0, 0, 1], "texture": "#0"},
				"down": {"uv": [1, 0, 0, 1], "texture": "#0"}
			}
		},
		{
			"from": [5.54057, 8.07583, 13],
			"to": [7.04057, 10.43583, 14],
			"rotation": {"angle": 22.5, "axis": "z", "origin": [8.24057, -2.26417, -2.6]},
			"faces": {
				"north": {"uv": [0, 0, 1, 4.8], "texture": "#0"},
				"east": {"uv": [0, 0, 1, 4.8], "texture": "#0"},
				"south": {"uv": [0, 0, 1, 4.8], "texture": "#0"},
				"west": {"uv": [0, 0, 1, 4.8], "texture": "#0"},
				"up": {"uv": [0, 0, 1, 1], "texture": "#0"},
				"down": {"uv": [0, 0, 1, 1], "texture": "#0"}
			}
		},
		{
			"from": [4.46096, 3.62621, 13],
			"to": [5.96096, 6.88621, 14],
			"rotation": {"angle": 22.5, "axis": "z", "origin": [9.16096, -2.81379, -2.6]},
			"faces": {
				"north": {"uv": [0, 0, 1, 4.8], "texture": "#0"},
				"east": {"uv": [0, 0, 1, 4.8], "texture": "#0"},
				"south": {"uv": [0, 0, 1, 4.8], "texture": "#0"},
				"west": {"uv": [0, 0, 1, 4.8], "texture": "#0"},
				"up": {"uv": [0, 0, 1, 1], "texture": "#0"},
				"down": {"uv": [0, 0, 1, 1], "texture": "#0"}
			}
		},
		{
			"from": [2.85195, 1.97526, 13],
			"to": [5.71195, 3.47526, 14],
			"rotation": {"angle": 22.5, "axis": "z", "origin": [-3.98805, -1.22474, -2.6]},
			"faces": {
				"north": {"uv": [0, 0, 1, 4.8], "rotation": 270, "texture": "#0"},
				"east": {"uv": [0, 0, 1, 1], "rotation": 90, "texture": "#0"},
				"south": {"uv": [0, 0, 1, 4.8], "rotation": 90, "texture": "#0"},
				"west": {"uv": [0, 0, 1, 1], "rotation": 90, "texture": "#0"},
				"up": {"uv": [0, 0, 1, 4.8], "rotation": 90, "texture": "#0"},
				"down": {"uv": [0, 0, 1, 4.8], "rotation": 90, "texture": "#0"}
			}
		},
		{
			"from": [5.69048, 0.55352, 13],
			"to": [6.55048, 0.95352, 14],
			"rotation": {"angle": 45, "axis": "z", "origin": [-2.64952, -1.74648, -2.6]},
			"faces": {
				"north": {"uv": [0, 0, 1, 4.8], "rotation": 270, "texture": "#0"},
				"east": {"uv": [0, 0, 1, 1], "rotation": 90, "texture": "#0"},
				"south": {"uv": [0, 0, 1, 4.8], "rotation": 90, "texture": "#0"},
				"west": {"uv": [0, 0, 1, 1], "rotation": 90, "texture": "#0"},
				"up": {"uv": [0, 0, 1, 4.8], "rotation": 90, "texture": "#0"},
				"down": {"uv": [0, 0, 1, 4.8], "rotation": 90, "texture": "#0"}
			}
		},
		{
			"from": [5.39048, -0.84648, 13],
			"to": [6.25048, -0.44648, 14],
			"rotation": {"angle": 45, "axis": "z", "origin": [-2.64952, -1.74648, -2.6]},
			"faces": {
				"north": {"uv": [0, 0, 1, 4.8], "rotation": 270, "texture": "#0"},
				"east": {"uv": [0, 0, 1, 1], "rotation": 90, "texture": "#0"},
				"south": {"uv": [0, 0, 1, 4.8], "rotation": 90, "texture": "#0"},
				"west": {"uv": [0, 0, 1, 1], "rotation": 90, "texture": "#0"},
				"up": {"uv": [0, 0, 1, 4.8], "rotation": 90, "texture": "#0"},
				"down": {"uv": [0, 0, 1, 4.8], "rotation": 90, "texture": "#0"}
			}
		},
		{
			"from": [1.64057, 8.07583, 13],
			"to": [3.14057, 10.43583, 14],
			"rotation": {"angle": 22.5, "axis": "z", "origin": [4.34057, -2.26417, -2.6]},
			"faces": {
				"north": {"uv": [0, 0, 1, 4.8], "texture": "#0"},
				"east": {"uv": [0, 0, 1, 4.8], "texture": "#0"},
				"south": {"uv": [0, 0, 1, 4.8], "texture": "#0"},
				"west": {"uv": [0, 0, 1, 4.8], "texture": "#0"},
				"up": {"uv": [0, 0, 1, 1], "texture": "#0"},
				"down": {"uv": [0, 0, 1, 1], "texture": "#0"}
			}
		},
		{
			"from": [0.56096, 3.62621, 13],
			"to": [2.06096, 6.88621, 14],
			"rotation": {"angle": 22.5, "axis": "z", "origin": [5.26096, -2.81379, -2.6]},
			"faces": {
				"north": {"uv": [0, 0, 1, 4.8], "texture": "#0"},
				"east": {"uv": [0, 0, 1, 4.8], "texture": "#0"},
				"south": {"uv": [0, 0, 1, 4.8], "texture": "#0"},
				"west": {"uv": [0, 0, 1, 4.8], "texture": "#0"},
				"up": {"uv": [0, 0, 1, 1], "texture": "#0"},
				"down": {"uv": [0, 0, 1, 1], "texture": "#0"}
			}
		},
		{
			"from": [-1.04805, 1.97526, 13],
			"to": [1.81195, 3.47526, 14],
			"rotation": {"angle": 22.5, "axis": "z", "origin": [-7.88805, -1.22474, -2.6]},
			"faces": {
				"north": {"uv": [0, 0, 1, 4.8], "rotation": 270, "texture": "#0"},
				"east": {"uv": [0, 0, 1, 1], "rotation": 90, "texture": "#0"},
				"south": {"uv": [0, 0, 1, 4.8], "rotation": 90, "texture": "#0"},
				"west": {"uv": [0, 0, 1, 1], "rotation": 90, "texture": "#0"},
				"up": {"uv": [0, 0, 1, 4.8], "rotation": 90, "texture": "#0"},
				"down": {"uv": [0, 0, 1, 4.8], "rotation": 90, "texture": "#0"}
			}
		},
		{
			"from": [1.79048, 0.55352, 13],
			"to": [2.65048, 0.95352, 14],
			"rotation": {"angle": 45, "axis": "z", "origin": [-6.54952, -1.74648, -2.6]},
			"faces": {
				"north": {"uv": [0, 0, 1, 4.8], "rotation": 270, "texture": "#0"},
				"east": {"uv": [0, 0, 1, 1], "rotation": 90, "texture": "#0"},
				"south": {"uv": [0, 0, 1, 4.8], "rotation": 90, "texture": "#0"},
				"west": {"uv": [0, 0, 1, 1], "rotation": 90, "texture": "#0"},
				"up": {"uv": [0, 0, 1, 4.8], "rotation": 90, "texture": "#0"},
				"down": {"uv": [0, 0, 1, 4.8], "rotation": 90, "texture": "#0"}
			}
		},
		{
			"from": [1.49048, -0.84648, 13],
			"to": [2.35048, -0.44648, 14],
			"rotation": {"angle": 45, "axis": "z", "origin": [-6.54952, -1.74648, -2.6]},
			"faces": {
				"north": {"uv": [0, 0, 1, 4.8], "rotation": 270, "texture": "#0"},
				"east": {"uv": [0, 0, 1, 1], "rotation": 90, "texture": "#0"},
				"south": {"uv": [0, 0, 1, 4.8], "rotation": 90, "texture": "#0"},
				"west": {"uv": [0, 0, 1, 1], "rotation": 90, "texture": "#0"},
				"up": {"uv": [0, 0, 1, 4.8], "rotation": 90, "texture": "#0"},
				"down": {"uv": [0, 0, 1, 4.8], "rotation": 90, "texture": "#0"}
			}
		},
		{
			"from": [-6, 1, 13],
			"to": [-4.5, 9, 14],
			"rotation": {"angle": 0, "axis": "y", "origin": [9, 0, 0]},
			"faces": {
				"north": {"uv": [0, 0, 1.5, 8], "texture": "#0"},
				"east": {"uv": [0, 0, 1, 8], "texture": "#0"},
				"south": {"uv": [0, 0, 1.5, 8], "texture": "#0"},
				"west": {"uv": [0, 0, 1, 8], "texture": "#0"},
				"up": {"uv": [0, 0, 1.5, 1], "texture": "#0"},
				"down": {"uv": [0, 0, 1.5, 1], "texture": "#0"}
			}
		},
		{
			"from": [-5.8, -13, 13],
			"to": [-4.3, -10, 14],
			"rotation": {"angle": -45, "axis": "z", "origin": [10.2, 0, 0]},
			"faces": {
				"north": {"uv": [0, 0, 1.5, 3], "texture": "#0"},
				"east": {"uv": [0, 0, 1, 3], "texture": "#0"},
				"south": {"uv": [0, 0, 1.5, 3], "texture": "#0"},
				"west": {"uv": [0, 0, 1, 3], "texture": "#0"},
				"up": {"uv": [0, 0, 1.5, 1], "texture": "#0"},
				"down": {"uv": [0, 0, 1.5, 1], "texture": "#0"}
			}
		},
		{
			"from": [-15.88575, 8.41311, 13],
			"to": [-14.38575, 11.41311, 14],
			"rotation": {"angle": 45, "axis": "z", "origin": [-8.90669, 16.41311, 0]},
			"faces": {
				"north": {"uv": [0, 0, 1.5, 3], "texture": "#0"},
				"east": {"uv": [0, 0, 1, 3], "texture": "#0"},
				"south": {"uv": [0, 0, 1.5, 3], "texture": "#0"},
				"west": {"uv": [0, 0, 1, 3], "texture": "#0"},
				"up": {"uv": [0, 0, 1.5, 1], "texture": "#0"},
				"down": {"uv": [0, 0, 1.5, 1], "texture": "#0"}
			}
		},
		{
			"from": [-8.62412, 3.18198, 13],
			"to": [-7.12412, 6.88198, 14],
			"rotation": {"angle": 0, "axis": "y", "origin": [16.37588, 2.18198, 0]},
			"faces": {
				"north": {"uv": [0, 0, 1.5, 3.7], "texture": "#0"},
				"east": {"uv": [0, 0, 1, 3.7], "texture": "#0"},
				"south": {"uv": [0, 0, 1.5, 3.7], "texture": "#0"},
				"west": {"uv": [0, 0, 1, 3.7], "texture": "#0"},
				"up": {"uv": [0, 0, 1.5, 1], "texture": "#0"},
				"down": {"uv": [0, 0, 1.5, 1], "texture": "#0"}
			}
		},
		{
			"from": [14.5, -7, 13],
			"to": [16, 1, 14],
			"rotation": {"angle": 0, "axis": "y", "origin": [9, 0, 0]},
			"faces": {
				"north": {"uv": [0, 0, 1.5, 8], "texture": "#0"},
				"east": {"uv": [0, 0, 1, 8], "texture": "#0"},
				"south": {"uv": [0, 0, 1.5, 8], "texture": "#0"},
				"west": {"uv": [0, 0, 1, 8], "texture": "#0"},
				"up": {"uv": [0, 0, 1.5, 1], "texture": "#0"},
				"down": {"uv": [0, 0, 1.5, 1], "texture": "#0"}
			}
		},
		{
			"from": [12.21581, -1.69246, 13],
			"to": [13.34081, 0.55754, 14],
			"rotation": {"angle": -45, "axis": "z", "origin": [13.892, -1.97849, 13.375]},
			"faces": {
				"north": {"uv": [1.5, 0, 0, 3], "texture": "#0"},
				"east": {"uv": [1, 0, 0, 3], "texture": "#0"},
				"south": {"uv": [1.5, 0, 0, 3], "texture": "#0"},
				"west": {"uv": [1, 0, 0, 3], "texture": "#0"},
				"up": {"uv": [1.5, 0, 0, 1], "texture": "#0"},
				"down": {"uv": [1.5, 0, 0, 1], "texture": "#0"}
			}
		},
		{
			"from": [12.90901, -3.36599, 13],
			"to": [14.13401, -0.59099, 14],
			"rotation": {"angle": 0, "axis": "y", "origin": [13.892, -1.97849, 13.375]},
			"faces": {
				"north": {"uv": [1.5, 0, 0, 3.7], "texture": "#0"},
				"east": {"uv": [1, 0, 0, 3.7], "texture": "#0"},
				"south": {"uv": [1.5, 0, 0, 3.7], "texture": "#0"},
				"west": {"uv": [1, 0, 0, 3.7], "texture": "#0"},
				"up": {"uv": [1.5, 0, 0, 1], "texture": "#0"},
				"down": {"uv": [1.5, 0, 0, 1], "texture": "#0"}
			}
		},
		{
			"from": [12.21581, -4.51452, 13],
			"to": [13.34081, -2.26452, 14],
			"rotation": {"angle": 45, "axis": "z", "origin": [13.892, -1.97849, 13.375]},
			"faces": {
				"north": {"uv": [1.5, 0, 0, 3], "texture": "#0"},
				"east": {"uv": [1, 0, 0, 3], "texture": "#0"},
				"south": {"uv": [1.5, 0, 0, 3], "texture": "#0"},
				"west": {"uv": [1, 0, 0, 3], "texture": "#0"},
				"up": {"uv": [1.5, 0, 0, 1], "texture": "#0"},
				"down": {"uv": [1.5, 0, 0, 1], "texture": "#0"}
			}
		},
		{
			"from": [13.16846, -7.69933, 13],
			"to": [14.36846, -2.21133, 14],
			"rotation": {"angle": 22.5, "axis": "z", "origin": [10.52846, -9.97133, -2.6]},
			"faces": {
				"north": {"uv": [0, 0, 1, 4.8], "texture": "#0"},
				"east": {"uv": [0, 0, 1, 4.8], "texture": "#0"},
				"south": {"uv": [0, 0, 1, 4.8], "texture": "#0"},
				"west": {"uv": [0, 0, 1, 4.8], "texture": "#0"},
				"up": {"uv": [0, 0, 1, 1], "texture": "#0"},
				"down": {"uv": [0, 0, 1, 1], "texture": "#0"}
			}
		},
		{
			"from": [6.22354, -7.69933, 13],
			"to": [7.42354, -2.21133, 14],
			"rotation": {"angle": -22.5, "axis": "z", "origin": [10.06354, -9.97133, -2.6]},
			"faces": {
				"north": {"uv": [1, 0, 0, 4.8], "texture": "#0"},
				"east": {"uv": [1, 0, 0, 4.8], "texture": "#0"},
				"south": {"uv": [1, 0, 0, 4.8], "texture": "#0"},
				"west": {"uv": [1, 0, 0, 4.8], "texture": "#0"},
				"up": {"uv": [1, 0, 0, 1], "texture": "#0"},
				"down": {"uv": [1, 0, 0, 1], "texture": "#0"}
			}
		},
		{
			"from": [9.48547, -2.34052, 13],
			"to": [11.08547, -1.33252, 14],
			"rotation": {"angle": 0, "axis": "z", "origin": [12.76547, -12.29252, -2.6]},
			"faces": {
				"north": {"uv": [1, 0, 0, 4.8], "texture": "#0"},
				"east": {"uv": [1, 0, 0, 4.8], "texture": "#0"},
				"south": {"uv": [1, 0, 0, 4.8], "texture": "#0"},
				"west": {"uv": [1, 0, 0, 4.8], "texture": "#0"},
				"up": {"uv": [1, 0, 0, 1], "texture": "#0"},
				"down": {"uv": [1, 0, 0, 1], "texture": "#0"}
			}
		},
		{
			"from": [9.24547, -4.74052, 13],
			"to": [11.40547, -3.73252, 14],
			"rotation": {"angle": 0, "axis": "z", "origin": [12.76547, -12.29252, -2.6]},
			"faces": {
				"north": {"uv": [1, 0, 0, 4.8], "texture": "#0"},
				"east": {"uv": [1, 0, 0, 4.8], "texture": "#0"},
				"south": {"uv": [1, 0, 0, 4.8], "texture": "#0"},
				"west": {"uv": [1, 0, 0, 4.8], "texture": "#0"},
				"up": {"uv": [1, 0, 0, 1], "texture": "#0"},
				"down": {"uv": [1, 0, 0, 1], "texture": "#0"}
			}
		},
		{
			"from": [5.844, -6.868, 13],
			"to": [7.044, -1.22, 14],
			"rotation": {"angle": 0, "axis": "y", "origin": [0.004, -9.54, -2.6]},
			"faces": {
				"north": {"uv": [0, 0, 1, 4.8], "texture": "#0"},
				"east": {"uv": [0, 0, 1, 4.8], "texture": "#0"},
				"south": {"uv": [0, 0, 1, 4.8], "texture": "#0"},
				"west": {"uv": [0, 0, 1, 4.8], "texture": "#0"},
				"up": {"uv": [0, 0, 1, 1], "texture": "#0"},
				"down": {"uv": [0, 0, 1, 1], "texture": "#0"}
			}
		},
		{
			"from": [6.94867, -5.42321, 13],
			"to": [8.22867, -3.45521, 14],
			"rotation": {"angle": 22.5, "axis": "z", "origin": [4.06867, -11.29521, -2.6]},
			"faces": {
				"north": {"uv": [0, 0, 1, 4.8], "texture": "#0"},
				"east": {"uv": [0, 0, 1, 4.8], "texture": "#0"},
				"south": {"uv": [0, 0, 1, 4.8], "texture": "#0"},
				"west": {"uv": [0, 0, 1, 4.8], "texture": "#0"},
				"up": {"uv": [0, 0, 1, 1], "texture": "#0"},
				"down": {"uv": [0, 0, 1, 1], "texture": "#0"}
			}
		},
		{
			"from": [2.86934, -7.43712, 13],
			"to": [4.51734, -6.15712, 14],
			"rotation": {"angle": -22.5, "axis": "z", "origin": [11.18934, -10.31712, -2.6]},
			"faces": {
				"north": {"uv": [0, 0, 1, 4.8], "rotation": 90, "texture": "#0"},
				"east": {"uv": [0, 0, 1, 1], "rotation": 270, "texture": "#0"},
				"south": {"uv": [0, 0, 1, 4.8], "rotation": 270, "texture": "#0"},
				"west": {"uv": [0, 0, 1, 1], "rotation": 270, "texture": "#0"},
				"up": {"uv": [0, 0, 1, 4.8], "rotation": 270, "texture": "#0"},
				"down": {"uv": [0, 0, 1, 4.8], "rotation": 270, "texture": "#0"}
			}
		},
		{
			"from": [1.97685, -4.93195, 13],
			"to": [3.09685, -2.80395, 14],
			"rotation": {"angle": -22.5, "axis": "z", "origin": [-0.90315, -10.24395, -2.6]},
			"faces": {
				"north": {"uv": [0, 0, 1, 4.8], "texture": "#0"},
				"east": {"uv": [0, 0, 1, 4.8], "texture": "#0"},
				"south": {"uv": [0, 0, 1, 4.8], "texture": "#0"},
				"west": {"uv": [0, 0, 1, 4.8], "texture": "#0"},
				"up": {"uv": [0, 0, 1, 1], "texture": "#0"},
				"down": {"uv": [0, 0, 1, 1], "texture": "#0"}
			}
		},
		{
			"from": [1.33394, -1.32768, 13],
			"to": [2.61394, 0.16032, 14],
			"rotation": {"angle": -22.5, "axis": "z", "origin": [-1.54606, -8.15968, -2.6]},
			"faces": {
				"north": {"uv": [0, 0, 1, 4.8], "texture": "#0"},
				"east": {"uv": [0, 0, 1, 4.8], "texture": "#0"},
				"south": {"uv": [0, 0, 1, 4.8], "texture": "#0"},
				"west": {"uv": [0, 0, 1, 4.8], "texture": "#0"},
				"up": {"uv": [0, 0, 1, 1], "texture": "#0"},
				"down": {"uv": [0, 0, 1, 1], "texture": "#0"}
			}
		},
		{
			"from": [5.156, -2.5, 13],
			"to": [6.084, -1.22, 14],
			"rotation": {"angle": 0, "axis": "z", "origin": [-2.236, 1.66, -2.6]},
			"faces": {
				"north": {"uv": [0, 0, 1, 4.8], "rotation": 270, "texture": "#0"},
				"east": {"uv": [0, 0, 1, 1], "rotation": 90, "texture": "#0"},
				"south": {"uv": [0, 0, 1, 4.8], "rotation": 90, "texture": "#0"},
				"west": {"uv": [0, 0, 1, 1], "rotation": 90, "texture": "#0"},
				"up": {"uv": [0, 0, 1, 4.8], "rotation": 90, "texture": "#0"},
				"down": {"uv": [0, 0, 1, 4.8], "rotation": 90, "texture": "#0"}
			}
		},
		{
			"from": [3.75919, -5.82315, 13],
			"to": [4.68719, -4.62315, 14],
			"rotation": {"angle": 22.5, "axis": "z", "origin": [-3.63281, -1.74315, -2.6]},
			"faces": {
				"north": {"uv": [0, 0, 1, 4.8], "rotation": 270, "texture": "#0"},
				"east": {"uv": [0, 0, 1, 1], "rotation": 90, "texture": "#0"},
				"south": {"uv": [0, 0, 1, 4.8], "rotation": 90, "texture": "#0"},
				"west": {"uv": [0, 0, 1, 1], "rotation": 90, "texture": "#0"},
				"up": {"uv": [0, 0, 1, 4.8], "rotation": 90, "texture": "#0"},
				"down": {"uv": [0, 0, 1, 4.8], "rotation": 90, "texture": "#0"}
			}
		},
		{
			"from": [1.8, -7, 13],
			"to": [3.3, -1, 14],
			"rotation": {"angle": 0, "axis": "y", "origin": [9.8, 0, 0]},
			"faces": {
				"north": {"uv": [0, 0, 1.5, 6], "texture": "#0"},
				"east": {"uv": [0, 0, 1, 6], "texture": "#0"},
				"south": {"uv": [0, 0, 1.5, 6], "texture": "#0"},
				"west": {"uv": [0, 0, 1, 6], "texture": "#0"},
				"up": {"uv": [0, 0, 1.5, 1], "texture": "#0"},
				"down": {"uv": [0, 0, 1.5, 1], "texture": "#0"}
			}
		},
		{
			"from": [3, -9.8, 13],
			"to": [4.5, -6.2, 14],
			"rotation": {"angle": -22.5, "axis": "z", "origin": [9.8, 0, 0]},
			"faces": {
				"north": {"uv": [0, 0, 1.5, 3.6], "texture": "#0"},
				"east": {"uv": [0, 0, 1, 3.6], "texture": "#0"},
				"south": {"uv": [0, 0, 1.5, 3.6], "texture": "#0"},
				"west": {"uv": [0, 0, 1, 3.6], "texture": "#0"},
				"up": {"uv": [0, 0, 1.5, 1], "texture": "#0"},
				"down": {"uv": [0, 0, 1.5, 1], "texture": "#0"}
			}
		},
		{
			"from": [3.8, -9, 13],
			"to": [7.4, -7.5, 14],
			"rotation": {"angle": -45, "axis": "z", "origin": [9.8, 0, 0]},
			"faces": {
				"north": {"uv": [0, 0, 1.5, 3.6], "rotation": 270, "texture": "#0"},
				"east": {"uv": [0, 0, 1.5, 1], "rotation": 90, "texture": "#0"},
				"south": {"uv": [0, 0, 1.5, 3.6], "rotation": 90, "texture": "#0"},
				"west": {"uv": [0, 0, 1.5, 1], "rotation": 90, "texture": "#0"},
				"up": {"uv": [0, 0, 1, 3.6], "rotation": 90, "texture": "#0"},
				"down": {"uv": [0, 0, 1, 3.6], "rotation": 90, "texture": "#0"}
			}
		},
		{
			"from": [1.97515, -1.46214, 12.7],
			"to": [2.99915, -0.27174, 13.7],
			"rotation": {"angle": -22.5, "axis": "z", "origin": [-0.32885, -6.92774, -2.9]},
			"faces": {
				"north": {"uv": [0, 0, 1, 4.8], "texture": "#1"},
				"east": {"uv": [0, 0, 1, 4.8], "texture": "#1"},
				"south": {"uv": [0, 0, 1, 4.8], "texture": "#1"},
				"west": {"uv": [0, 0, 1, 4.8], "texture": "#1"},
				"up": {"uv": [0, 0, 1, 1], "texture": "#1"},
				"down": {"uv": [0, 0, 1, 1], "texture": "#1"}
			}
		},
		{
			"from": [21.7, 1.7, 12.7],
			"to": [23.3, 9.7, 13.7],
			"rotation": {"angle": 0, "axis": "y", "origin": [11.7, 1.7, -0.3]},
			"faces": {
				"north": {"uv": [0, 0, 1.5, 8], "texture": "#1"},
				"east": {"uv": [0, 0, 1, 8], "texture": "#1"},
				"south": {"uv": [0, 0, 1.5, 8], "texture": "#1"},
				"west": {"uv": [0, 0, 1, 8], "texture": "#1"},
				"up": {"uv": [0, 0, 1.5, 1], "texture": "#1"},
				"down": {"uv": [0, 0, 1.5, 1], "texture": "#1"}
			}
		},
		{
			"from": [22.70409, 0.09591, 12.7],
			"to": [25.70409, 1.29591, 13.7],
			"rotation": {"angle": 0, "axis": "y", "origin": [11.70409, 0.09591, -0.3]},
			"faces": {
				"north": {"uv": [0, 0, 3, 1.5], "texture": "#1"},
				"east": {"uv": [0, 0, 1, 1.5], "texture": "#1"},
				"south": {"uv": [0, 0, 3, 1.5], "texture": "#1"},
				"west": {"uv": [0, 0, 1, 1.5], "texture": "#1"},
				"up": {"uv": [0, 0, 3, 1], "texture": "#1"},
				"down": {"uv": [0, 0, 3, 1], "texture": "#1"}
			}
		},
		{
			"from": [21.7, 1.1, 12.7],
			"to": [22.9, 1.7, 13.7],
			"rotation": {"angle": 0, "axis": "y", "origin": [11.3, 0.3, -0.3]},
			"faces": {
				"north": {"uv": [0, 0, 1.5, 1], "texture": "#1"},
				"east": {"uv": [0, 0, 1, 1], "texture": "#1"},
				"south": {"uv": [0, 0, 1.5, 1], "texture": "#1"},
				"west": {"uv": [0, 0, 1, 1], "texture": "#1"},
				"up": {"uv": [0, 0, 1.5, 1], "texture": "#1"},
				"down": {"uv": [0, 0, 1.5, 1], "texture": "#1"}
			}
		},
		{
			"from": [25.31177, -7.4396, 12.7],
			"to": [26.35177, -6.0196, 13.7],
			"rotation": {"angle": 45, "axis": "z", "origin": [14.91177, -6.8196, -0.3]},
			"faces": {
				"north": {"uv": [0, 0, 0.8, 1.4], "texture": "#1"},
				"east": {"uv": [0, 0, 1, 1.4], "texture": "#1"},
				"south": {"uv": [0, 0, 0.8, 1.4], "texture": "#1"},
				"west": {"uv": [0, 0, 1, 1.4], "texture": "#1"},
				"up": {"uv": [0, 0, 0.8, 1], "texture": "#1"},
				"down": {"uv": [0, 0, 0.8, 1], "texture": "#1"}
			}
		},
		{
			"from": [26.33177, -7.0996, 12.7],
			"to": [27.15177, -5.9796, 13.7],
			"rotation": {"angle": 45, "axis": "z", "origin": [15.31177, -7.0196, -0.3]},
			"faces": {
				"north": {"uv": [0, 0, 0.4, 0.9], "texture": "#1"},
				"east": {"uv": [0, 0, 1, 0.9], "texture": "#1"},
				"south": {"uv": [0, 0, 0.4, 0.9], "texture": "#1"},
				"west": {"uv": [0, 0, 1, 0.9], "texture": "#1"},
				"up": {"uv": [0, 0, 0.4, 1], "texture": "#1"},
				"down": {"uv": [0, 0, 0.4, 1], "texture": "#1"}
			}
		},
		{
			"from": [20.02, 3.26, 12.7],
			"to": [20.98, 8.64, 13.7],
			"rotation": {"angle": 0, "axis": "y", "origin": [6.96, -1.28, -2.9]},
			"faces": {
				"north": {"uv": [0, 0, 1, 4], "texture": "#1"},
				"east": {"uv": [0, 0, 1, 4], "texture": "#1"},
				"south": {"uv": [0, 0, 1, 4], "texture": "#1"},
				"west": {"uv": [0, 0, 1, 4], "texture": "#1"},
				"up": {"uv": [0, 0, 1, 1], "texture": "#1"},
				"down": {"uv": [0, 0, 1, 1], "texture": "#1"}
			}
		},
		{
			"from": [18.22585, -0.82516, 12.7],
			"to": [20.92985, 0.13484, 13.7],
			"rotation": {"angle": 22.5, "axis": "z", "origin": [10.64985, 1.39484, -2.9]},
			"faces": {
				"north": {"uv": [0, 0, 1, 2.4], "rotation": 270, "texture": "#1"},
				"east": {"uv": [0, 0, 1, 1], "rotation": 90, "texture": "#1"},
				"south": {"uv": [0, 0, 1, 2.4], "rotation": 90, "texture": "#1"},
				"west": {"uv": [0, 0, 1, 1], "rotation": 90, "texture": "#1"},
				"up": {"uv": [0, 0, 1, 2.4], "rotation": 90, "texture": "#1"},
				"down": {"uv": [0, 0, 1, 2.4], "rotation": 90, "texture": "#1"}
			}
		},
		{
			"from": [16.924, 2.292, 12.7],
			"to": [17.884, 8.64, 13.7],
			"rotation": {"angle": 0, "axis": "y", "origin": [7.344, -1.28, -2.9]},
			"faces": {
				"north": {"uv": [0, 0, 1, 4.8], "texture": "#1"},
				"east": {"uv": [0, 0, 1, 4.8], "texture": "#1"},
				"south": {"uv": [0, 0, 1, 4.8], "texture": "#1"},
				"west": {"uv": [0, 0, 1, 4.8], "texture": "#1"},
				"up": {"uv": [0, 0, 1, 1], "texture": "#1"},
				"down": {"uv": [0, 0, 1, 1], "texture": "#1"}
			}
		},
		{
			"from": [17.7018, 3.13026, 12.7],
			"to": [18.6618, 3.32226, 13.7],
			"rotation": {"angle": -22.5, "axis": "z", "origin": [15.2058, 4.66626, -2.9]},
			"faces": {
				"north": {"uv": [0, 0, 0.2, 1], "rotation": 270, "texture": "#1"},
				"east": {"uv": [0, 0, 0.2, 1], "rotation": 90, "texture": "#1"},
				"south": {"uv": [0, 0, 0.2, 1], "rotation": 90, "texture": "#1"},
				"west": {"uv": [0, 0, 0.2, 1], "rotation": 90, "texture": "#1"},
				"up": {"uv": [0, 0, 1, 1], "rotation": 90, "texture": "#1"},
				"down": {"uv": [0, 0, 1, 1], "rotation": 90, "texture": "#1"}
			}
		},
		{
			"from": [17.308, 2.196, 12.7],
			"to": [17.884, 2.292, 13.7],
			"rotation": {"angle": 0, "axis": "y", "origin": [9.244, -0.588, -2.9]},
			"faces": {
				"north": {"uv": [0, 0, 0.6, 0.1], "texture": "#1"},
				"east": {"uv": [0, 0, 1, 0.1], "texture": "#1"},
				"south": {"uv": [0, 0, 0.6, 0.1], "texture": "#1"},
				"west": {"uv": [0, 0, 1, 0.1], "texture": "#1"},
				"up": {"uv": [0, 0, 0.6, 1], "texture": "#1"},
				"down": {"uv": [0, 0, 0.6, 1], "texture": "#1"}
			}
		},
		{
			"from": [17.404, 2.1, 12.7],
			"to": [17.884, 2.196, 13.7],
			"rotation": {"angle": 0, "axis": "y", "origin": [9.244, -0.588, -2.9]},
			"faces": {
				"north": {"uv": [0, 0, 0.5, 0.1], "texture": "#1"},
				"east": {"uv": [0, 0, 1, 0.1], "texture": "#1"},
				"south": {"uv": [0, 0, 0.5, 0.1], "texture": "#1"},
				"west": {"uv": [0, 0, 1, 0.1], "texture": "#1"},
				"up": {"uv": [0, 0, 0.5, 1], "texture": "#1"},
				"down": {"uv": [0, 0, 0.5, 1], "texture": "#1"}
			}
		},
		{
			"from": [18.2776, 3.44867, 12.7],
			"to": [19.3496, 4.12067, 13.7],
			"rotation": {"angle": -22.5, "axis": "z", "origin": [15.8936, 4.98467, -2.9]},
			"faces": {
				"north": {"uv": [0, 0, 0.7, 0.7], "rotation": 270, "texture": "#1"},
				"east": {"uv": [0, 0, 0.7, 1], "rotation": 90, "texture": "#1"},
				"south": {"uv": [0, 0, 0.7, 0.7], "rotation": 90, "texture": "#1"},
				"west": {"uv": [0, 0, 0.7, 1], "rotation": 90, "texture": "#1"},
				"up": {"uv": [0, 0, 1, 0.7], "rotation": 90, "texture": "#1"},
				"down": {"uv": [0, 0, 1, 0.7], "rotation": 90, "texture": "#1"}
			}
		},
		{
			"from": [13.696, 7.36, 12.7],
			"to": [14.624, 8.64, 13.7],
			"rotation": {"angle": 0, "axis": "z", "origin": [6.304, 11.52, -2.9]},
			"faces": {
				"north": {"uv": [0, 0, 1, 4.8], "rotation": 270, "texture": "#1"},
				"east": {"uv": [0, 0, 1, 1], "rotation": 90, "texture": "#1"},
				"south": {"uv": [0, 0, 1, 4.8], "rotation": 90, "texture": "#1"},
				"west": {"uv": [0, 0, 1, 1], "rotation": 90, "texture": "#1"},
				"up": {"uv": [0, 0, 1, 4.8], "rotation": 90, "texture": "#1"},
				"down": {"uv": [0, 0, 1, 4.8], "rotation": 90, "texture": "#1"}
			}
		},
		{
			"from": [11.99919, 4.03685, 12.7],
			"to": [13.22719, 5.23685, 13.7],
			"rotation": {"angle": 22.5, "axis": "z", "origin": [4.90719, 8.11685, -2.9]},
			"faces": {
				"north": {"uv": [0, 0, 1, 4.8], "rotation": 270, "texture": "#1"},
				"east": {"uv": [0, 0, 1, 1], "rotation": 90, "texture": "#1"},
				"south": {"uv": [0, 0, 1, 4.8], "rotation": 90, "texture": "#1"},
				"west": {"uv": [0, 0, 1, 1], "rotation": 90, "texture": "#1"},
				"up": {"uv": [0, 0, 1, 4.8], "rotation": 90, "texture": "#1"},
				"down": {"uv": [0, 0, 1, 4.8], "rotation": 90, "texture": "#1"}
			}
		},
		{
			"from": [9.57394, 8.33232, 12.7],
			"to": [10.85394, 9.92032, 13.7],
			"rotation": {"angle": -22.5, "axis": "z", "origin": [6.69394, 1.50032, -2.9]},
			"faces": {
				"north": {"uv": [0, 0, 1, 4.8], "texture": "#1"},
				"east": {"uv": [0, 0, 1, 4.8], "texture": "#1"},
				"south": {"uv": [0, 0, 1, 4.8], "texture": "#1"},
				"west": {"uv": [0, 0, 1, 4.8], "texture": "#1"},
				"up": {"uv": [0, 0, 1, 1], "texture": "#1"},
				"down": {"uv": [0, 0, 1, 1], "texture": "#1"}
			}
		},
		{
			"from": [15.18867, 3.53679, 12.7],
			"to": [16.46867, 6.20479, 13.7],
			"rotation": {"angle": 22.5, "axis": "z", "origin": [12.30867, -1.63521, -2.9]},
			"faces": {
				"north": {"uv": [0, 0, 1, 4.8], "texture": "#1"},
				"east": {"uv": [0, 0, 1, 4.8], "texture": "#1"},
				"south": {"uv": [0, 0, 1, 4.8], "texture": "#1"},
				"west": {"uv": [0, 0, 1, 4.8], "texture": "#1"},
				"up": {"uv": [0, 0, 1, 1], "texture": "#1"},
				"down": {"uv": [0, 0, 1, 1], "texture": "#1"}
			}
		},
		{
			"from": [10.80934, 2.22288, 12.7],
			"to": [12.45734, 3.50288, 13.7],
			"rotation": {"angle": -22.5, "axis": "z", "origin": [18.52934, -2.05712, -2.9]},
			"faces": {
				"north": {"uv": [0, 0, 1, 4.8], "rotation": 90, "texture": "#1"},
				"east": {"uv": [0, 0, 1, 1], "rotation": 270, "texture": "#1"},
				"south": {"uv": [0, 0, 1, 4.8], "rotation": 270, "texture": "#1"},
				"west": {"uv": [0, 0, 1, 1], "rotation": 270, "texture": "#1"},
				"up": {"uv": [0, 0, 1, 4.8], "rotation": 270, "texture": "#1"},
				"down": {"uv": [0, 0, 1, 4.8], "rotation": 270, "texture": "#1"}
			}
		},
		{
			"from": [10.01685, 4.32805, 12.7],
			"to": [11.13685, 7.05605, 13.7],
			"rotation": {"angle": -22.5, "axis": "z", "origin": [6.43685, -1.98395, -2.9]},
			"faces": {
				"north": {"uv": [0, 0, 1, 4.8], "texture": "#1"},
				"east": {"uv": [0, 0, 1, 4.8], "texture": "#1"},
				"south": {"uv": [0, 0, 1, 4.8], "texture": "#1"},
				"west": {"uv": [0, 0, 1, 4.8], "texture": "#1"},
				"up": {"uv": [0, 0, 1, 1], "texture": "#1"},
				"down": {"uv": [0, 0, 1, 1], "texture": "#1"}
			}
		},
		{
			"from": [14.584, 1.892, 12.7],
			"to": [15.784, 8.64, 13.7],
			"rotation": {"angle": 0, "axis": "y", "origin": [7.344, -1.28, -2.9]},
			"faces": {
				"north": {"uv": [0, 0, 1, 4.8], "texture": "#1"},
				"east": {"uv": [0, 0, 1, 4.8], "texture": "#1"},
				"south": {"uv": [0, 0, 1, 4.8], "texture": "#1"},
				"west": {"uv": [0, 0, 1, 4.8], "texture": "#1"},
				"up": {"uv": [0, 0, 1, 1], "texture": "#1"},
				"down": {"uv": [0, 0, 1, 1], "texture": "#1"}
			}
		},
		{
			"from": [11.53246, 0.76067, 12.7],
			"to": [12.73246, 7.24867, 13.7],
			"rotation": {"angle": 22.5, "axis": "z", "origin": [8.19246, -1.81133, -2.9]},
			"faces": {
				"north": {"uv": [0, 0, 1, 4.8], "texture": "#1"},
				"east": {"uv": [0, 0, 1, 4.8], "texture": "#1"},
				"south": {"uv": [0, 0, 1, 4.8], "texture": "#1"},
				"west": {"uv": [0, 0, 1, 4.8], "texture": "#1"},
				"up": {"uv": [0, 0, 1, 1], "texture": "#1"},
				"down": {"uv": [0, 0, 1, 1], "texture": "#1"}
			}
		},
		{
			"from": [3.18754, 0.66067, 12.7],
			"to": [4.38754, 7.24867, 13.7],
			"rotation": {"angle": -22.5, "axis": "z", "origin": [7.72754, -1.81133, -2.9]},
			"faces": {
				"north": {"uv": [1, 0, 0, 4.8], "texture": "#1"},
				"east": {"uv": [1, 0, 0, 4.8], "texture": "#1"},
				"south": {"uv": [1, 0, 0, 4.8], "texture": "#1"},
				"west": {"uv": [1, 0, 0, 4.8], "texture": "#1"},
				"up": {"uv": [1, 0, 0, 1], "texture": "#1"},
				"down": {"uv": [1, 0, 0, 1], "texture": "#1"}
			}
		},
		{
			"from": [6.94947, 7.31948, 12.7],
			"to": [8.94947, 8.32748, 13.7],
			"rotation": {"angle": 0, "axis": "z", "origin": [10.42947, -4.13252, -2.9]},
			"faces": {
				"north": {"uv": [1, 0, 0, 4.8], "texture": "#1"},
				"east": {"uv": [1, 0, 0, 4.8], "texture": "#1"},
				"south": {"uv": [1, 0, 0, 4.8], "texture": "#1"},
				"west": {"uv": [1, 0, 0, 4.8], "texture": "#1"},
				"up": {"uv": [1, 0, 0, 1], "texture": "#1"},
				"down": {"uv": [1, 0, 0, 1], "texture": "#1"}
			}
		},
		{
			"from": [6.70947, 4.41948, 12.7],
			"to": [9.26947, 5.42748, 13.7],
			"rotation": {"angle": 0, "axis": "z", "origin": [10.42947, -4.13252, -2.9]},
			"faces": {
				"north": {"uv": [1, 0, 0, 4.8], "texture": "#1"},
				"east": {"uv": [1, 0, 0, 4.8], "texture": "#1"},
				"south": {"uv": [1, 0, 0, 4.8], "texture": "#1"},
				"west": {"uv": [1, 0, 0, 4.8], "texture": "#1"},
				"up": {"uv": [1, 0, 0, 1], "texture": "#1"},
				"down": {"uv": [1, 0, 0, 1], "texture": "#1"}
			}
		},
		{
			"from": [4.93246, 7.56067, 12.7],
			"to": [6.13246, 9.94867, 13.7],
			"rotation": {"angle": 22.5, "axis": "z", "origin": [7.09246, -0.51133, -2.9]},
			"faces": {
				"north": {"uv": [0, 0, 1, 4.8], "texture": "#1"},
				"east": {"uv": [0, 0, 1, 4.8], "texture": "#1"},
				"south": {"uv": [0, 0, 1, 4.8], "texture": "#1"},
				"west": {"uv": [0, 0, 1, 4.8], "texture": "#1"},
				"up": {"uv": [0, 0, 1, 1], "texture": "#1"},
				"down": {"uv": [0, 0, 1, 1], "texture": "#1"}
			}
		},
		{
			"from": [1.03246, 7.56067, 12.7],
			"to": [2.23246, 9.94867, 13.7],
			"rotation": {"angle": 22.5, "axis": "z", "origin": [3.19246, -0.51133, -2.9]},
			"faces": {
				"north": {"uv": [0, 0, 1, 4.8], "texture": "#1"},
				"east": {"uv": [0, 0, 1, 4.8], "texture": "#1"},
				"south": {"uv": [0, 0, 1, 4.8], "texture": "#1"},
				"west": {"uv": [0, 0, 1, 4.8], "texture": "#1"},
				"up": {"uv": [0, 0, 1, 1], "texture": "#1"},
				"down": {"uv": [0, 0, 1, 1], "texture": "#1"}
			}
		},
		{
			"from": [4.36877, 3.80097, 12.7],
			"to": [5.56877, 7.20897, 13.7],
			"rotation": {"angle": 22.5, "axis": "z", "origin": [8.92877, -2.25103, -2.9]},
			"faces": {
				"north": {"uv": [0, 0, 1, 4.8], "texture": "#1"},
				"east": {"uv": [0, 0, 1, 4.8], "texture": "#1"},
				"south": {"uv": [0, 0, 1, 4.8], "texture": "#1"},
				"west": {"uv": [0, 0, 1, 4.8], "texture": "#1"},
				"up": {"uv": [0, 0, 1, 1], "texture": "#1"},
				"down": {"uv": [0, 0, 1, 1], "texture": "#1"}
			}
		},
		{
			"from": [0.46877, 3.80097, 12.7],
			"to": [1.66877, 7.20897, 13.7],
			"rotation": {"angle": 22.5, "axis": "z", "origin": [5.02877, -2.25103, -2.9]},
			"faces": {
				"north": {"uv": [0, 0, 1, 4.8], "texture": "#1"},
				"east": {"uv": [0, 0, 1, 4.8], "texture": "#1"},
				"south": {"uv": [0, 0, 1, 4.8], "texture": "#1"},
				"west": {"uv": [0, 0, 1, 4.8], "texture": "#1"},
				"up": {"uv": [0, 0, 1, 1], "texture": "#1"},
				"down": {"uv": [0, 0, 1, 1], "texture": "#1"}
			}
		},
		{
			"from": [2.68156, 2.68021, 12.7],
			"to": [5.26956, 3.88021, 13.7],
			"rotation": {"angle": 22.5, "axis": "z", "origin": [-2.69044, -0.17979, -2.9]},
			"faces": {
				"north": {"uv": [0, 0, 1, 4.8], "rotation": 270, "texture": "#1"},
				"east": {"uv": [0, 0, 1, 1], "rotation": 90, "texture": "#1"},
				"south": {"uv": [0, 0, 1, 4.8], "rotation": 90, "texture": "#1"},
				"west": {"uv": [0, 0, 1, 1], "rotation": 90, "texture": "#1"},
				"up": {"uv": [0, 0, 1, 4.8], "rotation": 90, "texture": "#1"},
				"down": {"uv": [0, 0, 1, 4.8], "rotation": 90, "texture": "#1"}
			}
		},
		{
			"from": [-1.21844, 2.68021, 12.7],
			"to": [1.36956, 3.88021, 13.7],
			"rotation": {"angle": 22.5, "axis": "z", "origin": [-6.59044, -0.17979, -2.9]},
			"faces": {
				"north": {"uv": [0, 0, 1, 4.8], "rotation": 270, "texture": "#1"},
				"east": {"uv": [0, 0, 1, 1], "rotation": 90, "texture": "#1"},
				"south": {"uv": [0, 0, 1, 4.8], "rotation": 90, "texture": "#1"},
				"west": {"uv": [0, 0, 1, 1], "rotation": 90, "texture": "#1"},
				"up": {"uv": [0, 0, 1, 4.8], "rotation": 90, "texture": "#1"},
				"down": {"uv": [0, 0, 1, 4.8], "rotation": 90, "texture": "#1"}
			}
		},
		{
			"from": [5.15239, 1.54282, 12.7],
			"to": [5.84039, 1.86282, 13.7],
			"rotation": {"angle": 45, "axis": "z", "origin": [-1.61961, -0.59718, -2.9]},
			"faces": {
				"north": {"uv": [0, 0, 1, 4.8], "rotation": 270, "texture": "#1"},
				"east": {"uv": [0, 0, 1, 1], "rotation": 90, "texture": "#1"},
				"south": {"uv": [0, 0, 1, 4.8], "rotation": 90, "texture": "#1"},
				"west": {"uv": [0, 0, 1, 1], "rotation": 90, "texture": "#1"},
				"up": {"uv": [0, 0, 1, 4.8], "rotation": 90, "texture": "#1"},
				"down": {"uv": [0, 0, 1, 4.8], "rotation": 90, "texture": "#1"}
			}
		},
		{
			"from": [1.25239, 1.54282, 12.7],
			"to": [1.94039, 1.86282, 13.7],
			"rotation": {"angle": 45, "axis": "z", "origin": [-5.51961, -0.59718, -2.9]},
			"faces": {
				"north": {"uv": [0, 0, 1, 4.8], "rotation": 270, "texture": "#1"},
				"east": {"uv": [0, 0, 1, 1], "rotation": 90, "texture": "#1"},
				"south": {"uv": [0, 0, 1, 4.8], "rotation": 90, "texture": "#1"},
				"west": {"uv": [0, 0, 1, 1], "rotation": 90, "texture": "#1"},
				"up": {"uv": [0, 0, 1, 4.8], "rotation": 90, "texture": "#1"},
				"down": {"uv": [0, 0, 1, 4.8], "rotation": 90, "texture": "#1"}
			}
		},
		{
			"from": [5.81239, 0.92282, 12.7],
			"to": [6.50039, 1.24282, 13.7],
			"rotation": {"angle": 45, "axis": "z", "origin": [-0.51961, -1.39718, -2.9]},
			"faces": {
				"north": {"uv": [0, 0, 1, 4.8], "rotation": 270, "texture": "#1"},
				"east": {"uv": [0, 0, 1, 1], "rotation": 90, "texture": "#1"},
				"south": {"uv": [0, 0, 1, 4.8], "rotation": 90, "texture": "#1"},
				"west": {"uv": [0, 0, 1, 1], "rotation": 90, "texture": "#1"},
				"up": {"uv": [0, 0, 1, 4.8], "rotation": 90, "texture": "#1"},
				"down": {"uv": [0, 0, 1, 4.8], "rotation": 90, "texture": "#1"}
			}
		},
		{
			"from": [1.91239, 0.92282, 12.7],
			"to": [2.60039, 1.24282, 13.7],
			"rotation": {"angle": 45, "axis": "z", "origin": [-4.41961, -1.39718, -2.9]},
			"faces": {
				"north": {"uv": [0, 0, 1, 4.8], "rotation": 270, "texture": "#1"},
				"east": {"uv": [0, 0, 1, 1], "rotation": 90, "texture": "#1"},
				"south": {"uv": [0, 0, 1, 4.8], "rotation": 90, "texture": "#1"},
				"west": {"uv": [0, 0, 1, 1], "rotation": 90, "texture": "#1"},
				"up": {"uv": [0, 0, 1, 4.8], "rotation": 90, "texture": "#1"},
				"down": {"uv": [0, 0, 1, 4.8], "rotation": 90, "texture": "#1"}
			}
		},
		{
			"from": [-5.9, 1.2, 12.7],
			"to": [-4.6, 8.7, 13.7],
			"rotation": {"angle": 0, "axis": "y", "origin": [8.8, 0, -0.3]},
			"faces": {
				"north": {"uv": [0, 0, 1.5, 8], "texture": "#1"},
				"east": {"uv": [0, 0, 1, 8], "texture": "#1"},
				"south": {"uv": [0, 0, 1.5, 8], "texture": "#1"},
				"west": {"uv": [0, 0, 1, 8], "texture": "#1"},
				"up": {"uv": [0, 0, 1.5, 1], "texture": "#1"},
				"down": {"uv": [0, 0, 1.5, 1], "texture": "#1"}
			}
		},
		{
			"from": [-5.74, -9.7, 12.7],
			"to": [-4.54, -6.9, 13.7],
			"rotation": {"angle": -45, "axis": "z", "origin": [6.36, 1.5, -0.3]},
			"faces": {
				"north": {"uv": [0, 0, 1.5, 3], "texture": "#1"},
				"east": {"uv": [0, 0, 1, 3], "texture": "#1"},
				"south": {"uv": [0, 0, 1.5, 3], "texture": "#1"},
				"west": {"uv": [0, 0, 1, 3], "texture": "#1"},
				"up": {"uv": [0, 0, 1.5, 1], "texture": "#1"},
				"down": {"uv": [0, 0, 1.5, 1], "texture": "#1"}
			}
		},
		{
			"from": [-14.5086, 7.93049, 12.7],
			"to": [-13.3086, 10.63049, 13.7],
			"rotation": {"angle": 45, "axis": "z", "origin": [-8.92535, 14.63049, -0.3]},
			"faces": {
				"north": {"uv": [0, 0, 1.5, 3], "texture": "#1"},
				"east": {"uv": [0, 0, 1, 3], "texture": "#1"},
				"south": {"uv": [0, 0, 1.5, 3], "texture": "#1"},
				"west": {"uv": [0, 0, 1, 3], "texture": "#1"},
				"up": {"uv": [0, 0, 1.5, 1], "texture": "#1"},
				"down": {"uv": [0, 0, 1.5, 1], "texture": "#1"}
			}
		},
		{
			"from": [-8.49929, 3.24558, 12.7],
			"to": [-7.29929, 6.80558, 13.7],
			"rotation": {"angle": 0, "axis": "y", "origin": [11.30071, 3.24558, -0.3]},
			"faces": {
				"north": {"uv": [0, 0, 1.5, 3.7], "texture": "#1"},
				"east": {"uv": [0, 0, 1, 3.7], "texture": "#1"},
				"south": {"uv": [0, 0, 1.5, 3.7], "texture": "#1"},
				"west": {"uv": [0, 0, 1, 3.7], "texture": "#1"},
				"up": {"uv": [0, 0, 1.5, 1], "texture": "#1"},
				"down": {"uv": [0, 0, 1.5, 1], "texture": "#1"}
			}
		},
		{
			"from": [14.6, -6.8, 12.7],
			"to": [15.8, 0.9, 13.7],
			"rotation": {"angle": 0, "axis": "y", "origin": [8.8, 0, -0.3]},
			"faces": {
				"north": {"uv": [0, 0, 1.5, 8], "texture": "#1"},
				"east": {"uv": [0, 0, 1, 8], "texture": "#1"},
				"south": {"uv": [0, 0, 1.5, 8], "texture": "#1"},
				"west": {"uv": [0, 0, 1, 8], "texture": "#1"},
				"up": {"uv": [0, 0, 1.5, 1], "texture": "#1"},
				"down": {"uv": [0, 0, 1.5, 1], "texture": "#1"}
			}
		},
		{
			"from": [12.44839, -4.65304, 12.7],
			"to": [13.34839, -2.45304, 13.7],
			"rotation": {"angle": 45, "axis": "z", "origin": [13.78934, -2.22421, 13.075]},
			"faces": {
				"north": {"uv": [1.5, 0, 0, 3], "texture": "#1"},
				"east": {"uv": [1, 0, 0, 3], "texture": "#1"},
				"south": {"uv": [1.5, 0, 0, 3], "texture": "#1"},
				"west": {"uv": [1, 0, 0, 3], "texture": "#1"},
				"up": {"uv": [1.5, 0, 0, 1], "texture": "#1"},
				"down": {"uv": [1.5, 0, 0, 1], "texture": "#1"}
			}
		},
		{
			"from": [13.00294, -3.33421, 12.7],
			"to": [13.98294, -0.71421, 13.7],
			"rotation": {"angle": 0, "axis": "y", "origin": [13.78934, -1.82421, 13.075]},
			"faces": {
				"north": {"uv": [1.5, 0, 0, 3.7], "texture": "#1"},
				"east": {"uv": [1, 0, 0, 3.7], "texture": "#1"},
				"south": {"uv": [1.5, 0, 0, 3.7], "texture": "#1"},
				"west": {"uv": [1, 0, 0, 3.7], "texture": "#1"},
				"up": {"uv": [1.5, 0, 0, 1], "texture": "#1"},
				"down": {"uv": [1.5, 0, 0, 1], "texture": "#1"}
			}
		},
		{
			"from": [12.67265, -1.85397, 12.7],
			"to": [13.57265, 0.44603, 13.7],
			"rotation": {"angle": -45, "axis": "z", "origin": [14.2136, -1.68279, 13.075]},
			"faces": {
				"north": {"uv": [1.5, 0, 0, 3], "texture": "#1"},
				"east": {"uv": [1, 0, 0, 3], "texture": "#1"},
				"south": {"uv": [1.5, 0, 0, 3], "texture": "#1"},
				"west": {"uv": [1, 0, 0, 3], "texture": "#1"},
				"up": {"uv": [1.5, 0, 0, 1], "texture": "#1"},
				"down": {"uv": [1.5, 0, 0, 1], "texture": "#1"}
			}
		},
		{
			"from": [12.53477, -7.55947, 12.7],
			"to": [13.49477, -2.36907, 13.7],
			"rotation": {"angle": 22.5, "axis": "z", "origin": [10.02277, -7.97707, -2.9]},
			"faces": {
				"north": {"uv": [0, 0, 1, 4.8], "texture": "#1"},
				"east": {"uv": [0, 0, 1, 4.8], "texture": "#1"},
				"south": {"uv": [0, 0, 1, 4.8], "texture": "#1"},
				"west": {"uv": [0, 0, 1, 4.8], "texture": "#1"},
				"up": {"uv": [0, 0, 1, 1], "texture": "#1"},
				"down": {"uv": [0, 0, 1, 1], "texture": "#1"}
			}
		},
		{
			"from": [7.07883, -7.25947, 12.7],
			"to": [8.03883, -1.96907, 13.7],
			"rotation": {"angle": -22.5, "axis": "z", "origin": [9.65083, -7.97707, -2.9]},
			"faces": {
				"north": {"uv": [1, 0, 0, 4.8], "texture": "#1"},
				"east": {"uv": [1, 0, 0, 4.8], "texture": "#1"},
				"south": {"uv": [1, 0, 0, 4.8], "texture": "#1"},
				"west": {"uv": [1, 0, 0, 4.8], "texture": "#1"},
				"up": {"uv": [1, 0, 0, 1], "texture": "#1"},
				"down": {"uv": [1, 0, 0, 1], "texture": "#1"}
			}
		},
		{
			"from": [9.58837, -2.27242, 12.7],
			"to": [11.06837, -1.46602, 13.7],
			"rotation": {"angle": 0, "axis": "z", "origin": [11.81237, -9.83402, -2.9]},
			"faces": {
				"north": {"uv": [1, 0, 0, 4.8], "texture": "#1"},
				"east": {"uv": [1, 0, 0, 4.8], "texture": "#1"},
				"south": {"uv": [1, 0, 0, 4.8], "texture": "#1"},
				"west": {"uv": [1, 0, 0, 4.8], "texture": "#1"},
				"up": {"uv": [1, 0, 0, 1], "texture": "#1"},
				"down": {"uv": [1, 0, 0, 1], "texture": "#1"}
			}
		},
		{
			"from": [9.19637, -4.59242, 12.7],
			"to": [11.42437, -3.78602, 13.7],
			"rotation": {"angle": 0, "axis": "z", "origin": [11.81237, -9.83402, -2.9]},
			"faces": {
				"north": {"uv": [1, 0, 0, 4.8], "texture": "#1"},
				"east": {"uv": [1, 0, 0, 4.8], "texture": "#1"},
				"south": {"uv": [1, 0, 0, 4.8], "texture": "#1"},
				"west": {"uv": [1, 0, 0, 4.8], "texture": "#1"},
				"up": {"uv": [1, 0, 0, 1], "texture": "#1"},
				"down": {"uv": [1, 0, 0, 1], "texture": "#1"}
			}
		},
		{
			"from": [5.9752, -6.6944, 12.7],
			"to": [6.9352, -1.376, 13.7],
			"rotation": {"angle": 0, "axis": "y", "origin": [1.3032, -8.832, -2.9]},
			"faces": {
				"north": {"uv": [0, 0, 1, 4.8], "texture": "#1"},
				"east": {"uv": [0, 0, 1, 4.8], "texture": "#1"},
				"south": {"uv": [0, 0, 1, 4.8], "texture": "#1"},
				"west": {"uv": [0, 0, 1, 4.8], "texture": "#1"},
				"up": {"uv": [0, 0, 1, 1], "texture": "#1"},
				"down": {"uv": [0, 0, 1, 1], "texture": "#1"}
			}
		},
		{
			"from": [6.46694, -4.73857, 12.7],
			"to": [7.49094, -3.16417, 13.7],
			"rotation": {"angle": 22.5, "axis": "z", "origin": [4.16294, -9.43617, -2.9]},
			"faces": {
				"north": {"uv": [0, 0, 1, 4.8], "texture": "#1"},
				"east": {"uv": [0, 0, 1, 4.8], "texture": "#1"},
				"south": {"uv": [0, 0, 1, 4.8], "texture": "#1"},
				"west": {"uv": [0, 0, 1, 4.8], "texture": "#1"},
				"up": {"uv": [0, 0, 1, 1], "texture": "#1"},
				"down": {"uv": [0, 0, 1, 1], "texture": "#1"}
			}
		},
		{
			"from": [3.1055, -6.68621, 12.7],
			"to": [4.9239, -5.56221, 13.7],
			"rotation": {"angle": -22.5, "axis": "z", "origin": [9.9615, -8.89021, -2.9]},
			"faces": {
				"north": {"uv": [0, 0, 1, 4.8], "rotation": 90, "texture": "#1"},
				"east": {"uv": [0, 0, 1, 1], "rotation": 270, "texture": "#1"},
				"south": {"uv": [0, 0, 1, 4.8], "rotation": 270, "texture": "#1"},
				"west": {"uv": [0, 0, 1, 1], "rotation": 270, "texture": "#1"},
				"up": {"uv": [0, 0, 1, 4.8], "rotation": 270, "texture": "#1"},
				"down": {"uv": [0, 0, 1, 4.8], "rotation": 270, "texture": "#1"}
			}
		},
		{
			"from": [2.69151, -5.18207, 12.7],
			"to": [3.58751, -2.87967, 13.7],
			"rotation": {"angle": -22.5, "axis": "z", "origin": [0.28751, -8.83167, -2.9]},
			"faces": {
				"north": {"uv": [0, 0, 1, 4.8], "texture": "#1"},
				"east": {"uv": [0, 0, 1, 4.8], "texture": "#1"},
				"south": {"uv": [0, 0, 1, 4.8], "texture": "#1"},
				"west": {"uv": [0, 0, 1, 4.8], "texture": "#1"},
				"up": {"uv": [0, 0, 1, 1], "texture": "#1"},
				"down": {"uv": [0, 0, 1, 1], "texture": "#1"}
			}
		},
		{
			"from": [5.0328, -2.4, 12.7],
			"to": [5.9752, -1.376, 13.7],
			"rotation": {"angle": 0, "axis": "z", "origin": [-0.6808, 0.928, -2.9]},
			"faces": {
				"north": {"uv": [0, 0, 1, 4.8], "rotation": 270, "texture": "#1"},
				"east": {"uv": [0, 0, 1, 1], "rotation": 90, "texture": "#1"},
				"south": {"uv": [0, 0, 1, 4.8], "rotation": 90, "texture": "#1"},
				"west": {"uv": [0, 0, 1, 1], "rotation": 90, "texture": "#1"},
				"up": {"uv": [0, 0, 1, 4.8], "rotation": 90, "texture": "#1"},
				"down": {"uv": [0, 0, 1, 4.8], "rotation": 90, "texture": "#1"}
			}
		},
		{
			"from": [3.91536, -5.05852, 12.7],
			"to": [4.65776, -4.09852, 13.7],
			"rotation": {"angle": 22.5, "axis": "z", "origin": [-1.99824, -1.79452, -2.9]},
			"faces": {
				"north": {"uv": [0, 0, 1, 4.8], "rotation": 270, "texture": "#1"},
				"east": {"uv": [0, 0, 1, 1], "rotation": 90, "texture": "#1"},
				"south": {"uv": [0, 0, 1, 4.8], "rotation": 90, "texture": "#1"},
				"west": {"uv": [0, 0, 1, 1], "rotation": 90, "texture": "#1"},
				"up": {"uv": [0, 0, 1, 4.8], "rotation": 90, "texture": "#1"},
				"down": {"uv": [0, 0, 1, 4.8], "rotation": 90, "texture": "#1"}
			}
		},
		{
			"from": [1.94, -6.8, 12.7],
			"to": [3.14, -1.2, 13.7],
			"rotation": {"angle": 0, "axis": "y", "origin": [8.44, 0, -0.3]},
			"faces": {
				"north": {"uv": [0, 0, 1.5, 6], "texture": "#1"},
				"east": {"uv": [0, 0, 1, 6], "texture": "#1"},
				"south": {"uv": [0, 0, 1.5, 6], "texture": "#1"},
				"west": {"uv": [0, 0, 1, 6], "texture": "#1"},
				"up": {"uv": [0, 0, 1.5, 1], "texture": "#1"},
				"down": {"uv": [0, 0, 1.5, 1], "texture": "#1"}
			}
		},
		{
			"from": [3, -9.04, 12.7],
			"to": [4.3, -5.66, 13.7],
			"rotation": {"angle": -22.5, "axis": "z", "origin": [8.44, 0, -0.3]},
			"faces": {
				"north": {"uv": [0, 0, 1.5, 3.6], "texture": "#1"},
				"east": {"uv": [0, 0, 1, 3.6], "texture": "#1"},
				"south": {"uv": [0, 0, 1.5, 3.6], "texture": "#1"},
				"west": {"uv": [0, 0, 1, 3.6], "texture": "#1"},
				"up": {"uv": [0, 0, 1.5, 1], "texture": "#1"},
				"down": {"uv": [0, 0, 1.5, 1], "texture": "#1"}
			}
		},
		{
			"from": [3.64, -7.9, 12.7],
			"to": [6.52, -6.7, 13.7],
			"rotation": {"angle": -45, "axis": "z", "origin": [8.44, 0, -0.3]},
			"faces": {
				"north": {"uv": [0, 0, 1.5, 3.6], "rotation": 270, "texture": "#1"},
				"east": {"uv": [0, 0, 1.5, 1], "rotation": 90, "texture": "#1"},
				"south": {"uv": [0, 0, 1.5, 3.6], "rotation": 90, "texture": "#1"},
				"west": {"uv": [0, 0, 1.5, 1], "rotation": 90, "texture": "#1"},
				"up": {"uv": [0, 0, 1, 3.6], "rotation": 90, "texture": "#1"},
				"down": {"uv": [0, 0, 1, 3.6], "rotation": 90, "texture": "#1"}
			}
		}
	],
	"display": {
		"thirdperson_righthand": {
			"rotation": [90, 0, 0],
			"translation": [0, 5.5, 2]
		},
		"thirdperson_lefthand": {
			"rotation": [90, 0, 0],
			"translation": [0, 5.5, 2]
		},
		"firstperson_righthand": {
			"rotation": [0, -180, 0],
			"translation": [-1, 5, 1],
			"scale": [0.5, 0.5, 0.5]
		},
		"firstperson_lefthand": {
			"rotation": [0, -180, 0],
			"translation": [-1, 5, 1],
			"scale": [0.5, 0.5, 0.5]
		},
		"ground": {
			"scale": [0.5, 0.5, 0.5]
		},
		"gui": {
			"rotation": [5, 168, 0],
			"translation": [-0.75, 3.75, 0],
			"scale": [0.6, 0.6, 0.6]
		},
		"head": {
			"translation": [0, 33.5, -16.75],
			"scale": [3.5, 3.5, 4]
		},
		"fixed": {
			"translation": [0, 4.75, -12.75],
			"scale": [0.6, 0.6, 2.06875]
		}
	},
	"groups": [
		{
			"name": "J",
			"origin": [8, 8, 8],
			"children": [0, 1, 2, 3, 4]
		},
		{
			"name": "U",
			"origin": [0, 0, 0],
			"children": [5, 6, 7, 8, 9, 10, 11]
		},
		{
			"name": "R",
			"origin": [8, 8, 8],
			"children": [12, 13, 14, 15, 16, 17, 18]
		},
		{
			"name": "A",
			"origin": [-1.82, -1.6, -2.6],
			"children": [19, 20, 21, 22]
		},
		{
			"name": "S",
			"origin": [2.03684, -5.16565, -2.6],
			"children": [23, 24, 25, 26, 27]
		},
		{
			"name": "S",
			"origin": [2.03684, -5.16565, -2.6],
			"children": [28, 29, 30, 31, 32]
		},
		{
			"name": "I",
			"origin": [0, 0, 0],
			"children": [33]
		},
		{
			"name": "C",
			"origin": [8, 8, 8],
			"children": [34, 35, 36]
		},
		{
			"name": "P",
			"origin": [8, 8, 8],
			"children": [37, 38, 39, 40]
		},
		{
			"name": "A",
			"origin": [-1.82, -1.6, -2.6],
			"children": [41, 42, 43, 44]
		},
		{
			"name": "R",
			"origin": [8, 8, 8],
			"children": [45, 46, 47, 48, 49, 50, 51]
		},
		{
			"name": "K",
			"origin": [8, 8, 8],
			"children": [52, 53, 54,
				{
					"name": "group",
					"origin": [9.44, 0, -0.5],
					"children": [55, 56, 57, 58, 59, 60, 61, 62, 63, 64, 65, 66, 67, 68, 69, 70, 71, 72, 73, 74, 75, 76, 77, 78, 79, 80, 81, 82, 83, 84, 85, 86, 87, 88, 89, 90, 91, 92, 93, 94, 95, 96, 97, 98, 99, 100, 101, 102, 103, 104, 105, 106, 107, 108, 109]
				}
			]
		}
	]
}