{
	"credit": "Made with Blockbench",
	"textures": {
		"0": "block/light_gray_concrete_powder",
		"1": "block/anvil",
		"2": "block/red_concrete_powder",
		"particle": "block/light_gray_concrete_powder"
	},
	"elements": [
		{
			"from": [29, 0, 5],
			"to": [32, 10, 12],
			"rotation": {"angle": 0, "axis": "y", "origin": [22, 0, 0]},
			"faces": {
				"north": {"uv": [13, 3, 16, 13], "texture": "#1"},
				"east": {"uv": [5, 3, 12, 13], "texture": "#1"},
				"south": {"uv": [0, 3, 3, 13], "texture": "#1"},
				"west": {"uv": [5, 3, 12, 13], "texture": "#1"},
				"up": {"uv": [0, 0, 3, 7], "texture": "#1"},
				"down": {"uv": [0, 0, 3, 7], "texture": "#1"}
			}
		},
		{
			"from": [29.6, 2, 4.1],
			"to": [31.4, 8, 11.4],
			"rotation": {"angle": 0, "axis": "y", "origin": [22, 0, 0]},
			"faces": {
				"north": {"uv": [8, 3, 11, 13], "texture": "#1"},
				"east": {"uv": [5, 3, 12, 13], "texture": "#1"},
				"south": {"uv": [0, 3, 3, 13], "texture": "#1"},
				"west": {"uv": [5, 3, 12, 13], "texture": "#1"},
				"up": {"uv": [0, 0, 3, 7], "texture": "#1"},
				"down": {"uv": [0, 0, 3, 7], "texture": "#1"}
			}
		},
		{
			"from": [29.6, 0.8, 2.5],
			"to": [31.4, 9.1, 3.5],
			"rotation": {"angle": 0, "axis": "y", "origin": [22, 0, 0]},
			"faces": {
				"north": {"uv": [8, 3, 11, 13], "texture": "#1"},
				"east": {"uv": [5, 3, 6, 13], "texture": "#1"},
				"south": {"uv": [0, 3, 3, 13], "texture": "#1"},
				"west": {"uv": [5, 3, 6, 13], "texture": "#1"},
				"up": {"uv": [0, 0, 3, 7], "texture": "#1"},
				"down": {"uv": [0, 0, 3, 7], "texture": "#1"}
			}
		},
		{
			"from": [29.6, 6.8, 3.4],
			"to": [31.4, 7.4, 4.1],
			"rotation": {"angle": 0, "axis": "y", "origin": [22, 0, 0]},
			"faces": {
				"north": {"uv": [5, 3, 6, 4], "texture": "#1"},
				"east": {"uv": [5, 3, 6, 4], "texture": "#1"},
				"south": {"uv": [5, 3, 6, 4], "texture": "#1"},
				"west": {"uv": [5, 3, 6, 4], "texture": "#1"},
				"up": {"uv": [5, 3, 6, 4], "texture": "#1"},
				"down": {"uv": [5, 3, 6, 4], "texture": "#1"}
			}
		},
		{
			"from": [29.6, 2.6, 3.4],
			"to": [31.4, 3.2, 4.1],
			"rotation": {"angle": 0, "axis": "y", "origin": [22, 0, 0]},
			"faces": {
				"north": {"uv": [5, 3, 6, 4], "texture": "#1"},
				"east": {"uv": [5, 3, 6, 4], "texture": "#1"},
				"south": {"uv": [5, 3, 6, 4], "texture": "#1"},
				"west": {"uv": [5, 3, 6, 4], "texture": "#1"},
				"up": {"uv": [5, 3, 6, 4], "texture": "#1"},
				"down": {"uv": [5, 3, 6, 4], "texture": "#1"}
			}
		},
		{
			"from": [29.6, 4.9, 3.4],
			"to": [31.4, 5.5, 4.1],
			"rotation": {"angle": 0, "axis": "y", "origin": [22, 0, 0]},
			"faces": {
				"north": {"uv": [5, 3, 6, 4], "texture": "#1"},
				"east": {"uv": [5, 3, 6, 4], "texture": "#1"},
				"south": {"uv": [5, 3, 6, 4], "texture": "#1"},
				"west": {"uv": [5, 3, 6, 4], "texture": "#1"},
				"up": {"uv": [5, 3, 6, 4], "texture": "#1"},
				"down": {"uv": [5, 3, 6, 4], "texture": "#1"}
			}
		},
		{
			"from": [28.7, 8.9, 5.8],
			"to": [30.5, 9.2, 6.1],
			"rotation": {"angle": 0, "axis": "y", "origin": [22, 0, 0]},
			"faces": {
				"north": {"uv": [14, 15, 15, 16], "texture": "#1"},
				"east": {"uv": [14, 15, 15, 16], "texture": "#1"},
				"south": {"uv": [14, 15, 15, 16], "texture": "#1"},
				"west": {"uv": [14, 15, 15, 16], "texture": "#1"},
				"up": {"uv": [14, 15, 15, 16], "texture": "#1"},
				"down": {"uv": [14, 15, 15, 16], "texture": "#1"}
			}
		},
		{
			"from": [28.7, 0.8, 5.8],
			"to": [30.5, 1.1, 6.1],
			"rotation": {"angle": 0, "axis": "y", "origin": [22, 0, 0]},
			"faces": {
				"north": {"uv": [14, 15, 15, 16], "texture": "#1"},
				"east": {"uv": [14, 15, 15, 16], "texture": "#1"},
				"south": {"uv": [14, 15, 15, 16], "texture": "#1"},
				"west": {"uv": [14, 15, 15, 16], "texture": "#1"},
				"up": {"uv": [14, 15, 15, 16], "texture": "#1"},
				"down": {"uv": [14, 15, 15, 16], "texture": "#1"}
			}
		},
		{
			"from": [28.7, 8.9, 10.9],
			"to": [30.5, 9.2, 11.2],
			"rotation": {"angle": 0, "axis": "y", "origin": [22, 0, 0]},
			"faces": {
				"north": {"uv": [14, 15, 15, 16], "texture": "#1"},
				"east": {"uv": [14, 15, 15, 16], "texture": "#1"},
				"south": {"uv": [14, 15, 15, 16], "texture": "#1"},
				"west": {"uv": [14, 15, 15, 16], "texture": "#1"},
				"up": {"uv": [14, 15, 15, 16], "texture": "#1"},
				"down": {"uv": [14, 15, 15, 16], "texture": "#1"}
			}
		},
		{
			"from": [28.7, 0.8, 10.9],
			"to": [30.5, 1.1, 11.2],
			"rotation": {"angle": 0, "axis": "y", "origin": [22, 0, 0]},
			"faces": {
				"north": {"uv": [14, 15, 15, 16], "texture": "#1"},
				"east": {"uv": [14, 15, 15, 16], "texture": "#1"},
				"south": {"uv": [14, 15, 15, 16], "texture": "#1"},
				"west": {"uv": [14, 15, 15, 16], "texture": "#1"},
				"up": {"uv": [14, 15, 15, 16], "texture": "#1"},
				"down": {"uv": [14, 15, 15, 16], "texture": "#1"}
			}
		},
		{
			"from": [28.9, 0.5, 5.5],
			"to": [29, 9.5, 11.5],
			"rotation": {"angle": 0, "axis": "y", "origin": [22, 0, 0]},
			"faces": {
				"north": {"uv": [0, 0, 0.1, 9], "texture": "#0"},
				"east": {"uv": [0, 0, 6, 9], "texture": "#0"},
				"south": {"uv": [0, 0, 0.1, 9], "texture": "#0"},
				"west": {"uv": [0, 6, 6, 16], "texture": "#0"},
				"up": {"uv": [0, 0, 0.1, 6], "texture": "#0"},
				"down": {"uv": [0, 0, 0.1, 6], "texture": "#0"}
			}
		},
		{
			"name": "hexadecagon",
			"from": [28.8, 5.25082, 10.45],
			"to": [29.8, 5.54918, 11.15],
			"rotation": {"angle": -45, "axis": "x", "origin": [29.3, 5.4, 10.4]},
			"faces": {
				"north": {"uv": [15, 12, 16, 13], "texture": "#1"},
				"east": {"uv": [15, 12, 16, 13], "texture": "#1"},
				"south": {"uv": [15, 12, 16, 13], "texture": "#1"},
				"west": {"uv": [15, 12, 16, 13], "texture": "#1"},
				"up": {"uv": [15, 12, 16, 13], "texture": "#1"},
				"down": {"uv": [15, 12, 16, 13], "texture": "#1"}
			}
		},
		{
			"name": "hexadecagon",
			"from": [28.8, 5.25082, 9.65],
			"to": [29.8, 5.54918, 10.35],
			"rotation": {"angle": -45, "axis": "x", "origin": [29.3, 5.4, 10.4]},
			"faces": {
				"north": {"uv": [15, 12, 16, 13], "texture": "#1"},
				"east": {"uv": [15, 12, 16, 13], "texture": "#1"},
				"south": {"uv": [15, 12, 16, 13], "texture": "#1"},
				"west": {"uv": [15, 12, 16, 13], "texture": "#1"},
				"up": {"uv": [15, 12, 16, 13], "texture": "#1"},
				"down": {"uv": [15, 12, 16, 13], "texture": "#1"}
			}
		},
		{
			"name": "hexadecagon",
			"from": [28.8, 5.25082, 10.45],
			"to": [29.8, 5.54918, 11.15],
			"rotation": {"angle": -22.5, "axis": "x", "origin": [29.3, 5.4, 10.4]},
			"faces": {
				"north": {"uv": [15, 12, 16, 13], "texture": "#1"},
				"east": {"uv": [15, 12, 16, 13], "texture": "#1"},
				"south": {"uv": [15, 12, 16, 13], "texture": "#1"},
				"west": {"uv": [15, 12, 16, 13], "texture": "#1"},
				"up": {"uv": [15, 12, 16, 13], "texture": "#1"},
				"down": {"uv": [15, 12, 16, 13], "texture": "#1"}
			}
		},
		{
			"name": "hexadecagon",
			"from": [28.8, 5.25082, 9.65],
			"to": [29.8, 5.54918, 10.15],
			"rotation": {"angle": -22.5, "axis": "x", "origin": [29.3, 5.4, 10.4]},
			"faces": {
				"north": {"uv": [15, 12, 16, 13], "texture": "#1"},
				"east": {"uv": [15, 12, 16, 13], "texture": "#1"},
				"south": {"uv": [15, 12, 16, 13], "texture": "#1"},
				"west": {"uv": [15, 12, 16, 13], "texture": "#1"},
				"up": {"uv": [15, 12, 16, 13], "texture": "#1"},
				"down": {"uv": [15, 12, 16, 13], "texture": "#1"}
			}
		},
		{
			"name": "hexadecagon",
			"from": [28.8, 5.25082, 10.65],
			"to": [29.8, 5.54918, 11.15],
			"rotation": {"angle": 0, "axis": "x", "origin": [29.3, 5.4, 10.4]},
			"faces": {
				"north": {"uv": [15, 12, 16, 13], "texture": "#1"},
				"east": {"uv": [15, 12, 16, 13], "texture": "#1"},
				"south": {"uv": [15, 12, 16, 13], "texture": "#1"},
				"west": {"uv": [15, 12, 16, 13], "texture": "#1"},
				"up": {"uv": [15, 12, 16, 13], "texture": "#1"},
				"down": {"uv": [15, 12, 16, 13], "texture": "#1"}
			}
		},
		{
			"name": "hexadecagon",
			"from": [28.8, 5.25082, 9.65],
			"to": [29.8, 5.54918, 10.35],
			"rotation": {"angle": 0, "axis": "x", "origin": [29.3, 5.4, 10.4]},
			"faces": {
				"north": {"uv": [15, 12, 16, 13], "texture": "#1"},
				"east": {"uv": [15, 12, 16, 13], "texture": "#1"},
				"south": {"uv": [15, 12, 16, 13], "texture": "#1"},
				"west": {"uv": [15, 12, 16, 13], "texture": "#1"},
				"up": {"uv": [15, 12, 16, 13], "texture": "#1"},
				"down": {"uv": [15, 12, 16, 13], "texture": "#1"}
			}
		},
		{
			"name": "hexadecagon",
			"from": [28.8, 5.25082, 10.45],
			"to": [29.8, 5.54918, 11.15],
			"rotation": {"angle": 22.5, "axis": "x", "origin": [29.3, 5.4, 10.4]},
			"faces": {
				"north": {"uv": [15, 12, 16, 13], "texture": "#1"},
				"east": {"uv": [15, 12, 16, 13], "texture": "#1"},
				"south": {"uv": [15, 12, 16, 13], "texture": "#1"},
				"west": {"uv": [15, 12, 16, 13], "texture": "#1"},
				"up": {"uv": [15, 12, 16, 13], "texture": "#1"},
				"down": {"uv": [15, 12, 16, 13], "texture": "#1"}
			}
		},
		{
			"name": "hexadecagon",
			"from": [28.8, 5.25082, 9.65],
			"to": [29.8, 5.54918, 10.35],
			"rotation": {"angle": 22.5, "axis": "x", "origin": [29.3, 5.4, 10.4]},
			"faces": {
				"north": {"uv": [15, 12, 16, 13], "texture": "#1"},
				"east": {"uv": [15, 12, 16, 13], "texture": "#1"},
				"south": {"uv": [15, 12, 16, 13], "texture": "#1"},
				"west": {"uv": [15, 12, 16, 13], "texture": "#1"},
				"up": {"uv": [15, 12, 16, 13], "texture": "#1"},
				"down": {"uv": [15, 12, 16, 13], "texture": "#1"}
			}
		},
		{
			"name": "hexadecagon",
			"from": [28.8, 5.25082, 10.45],
			"to": [29.8, 5.54918, 11.15],
			"rotation": {"angle": 45, "axis": "x", "origin": [29.3, 5.4, 10.4]},
			"faces": {
				"north": {"uv": [15, 12, 16, 13], "texture": "#1"},
				"east": {"uv": [15, 12, 16, 13], "texture": "#1"},
				"south": {"uv": [15, 12, 16, 13], "texture": "#1"},
				"west": {"uv": [15, 12, 16, 13], "texture": "#1"},
				"up": {"uv": [15, 12, 16, 13], "texture": "#1"},
				"down": {"uv": [15, 12, 16, 13], "texture": "#1"}
			}
		},
		{
			"name": "hexadecagon",
			"from": [28.8, 5.25082, 9.65],
			"to": [29.8, 5.54918, 10.35],
			"rotation": {"angle": 45, "axis": "x", "origin": [29.3, 5.4, 10.4]},
			"faces": {
				"north": {"uv": [15, 12, 16, 13], "texture": "#1"},
				"east": {"uv": [15, 12, 16, 13], "texture": "#1"},
				"south": {"uv": [15, 12, 16, 13], "texture": "#1"},
				"west": {"uv": [15, 12, 16, 13], "texture": "#1"},
				"up": {"uv": [15, 12, 16, 13], "texture": "#1"},
				"down": {"uv": [15, 12, 16, 13], "texture": "#1"}
			}
		},
		{
			"name": "hexadecagon",
			"from": [28.8, 4.65, 10.25082],
			"to": [29.8, 5.35, 10.54918],
			"rotation": {"angle": -22.5, "axis": "x", "origin": [29.3, 5.4, 10.4]},
			"faces": {
				"north": {"uv": [15, 12, 16, 13], "texture": "#1"},
				"east": {"uv": [15, 12, 16, 13], "texture": "#1"},
				"south": {"uv": [15, 12, 16, 13], "texture": "#1"},
				"west": {"uv": [15, 12, 16, 13], "texture": "#1"},
				"up": {"uv": [15, 12, 16, 13], "texture": "#1"},
				"down": {"uv": [15, 12, 16, 13], "texture": "#1"}
			}
		},
		{
			"name": "hexadecagon",
			"from": [28.8, 5.45, 10.25082],
			"to": [29.8, 6.15, 10.54918],
			"rotation": {"angle": -22.5, "axis": "x", "origin": [29.3, 5.4, 10.4]},
			"faces": {
				"north": {"uv": [15, 12, 16, 13], "texture": "#1"},
				"east": {"uv": [15, 12, 16, 13], "texture": "#1"},
				"south": {"uv": [15, 12, 16, 13], "texture": "#1"},
				"west": {"uv": [15, 12, 16, 13], "texture": "#1"},
				"up": {"uv": [15, 12, 16, 13], "texture": "#1"},
				"down": {"uv": [15, 12, 16, 13], "texture": "#1"}
			}
		},
		{
			"name": "hexadecagon",
			"from": [28.8, 5.45, 10.25082],
			"to": [29.8, 6.15, 10.54918],
			"rotation": {"angle": 0, "axis": "x", "origin": [29.3, 5.4, 10.4]},
			"faces": {
				"north": {"uv": [15, 12, 16, 13], "texture": "#1"},
				"east": {"uv": [15, 12, 16, 13], "texture": "#1"},
				"south": {"uv": [15, 12, 16, 13], "texture": "#1"},
				"west": {"uv": [15, 12, 16, 13], "texture": "#1"},
				"up": {"uv": [15, 12, 16, 13], "texture": "#1"},
				"down": {"uv": [15, 12, 16, 13], "texture": "#1"}
			}
		},
		{
			"name": "hexadecagon",
			"from": [28.8, 4.65, 10.25082],
			"to": [29.8, 5.15, 10.54918],
			"rotation": {"angle": 0, "axis": "x", "origin": [29.3, 5.4, 10.4]},
			"faces": {
				"north": {"uv": [15, 12, 16, 13], "texture": "#1"},
				"east": {"uv": [15, 12, 16, 13], "texture": "#1"},
				"south": {"uv": [15, 12, 16, 13], "texture": "#1"},
				"west": {"uv": [15, 12, 16, 13], "texture": "#1"},
				"up": {"uv": [15, 12, 16, 13], "texture": "#1"},
				"down": {"uv": [15, 12, 16, 13], "texture": "#1"}
			}
		},
		{
			"name": "hexadecagon",
			"from": [28.8, 5.45, 10.25082],
			"to": [29.8, 6.15, 10.54918],
			"rotation": {"angle": 22.5, "axis": "x", "origin": [29.3, 5.4, 10.4]},
			"faces": {
				"north": {"uv": [15, 12, 16, 13], "texture": "#1"},
				"east": {"uv": [15, 12, 16, 13], "texture": "#1"},
				"south": {"uv": [15, 12, 16, 13], "texture": "#1"},
				"west": {"uv": [15, 12, 16, 13], "texture": "#1"},
				"up": {"uv": [15, 12, 16, 13], "texture": "#1"},
				"down": {"uv": [15, 12, 16, 13], "texture": "#1"}
			}
		},
		{
			"name": "hexadecagon",
			"from": [28.8, 4.65, 10.25082],
			"to": [29.8, 5.35, 10.54918],
			"rotation": {"angle": 22.5, "axis": "x", "origin": [29.3, 5.4, 10.4]},
			"faces": {
				"north": {"uv": [15, 12, 16, 13], "texture": "#1"},
				"east": {"uv": [15, 12, 16, 13], "texture": "#1"},
				"south": {"uv": [15, 12, 16, 13], "texture": "#1"},
				"west": {"uv": [15, 12, 16, 13], "texture": "#1"},
				"up": {"uv": [15, 12, 16, 13], "texture": "#1"},
				"down": {"uv": [15, 12, 16, 13], "texture": "#1"}
			}
		},
		{
			"name": "hexadecagon",
			"from": [-16, 5.38011, 10.3],
			"to": [29.1, 5.41989, 10.5],
			"rotation": {"angle": -45, "axis": "x", "origin": [28.6, 5.4, 10.4]},
			"faces": {
				"north": {"uv": [0, 0, 1, 1], "texture": "#2"},
				"east": {"uv": [0, 0, 1, 1], "texture": "#2"},
				"south": {"uv": [0, 0, 1, 1], "texture": "#2"},
				"west": {"uv": [0, 0, 1, 1], "texture": "#2"},
				"up": {"uv": [0, 0, 1, 1], "texture": "#2"},
				"down": {"uv": [0, 0, 1, 1], "texture": "#2"}
			}
		},
		{
			"name": "hexadecagon",
			"from": [-16, 5.38011, 10.3],
			"to": [29.1, 5.41989, 10.5],
			"rotation": {"angle": -22.5, "axis": "x", "origin": [28.6, 5.4, 10.4]},
			"faces": {
				"north": {"uv": [0, 0, 1, 1], "texture": "#2"},
				"east": {"uv": [0, 0, 1, 1], "texture": "#2"},
				"south": {"uv": [0, 0, 1, 1], "texture": "#2"},
				"west": {"uv": [0, 0, 1, 1], "texture": "#2"},
				"up": {"uv": [0, 0, 1, 1], "texture": "#2"},
				"down": {"uv": [0, 0, 1, 1], "texture": "#2"}
			}
		},
		{
			"name": "hexadecagon",
			"from": [-16, 5.38011, 10.3],
			"to": [29.1, 5.41989, 10.5],
			"rotation": {"angle": 0, "axis": "x", "origin": [28.6, 5.4, 10.4]},
			"faces": {
				"north": {"uv": [0, 0, 1, 1], "texture": "#2"},
				"east": {"uv": [0, 0, 1, 1], "texture": "#2"},
				"south": {"uv": [0, 0, 1, 1], "texture": "#2"},
				"west": {"uv": [0, 0, 1, 1], "texture": "#2"},
				"up": {"uv": [0, 0, 1, 1], "texture": "#2"},
				"down": {"uv": [0, 0, 1, 1], "texture": "#2"}
			}
		},
		{
			"name": "hexadecagon",
			"from": [-16, 5.38011, 10.3],
			"to": [29.1, 5.41989, 10.5],
			"rotation": {"angle": 22.5, "axis": "x", "origin": [28.6, 5.4, 10.4]},
			"faces": {
				"north": {"uv": [0, 0, 1, 1], "texture": "#2"},
				"east": {"uv": [0, 0, 1, 1], "texture": "#2"},
				"south": {"uv": [0, 0, 1, 1], "texture": "#2"},
				"west": {"uv": [0, 0, 1, 1], "texture": "#2"},
				"up": {"uv": [0, 0, 1, 1], "texture": "#2"},
				"down": {"uv": [0, 0, 1, 1], "texture": "#2"}
			}
		},
		{
			"name": "hexadecagon",
			"from": [-16, 5.38011, 10.3],
			"to": [29.1, 5.41989, 10.5],
			"rotation": {"angle": 45, "axis": "x", "origin": [28.6, 5.4, 10.4]},
			"faces": {
				"north": {"uv": [0, 0, 1, 1], "texture": "#2"},
				"east": {"uv": [0, 0, 1, 1], "texture": "#2"},
				"south": {"uv": [0, 0, 1, 1], "texture": "#2"},
				"west": {"uv": [0, 0, 1, 1], "texture": "#2"},
				"up": {"uv": [0, 0, 1, 1], "texture": "#2"},
				"down": {"uv": [0, 0, 1, 1], "texture": "#2"}
			}
		},
		{
			"name": "hexadecagon",
			"from": [-16, 5.3, 10.38011],
			"to": [29.1, 5.5, 10.41989],
			"rotation": {"angle": -22.5, "axis": "x", "origin": [28.6, 5.4, 10.4]},
			"faces": {
				"north": {"uv": [0, 0, 1, 1], "texture": "#2"},
				"east": {"uv": [0, 0, 1, 1], "texture": "#2"},
				"south": {"uv": [0, 0, 1, 1], "texture": "#2"},
				"west": {"uv": [0, 0, 1, 1], "texture": "#2"},
				"up": {"uv": [0, 0, 1, 1], "texture": "#2"},
				"down": {"uv": [0, 0, 1, 1], "texture": "#2"}
			}
		},
		{
			"name": "hexadecagon",
			"from": [-16, 5.3, 10.38011],
			"to": [29.1, 5.5, 10.41989],
			"rotation": {"angle": 0, "axis": "x", "origin": [28.6, 5.4, 10.4]},
			"faces": {
				"north": {"uv": [0, 0, 1, 1], "texture": "#2"},
				"east": {"uv": [0, 0, 1, 1], "texture": "#2"},
				"south": {"uv": [0, 0, 1, 1], "texture": "#2"},
				"west": {"uv": [0, 0, 1, 1], "texture": "#2"},
				"up": {"uv": [0, 0, 1, 1], "texture": "#2"},
				"down": {"uv": [0, 0, 1, 1], "texture": "#2"}
			}
		},
		{
			"name": "hexadecagon",
			"from": [-16, 5.3, 10.38011],
			"to": [29.1, 5.5, 10.41989],
			"rotation": {"angle": 22.5, "axis": "x", "origin": [28.6, 5.4, 10.4]},
			"faces": {
				"north": {"uv": [0, 0, 1, 1], "texture": "#2"},
				"east": {"uv": [0, 0, 1, 1], "texture": "#2"},
				"south": {"uv": [0, 0, 1, 1], "texture": "#2"},
				"west": {"uv": [0, 0, 1, 1], "texture": "#2"},
				"up": {"uv": [0, 0, 1, 1], "texture": "#2"},
				"down": {"uv": [0, 0, 1, 1], "texture": "#2"}
			}
		}
	],
	"display": {
		"thirdperson_righthand": {
			"rotation": [-90, -42, 90],
			"translation": [-2, -2.75, 10.75],
			"scale": [0.5, 0.5, 0.5]
		},
		"thirdperson_lefthand": {
			"rotation": [-90, 42, -90],
			"translation": [-0.5, -2.75, 10.75],
			"scale": [0.5, 0.5, 0.5]
		},
		"firstperson_righthand": {
			"rotation": [0, 35, 0],
			"translation": [-10.25, 5, 6.5]
		},
		"firstperson_lefthand": {
			"rotation": [0, -138, 0],
			"translation": [-3, 5, 6.75]
		},
		"ground": {
			"rotation": [-90, 0, 0],
			"translation": [-11.75, 3.75, 0],
			"scale": [0.5, 0.5, 0.5]
		},
		"gui": {
			"rotation": [-85, 0, 102],
			"translation": [-0.25, -1.75, 0]
		},
		"head": {
			"rotation": [-90, 0, -90],
			"translation": [3, 0, -30.25]
		},
		"fixed": {
			"rotation": [0, -180, 0],
			"translation": [37, 2.75, -3.5]
		}
	},
	"groups": [0, 1, 2, 3, 4, 5, 6, 7, 8, 9, 10,
		{
			"name": "hexadecagon",
			"origin": [8, 8, 8],
			"children": [11, 12, 13, 14, 15, 16, 17, 18, 19, 20, 21, 22, 23, 24, 25, 26]
		},
		{
			"name": "hexadecagon",
			"origin": [8, 8, 8],
			"children": [27, 28, 29, 30, 31, 32, 33, 34]
		}
	]
}