{
	"credit": "Made with Blockbench",
	"textures": {
		"0": "block/lapis_block",
		"1": "block/yellow_concrete",
		"2": "block/white_wool",
		"3": "block/redstone_block",
		"4": "block/birch_planks",
		"5": "block/lime_glazed_terracotta",
		"particle": "block/lapis_block"
	},
	"elements": [
		{
			"name": "hexadecagon",
			"from": [1.40163, 3.5, 10.7],
			"to": [1.99837, 5, 11.7],
			"rotation": {"angle": 45, "axis": "z", "origin": [1.7, 3.5, 11.2]},
			"faces": {
				"north": {"uv": [0, 1, 1, 0], "texture": "#1"},
				"east": {"uv": [0, 1, 1, 0], "texture": "#1"},
				"south": {"uv": [0, 1, 1, 0], "texture": "#1"},
				"west": {"uv": [0, 1, 1, 0], "texture": "#1"},
				"up": {"uv": [0, 1, 1, 0], "texture": "#1"},
				"down": {"uv": [0, 1, 1, 0], "texture": "#1"}
			}
		},
		{
			"name": "hexadecagon",
			"from": [1.40163, 3.5, 1.6],
			"to": [1.99837, 5, 2.6],
			"rotation": {"angle": 45, "axis": "z", "origin": [1.7, 3.5, 2.1]},
			"faces": {
				"north": {"uv": [1, 1, 0, 0], "texture": "#1"},
				"east": {"uv": [1, 1, 0, 0], "texture": "#1"},
				"south": {"uv": [1, 1, 0, 0], "texture": "#1"},
				"west": {"uv": [1, 1, 0, 0], "texture": "#1"},
				"up": {"uv": [0, 0, 1, 1], "texture": "#1"},
				"down": {"uv": [0, 0, 1, 1], "texture": "#1"}
			}
		},
		{
			"name": "hexadecagon",
			"from": [1.40163, 3.7, 10.7],
			"to": [1.99837, 5, 11.7],
			"rotation": {"angle": 22.5, "axis": "z", "origin": [1.7, 3.5, 11.2]},
			"faces": {
				"north": {"uv": [0, 1, 1, 0], "texture": "#1"},
				"east": {"uv": [0, 1, 1, 0], "texture": "#1"},
				"south": {"uv": [0, 1, 1, 0], "texture": "#1"},
				"west": {"uv": [0, 1, 1, 0], "texture": "#1"},
				"up": {"uv": [0, 1, 1, 0], "texture": "#1"},
				"down": {"uv": [0, 1, 1, 0], "texture": "#1"}
			}
		},
		{
			"name": "hexadecagon",
			"from": [1.40163, 3.7, 1.6],
			"to": [1.99837, 5, 2.6],
			"rotation": {"angle": 22.5, "axis": "z", "origin": [1.7, 3.5, 2.1]},
			"faces": {
				"north": {"uv": [1, 1, 0, 0], "texture": "#1"},
				"east": {"uv": [1, 1, 0, 0], "texture": "#1"},
				"south": {"uv": [1, 1, 0, 0], "texture": "#1"},
				"west": {"uv": [1, 1, 0, 0], "texture": "#1"},
				"up": {"uv": [0, 0, 1, 1], "texture": "#1"},
				"down": {"uv": [0, 0, 1, 1], "texture": "#1"}
			}
		},
		{
			"name": "hexadecagon",
			"from": [1.40163, 3.4, 10.7],
			"to": [1.99837, 5, 11.7],
			"rotation": {"angle": 0, "axis": "z", "origin": [1.7, 3.5, 11.2]},
			"faces": {
				"north": {"uv": [0, 1, 1, 0], "texture": "#1"},
				"east": {"uv": [0, 1, 1, 0], "texture": "#1"},
				"south": {"uv": [0, 1, 1, 0], "texture": "#1"},
				"west": {"uv": [0, 1, 1, 0], "texture": "#1"},
				"up": {"uv": [0, 1, 1, 0], "texture": "#1"},
				"down": {"uv": [0, 1, 1, 0], "texture": "#1"}
			}
		},
		{
			"name": "hexadecagon",
			"from": [1.40163, 3.4, 1.6],
			"to": [1.99837, 5, 2.6],
			"rotation": {"angle": 0, "axis": "z", "origin": [1.7, 3.5, 2.1]},
			"faces": {
				"north": {"uv": [1, 1, 0, 0], "texture": "#1"},
				"east": {"uv": [1, 1, 0, 0], "texture": "#1"},
				"south": {"uv": [1, 1, 0, 0], "texture": "#1"},
				"west": {"uv": [1, 1, 0, 0], "texture": "#1"},
				"up": {"uv": [0, 0, 1, 1], "texture": "#1"},
				"down": {"uv": [0, 0, 1, 1], "texture": "#1"}
			}
		},
		{
			"name": "hexadecagon",
			"from": [1.40163, 3.3, 10.7],
			"to": [1.99837, 5, 11.7],
			"rotation": {"angle": -22.5, "axis": "z", "origin": [1.7, 3.5, 11.2]},
			"faces": {
				"north": {"uv": [0, 1, 1, 0], "texture": "#1"},
				"east": {"uv": [0, 1, 1, 0], "texture": "#1"},
				"south": {"uv": [0, 1, 1, 0], "texture": "#1"},
				"west": {"uv": [0, 1, 1, 0], "texture": "#1"},
				"up": {"uv": [0, 1, 1, 0], "texture": "#1"},
				"down": {"uv": [0, 1, 1, 0], "texture": "#1"}
			}
		},
		{
			"name": "hexadecagon",
			"from": [1.40163, 3.3, 1.6],
			"to": [1.99837, 5, 2.6],
			"rotation": {"angle": -22.5, "axis": "z", "origin": [1.7, 3.5, 2.1]},
			"faces": {
				"north": {"uv": [1, 1, 0, 0], "texture": "#1"},
				"east": {"uv": [1, 1, 0, 0], "texture": "#1"},
				"south": {"uv": [1, 1, 0, 0], "texture": "#1"},
				"west": {"uv": [1, 1, 0, 0], "texture": "#1"},
				"up": {"uv": [0, 0, 1, 1], "texture": "#1"},
				"down": {"uv": [0, 0, 1, 1], "texture": "#1"}
			}
		},
		{
			"name": "hexadecagon",
			"from": [1.40163, 3.5, 10.7],
			"to": [1.99837, 5, 11.7],
			"rotation": {"angle": -45, "axis": "z", "origin": [1.7, 3.5, 11.2]},
			"faces": {
				"north": {"uv": [0, 1, 1, 0], "texture": "#1"},
				"east": {"uv": [0, 1, 1, 0], "texture": "#1"},
				"south": {"uv": [0, 1, 1, 0], "texture": "#1"},
				"west": {"uv": [0, 1, 1, 0], "texture": "#1"},
				"up": {"uv": [0, 1, 1, 0], "texture": "#1"},
				"down": {"uv": [0, 1, 1, 0], "texture": "#1"}
			}
		},
		{
			"name": "hexadecagon",
			"from": [1.40163, 3.5, 1.6],
			"to": [1.99837, 5, 2.6],
			"rotation": {"angle": -45, "axis": "z", "origin": [1.7, 3.5, 2.1]},
			"faces": {
				"north": {"uv": [1, 1, 0, 0], "texture": "#1"},
				"east": {"uv": [1, 1, 0, 0], "texture": "#1"},
				"south": {"uv": [1, 1, 0, 0], "texture": "#1"},
				"west": {"uv": [1, 1, 0, 0], "texture": "#1"},
				"up": {"uv": [0, 0, 1, 1], "texture": "#1"},
				"down": {"uv": [0, 0, 1, 1], "texture": "#1"}
			}
		},
		{
			"name": "hexadecagon",
			"from": [1.7, 3.20163, 10.7],
			"to": [3.2, 3.79837, 11.7],
			"rotation": {"angle": 22.5, "axis": "z", "origin": [1.7, 3.5, 11.2]},
			"faces": {
				"north": {"uv": [0, 1, 1, 0], "texture": "#1"},
				"east": {"uv": [0, 1, 1, 0], "texture": "#1"},
				"south": {"uv": [0, 1, 1, 0], "texture": "#1"},
				"west": {"uv": [0, 1, 1, 0], "texture": "#1"},
				"up": {"uv": [0, 1, 1, 0], "texture": "#1"},
				"down": {"uv": [0, 1, 1, 0], "texture": "#1"}
			}
		},
		{
			"name": "hexadecagon",
			"from": [1.7, 3.20163, 1.6],
			"to": [3.2, 3.79837, 2.6],
			"rotation": {"angle": 22.5, "axis": "z", "origin": [1.7, 3.5, 2.1]},
			"faces": {
				"north": {"uv": [1, 1, 0, 0], "texture": "#1"},
				"east": {"uv": [1, 1, 0, 0], "texture": "#1"},
				"south": {"uv": [1, 1, 0, 0], "texture": "#1"},
				"west": {"uv": [1, 1, 0, 0], "texture": "#1"},
				"up": {"uv": [0, 0, 1, 1], "texture": "#1"},
				"down": {"uv": [0, 0, 1, 1], "texture": "#1"}
			}
		},
		{
			"name": "hexadecagon",
			"from": [0.2, 3.20163, 10.7],
			"to": [3.2, 3.79837, 11.7],
			"rotation": {"angle": 0, "axis": "z", "origin": [1.7, 3.5, 11.2]},
			"faces": {
				"north": {"uv": [0, 1, 1, 0], "texture": "#1"},
				"east": {"uv": [0, 1, 1, 0], "texture": "#1"},
				"south": {"uv": [0, 1, 1, 0], "texture": "#1"},
				"west": {"uv": [0, 1, 1, 0], "texture": "#1"},
				"up": {"uv": [0, 1, 1, 0], "texture": "#1"},
				"down": {"uv": [0, 1, 1, 0], "texture": "#1"}
			}
		},
		{
			"name": "hexadecagon",
			"from": [0.2, 3.20163, 1.6],
			"to": [3.2, 3.79837, 2.6],
			"rotation": {"angle": 0, "axis": "z", "origin": [1.7, 3.5, 2.1]},
			"faces": {
				"north": {"uv": [1, 1, 0, 0], "texture": "#1"},
				"east": {"uv": [1, 1, 0, 0], "texture": "#1"},
				"south": {"uv": [1, 1, 0, 0], "texture": "#1"},
				"west": {"uv": [1, 1, 0, 0], "texture": "#1"},
				"up": {"uv": [0, 0, 1, 1], "texture": "#1"},
				"down": {"uv": [0, 0, 1, 1], "texture": "#1"}
			}
		},
		{
			"name": "hexadecagon",
			"from": [0.2, 3.20163, 10.7],
			"to": [1.4, 3.79837, 11.7],
			"rotation": {"angle": -22.5, "axis": "z", "origin": [1.7, 3.5, 11.2]},
			"faces": {
				"north": {"uv": [0, 1, 1, 0], "texture": "#1"},
				"east": {"uv": [0, 1, 1, 0], "texture": "#1"},
				"south": {"uv": [0, 1, 1, 0], "texture": "#1"},
				"west": {"uv": [0, 1, 1, 0], "texture": "#1"},
				"up": {"uv": [0, 1, 1, 0], "texture": "#1"},
				"down": {"uv": [0, 1, 1, 0], "texture": "#1"}
			}
		},
		{
			"name": "hexadecagon",
			"from": [0.2, 3.20163, 1.6],
			"to": [1.4, 3.79837, 2.6],
			"rotation": {"angle": -22.5, "axis": "z", "origin": [1.7, 3.5, 2.1]},
			"faces": {
				"north": {"uv": [1, 1, 0, 0], "texture": "#1"},
				"east": {"uv": [1, 1, 0, 0], "texture": "#1"},
				"south": {"uv": [1, 1, 0, 0], "texture": "#1"},
				"west": {"uv": [1, 1, 0, 0], "texture": "#1"},
				"up": {"uv": [0, 0, 1, 1], "texture": "#1"},
				"down": {"uv": [0, 0, 1, 1], "texture": "#1"}
			}
		},
		{
			"name": "hexadecagon",
			"from": [1.40163, 1.9, 10.1],
			"to": [1.99837, 3.4, 11.1],
			"rotation": {"angle": -45, "axis": "z", "origin": [1.7, 3.4, 10.6]},
			"faces": {
				"north": {"uv": [0, 0, 1, 1], "texture": "#1"},
				"east": {"uv": [0, 0, 1, 1], "texture": "#1"},
				"south": {"uv": [0, 0, 1, 1], "texture": "#1"},
				"west": {"uv": [0, 0, 1, 1], "texture": "#1"},
				"up": {"uv": [0, 0, 1, 1], "texture": "#1"},
				"down": {"uv": [0, 0, 1, 1], "texture": "#1"}
			}
		},
		{
			"name": "hexadecagon",
			"from": [1.40163, 1.9, 1.9],
			"to": [1.99837, 3.4, 2.9],
			"rotation": {"angle": -45, "axis": "z", "origin": [1.7, 3.4, 2.4]},
			"faces": {
				"north": {"uv": [1, 0, 0, 1], "texture": "#1"},
				"east": {"uv": [1, 0, 0, 1], "texture": "#1"},
				"south": {"uv": [1, 0, 0, 1], "texture": "#1"},
				"west": {"uv": [1, 0, 0, 1], "texture": "#1"},
				"up": {"uv": [0, 1, 1, 0], "texture": "#1"},
				"down": {"uv": [0, 1, 1, 0], "texture": "#1"}
			}
		},
		{
			"name": "hexadecagon",
			"from": [1.40163, 1.9, 10.1],
			"to": [1.99837, 3.2, 11.1],
			"rotation": {"angle": -22.5, "axis": "z", "origin": [1.7, 3.4, 10.6]},
			"faces": {
				"north": {"uv": [0, 0, 1, 1], "texture": "#1"},
				"east": {"uv": [0, 0, 1, 1], "texture": "#1"},
				"south": {"uv": [0, 0, 1, 1], "texture": "#1"},
				"west": {"uv": [0, 0, 1, 1], "texture": "#1"},
				"up": {"uv": [0, 0, 1, 1], "texture": "#1"},
				"down": {"uv": [0, 0, 1, 1], "texture": "#1"}
			}
		},
		{
			"name": "hexadecagon",
			"from": [1.40163, 1.9, 1.9],
			"to": [1.99837, 3.2, 2.9],
			"rotation": {"angle": -22.5, "axis": "z", "origin": [1.7, 3.4, 2.4]},
			"faces": {
				"north": {"uv": [1, 0, 0, 1], "texture": "#1"},
				"east": {"uv": [1, 0, 0, 1], "texture": "#1"},
				"south": {"uv": [1, 0, 0, 1], "texture": "#1"},
				"west": {"uv": [1, 0, 0, 1], "texture": "#1"},
				"up": {"uv": [0, 1, 1, 0], "texture": "#1"},
				"down": {"uv": [0, 1, 1, 0], "texture": "#1"}
			}
		},
		{
			"name": "hexadecagon",
			"from": [1.40163, 1.9, 10.1],
			"to": [1.99837, 3.5, 11.1],
			"rotation": {"angle": 0, "axis": "z", "origin": [1.7, 3.4, 10.6]},
			"faces": {
				"north": {"uv": [0, 0, 1, 1], "texture": "#1"},
				"east": {"uv": [0, 0, 1, 1], "texture": "#1"},
				"south": {"uv": [0, 0, 1, 1], "texture": "#1"},
				"west": {"uv": [0, 0, 1, 1], "texture": "#1"},
				"up": {"uv": [0, 0, 1, 1], "texture": "#1"},
				"down": {"uv": [0, 0, 1, 1], "texture": "#1"}
			}
		},
		{
			"name": "hexadecagon",
			"from": [1.40163, 1.9, 1.9],
			"to": [1.99837, 3.5, 2.9],
			"rotation": {"angle": 0, "axis": "z", "origin": [1.7, 3.4, 2.4]},
			"faces": {
				"north": {"uv": [1, 0, 0, 1], "texture": "#1"},
				"east": {"uv": [1, 0, 0, 1], "texture": "#1"},
				"south": {"uv": [1, 0, 0, 1], "texture": "#1"},
				"west": {"uv": [1, 0, 0, 1], "texture": "#1"},
				"up": {"uv": [0, 1, 1, 0], "texture": "#1"},
				"down": {"uv": [0, 1, 1, 0], "texture": "#1"}
			}
		},
		{
			"name": "hexadecagon",
			"from": [1.40163, 1.9, 10.1],
			"to": [1.99837, 3.6, 11.1],
			"rotation": {"angle": 22.5, "axis": "z", "origin": [1.7, 3.4, 10.6]},
			"faces": {
				"north": {"uv": [0, 0, 1, 1], "texture": "#1"},
				"east": {"uv": [0, 0, 1, 1], "texture": "#1"},
				"south": {"uv": [0, 0, 1, 1], "texture": "#1"},
				"west": {"uv": [0, 0, 1, 1], "texture": "#1"},
				"up": {"uv": [0, 0, 1, 1], "texture": "#1"},
				"down": {"uv": [0, 0, 1, 1], "texture": "#1"}
			}
		},
		{
			"name": "hexadecagon",
			"from": [1.40163, 1.9, 1.9],
			"to": [1.99837, 3.6, 2.9],
			"rotation": {"angle": 22.5, "axis": "z", "origin": [1.7, 3.4, 2.4]},
			"faces": {
				"north": {"uv": [1, 0, 0, 1], "texture": "#1"},
				"east": {"uv": [1, 0, 0, 1], "texture": "#1"},
				"south": {"uv": [1, 0, 0, 1], "texture": "#1"},
				"west": {"uv": [1, 0, 0, 1], "texture": "#1"},
				"up": {"uv": [0, 1, 1, 0], "texture": "#1"},
				"down": {"uv": [0, 1, 1, 0], "texture": "#1"}
			}
		},
		{
			"name": "hexadecagon",
			"from": [1.40163, 1.9, 10.1],
			"to": [1.99837, 3.4, 11.1],
			"rotation": {"angle": 45, "axis": "z", "origin": [1.7, 3.4, 10.6]},
			"faces": {
				"north": {"uv": [0, 0, 1, 1], "texture": "#1"},
				"east": {"uv": [0, 0, 1, 1], "texture": "#1"},
				"south": {"uv": [0, 0, 1, 1], "texture": "#1"},
				"west": {"uv": [0, 0, 1, 1], "texture": "#1"},
				"up": {"uv": [0, 0, 1, 1], "texture": "#1"},
				"down": {"uv": [0, 0, 1, 1], "texture": "#1"}
			}
		},
		{
			"name": "hexadecagon",
			"from": [1.40163, 1.9, 1.9],
			"to": [1.99837, 3.4, 2.9],
			"rotation": {"angle": 45, "axis": "z", "origin": [1.7, 3.4, 2.4]},
			"faces": {
				"north": {"uv": [1, 0, 0, 1], "texture": "#1"},
				"east": {"uv": [1, 0, 0, 1], "texture": "#1"},
				"south": {"uv": [1, 0, 0, 1], "texture": "#1"},
				"west": {"uv": [1, 0, 0, 1], "texture": "#1"},
				"up": {"uv": [0, 1, 1, 0], "texture": "#1"},
				"down": {"uv": [0, 1, 1, 0], "texture": "#1"}
			}
		},
		{
			"name": "hexadecagon",
			"from": [1.7, 3.10163, 10.1],
			"to": [3.2, 3.69837, 11.1],
			"rotation": {"angle": -22.5, "axis": "z", "origin": [1.7, 3.4, 10.6]},
			"faces": {
				"north": {"uv": [0, 0, 1, 1], "texture": "#1"},
				"east": {"uv": [0, 0, 1, 1], "texture": "#1"},
				"south": {"uv": [0, 0, 1, 1], "texture": "#1"},
				"west": {"uv": [0, 0, 1, 1], "texture": "#1"},
				"up": {"uv": [0, 0, 1, 1], "texture": "#1"},
				"down": {"uv": [0, 0, 1, 1], "texture": "#1"}
			}
		},
		{
			"name": "hexadecagon",
			"from": [1.7, 3.10163, 1.9],
			"to": [3.2, 3.69837, 2.9],
			"rotation": {"angle": -22.5, "axis": "z", "origin": [1.7, 3.4, 2.4]},
			"faces": {
				"north": {"uv": [1, 0, 0, 1], "texture": "#1"},
				"east": {"uv": [1, 0, 0, 1], "texture": "#1"},
				"south": {"uv": [1, 0, 0, 1], "texture": "#1"},
				"west": {"uv": [1, 0, 0, 1], "texture": "#1"},
				"up": {"uv": [0, 1, 1, 0], "texture": "#1"},
				"down": {"uv": [0, 1, 1, 0], "texture": "#1"}
			}
		},
		{
			"name": "hexadecagon",
			"from": [0.2, 3.10163, 10.1],
			"to": [3.2, 3.69837, 11.1],
			"rotation": {"angle": 0, "axis": "z", "origin": [1.7, 3.4, 10.6]},
			"faces": {
				"north": {"uv": [0, 0, 1, 1], "texture": "#1"},
				"east": {"uv": [0, 0, 1, 1], "texture": "#1"},
				"south": {"uv": [0, 0, 1, 1], "texture": "#1"},
				"west": {"uv": [0, 0, 1, 1], "texture": "#1"},
				"up": {"uv": [0, 0, 1, 1], "texture": "#1"},
				"down": {"uv": [0, 0, 1, 1], "texture": "#1"}
			}
		},
		{
			"name": "hexadecagon",
			"from": [0.2, 3.10163, 1.9],
			"to": [3.2, 3.69837, 2.9],
			"rotation": {"angle": 0, "axis": "z", "origin": [1.7, 3.4, 2.4]},
			"faces": {
				"north": {"uv": [1, 0, 0, 1], "texture": "#1"},
				"east": {"uv": [1, 0, 0, 1], "texture": "#1"},
				"south": {"uv": [1, 0, 0, 1], "texture": "#1"},
				"west": {"uv": [1, 0, 0, 1], "texture": "#1"},
				"up": {"uv": [0, 1, 1, 0], "texture": "#1"},
				"down": {"uv": [0, 1, 1, 0], "texture": "#1"}
			}
		},
		{
			"name": "hexadecagon",
			"from": [0.2, 3.10163, 10.1],
			"to": [1.4, 3.69837, 11.1],
			"rotation": {"angle": 22.5, "axis": "z", "origin": [1.7, 3.4, 10.6]},
			"faces": {
				"north": {"uv": [0, 0, 1, 1], "texture": "#1"},
				"east": {"uv": [0, 0, 1, 1], "texture": "#1"},
				"south": {"uv": [0, 0, 1, 1], "texture": "#1"},
				"west": {"uv": [0, 0, 1, 1], "texture": "#1"},
				"up": {"uv": [0, 0, 1, 1], "texture": "#1"},
				"down": {"uv": [0, 0, 1, 1], "texture": "#1"}
			}
		},
		{
			"name": "hexadecagon",
			"from": [0.2, 3.10163, 1.9],
			"to": [1.4, 3.69837, 2.9],
			"rotation": {"angle": 22.5, "axis": "z", "origin": [1.7, 3.4, 2.4]},
			"faces": {
				"north": {"uv": [1, 0, 0, 1], "texture": "#1"},
				"east": {"uv": [1, 0, 0, 1], "texture": "#1"},
				"south": {"uv": [1, 0, 0, 1], "texture": "#1"},
				"west": {"uv": [1, 0, 0, 1], "texture": "#1"},
				"up": {"uv": [0, 1, 1, 0], "texture": "#1"},
				"down": {"uv": [0, 1, 1, 0], "texture": "#1"}
			}
		},
		{
			"name": "hexadecagon",
			"from": [14.00163, 3.5, 10.7],
			"to": [14.59837, 5, 11.7],
			"rotation": {"angle": -45, "axis": "z", "origin": [14.3, 3.5, 11.2]},
			"faces": {
				"north": {"uv": [1, 1, 0, 0], "texture": "#1"},
				"east": {"uv": [1, 1, 0, 0], "texture": "#1"},
				"south": {"uv": [1, 1, 0, 0], "texture": "#1"},
				"west": {"uv": [1, 1, 0, 0], "texture": "#1"},
				"up": {"uv": [1, 1, 0, 0], "texture": "#1"},
				"down": {"uv": [1, 1, 0, 0], "texture": "#1"}
			}
		},
		{
			"name": "hexadecagon",
			"from": [14.00163, 3.5, 1.6],
			"to": [14.59837, 5, 2.6],
			"rotation": {"angle": -45, "axis": "z", "origin": [14.3, 3.5, 2.1]},
			"faces": {
				"north": {"uv": [0, 1, 1, 0], "texture": "#1"},
				"east": {"uv": [0, 1, 1, 0], "texture": "#1"},
				"south": {"uv": [0, 1, 1, 0], "texture": "#1"},
				"west": {"uv": [0, 1, 1, 0], "texture": "#1"},
				"up": {"uv": [1, 0, 0, 1], "texture": "#1"},
				"down": {"uv": [1, 0, 0, 1], "texture": "#1"}
			}
		},
		{
			"name": "hexadecagon",
			"from": [14.00163, 3.7, 10.7],
			"to": [14.59837, 5, 11.7],
			"rotation": {"angle": -22.5, "axis": "z", "origin": [14.3, 3.5, 11.2]},
			"faces": {
				"north": {"uv": [1, 1, 0, 0], "texture": "#1"},
				"east": {"uv": [1, 1, 0, 0], "texture": "#1"},
				"south": {"uv": [1, 1, 0, 0], "texture": "#1"},
				"west": {"uv": [1, 1, 0, 0], "texture": "#1"},
				"up": {"uv": [1, 1, 0, 0], "texture": "#1"},
				"down": {"uv": [1, 1, 0, 0], "texture": "#1"}
			}
		},
		{
			"name": "hexadecagon",
			"from": [14.00163, 3.7, 1.6],
			"to": [14.59837, 5, 2.6],
			"rotation": {"angle": -22.5, "axis": "z", "origin": [14.3, 3.5, 2.1]},
			"faces": {
				"north": {"uv": [0, 1, 1, 0], "texture": "#1"},
				"east": {"uv": [0, 1, 1, 0], "texture": "#1"},
				"south": {"uv": [0, 1, 1, 0], "texture": "#1"},
				"west": {"uv": [0, 1, 1, 0], "texture": "#1"},
				"up": {"uv": [1, 0, 0, 1], "texture": "#1"},
				"down": {"uv": [1, 0, 0, 1], "texture": "#1"}
			}
		},
		{
			"name": "hexadecagon",
			"from": [14.00163, 3.4, 10.7],
			"to": [14.59837, 5, 11.7],
			"rotation": {"angle": 0, "axis": "z", "origin": [14.3, 3.5, 11.2]},
			"faces": {
				"north": {"uv": [1, 1, 0, 0], "texture": "#1"},
				"east": {"uv": [1, 1, 0, 0], "texture": "#1"},
				"south": {"uv": [1, 1, 0, 0], "texture": "#1"},
				"west": {"uv": [1, 1, 0, 0], "texture": "#1"},
				"up": {"uv": [1, 1, 0, 0], "texture": "#1"},
				"down": {"uv": [1, 1, 0, 0], "texture": "#1"}
			}
		},
		{
			"name": "hexadecagon",
			"from": [14.00163, 3.4, 1.6],
			"to": [14.59837, 5, 2.6],
			"rotation": {"angle": 0, "axis": "z", "origin": [14.3, 3.5, 2.1]},
			"faces": {
				"north": {"uv": [0, 1, 1, 0], "texture": "#1"},
				"east": {"uv": [0, 1, 1, 0], "texture": "#1"},
				"south": {"uv": [0, 1, 1, 0], "texture": "#1"},
				"west": {"uv": [0, 1, 1, 0], "texture": "#1"},
				"up": {"uv": [1, 0, 0, 1], "texture": "#1"},
				"down": {"uv": [1, 0, 0, 1], "texture": "#1"}
			}
		},
		{
			"name": "hexadecagon",
			"from": [14.00163, 3.3, 10.7],
			"to": [14.59837, 5, 11.7],
			"rotation": {"angle": 22.5, "axis": "z", "origin": [14.3, 3.5, 11.2]},
			"faces": {
				"north": {"uv": [1, 1, 0, 0], "texture": "#1"},
				"east": {"uv": [1, 1, 0, 0], "texture": "#1"},
				"south": {"uv": [1, 1, 0, 0], "texture": "#1"},
				"west": {"uv": [1, 1, 0, 0], "texture": "#1"},
				"up": {"uv": [1, 1, 0, 0], "texture": "#1"},
				"down": {"uv": [1, 1, 0, 0], "texture": "#1"}
			}
		},
		{
			"name": "hexadecagon",
			"from": [14.00163, 3.3, 1.6],
			"to": [14.59837, 5, 2.6],
			"rotation": {"angle": 22.5, "axis": "z", "origin": [14.3, 3.5, 2.1]},
			"faces": {
				"north": {"uv": [0, 1, 1, 0], "texture": "#1"},
				"east": {"uv": [0, 1, 1, 0], "texture": "#1"},
				"south": {"uv": [0, 1, 1, 0], "texture": "#1"},
				"west": {"uv": [0, 1, 1, 0], "texture": "#1"},
				"up": {"uv": [1, 0, 0, 1], "texture": "#1"},
				"down": {"uv": [1, 0, 0, 1], "texture": "#1"}
			}
		},
		{
			"name": "hexadecagon",
			"from": [14.00163, 3.5, 10.7],
			"to": [14.59837, 5, 11.7],
			"rotation": {"angle": 45, "axis": "z", "origin": [14.3, 3.5, 11.2]},
			"faces": {
				"north": {"uv": [1, 1, 0, 0], "texture": "#1"},
				"east": {"uv": [1, 1, 0, 0], "texture": "#1"},
				"south": {"uv": [1, 1, 0, 0], "texture": "#1"},
				"west": {"uv": [1, 1, 0, 0], "texture": "#1"},
				"up": {"uv": [1, 1, 0, 0], "texture": "#1"},
				"down": {"uv": [1, 1, 0, 0], "texture": "#1"}
			}
		},
		{
			"name": "hexadecagon",
			"from": [14.00163, 3.5, 1.6],
			"to": [14.59837, 5, 2.6],
			"rotation": {"angle": 45, "axis": "z", "origin": [14.3, 3.5, 2.1]},
			"faces": {
				"north": {"uv": [0, 1, 1, 0], "texture": "#1"},
				"east": {"uv": [0, 1, 1, 0], "texture": "#1"},
				"south": {"uv": [0, 1, 1, 0], "texture": "#1"},
				"west": {"uv": [0, 1, 1, 0], "texture": "#1"},
				"up": {"uv": [1, 0, 0, 1], "texture": "#1"},
				"down": {"uv": [1, 0, 0, 1], "texture": "#1"}
			}
		},
		{
			"name": "hexadecagon",
			"from": [12.8, 3.20163, 10.7],
			"to": [14.3, 3.79837, 11.7],
			"rotation": {"angle": -22.5, "axis": "z", "origin": [14.3, 3.5, 11.2]},
			"faces": {
				"north": {"uv": [1, 1, 0, 0], "texture": "#1"},
				"east": {"uv": [1, 1, 0, 0], "texture": "#1"},
				"south": {"uv": [1, 1, 0, 0], "texture": "#1"},
				"west": {"uv": [1, 1, 0, 0], "texture": "#1"},
				"up": {"uv": [1, 1, 0, 0], "texture": "#1"},
				"down": {"uv": [1, 1, 0, 0], "texture": "#1"}
			}
		},
		{
			"name": "hexadecagon",
			"from": [12.8, 3.20163, 1.6],
			"to": [14.3, 3.79837, 2.6],
			"rotation": {"angle": -22.5, "axis": "z", "origin": [14.3, 3.5, 2.1]},
			"faces": {
				"north": {"uv": [0, 1, 1, 0], "texture": "#1"},
				"east": {"uv": [0, 1, 1, 0], "texture": "#1"},
				"south": {"uv": [0, 1, 1, 0], "texture": "#1"},
				"west": {"uv": [0, 1, 1, 0], "texture": "#1"},
				"up": {"uv": [1, 0, 0, 1], "texture": "#1"},
				"down": {"uv": [1, 0, 0, 1], "texture": "#1"}
			}
		},
		{
			"name": "hexadecagon",
			"from": [12.8, 3.20163, 10.7],
			"to": [15.8, 3.79837, 11.7],
			"rotation": {"angle": 0, "axis": "z", "origin": [14.3, 3.5, 11.2]},
			"faces": {
				"north": {"uv": [1, 1, 0, 0], "texture": "#1"},
				"east": {"uv": [1, 1, 0, 0], "texture": "#1"},
				"south": {"uv": [1, 1, 0, 0], "texture": "#1"},
				"west": {"uv": [1, 1, 0, 0], "texture": "#1"},
				"up": {"uv": [1, 1, 0, 0], "texture": "#1"},
				"down": {"uv": [1, 1, 0, 0], "texture": "#1"}
			}
		},
		{
			"name": "hexadecagon",
			"from": [12.8, 3.20163, 1.6],
			"to": [15.8, 3.79837, 2.6],
			"rotation": {"angle": 0, "axis": "z", "origin": [14.3, 3.5, 2.1]},
			"faces": {
				"north": {"uv": [0, 1, 1, 0], "texture": "#1"},
				"east": {"uv": [0, 1, 1, 0], "texture": "#1"},
				"south": {"uv": [0, 1, 1, 0], "texture": "#1"},
				"west": {"uv": [0, 1, 1, 0], "texture": "#1"},
				"up": {"uv": [1, 0, 0, 1], "texture": "#1"},
				"down": {"uv": [1, 0, 0, 1], "texture": "#1"}
			}
		},
		{
			"name": "hexadecagon",
			"from": [14.6, 3.20163, 10.7],
			"to": [15.8, 3.79837, 11.7],
			"rotation": {"angle": 22.5, "axis": "z", "origin": [14.3, 3.5, 11.2]},
			"faces": {
				"north": {"uv": [1, 1, 0, 0], "texture": "#1"},
				"east": {"uv": [1, 1, 0, 0], "texture": "#1"},
				"south": {"uv": [1, 1, 0, 0], "texture": "#1"},
				"west": {"uv": [1, 1, 0, 0], "texture": "#1"},
				"up": {"uv": [1, 1, 0, 0], "texture": "#1"},
				"down": {"uv": [1, 1, 0, 0], "texture": "#1"}
			}
		},
		{
			"name": "hexadecagon",
			"from": [14.6, 3.20163, 1.6],
			"to": [15.8, 3.79837, 2.6],
			"rotation": {"angle": 22.5, "axis": "z", "origin": [14.3, 3.5, 2.1]},
			"faces": {
				"north": {"uv": [0, 1, 1, 0], "texture": "#1"},
				"east": {"uv": [0, 1, 1, 0], "texture": "#1"},
				"south": {"uv": [0, 1, 1, 0], "texture": "#1"},
				"west": {"uv": [0, 1, 1, 0], "texture": "#1"},
				"up": {"uv": [1, 0, 0, 1], "texture": "#1"},
				"down": {"uv": [1, 0, 0, 1], "texture": "#1"}
			}
		},
		{
			"name": "hexadecagon",
			"from": [14.00163, 1.9, 10.1],
			"to": [14.59837, 3.4, 11.1],
			"rotation": {"angle": 45, "axis": "z", "origin": [14.3, 3.4, 10.6]},
			"faces": {
				"north": {"uv": [1, 0, 0, 1], "texture": "#1"},
				"east": {"uv": [1, 0, 0, 1], "texture": "#1"},
				"south": {"uv": [1, 0, 0, 1], "texture": "#1"},
				"west": {"uv": [1, 0, 0, 1], "texture": "#1"},
				"up": {"uv": [1, 0, 0, 1], "texture": "#1"},
				"down": {"uv": [1, 0, 0, 1], "texture": "#1"}
			}
		},
		{
			"name": "hexadecagon",
			"from": [14.00163, 1.9, 1.9],
			"to": [14.59837, 3.4, 2.9],
			"rotation": {"angle": 45, "axis": "z", "origin": [14.3, 3.4, 2.4]},
			"faces": {
				"north": {"uv": [0, 0, 1, 1], "texture": "#1"},
				"east": {"uv": [0, 0, 1, 1], "texture": "#1"},
				"south": {"uv": [0, 0, 1, 1], "texture": "#1"},
				"west": {"uv": [0, 0, 1, 1], "texture": "#1"},
				"up": {"uv": [1, 1, 0, 0], "texture": "#1"},
				"down": {"uv": [1, 1, 0, 0], "texture": "#1"}
			}
		},
		{
			"name": "hexadecagon",
			"from": [14.00163, 1.9, 10.1],
			"to": [14.59837, 3.2, 11.1],
			"rotation": {"angle": 22.5, "axis": "z", "origin": [14.3, 3.4, 10.6]},
			"faces": {
				"north": {"uv": [1, 0, 0, 1], "texture": "#1"},
				"east": {"uv": [1, 0, 0, 1], "texture": "#1"},
				"south": {"uv": [1, 0, 0, 1], "texture": "#1"},
				"west": {"uv": [1, 0, 0, 1], "texture": "#1"},
				"up": {"uv": [1, 0, 0, 1], "texture": "#1"},
				"down": {"uv": [1, 0, 0, 1], "texture": "#1"}
			}
		},
		{
			"name": "hexadecagon",
			"from": [14.00163, 1.9, 1.9],
			"to": [14.59837, 3.2, 2.9],
			"rotation": {"angle": 22.5, "axis": "z", "origin": [14.3, 3.4, 2.4]},
			"faces": {
				"north": {"uv": [0, 0, 1, 1], "texture": "#1"},
				"east": {"uv": [0, 0, 1, 1], "texture": "#1"},
				"south": {"uv": [0, 0, 1, 1], "texture": "#1"},
				"west": {"uv": [0, 0, 1, 1], "texture": "#1"},
				"up": {"uv": [1, 1, 0, 0], "texture": "#1"},
				"down": {"uv": [1, 1, 0, 0], "texture": "#1"}
			}
		},
		{
			"name": "hexadecagon",
			"from": [14.00163, 1.9, 10.1],
			"to": [14.59837, 3.5, 11.1],
			"rotation": {"angle": 0, "axis": "z", "origin": [14.3, 3.4, 10.6]},
			"faces": {
				"north": {"uv": [1, 0, 0, 1], "texture": "#1"},
				"east": {"uv": [1, 0, 0, 1], "texture": "#1"},
				"south": {"uv": [1, 0, 0, 1], "texture": "#1"},
				"west": {"uv": [1, 0, 0, 1], "texture": "#1"},
				"up": {"uv": [1, 0, 0, 1], "texture": "#1"},
				"down": {"uv": [1, 0, 0, 1], "texture": "#1"}
			}
		},
		{
			"name": "hexadecagon",
			"from": [14.00163, 1.9, 1.9],
			"to": [14.59837, 3.5, 2.9],
			"rotation": {"angle": 0, "axis": "z", "origin": [14.3, 3.4, 2.4]},
			"faces": {
				"north": {"uv": [0, 0, 1, 1], "texture": "#1"},
				"east": {"uv": [0, 0, 1, 1], "texture": "#1"},
				"south": {"uv": [0, 0, 1, 1], "texture": "#1"},
				"west": {"uv": [0, 0, 1, 1], "texture": "#1"},
				"up": {"uv": [1, 1, 0, 0], "texture": "#1"},
				"down": {"uv": [1, 1, 0, 0], "texture": "#1"}
			}
		},
		{
			"name": "hexadecagon",
			"from": [14.00163, 1.9, 10.1],
			"to": [14.59837, 3.6, 11.1],
			"rotation": {"angle": -22.5, "axis": "z", "origin": [14.3, 3.4, 10.6]},
			"faces": {
				"north": {"uv": [1, 0, 0, 1], "texture": "#1"},
				"east": {"uv": [1, 0, 0, 1], "texture": "#1"},
				"south": {"uv": [1, 0, 0, 1], "texture": "#1"},
				"west": {"uv": [1, 0, 0, 1], "texture": "#1"},
				"up": {"uv": [1, 0, 0, 1], "texture": "#1"},
				"down": {"uv": [1, 0, 0, 1], "texture": "#1"}
			}
		},
		{
			"name": "hexadecagon",
			"from": [14.00163, 1.9, 1.9],
			"to": [14.59837, 3.6, 2.9],
			"rotation": {"angle": -22.5, "axis": "z", "origin": [14.3, 3.4, 2.4]},
			"faces": {
				"north": {"uv": [0, 0, 1, 1], "texture": "#1"},
				"east": {"uv": [0, 0, 1, 1], "texture": "#1"},
				"south": {"uv": [0, 0, 1, 1], "texture": "#1"},
				"west": {"uv": [0, 0, 1, 1], "texture": "#1"},
				"up": {"uv": [1, 1, 0, 0], "texture": "#1"},
				"down": {"uv": [1, 1, 0, 0], "texture": "#1"}
			}
		},
		{
			"name": "hexadecagon",
			"from": [14.00163, 1.9, 10.1],
			"to": [14.59837, 3.4, 11.1],
			"rotation": {"angle": -45, "axis": "z", "origin": [14.3, 3.4, 10.6]},
			"faces": {
				"north": {"uv": [1, 0, 0, 1], "texture": "#1"},
				"east": {"uv": [1, 0, 0, 1], "texture": "#1"},
				"south": {"uv": [1, 0, 0, 1], "texture": "#1"},
				"west": {"uv": [1, 0, 0, 1], "texture": "#1"},
				"up": {"uv": [1, 0, 0, 1], "texture": "#1"},
				"down": {"uv": [1, 0, 0, 1], "texture": "#1"}
			}
		},
		{
			"name": "hexadecagon",
			"from": [14.00163, 1.9, 1.9],
			"to": [14.59837, 3.4, 2.9],
			"rotation": {"angle": -45, "axis": "z", "origin": [14.3, 3.4, 2.4]},
			"faces": {
				"north": {"uv": [0, 0, 1, 1], "texture": "#1"},
				"east": {"uv": [0, 0, 1, 1], "texture": "#1"},
				"south": {"uv": [0, 0, 1, 1], "texture": "#1"},
				"west": {"uv": [0, 0, 1, 1], "texture": "#1"},
				"up": {"uv": [1, 1, 0, 0], "texture": "#1"},
				"down": {"uv": [1, 1, 0, 0], "texture": "#1"}
			}
		},
		{
			"name": "hexadecagon",
			"from": [12.8, 3.10163, 10.1],
			"to": [14.3, 3.69837, 11.1],
			"rotation": {"angle": 22.5, "axis": "z", "origin": [14.3, 3.4, 10.6]},
			"faces": {
				"north": {"uv": [1, 0, 0, 1], "texture": "#1"},
				"east": {"uv": [1, 0, 0, 1], "texture": "#1"},
				"south": {"uv": [1, 0, 0, 1], "texture": "#1"},
				"west": {"uv": [1, 0, 0, 1], "texture": "#1"},
				"up": {"uv": [1, 0, 0, 1], "texture": "#1"},
				"down": {"uv": [1, 0, 0, 1], "texture": "#1"}
			}
		},
		{
			"name": "hexadecagon",
			"from": [12.8, 3.10163, 1.9],
			"to": [14.3, 3.69837, 2.9],
			"rotation": {"angle": 22.5, "axis": "z", "origin": [14.3, 3.4, 2.4]},
			"faces": {
				"north": {"uv": [0, 0, 1, 1], "texture": "#1"},
				"east": {"uv": [0, 0, 1, 1], "texture": "#1"},
				"south": {"uv": [0, 0, 1, 1], "texture": "#1"},
				"west": {"uv": [0, 0, 1, 1], "texture": "#1"},
				"up": {"uv": [1, 1, 0, 0], "texture": "#1"},
				"down": {"uv": [1, 1, 0, 0], "texture": "#1"}
			}
		},
		{
			"name": "hexadecagon",
			"from": [12.8, 3.10163, 10.1],
			"to": [15.8, 3.69837, 11.1],
			"rotation": {"angle": 0, "axis": "z", "origin": [14.3, 3.4, 10.6]},
			"faces": {
				"north": {"uv": [1, 0, 0, 1], "texture": "#1"},
				"east": {"uv": [1, 0, 0, 1], "texture": "#1"},
				"south": {"uv": [1, 0, 0, 1], "texture": "#1"},
				"west": {"uv": [1, 0, 0, 1], "texture": "#1"},
				"up": {"uv": [1, 0, 0, 1], "texture": "#1"},
				"down": {"uv": [1, 0, 0, 1], "texture": "#1"}
			}
		},
		{
			"name": "hexadecagon",
			"from": [12.8, 3.10163, 1.9],
			"to": [15.8, 3.69837, 2.9],
			"rotation": {"angle": 0, "axis": "z", "origin": [14.3, 3.4, 2.4]},
			"faces": {
				"north": {"uv": [0, 0, 1, 1], "texture": "#1"},
				"east": {"uv": [0, 0, 1, 1], "texture": "#1"},
				"south": {"uv": [0, 0, 1, 1], "texture": "#1"},
				"west": {"uv": [0, 0, 1, 1], "texture": "#1"},
				"up": {"uv": [1, 1, 0, 0], "texture": "#1"},
				"down": {"uv": [1, 1, 0, 0], "texture": "#1"}
			}
		},
		{
			"name": "hexadecagon",
			"from": [14.6, 3.10163, 10.1],
			"to": [15.8, 3.69837, 11.1],
			"rotation": {"angle": -22.5, "axis": "z", "origin": [14.3, 3.4, 10.6]},
			"faces": {
				"north": {"uv": [1, 0, 0, 1], "texture": "#1"},
				"east": {"uv": [1, 0, 0, 1], "texture": "#1"},
				"south": {"uv": [1, 0, 0, 1], "texture": "#1"},
				"west": {"uv": [1, 0, 0, 1], "texture": "#1"},
				"up": {"uv": [1, 0, 0, 1], "texture": "#1"},
				"down": {"uv": [1, 0, 0, 1], "texture": "#1"}
			}
		},
		{
			"name": "hexadecagon",
			"from": [14.6, 3.10163, 1.9],
			"to": [15.8, 3.69837, 2.9],
			"rotation": {"angle": -22.5, "axis": "z", "origin": [14.3, 3.4, 2.4]},
			"faces": {
				"north": {"uv": [0, 0, 1, 1], "texture": "#1"},
				"east": {"uv": [0, 0, 1, 1], "texture": "#1"},
				"south": {"uv": [0, 0, 1, 1], "texture": "#1"},
				"west": {"uv": [0, 0, 1, 1], "texture": "#1"},
				"up": {"uv": [1, 1, 0, 0], "texture": "#1"},
				"down": {"uv": [1, 1, 0, 0], "texture": "#1"}
			}
		},
		{
			"from": [16.4, 3.24, 1.7],
			"to": [17.3, 5.94, 11.6],
			"rotation": {"angle": 0, "axis": "y", "origin": [10.1, 10.44, 10.7]},
			"faces": {
				"north": {"uv": [11, 3, 12, 4], "texture": "#0"},
				"east": {"uv": [11, 3, 12, 4], "texture": "#0"},
				"south": {"uv": [11, 3, 12, 4], "texture": "#0"},
				"west": {"uv": [11, 3, 12, 4], "texture": "#0"},
				"up": {"uv": [11, 3, 12, 4], "texture": "#0"},
				"down": {"uv": [11, 3, 12, 4], "texture": "#0"}
			}
		},
		{
			"from": [-1, 0, 2],
			"to": [17, 1, 11],
			"rotation": {"angle": 0, "axis": "y", "origin": [8, 8, 11]},
			"faces": {
				"north": {"uv": [11, 3, 12, 4], "texture": "#0"},
				"east": {"uv": [11, 3, 12, 4], "texture": "#0"},
				"south": {"uv": [11, 3, 12, 4], "texture": "#0"},
				"west": {"uv": [11, 3, 12, 4], "texture": "#0"},
				"up": {"uv": [11, 3, 12, 4], "texture": "#0"},
				"down": {"uv": [11, 3, 12, 4], "texture": "#0"}
			}
		},
		{
			"from": [-0.3, 1, 5],
			"to": [16.3, 5, 8],
			"rotation": {"angle": 0, "axis": "y", "origin": [8, 9, 11]},
			"faces": {
				"north": {"uv": [0, 0, 16, 7], "texture": "#2"},
				"east": {"uv": [0, 0, 16, 7], "texture": "#2"},
				"south": {"uv": [0, 0, 16, 7], "texture": "#2"},
				"west": {"uv": [0, 0, 16, 7], "texture": "#2"},
				"up": {"uv": [0, 5, 16, 8], "texture": "#2"},
				"down": {"uv": [0, 0, 16, 7], "texture": "#2"}
			}
		},
		{
			"from": [10.3, -3, 4.9],
			"to": [13.3, -0.1, 8.1],
			"rotation": {"angle": 45, "axis": "z", "origin": [5, 5, 11]},
			"faces": {
				"north": {"uv": [0, 0, 16, 7], "texture": "#2"},
				"east": {"uv": [0, 0, 10, 5], "texture": "#2"},
				"south": {"uv": [0, 0, 16, 7], "texture": "#2"},
				"west": {"uv": [0, 0, 16, 7], "texture": "#2"},
				"up": {"uv": [0, 5, 16, 8], "texture": "#2"},
				"down": {"uv": [0, 0, 16, 7], "texture": "#2"}
			}
		},
		{
			"from": [8.3, -2.4, 4.7],
			"to": [11.3, 0.8, 8.5],
			"rotation": {"angle": 45, "axis": "z", "origin": [3, 5.6, 11]},
			"faces": {
				"north": {"uv": [9, 0, 16, 7], "texture": "#2"},
				"east": {"uv": [0, 4, 9, 9], "texture": "#2"},
				"south": {"uv": [0, 0, 6, 7], "texture": "#2"},
				"west": {"uv": [1, 1, 6, 5], "texture": "#2"},
				"up": {"uv": [0, 5, 16, 8], "texture": "#2"},
				"down": {"uv": [0, 0, 16, 7], "texture": "#2"}
			}
		},
		{
			"from": [-2.4, -2.6, 4.7],
			"to": [0.6, 0.3, 8.4],
			"rotation": {"angle": 45, "axis": "z", "origin": [-7.7, 5.4, 11]},
			"faces": {
				"north": {"uv": [11, 0, 16, 7], "texture": "#2"},
				"east": {"uv": [0, 2, 8, 7], "texture": "#2"},
				"south": {"uv": [0, 0, 16, 7], "texture": "#2"},
				"west": {"uv": [0, 0, 16, 7], "texture": "#2"},
				"up": {"uv": [0, 3, 9, 8], "texture": "#2"},
				"down": {"uv": [0, 0, 16, 7], "texture": "#2"}
			}
		},
		{
			"from": [1.3, 5.9, 4.5],
			"to": [1.7, 8.8, 4.8],
			"rotation": {"angle": 0, "axis": "z", "origin": [-6.6, 13.9, 10.8]},
			"faces": {
				"north": {"uv": [5, 6, 6, 7], "texture": "#5"},
				"east": {"uv": [5, 6, 6, 7], "texture": "#5"},
				"south": {"uv": [5, 6, 6, 7], "texture": "#5"},
				"west": {"uv": [5, 6, 6, 7], "texture": "#5"},
				"up": {"uv": [5, 6, 6, 7], "texture": "#5"},
				"down": {"uv": [5, 6, 6, 7], "texture": "#5"}
			}
		},
		{
			"from": [-0.7, 8.5, 1.6],
			"to": [1.3, 8.8, 3.6],
			"rotation": {"angle": -22.5, "axis": "y", "origin": [-7, 16.5, 7.9]},
			"faces": {
				"north": {"uv": [5, 15, 6, 16], "texture": "#5"},
				"east": {"uv": [0, 3, 1, 4], "texture": "#5"},
				"south": {"uv": [0, 3, 1, 4], "texture": "#5"},
				"west": {"uv": [0, 3, 1, 4], "texture": "#5"},
				"up": {"uv": [0, 3, 1, 4], "texture": "#5"},
				"down": {"uv": [0, 3, 1, 4], "texture": "#5"}
			}
		},
		{
			"from": [1.8, 8.4, 2],
			"to": [3.8, 9.7, 3.3],
			"rotation": {"angle": -22.5, "axis": "y", "origin": [-4.5, 16.4, 8.3]},
			"faces": {
				"north": {"uv": [0, 0, 16, 16], "texture": "#3"},
				"east": {"uv": [0, 0, 16, 16], "texture": "#3"},
				"south": {"uv": [0, 0, 16, 16], "texture": "#3"},
				"west": {"uv": [0, 0, 16, 16], "texture": "#3"},
				"up": {"uv": [0, 0, 16, 16], "texture": "#3"},
				"down": {"uv": [0, 0, 16, 16], "texture": "#3"}
			}
		},
		{
			"from": [11.8, 6.6, 2],
			"to": [13.8, 7.9, 3.3],
			"rotation": {"angle": -22.5, "axis": "y", "origin": [5.5, 14.6, 8.3]},
			"faces": {
				"north": {"uv": [0, 0, 16, 16], "texture": "#3"},
				"east": {"uv": [0, 0, 16, 16], "texture": "#3"},
				"south": {"uv": [0, 0, 16, 16], "texture": "#3"},
				"west": {"uv": [0, 0, 16, 16], "texture": "#3"},
				"up": {"uv": [0, 0, 16, 16], "texture": "#3"},
				"down": {"uv": [0, 0, 16, 16], "texture": "#3"}
			}
		},
		{
			"from": [4.2, 9.4, -0.1],
			"to": [6.2, 10.7, 1.2],
			"rotation": {"angle": -45, "axis": "y", "origin": [-2.1, 17.4, 6.2]},
			"faces": {
				"north": {"uv": [0, 0, 16, 16], "texture": "#3"},
				"east": {"uv": [0, 0, 16, 16], "texture": "#3"},
				"south": {"uv": [0, 0, 16, 16], "texture": "#3"},
				"west": {"uv": [0, 0, 16, 16], "texture": "#3"},
				"up": {"uv": [0, 0, 16, 16], "texture": "#3"},
				"down": {"uv": [0, 0, 16, 16], "texture": "#3"}
			}
		},
		{
			"from": [5.5, 8.9, -2.5],
			"to": [7.5, 10.2, -1.2],
			"rotation": {"angle": -45, "axis": "y", "origin": [-0.8, 16.9, 3.8]},
			"faces": {
				"north": {"uv": [0, 0, 16, 16], "texture": "#3"},
				"east": {"uv": [0, 0, 16, 16], "texture": "#3"},
				"south": {"uv": [0, 0, 16, 16], "texture": "#3"},
				"west": {"uv": [0, 0, 16, 16], "texture": "#3"},
				"up": {"uv": [0, 0, 16, 16], "texture": "#3"},
				"down": {"uv": [0, 0, 16, 16], "texture": "#3"}
			}
		},
		{
			"from": [8.1, 7.9, -1.7],
			"to": [10.1, 10.2, 0.6],
			"rotation": {"angle": -45, "axis": "y", "origin": [1.8, 16.9, 5.6]},
			"faces": {
				"north": {"uv": [0, 0, 16, 16], "texture": "#3"},
				"east": {"uv": [0, 0, 16, 16], "texture": "#3"},
				"south": {"uv": [0, 0, 16, 16], "texture": "#3"},
				"west": {"uv": [0, 0, 16, 16], "texture": "#3"},
				"up": {"uv": [0, 0, 16, 16], "texture": "#3"},
				"down": {"uv": [0, 0, 16, 16], "texture": "#3"}
			}
		},
		{
			"from": [-1.6, 8.3, -3.7],
			"to": [0.4, 8.6, -1.7],
			"rotation": {"angle": -45, "axis": "y", "origin": [-7.9, 16.3, 2.6]},
			"faces": {
				"north": {"uv": [5, 15, 6, 16], "texture": "#5"},
				"east": {"uv": [0, 3, 1, 4], "texture": "#5"},
				"south": {"uv": [0, 3, 1, 4], "texture": "#5"},
				"west": {"uv": [0, 3, 1, 4], "texture": "#5"},
				"up": {"uv": [0, 3, 1, 4], "texture": "#5"},
				"down": {"uv": [0, 3, 1, 4], "texture": "#5"}
			}
		},
		{
			"from": [-3.6, -1.5, 4.7],
			"to": [-1.4, 2.7, 5.2],
			"rotation": {"angle": 45, "axis": "z", "origin": [-8.9, 6.5, 11]},
			"faces": {
				"north": {"uv": [11, 0, 12, 1], "texture": "#4"},
				"east": {"uv": [11, 0, 12, 1], "texture": "#4"},
				"south": {"uv": [11, 0, 12, 1], "texture": "#4"},
				"west": {"uv": [11, 0, 12, 1], "texture": "#4"},
				"up": {"uv": [11, 0, 12, 1], "texture": "#4"},
				"down": {"uv": [11, 0, 12, 1], "texture": "#4"}
			}
		},
		{
			"from": [-3.4, -1.2, 4.69],
			"to": [-1.6, 2.5, 5.09],
			"rotation": {"angle": 45, "axis": "z", "origin": [-8.9, 6.5, 10.9]},
			"faces": {
				"north": {"uv": [12, 3, 13, 4], "texture": "#4"},
				"east": {"uv": [12, 3, 13, 4], "texture": "#4"},
				"south": {"uv": [12, 3, 13, 4], "texture": "#4"},
				"west": {"uv": [12, 3, 13, 4], "texture": "#4"},
				"up": {"uv": [12, 3, 13, 4], "texture": "#4"},
				"down": {"uv": [12, 3, 13, 4], "texture": "#4"}
			}
		},
		{
			"from": [-3.3, -1.1, 4.68],
			"to": [-1.7, 2.4, 5.08],
			"rotation": {"angle": 45, "axis": "z", "origin": [-8.9, 6.5, 10.9]},
			"faces": {
				"north": {"uv": [12, 0, 13, 1], "texture": "#4"},
				"east": {"uv": [12, 0, 13, 1], "texture": "#4"},
				"south": {"uv": [12, 0, 13, 1], "texture": "#4"},
				"west": {"uv": [12, 0, 13, 1], "texture": "#4"},
				"up": {"uv": [12, 0, 13, 1], "texture": "#4"},
				"down": {"uv": [12, 0, 13, 1], "texture": "#4"}
			}
		},
		{
			"from": [-2.4, -2.6, 8.8],
			"to": [-1.1, 1.3, 10.3],
			"rotation": {"angle": 45, "axis": "z", "origin": [-7.7, 5.4, 15]},
			"faces": {
				"north": {"uv": [3, 9, 4, 10], "texture": "#3"},
				"east": {"uv": [3, 9, 4, 10], "texture": "#3"},
				"south": {"uv": [3, 9, 4, 10], "texture": "#3"},
				"west": {"uv": [3, 9, 4, 10], "texture": "#3"},
				"up": {"uv": [3, 9, 4, 10], "texture": "#3"},
				"down": {"uv": [3, 9, 4, 10], "texture": "#3"}
			}
		},
		{
			"from": [-2.4, -2.6, 2.6],
			"to": [-1.1, 1.3, 4.1],
			"rotation": {"angle": 45, "axis": "z", "origin": [-7.7, 5.4, 8.8]},
			"faces": {
				"north": {"uv": [3, 9, 4, 10], "texture": "#3"},
				"east": {"uv": [3, 9, 4, 10], "texture": "#3"},
				"south": {"uv": [3, 9, 4, 10], "texture": "#3"},
				"west": {"uv": [3, 9, 4, 10], "texture": "#3"},
				"up": {"uv": [3, 9, 4, 10], "texture": "#3"},
				"down": {"uv": [3, 9, 4, 10], "texture": "#3"}
			}
		},
		{
			"from": [2.41171, 7.66779, 8.8],
			"to": [11.91171, 8.86779, 10.3],
			"rotation": {"angle": -22.5, "axis": "z", "origin": [-2.88829, 15.66779, 15]},
			"faces": {
				"north": {"uv": [3, 9, 4, 10], "texture": "#3"},
				"east": {"uv": [3, 9, 4, 10], "texture": "#3"},
				"south": {"uv": [3, 9, 4, 10], "texture": "#3"},
				"west": {"uv": [3, 9, 4, 10], "texture": "#3"},
				"up": {"uv": [3, 9, 4, 10], "texture": "#3"},
				"down": {"uv": [3, 9, 4, 10], "texture": "#3"}
			}
		},
		{
			"from": [2.41171, 7.66779, 2.6],
			"to": [11.91171, 8.86779, 4.1],
			"rotation": {"angle": -22.5, "axis": "z", "origin": [-2.88829, 15.66779, 8.8]},
			"faces": {
				"north": {"uv": [3, 9, 4, 10], "texture": "#3"},
				"east": {"uv": [3, 9, 4, 10], "texture": "#3"},
				"south": {"uv": [3, 9, 4, 10], "texture": "#3"},
				"west": {"uv": [3, 9, 4, 10], "texture": "#3"},
				"up": {"uv": [3, 9, 4, 10], "texture": "#3"},
				"down": {"uv": [3, 9, 4, 10], "texture": "#3"}
			}
		},
		{
			"from": [2.81171, 8.86779, 8.8],
			"to": [12.01171, 9.26779, 10.3],
			"rotation": {"angle": -22.5, "axis": "z", "origin": [-2.88829, 15.66779, 15]},
			"faces": {
				"north": {"uv": [3, 9, 4, 10], "texture": "#3"},
				"east": {"uv": [3, 9, 4, 10], "texture": "#3"},
				"south": {"uv": [3, 9, 4, 10], "texture": "#3"},
				"west": {"uv": [3, 9, 4, 10], "texture": "#3"},
				"up": {"uv": [3, 9, 4, 10], "texture": "#3"},
				"down": {"uv": [3, 9, 4, 10], "texture": "#3"}
			}
		},
		{
			"from": [2.81171, 8.86779, 2.6],
			"to": [12.01171, 9.26779, 4.1],
			"rotation": {"angle": -22.5, "axis": "z", "origin": [-2.88829, 15.66779, 8.8]},
			"faces": {
				"north": {"uv": [3, 9, 4, 10], "texture": "#3"},
				"east": {"uv": [3, 9, 4, 10], "texture": "#3"},
				"south": {"uv": [3, 9, 4, 10], "texture": "#3"},
				"west": {"uv": [3, 9, 4, 10], "texture": "#3"},
				"up": {"uv": [3, 9, 4, 10], "texture": "#3"},
				"down": {"uv": [3, 9, 4, 10], "texture": "#3"}
			}
		},
		{
			"from": [-3.33982, 9.28895, 8.8],
			"to": [-2.73982, 9.58895, 10.3],
			"rotation": {"angle": 22.5, "axis": "z", "origin": [3.66018, 15.28895, 15]},
			"faces": {
				"north": {"uv": [3, 9, 4, 10], "rotation": 90, "texture": "#3"},
				"east": {"uv": [3, 9, 4, 10], "rotation": 90, "texture": "#3"},
				"south": {"uv": [3, 9, 4, 10], "rotation": 90, "texture": "#3"},
				"west": {"uv": [3, 9, 4, 10], "rotation": 90, "texture": "#3"},
				"up": {"uv": [3, 9, 4, 10], "rotation": 90, "texture": "#3"},
				"down": {"uv": [3, 9, 4, 10], "rotation": 90, "texture": "#3"}
			}
		},
		{
			"from": [-3.33982, 9.28895, 2.6],
			"to": [-2.73982, 9.58895, 4.1],
			"rotation": {"angle": 22.5, "axis": "z", "origin": [3.66018, 15.28895, 8.8]},
			"faces": {
				"north": {"uv": [3, 9, 4, 10], "rotation": 90, "texture": "#3"},
				"east": {"uv": [3, 9, 4, 10], "rotation": 90, "texture": "#3"},
				"south": {"uv": [3, 9, 4, 10], "rotation": 90, "texture": "#3"},
				"west": {"uv": [3, 9, 4, 10], "rotation": 90, "texture": "#3"},
				"up": {"uv": [3, 9, 4, 10], "rotation": 90, "texture": "#3"},
				"down": {"uv": [3, 9, 4, 10], "rotation": 90, "texture": "#3"}
			}
		},
		{
			"from": [1.64721, 4.85606, 8.7],
			"to": [2.84721, 7.75606, 10.1],
			"rotation": {"angle": 0, "axis": "z", "origin": [-3.65279, 12.85606, 15]},
			"faces": {
				"north": {"uv": [0, 3, 1, 4], "texture": "#3"},
				"east": {"uv": [0, 3, 1, 4], "texture": "#3"},
				"south": {"uv": [0, 3, 1, 4], "texture": "#3"},
				"west": {"uv": [0, 3, 1, 4], "texture": "#3"},
				"up": {"uv": [0, 3, 1, 4], "texture": "#3"},
				"down": {"uv": [0, 3, 1, 4], "texture": "#3"}
			}
		},
		{
			"from": [1.64721, 4.85606, 2.8],
			"to": [2.84721, 7.75606, 4.2],
			"rotation": {"angle": 0, "axis": "z", "origin": [-3.65279, 12.85606, 9.1]},
			"faces": {
				"north": {"uv": [0, 3, 1, 4], "texture": "#3"},
				"east": {"uv": [0, 3, 1, 4], "texture": "#3"},
				"south": {"uv": [0, 3, 1, 4], "texture": "#3"},
				"west": {"uv": [0, 3, 1, 4], "texture": "#3"},
				"up": {"uv": [0, 3, 1, 4], "texture": "#3"},
				"down": {"uv": [0, 3, 1, 4], "texture": "#3"}
			}
		},
		{
			"from": [5.11212, 9.17532, 8.7],
			"to": [5.91212, 11.67532, 10.1],
			"rotation": {"angle": -22.5, "axis": "z", "origin": [-0.18788, 17.17532, 15]},
			"faces": {
				"north": {"uv": [0, 3, 1, 4], "texture": "#3"},
				"east": {"uv": [0, 3, 1, 4], "texture": "#3"},
				"south": {"uv": [0, 3, 1, 4], "texture": "#3"},
				"west": {"uv": [0, 3, 1, 4], "texture": "#3"},
				"up": {"uv": [0, 3, 1, 4], "texture": "#3"},
				"down": {"uv": [0, 3, 1, 4], "texture": "#3"}
			}
		},
		{
			"from": [5.11212, 9.17532, 2.8],
			"to": [5.91212, 11.67532, 4.2],
			"rotation": {"angle": -22.5, "axis": "z", "origin": [-0.18788, 17.17532, 9.1]},
			"faces": {
				"north": {"uv": [0, 3, 1, 4], "texture": "#3"},
				"east": {"uv": [0, 3, 1, 4], "texture": "#3"},
				"south": {"uv": [0, 3, 1, 4], "texture": "#3"},
				"west": {"uv": [0, 3, 1, 4], "texture": "#3"},
				"up": {"uv": [0, 3, 1, 4], "texture": "#3"},
				"down": {"uv": [0, 3, 1, 4], "texture": "#3"}
			}
		},
		{
			"from": [7.18333, 8.19285, 8.77],
			"to": [7.73333, 10.94285, 10.11],
			"rotation": {"angle": -22.5, "axis": "z", "origin": [1.35333, 16.99285, 15.7]},
			"faces": {
				"north": {"uv": [3, 3, 4, 4], "texture": "#3"},
				"east": {"uv": [3, 3, 4, 4], "texture": "#3"},
				"south": {"uv": [3, 3, 4, 4], "texture": "#3"},
				"west": {"uv": [3, 3, 4, 4], "texture": "#3"},
				"up": {"uv": [3, 3, 4, 4], "texture": "#3"},
				"down": {"uv": [3, 3, 4, 4], "texture": "#3"}
			}
		},
		{
			"from": [7.18333, 8.19285, 2.87],
			"to": [7.73333, 10.94285, 3.81],
			"rotation": {"angle": -22.5, "axis": "z", "origin": [1.35333, 16.99285, 9.8]},
			"faces": {
				"north": {"uv": [3, 3, 4, 4], "texture": "#3"},
				"east": {"uv": [3, 3, 4, 4], "texture": "#3"},
				"south": {"uv": [3, 3, 4, 4], "texture": "#3"},
				"west": {"uv": [3, 3, 4, 4], "texture": "#3"},
				"up": {"uv": [3, 3, 4, 4], "texture": "#3"},
				"down": {"uv": [3, 3, 4, 4], "texture": "#3"}
			}
		},
		{
			"from": [2.55286, 3.73076, 8.77],
			"to": [3.10286, 6.48076, 10.11],
			"rotation": {"angle": 22.5, "axis": "z", "origin": [-3.27714, 12.53076, 15.7]},
			"faces": {
				"north": {"uv": [3, 3, 4, 4], "texture": "#3"},
				"east": {"uv": [3, 3, 4, 4], "texture": "#3"},
				"south": {"uv": [3, 3, 4, 4], "texture": "#3"},
				"west": {"uv": [3, 3, 4, 4], "texture": "#3"},
				"up": {"uv": [3, 3, 4, 4], "texture": "#3"},
				"down": {"uv": [3, 3, 4, 4], "texture": "#3"}
			}
		},
		{
			"from": [2.55286, 3.73076, 2.87],
			"to": [3.10286, 6.48076, 3.71],
			"rotation": {"angle": 22.5, "axis": "z", "origin": [-3.27714, 12.53076, 9.8]},
			"faces": {
				"north": {"uv": [3, 3, 4, 4], "texture": "#3"},
				"east": {"uv": [3, 3, 4, 4], "texture": "#3"},
				"south": {"uv": [3, 3, 4, 4], "texture": "#3"},
				"west": {"uv": [3, 3, 4, 4], "texture": "#3"},
				"up": {"uv": [3, 3, 4, 4], "texture": "#3"},
				"down": {"uv": [3, 3, 4, 4], "texture": "#3"}
			}
		},
		{
			"from": [4.50668, 3.49986, 8.77],
			"to": [5.05668, 6.24986, 10.11],
			"rotation": {"angle": 22.5, "axis": "z", "origin": [-1.32332, 12.29986, 15.7]},
			"faces": {
				"north": {"uv": [3, 3, 4, 4], "texture": "#3"},
				"east": {"uv": [3, 3, 4, 4], "texture": "#3"},
				"south": {"uv": [3, 3, 4, 4], "texture": "#3"},
				"west": {"uv": [3, 3, 4, 4], "texture": "#3"},
				"up": {"uv": [3, 3, 4, 4], "texture": "#3"},
				"down": {"uv": [3, 3, 4, 4], "texture": "#3"}
			}
		},
		{
			"from": [4.50668, 3.49986, 2.87],
			"to": [5.05668, 6.24986, 4.41],
			"rotation": {"angle": 22.5, "axis": "z", "origin": [-1.32332, 12.29986, 9.8]},
			"faces": {
				"north": {"uv": [3, 3, 4, 4], "texture": "#3"},
				"east": {"uv": [3, 3, 4, 4], "texture": "#3"},
				"south": {"uv": [3, 3, 4, 4], "texture": "#3"},
				"west": {"uv": [3, 3, 4, 4], "texture": "#3"},
				"up": {"uv": [3, 3, 4, 4], "texture": "#3"},
				"down": {"uv": [3, 3, 4, 4], "texture": "#3"}
			}
		},
		{
			"from": [4.39668, 3.49986, 8.77],
			"to": [4.50668, 4.70986, 10.11],
			"rotation": {"angle": 22.5, "axis": "z", "origin": [-1.32332, 12.29986, 15.7]},
			"faces": {
				"north": {"uv": [3, 3, 4, 4], "texture": "#3"},
				"east": {"uv": [3, 3, 4, 4], "texture": "#3"},
				"south": {"uv": [3, 3, 4, 4], "texture": "#3"},
				"west": {"uv": [3, 3, 4, 4], "texture": "#3"},
				"up": {"uv": [3, 3, 4, 4], "texture": "#3"},
				"down": {"uv": [3, 3, 4, 4], "texture": "#3"}
			}
		},
		{
			"from": [4.39668, 3.49986, 2.87],
			"to": [4.50668, 4.70986, 4.41],
			"rotation": {"angle": 22.5, "axis": "z", "origin": [-1.32332, 12.29986, 9.8]},
			"faces": {
				"north": {"uv": [3, 3, 4, 4], "texture": "#3"},
				"east": {"uv": [3, 3, 4, 4], "texture": "#3"},
				"south": {"uv": [3, 3, 4, 4], "texture": "#3"},
				"west": {"uv": [3, 3, 4, 4], "texture": "#3"},
				"up": {"uv": [3, 3, 4, 4], "texture": "#3"},
				"down": {"uv": [3, 3, 4, 4], "texture": "#3"}
			}
		},
		{
			"from": [9.13715, 8.62195, 8.77],
			"to": [9.57715, 10.71195, 10.11],
			"rotation": {"angle": -22.5, "axis": "z", "origin": [3.30715, 16.76195, 15.7]},
			"faces": {
				"north": {"uv": [3, 3, 4, 4], "texture": "#3"},
				"east": {"uv": [3, 3, 4, 4], "texture": "#3"},
				"south": {"uv": [3, 3, 4, 4], "texture": "#3"},
				"west": {"uv": [3, 3, 4, 4], "texture": "#3"},
				"up": {"uv": [3, 3, 4, 4], "texture": "#3"},
				"down": {"uv": [3, 3, 4, 4], "texture": "#3"}
			}
		},
		{
			"from": [9.13715, 8.62195, 2.87],
			"to": [9.57715, 10.71195, 4.41],
			"rotation": {"angle": -22.5, "axis": "z", "origin": [3.30715, 16.76195, 9.8]},
			"faces": {
				"north": {"uv": [3, 3, 4, 4], "texture": "#3"},
				"east": {"uv": [3, 3, 4, 4], "texture": "#3"},
				"south": {"uv": [3, 3, 4, 4], "texture": "#3"},
				"west": {"uv": [3, 3, 4, 4], "texture": "#3"},
				"up": {"uv": [3, 3, 4, 4], "texture": "#3"},
				"down": {"uv": [3, 3, 4, 4], "texture": "#3"}
			}
		},
		{
			"from": [9.81311, 11.47028, 8.7],
			"to": [10.71311, 13.67028, 10.1],
			"rotation": {"angle": -45, "axis": "z", "origin": [4.51311, 19.47028, 15]},
			"faces": {
				"north": {"uv": [0, 3, 1, 4], "texture": "#3"},
				"east": {"uv": [0, 3, 1, 4], "texture": "#3"},
				"south": {"uv": [0, 3, 1, 4], "texture": "#3"},
				"west": {"uv": [0, 3, 1, 4], "texture": "#3"},
				"up": {"uv": [0, 3, 1, 4], "texture": "#3"},
				"down": {"uv": [0, 3, 1, 4], "texture": "#3"}
			}
		},
		{
			"from": [9.81311, 11.47028, 2.8],
			"to": [10.71311, 13.67028, 4.2],
			"rotation": {"angle": -45, "axis": "z", "origin": [4.51311, 19.47028, 9.1]},
			"faces": {
				"north": {"uv": [0, 3, 1, 4], "texture": "#3"},
				"east": {"uv": [0, 3, 1, 4], "texture": "#3"},
				"south": {"uv": [0, 3, 1, 4], "texture": "#3"},
				"west": {"uv": [0, 3, 1, 4], "texture": "#3"},
				"up": {"uv": [0, 3, 1, 4], "texture": "#3"},
				"down": {"uv": [0, 3, 1, 4], "texture": "#3"}
			}
		},
		{
			"from": [1.52237, 12.57942, 8.7],
			"to": [3.22237, 14.27942, 10.1],
			"rotation": {"angle": 22.5, "axis": "z", "origin": [9.52237, 19.57942, 15]},
			"faces": {
				"north": {"uv": [0, 3, 1, 4], "rotation": 270, "texture": "#3"},
				"east": {"uv": [0, 3, 1, 4], "rotation": 90, "texture": "#3"},
				"south": {"uv": [0, 3, 1, 4], "rotation": 90, "texture": "#3"},
				"west": {"uv": [0, 3, 1, 4], "rotation": 90, "texture": "#3"},
				"up": {"uv": [0, 3, 1, 4], "rotation": 90, "texture": "#3"},
				"down": {"uv": [0, 3, 1, 4], "rotation": 90, "texture": "#3"}
			}
		},
		{
			"from": [1.52237, 12.57942, 2.8],
			"to": [3.22237, 14.27942, 4.2],
			"rotation": {"angle": 22.5, "axis": "z", "origin": [9.52237, 19.57942, 9.1]},
			"faces": {
				"north": {"uv": [0, 3, 1, 4], "rotation": 270, "texture": "#3"},
				"east": {"uv": [0, 3, 1, 4], "rotation": 90, "texture": "#3"},
				"south": {"uv": [0, 3, 1, 4], "rotation": 90, "texture": "#3"},
				"west": {"uv": [0, 3, 1, 4], "rotation": 90, "texture": "#3"},
				"up": {"uv": [0, 3, 1, 4], "rotation": 90, "texture": "#3"},
				"down": {"uv": [0, 3, 1, 4], "rotation": 90, "texture": "#3"}
			}
		},
		{
			"from": [5.73015, 10.57196, 8.7],
			"to": [8.03015, 12.27196, 10.1],
			"rotation": {"angle": 0, "axis": "z", "origin": [13.73015, 17.57196, 15]},
			"faces": {
				"north": {"uv": [0, 3, 1, 4], "rotation": 270, "texture": "#3"},
				"east": {"uv": [0, 3, 1, 4], "rotation": 90, "texture": "#3"},
				"south": {"uv": [0, 3, 1, 4], "rotation": 90, "texture": "#3"},
				"west": {"uv": [0, 3, 1, 4], "rotation": 90, "texture": "#3"},
				"up": {"uv": [0, 3, 1, 4], "rotation": 90, "texture": "#3"},
				"down": {"uv": [0, 3, 1, 4], "rotation": 90, "texture": "#3"}
			}
		},
		{
			"from": [5.73015, 10.57196, 2.8],
			"to": [8.03015, 12.27196, 4.2],
			"rotation": {"angle": 0, "axis": "z", "origin": [13.73015, 17.57196, 9.1]},
			"faces": {
				"north": {"uv": [0, 3, 1, 4], "rotation": 270, "texture": "#3"},
				"east": {"uv": [0, 3, 1, 4], "rotation": 90, "texture": "#3"},
				"south": {"uv": [0, 3, 1, 4], "rotation": 90, "texture": "#3"},
				"west": {"uv": [0, 3, 1, 4], "rotation": 90, "texture": "#3"},
				"up": {"uv": [0, 3, 1, 4], "rotation": 90, "texture": "#3"},
				"down": {"uv": [0, 3, 1, 4], "rotation": 90, "texture": "#3"}
			}
		},
		{
			"from": [9.44941, 7.10705, 8.7],
			"to": [12.24941, 8.80705, 10.1],
			"rotation": {"angle": -22.5, "axis": "z", "origin": [17.44941, 14.10705, 15]},
			"faces": {
				"north": {"uv": [0, 3, 1, 4], "rotation": 270, "texture": "#3"},
				"east": {"uv": [0, 3, 1, 4], "rotation": 90, "texture": "#3"},
				"south": {"uv": [0, 3, 1, 4], "rotation": 90, "texture": "#3"},
				"west": {"uv": [0, 3, 1, 4], "rotation": 90, "texture": "#3"},
				"up": {"uv": [0, 3, 1, 4], "rotation": 90, "texture": "#3"},
				"down": {"uv": [0, 3, 1, 4], "rotation": 90, "texture": "#3"}
			}
		},
		{
			"from": [9.44941, 7.10705, 2.8],
			"to": [12.24941, 8.80705, 4.2],
			"rotation": {"angle": -22.5, "axis": "z", "origin": [17.44941, 14.10705, 9.1]},
			"faces": {
				"north": {"uv": [0, 3, 1, 4], "rotation": 270, "texture": "#3"},
				"east": {"uv": [0, 3, 1, 4], "rotation": 90, "texture": "#3"},
				"south": {"uv": [0, 3, 1, 4], "rotation": 90, "texture": "#3"},
				"west": {"uv": [0, 3, 1, 4], "rotation": 90, "texture": "#3"},
				"up": {"uv": [0, 3, 1, 4], "rotation": 90, "texture": "#3"},
				"down": {"uv": [0, 3, 1, 4], "rotation": 90, "texture": "#3"}
			}
		},
		{
			"from": [12.02154, 2.29125, 8.7],
			"to": [14.82154, 3.99125, 10.1],
			"rotation": {"angle": -45, "axis": "z", "origin": [20.02154, 9.29125, 15]},
			"faces": {
				"north": {"uv": [0, 3, 1, 4], "rotation": 270, "texture": "#3"},
				"east": {"uv": [0, 3, 1, 4], "rotation": 90, "texture": "#3"},
				"south": {"uv": [0, 3, 1, 4], "rotation": 90, "texture": "#3"},
				"west": {"uv": [0, 3, 1, 4], "rotation": 90, "texture": "#3"},
				"up": {"uv": [0, 3, 1, 4], "rotation": 90, "texture": "#3"},
				"down": {"uv": [0, 3, 1, 4], "rotation": 90, "texture": "#3"}
			}
		},
		{
			"from": [12.02154, 2.29125, 2.8],
			"to": [14.82154, 3.99125, 4.2],
			"rotation": {"angle": -45, "axis": "z", "origin": [20.02154, 9.29125, 9.1]},
			"faces": {
				"north": {"uv": [0, 3, 1, 4], "rotation": 270, "texture": "#3"},
				"east": {"uv": [0, 3, 1, 4], "rotation": 90, "texture": "#3"},
				"south": {"uv": [0, 3, 1, 4], "rotation": 90, "texture": "#3"},
				"west": {"uv": [0, 3, 1, 4], "rotation": 90, "texture": "#3"},
				"up": {"uv": [0, 3, 1, 4], "rotation": 90, "texture": "#3"},
				"down": {"uv": [0, 3, 1, 4], "rotation": 90, "texture": "#3"}
			}
		},
		{
			"from": [13.46465, 4.42415, 8.7],
			"to": [16.26465, 6.12415, 10.1],
			"rotation": {"angle": -22.5, "axis": "z", "origin": [21.46465, 11.42415, 15]},
			"faces": {
				"north": {"uv": [0, 3, 1, 4], "rotation": 270, "texture": "#3"},
				"east": {"uv": [0, 3, 1, 4], "rotation": 90, "texture": "#3"},
				"south": {"uv": [0, 3, 1, 4], "rotation": 90, "texture": "#3"},
				"west": {"uv": [0, 3, 1, 4], "rotation": 90, "texture": "#3"},
				"up": {"uv": [0, 3, 1, 4], "rotation": 90, "texture": "#3"},
				"down": {"uv": [0, 3, 1, 4], "rotation": 90, "texture": "#3"}
			}
		},
		{
			"from": [13.46465, 4.42415, 2.8],
			"to": [16.26465, 6.12415, 4.2],
			"rotation": {"angle": -22.5, "axis": "z", "origin": [21.46465, 11.42415, 9.1]},
			"faces": {
				"north": {"uv": [0, 3, 1, 4], "rotation": 270, "texture": "#3"},
				"east": {"uv": [0, 3, 1, 4], "rotation": 90, "texture": "#3"},
				"south": {"uv": [0, 3, 1, 4], "rotation": 90, "texture": "#3"},
				"west": {"uv": [0, 3, 1, 4], "rotation": 90, "texture": "#3"},
				"up": {"uv": [0, 3, 1, 4], "rotation": 90, "texture": "#3"},
				"down": {"uv": [0, 3, 1, 4], "rotation": 90, "texture": "#3"}
			}
		},
		{
			"from": [16.03678, -0.39165, 8.7],
			"to": [18.83678, 1.30835, 10.1],
			"rotation": {"angle": -45, "axis": "z", "origin": [24.03678, 6.60835, 15]},
			"faces": {
				"north": {"uv": [0, 3, 1, 4], "rotation": 270, "texture": "#3"},
				"east": {"uv": [0, 3, 1, 4], "rotation": 90, "texture": "#3"},
				"south": {"uv": [0, 3, 1, 4], "rotation": 90, "texture": "#3"},
				"west": {"uv": [0, 3, 1, 4], "rotation": 90, "texture": "#3"},
				"up": {"uv": [0, 3, 1, 4], "rotation": 90, "texture": "#3"},
				"down": {"uv": [0, 3, 1, 4], "rotation": 90, "texture": "#3"}
			}
		},
		{
			"from": [16.03678, -0.39165, 2.8],
			"to": [18.83678, 1.30835, 4.2],
			"rotation": {"angle": -45, "axis": "z", "origin": [24.03678, 6.60835, 9.1]},
			"faces": {
				"north": {"uv": [0, 3, 1, 4], "rotation": 270, "texture": "#3"},
				"east": {"uv": [0, 3, 1, 4], "rotation": 90, "texture": "#3"},
				"south": {"uv": [0, 3, 1, 4], "rotation": 90, "texture": "#3"},
				"west": {"uv": [0, 3, 1, 4], "rotation": 90, "texture": "#3"},
				"up": {"uv": [0, 3, 1, 4], "rotation": 90, "texture": "#3"},
				"down": {"uv": [0, 3, 1, 4], "rotation": 90, "texture": "#3"}
			}
		},
		{
			"from": [17.57019, 7.87483, 8.7],
			"to": [19.27019, 9.17483, 10.1],
			"rotation": {"angle": 22.5, "axis": "z", "origin": [24.57019, 1.17483, 15]},
			"faces": {
				"north": {"uv": [0, 3, 1, 4], "rotation": 180, "texture": "#3"},
				"east": {"uv": [0, 3, 1, 4], "rotation": 180, "texture": "#3"},
				"south": {"uv": [0, 3, 1, 4], "rotation": 180, "texture": "#3"},
				"west": {"uv": [0, 3, 1, 4], "rotation": 180, "texture": "#3"},
				"up": {"uv": [0, 3, 1, 4], "rotation": 180, "texture": "#3"},
				"down": {"uv": [0, 3, 1, 4], "rotation": 180, "texture": "#3"}
			}
		},
		{
			"from": [17.57019, 7.87483, 2.8],
			"to": [19.27019, 9.17483, 4.2],
			"rotation": {"angle": 22.5, "axis": "z", "origin": [24.57019, 1.17483, 9.1]},
			"faces": {
				"north": {"uv": [0, 3, 1, 4], "rotation": 180, "texture": "#3"},
				"east": {"uv": [0, 3, 1, 4], "rotation": 180, "texture": "#3"},
				"south": {"uv": [0, 3, 1, 4], "rotation": 180, "texture": "#3"},
				"west": {"uv": [0, 3, 1, 4], "rotation": 180, "texture": "#3"},
				"up": {"uv": [0, 3, 1, 4], "rotation": 180, "texture": "#3"},
				"down": {"uv": [0, 3, 1, 4], "rotation": 180, "texture": "#3"}
			}
		},
		{
			"from": [11.47019, 5.07483, 8.7],
			"to": [14.57019, 8.17483, 10.1],
			"rotation": {"angle": 0, "axis": "z", "origin": [29.37019, -1.62517, 15]},
			"faces": {
				"north": {"uv": [0, 3, 1, 4], "rotation": 180, "texture": "#3"},
				"east": {"uv": [0, 3, 1, 4], "rotation": 180, "texture": "#3"},
				"south": {"uv": [0, 3, 1, 4], "rotation": 180, "texture": "#3"},
				"west": {"uv": [0, 3, 1, 4], "rotation": 180, "texture": "#3"},
				"up": {"uv": [0, 3, 1, 4], "rotation": 180, "texture": "#3"},
				"down": {"uv": [0, 3, 1, 4], "rotation": 180, "texture": "#3"}
			}
		},
		{
			"from": [11.47019, 5.07483, 2.8],
			"to": [14.57019, 8.17483, 4.2],
			"rotation": {"angle": 0, "axis": "z", "origin": [29.37019, -1.62517, 9.1]},
			"faces": {
				"north": {"uv": [0, 3, 1, 4], "rotation": 180, "texture": "#3"},
				"east": {"uv": [0, 3, 1, 4], "rotation": 180, "texture": "#3"},
				"south": {"uv": [0, 3, 1, 4], "rotation": 180, "texture": "#3"},
				"west": {"uv": [0, 3, 1, 4], "rotation": 180, "texture": "#3"},
				"up": {"uv": [0, 3, 1, 4], "rotation": 180, "texture": "#3"},
				"down": {"uv": [0, 3, 1, 4], "rotation": 180, "texture": "#3"}
			}
		},
		{
			"from": [14.57019, 5.07483, 8.7],
			"to": [15.87019, 6.37483, 10.1],
			"rotation": {"angle": 0, "axis": "z", "origin": [32.17019, -1.62517, 15]},
			"faces": {
				"north": {"uv": [0, 3, 1, 4], "rotation": 180, "texture": "#3"},
				"east": {"uv": [0, 3, 1, 4], "rotation": 180, "texture": "#3"},
				"south": {"uv": [0, 3, 1, 4], "rotation": 180, "texture": "#3"},
				"west": {"uv": [0, 3, 1, 4], "rotation": 180, "texture": "#3"},
				"up": {"uv": [0, 3, 1, 4], "rotation": 180, "texture": "#3"},
				"down": {"uv": [0, 3, 1, 4], "rotation": 180, "texture": "#3"}
			}
		},
		{
			"from": [14.57019, 5.07483, 2.8],
			"to": [15.87019, 6.37483, 4.2],
			"rotation": {"angle": 0, "axis": "z", "origin": [32.17019, -1.62517, 9.1]},
			"faces": {
				"north": {"uv": [0, 3, 1, 4], "rotation": 180, "texture": "#3"},
				"east": {"uv": [0, 3, 1, 4], "rotation": 180, "texture": "#3"},
				"south": {"uv": [0, 3, 1, 4], "rotation": 180, "texture": "#3"},
				"west": {"uv": [0, 3, 1, 4], "rotation": 180, "texture": "#3"},
				"up": {"uv": [0, 3, 1, 4], "rotation": 180, "texture": "#3"},
				"down": {"uv": [0, 3, 1, 4], "rotation": 180, "texture": "#3"}
			}
		},
		{
			"from": [0.87019, 0.87483, 8.7],
			"to": [15.57019, 5.17483, 10.1],
			"rotation": {"angle": 0, "axis": "z", "origin": [20.87019, -5.82517, 15]},
			"faces": {
				"north": {"uv": [0, 3, 1, 4], "rotation": 180, "texture": "#3"},
				"east": {"uv": [0, 3, 1, 4], "rotation": 180, "texture": "#3"},
				"south": {"uv": [0, 3, 1, 4], "rotation": 180, "texture": "#3"},
				"west": {"uv": [0, 3, 1, 4], "rotation": 180, "texture": "#3"},
				"up": {"uv": [0, 3, 1, 4], "rotation": 180, "texture": "#3"},
				"down": {"uv": [0, 3, 1, 4], "rotation": 180, "texture": "#3"}
			}
		},
		{
			"from": [0.87019, 0.87483, 2.8],
			"to": [15.57019, 5.17483, 4.2],
			"rotation": {"angle": 0, "axis": "z", "origin": [20.87019, -5.82517, 9.1]},
			"faces": {
				"north": {"uv": [0, 3, 1, 4], "rotation": 180, "texture": "#3"},
				"east": {"uv": [0, 3, 1, 4], "rotation": 180, "texture": "#3"},
				"south": {"uv": [0, 3, 1, 4], "rotation": 180, "texture": "#3"},
				"west": {"uv": [0, 3, 1, 4], "rotation": 180, "texture": "#3"},
				"up": {"uv": [0, 3, 1, 4], "rotation": 180, "texture": "#3"},
				"down": {"uv": [0, 3, 1, 4], "rotation": 180, "texture": "#3"}
			}
		},
		{
			"from": [0, -2.2, 4.4],
			"to": [3, 0.7, 8.6],
			"rotation": {"angle": 45, "axis": "z", "origin": [-5.3, 5.8, 11]},
			"faces": {
				"north": {"uv": [0, 1, 11, 6], "texture": "#2"},
				"east": {"uv": [0, 0, 16, 7], "texture": "#2"},
				"south": {"uv": [0, 0, 9, 7], "texture": "#2"},
				"west": {"uv": [0, 0, 16, 7], "texture": "#2"},
				"up": {"uv": [0, 5, 8, 8], "texture": "#2"},
				"down": {"uv": [0, 0, 16, 7], "texture": "#2"}
			}
		},
		{
			"from": [1.3, -0.2, 4.2],
			"to": [4.3, 2.7, 8.8],
			"rotation": {"angle": 45, "axis": "z", "origin": [-4, 7.8, 11]},
			"faces": {
				"north": {"uv": [10, 0, 16, 5], "texture": "#2"},
				"east": {"uv": [0, 0, 9, 6], "texture": "#2"},
				"south": {"uv": [0, 5, 11, 12], "texture": "#2"},
				"west": {"uv": [0, 0, 16, 7], "texture": "#2"},
				"up": {"uv": [0, 3, 8, 7], "texture": "#2"},
				"down": {"uv": [0, 0, 16, 7], "texture": "#2"}
			}
		},
		{
			"from": [3.8, -0.2, 4.4],
			"to": [6.8, 2.7, 8.5],
			"rotation": {"angle": 45, "axis": "z", "origin": [-1.5, 7.8, 11]},
			"faces": {
				"north": {"uv": [0, 6, 7, 12], "texture": "#2"},
				"east": {"uv": [0, 0, 8, 6], "texture": "#2"},
				"south": {"uv": [0, 0, 7, 7], "texture": "#2"},
				"west": {"uv": [0, 0, 16, 7], "texture": "#2"},
				"up": {"uv": [0, 5, 16, 8], "texture": "#2"},
				"down": {"uv": [0, 0, 16, 7], "texture": "#2"}
			}
		},
		{
			"from": [6.4, -0.2, 4.6],
			"to": [9.4, 2.7, 8.3],
			"rotation": {"angle": 45, "axis": "z", "origin": [1.1, 7.8, 11]},
			"faces": {
				"north": {"uv": [0, 0, 7, 6], "texture": "#2"},
				"east": {"uv": [0, 0, 7, 7], "texture": "#2"},
				"south": {"uv": [0, 0, 12, 7], "texture": "#2"},
				"west": {"uv": [0, 0, 16, 7], "texture": "#2"},
				"up": {"uv": [0, 2, 16, 8], "texture": "#2"},
				"down": {"uv": [0, 0, 16, 7], "texture": "#2"}
			}
		},
		{
			"from": [2.4, -2.2, 4.9],
			"to": [5.4, 0.7, 8.1],
			"rotation": {"angle": 45, "axis": "z", "origin": [-2.9, 5.8, 11]},
			"faces": {
				"north": {"uv": [7, 0, 16, 7], "texture": "#2"},
				"east": {"uv": [0, 0, 16, 7], "texture": "#2"},
				"south": {"uv": [0, 0, 9, 7], "texture": "#2"},
				"west": {"uv": [0, 0, 16, 7], "texture": "#2"},
				"up": {"uv": [0, 5, 16, 8], "texture": "#2"},
				"down": {"uv": [0, 0, 16, 7], "texture": "#2"}
			}
		},
		{
			"from": [6.5, -2.2, 4.9],
			"to": [10, 1.1, 8.2],
			"rotation": {"angle": 45, "axis": "z", "origin": [1.2, 5.8, 11]},
			"faces": {
				"north": {"uv": [0, 0, 16, 7], "texture": "#2"},
				"east": {"uv": [0, 0, 16, 7], "texture": "#2"},
				"south": {"uv": [0, 0, 16, 7], "texture": "#2"},
				"west": {"uv": [0, 0, 16, 7], "texture": "#2"},
				"up": {"uv": [0, 5, 16, 8], "texture": "#2"},
				"down": {"uv": [0, 0, 16, 7], "texture": "#2"}
			}
		},
		{
			"from": [4.7, -2.2, 4.6],
			"to": [7.7, 1.1, 8.4],
			"rotation": {"angle": 45, "axis": "z", "origin": [-0.6, 5.8, 11]},
			"faces": {
				"north": {"uv": [8, 0, 16, 7], "texture": "#2"},
				"east": {"uv": [0, 0, 16, 7], "texture": "#2"},
				"south": {"uv": [0, 0, 10, 7], "texture": "#2"},
				"west": {"uv": [0, 0, 16, 7], "texture": "#2"},
				"up": {"uv": [0, 5, 16, 8], "texture": "#2"},
				"down": {"uv": [0, 0, 16, 7], "texture": "#2"}
			}
		},
		{
			"from": [16, 1, 3],
			"to": [17, 4, 10],
			"rotation": {"angle": 0, "axis": "y", "origin": [9, 9, 11]},
			"faces": {
				"north": {"uv": [11, 3, 12, 4], "texture": "#0"},
				"east": {"uv": [11, 3, 12, 4], "texture": "#0"},
				"south": {"uv": [11, 3, 12, 4], "texture": "#0"},
				"west": {"uv": [11, 3, 12, 4], "texture": "#0"},
				"up": {"uv": [11, 3, 12, 4], "texture": "#0"},
				"down": {"uv": [11, 3, 12, 4], "texture": "#0"}
			}
		},
		{
			"from": [-1, 1, 3],
			"to": [0, 4, 10],
			"rotation": {"angle": 0, "axis": "y", "origin": [-8, 9, 11]},
			"faces": {
				"north": {"uv": [11, 3, 12, 4], "texture": "#0"},
				"east": {"uv": [11, 3, 12, 4], "texture": "#0"},
				"south": {"uv": [11, 3, 12, 4], "texture": "#0"},
				"west": {"uv": [11, 3, 12, 4], "texture": "#0"},
				"up": {"uv": [11, 3, 12, 4], "texture": "#0"},
				"down": {"uv": [11, 3, 12, 4], "texture": "#0"}
			}
		},
		{
			"from": [-1, 1, 2],
			"to": [17, 4, 3],
			"rotation": {"angle": 0, "axis": "y", "origin": [-7, 9, 9]},
			"faces": {
				"north": {"uv": [11, 3, 12, 4], "texture": "#0"},
				"east": {"uv": [11, 3, 12, 4], "texture": "#0"},
				"south": {"uv": [11, 3, 12, 4], "texture": "#0"},
				"west": {"uv": [11, 3, 12, 4], "texture": "#0"},
				"up": {"uv": [11, 3, 12, 4], "texture": "#0"},
				"down": {"uv": [11, 3, 12, 4], "texture": "#0"}
			}
		},
		{
			"from": [-1, 1, 10],
			"to": [17, 4, 11],
			"rotation": {"angle": 0, "axis": "y", "origin": [-7, 9, 17]},
			"faces": {
				"north": {"uv": [11, 3, 12, 4], "texture": "#0"},
				"east": {"uv": [11, 3, 12, 4], "texture": "#0"},
				"south": {"uv": [11, 3, 12, 4], "texture": "#0"},
				"west": {"uv": [11, 3, 12, 4], "texture": "#0"},
				"up": {"uv": [11, 3, 12, 4], "texture": "#0"},
				"down": {"uv": [11, 3, 12, 4], "texture": "#0"}
			}
		},
		{
			"from": [-0.4, 3.24, 1.7],
			"to": [2.6, 5.94, 2.6],
			"rotation": {"angle": 0, "axis": "y", "origin": [-6.4, 10.44, 8]},
			"faces": {
				"north": {"uv": [11, 3, 12, 4], "texture": "#0"},
				"east": {"uv": [11, 3, 12, 4], "texture": "#0"},
				"south": {"uv": [11, 3, 12, 4], "texture": "#0"},
				"west": {"uv": [11, 3, 12, 4], "texture": "#0"},
				"up": {"uv": [11, 3, 12, 4], "texture": "#0"},
				"down": {"uv": [11, 3, 12, 4], "texture": "#0"}
			}
		},
		{
			"from": [4.80163, 7.10836, 1.7],
			"to": [7.95163, 8.00836, 2.6],
			"rotation": {"angle": -22.5, "axis": "z", "origin": [-1.49837, 12.50836, 8]},
			"faces": {
				"north": {"uv": [11, 3, 12, 4], "texture": "#0"},
				"east": {"uv": [11, 3, 12, 4], "texture": "#0"},
				"south": {"uv": [11, 3, 12, 4], "texture": "#0"},
				"west": {"uv": [11, 3, 12, 4], "texture": "#0"},
				"up": {"uv": [11, 3, 12, 4], "texture": "#0"},
				"down": {"uv": [11, 3, 12, 4], "texture": "#0"}
			}
		},
		{
			"from": [4.80163, 7.10836, 10.7],
			"to": [7.95163, 8.00836, 11.6],
			"rotation": {"angle": -22.5, "axis": "z", "origin": [-1.49837, 12.50836, 17]},
			"faces": {
				"north": {"uv": [11, 3, 12, 4], "texture": "#0"},
				"east": {"uv": [11, 3, 12, 4], "texture": "#0"},
				"south": {"uv": [11, 3, 12, 4], "texture": "#0"},
				"west": {"uv": [11, 3, 12, 4], "texture": "#0"},
				"up": {"uv": [11, 3, 12, 4], "texture": "#0"},
				"down": {"uv": [11, 3, 12, 4], "texture": "#0"}
			}
		},
		{
			"from": [9.24726, 1.0811, 1.7],
			"to": [12.39726, 1.9811, 2.6],
			"rotation": {"angle": 22.5, "axis": "z", "origin": [2.94726, 6.4811, 8]},
			"faces": {
				"north": {"uv": [11, 3, 12, 4], "texture": "#0"},
				"east": {"uv": [11, 3, 12, 4], "texture": "#0"},
				"south": {"uv": [11, 3, 12, 4], "texture": "#0"},
				"west": {"uv": [11, 3, 12, 4], "texture": "#0"},
				"up": {"uv": [11, 3, 12, 4], "texture": "#0"},
				"down": {"uv": [11, 3, 12, 4], "texture": "#0"}
			}
		},
		{
			"from": [9.24726, 1.0811, 10.7],
			"to": [12.39726, 1.9811, 11.6],
			"rotation": {"angle": 22.5, "axis": "z", "origin": [2.94726, 6.4811, 17]},
			"faces": {
				"north": {"uv": [11, 3, 12, 4], "texture": "#0"},
				"east": {"uv": [11, 3, 12, 4], "texture": "#0"},
				"south": {"uv": [11, 3, 12, 4], "texture": "#0"},
				"west": {"uv": [11, 3, 12, 4], "texture": "#0"},
				"up": {"uv": [11, 3, 12, 4], "texture": "#0"},
				"down": {"uv": [11, 3, 12, 4], "texture": "#0"}
			}
		},
		{
			"from": [5.16581, 3.90306, 1.7],
			"to": [10.83581, 4.80306, 2.6],
			"rotation": {"angle": 0, "axis": "z", "origin": [0.66581, 9.30306, 8]},
			"faces": {
				"north": {"uv": [11, 3, 12, 4], "texture": "#0"},
				"east": {"uv": [11, 3, 12, 4], "texture": "#0"},
				"south": {"uv": [11, 3, 12, 4], "texture": "#0"},
				"west": {"uv": [11, 3, 12, 4], "texture": "#0"},
				"up": {"uv": [11, 3, 12, 4], "texture": "#0"},
				"down": {"uv": [11, 3, 12, 4], "texture": "#0"}
			}
		},
		{
			"from": [5.16581, 3.90306, 10.7],
			"to": [10.83581, 4.80306, 11.6],
			"rotation": {"angle": 0, "axis": "z", "origin": [0.66581, 9.30306, 17]},
			"faces": {
				"north": {"uv": [11, 3, 12, 4], "texture": "#0"},
				"east": {"uv": [11, 3, 12, 4], "texture": "#0"},
				"south": {"uv": [11, 3, 12, 4], "texture": "#0"},
				"west": {"uv": [11, 3, 12, 4], "texture": "#0"},
				"up": {"uv": [11, 3, 12, 4], "texture": "#0"},
				"down": {"uv": [11, 3, 12, 4], "texture": "#0"}
			}
		},
		{
			"from": [13.4, 3.24, 1.7],
			"to": [16.5, 5.94, 2.6],
			"rotation": {"angle": 0, "axis": "y", "origin": [6.2, 10.44, 8]},
			"faces": {
				"north": {"uv": [11, 3, 12, 4], "texture": "#0"},
				"east": {"uv": [11, 3, 12, 4], "texture": "#0"},
				"south": {"uv": [11, 3, 12, 4], "texture": "#0"},
				"west": {"uv": [11, 3, 12, 4], "texture": "#0"},
				"up": {"uv": [11, 3, 12, 4], "texture": "#0"},
				"down": {"uv": [11, 3, 12, 4], "texture": "#0"}
			}
		},
		{
			"from": [-0.4, 3.24, 10.7],
			"to": [2.6, 5.94, 11.6],
			"rotation": {"angle": 0, "axis": "y", "origin": [-6.4, 10.44, 17]},
			"faces": {
				"north": {"uv": [11, 3, 12, 4], "texture": "#0"},
				"east": {"uv": [11, 3, 12, 4], "texture": "#0"},
				"south": {"uv": [11, 3, 12, 4], "texture": "#0"},
				"west": {"uv": [11, 3, 12, 4], "texture": "#0"},
				"up": {"uv": [11, 3, 12, 4], "texture": "#0"},
				"down": {"uv": [11, 3, 12, 4], "texture": "#0"}
			}
		},
		{
			"from": [2.6, 3.24, 10.7],
			"to": [4.58, 5.04, 11.6],
			"rotation": {"angle": 0, "axis": "y", "origin": [-3.7, 10.44, 17]},
			"faces": {
				"north": {"uv": [11, 3, 12, 4], "texture": "#0"},
				"east": {"uv": [11, 3, 12, 4], "texture": "#0"},
				"south": {"uv": [11, 3, 12, 4], "texture": "#0"},
				"west": {"uv": [11, 3, 12, 4], "texture": "#0"},
				"up": {"uv": [11, 3, 12, 4], "texture": "#0"},
				"down": {"uv": [11, 3, 12, 4], "texture": "#0"}
			}
		},
		{
			"from": [2.6, 3.24, 1.7],
			"to": [4.58, 5.04, 2.6],
			"rotation": {"angle": 0, "axis": "y", "origin": [-3.7, 10.44, 8]},
			"faces": {
				"north": {"uv": [11, 3, 12, 4], "texture": "#0"},
				"east": {"uv": [11, 3, 12, 4], "texture": "#0"},
				"south": {"uv": [11, 3, 12, 4], "texture": "#0"},
				"west": {"uv": [11, 3, 12, 4], "texture": "#0"},
				"up": {"uv": [11, 3, 12, 4], "texture": "#0"},
				"down": {"uv": [11, 3, 12, 4], "texture": "#0"}
			}
		},
		{
			"from": [11.42, 3.24, 10.7],
			"to": [13.4, 5.04, 11.6],
			"rotation": {"angle": 0, "axis": "y", "origin": [5.12, 10.44, 17]},
			"faces": {
				"north": {"uv": [11, 3, 12, 4], "texture": "#0"},
				"east": {"uv": [11, 3, 12, 4], "texture": "#0"},
				"south": {"uv": [11, 3, 12, 4], "texture": "#0"},
				"west": {"uv": [11, 3, 12, 4], "texture": "#0"},
				"up": {"uv": [11, 3, 12, 4], "texture": "#0"},
				"down": {"uv": [11, 3, 12, 4], "texture": "#0"}
			}
		},
		{
			"from": [11.42, 3.24, 1.7],
			"to": [13.4, 5.04, 2.6],
			"rotation": {"angle": 0, "axis": "y", "origin": [5.12, 10.44, 8]},
			"faces": {
				"north": {"uv": [11, 3, 12, 4], "texture": "#0"},
				"east": {"uv": [11, 3, 12, 4], "texture": "#0"},
				"south": {"uv": [11, 3, 12, 4], "texture": "#0"},
				"west": {"uv": [11, 3, 12, 4], "texture": "#0"},
				"up": {"uv": [11, 3, 12, 4], "texture": "#0"},
				"down": {"uv": [11, 3, 12, 4], "texture": "#0"}
			}
		},
		{
			"from": [4.58, 3.24, 10.7],
			"to": [11.42, 4.23, 11.6],
			"rotation": {"angle": 0, "axis": "y", "origin": [-1.72, 10.44, 17]},
			"faces": {
				"north": {"uv": [11, 3, 12, 4], "texture": "#0"},
				"east": {"uv": [11, 3, 12, 4], "texture": "#0"},
				"south": {"uv": [11, 3, 12, 4], "texture": "#0"},
				"west": {"uv": [11, 3, 12, 4], "texture": "#0"},
				"up": {"uv": [11, 3, 12, 4], "texture": "#0"},
				"down": {"uv": [11, 3, 12, 4], "texture": "#0"}
			}
		},
		{
			"from": [4.58, 3.24, 1.7],
			"to": [11.42, 4.23, 2.6],
			"rotation": {"angle": 0, "axis": "y", "origin": [-1.72, 10.44, 8]},
			"faces": {
				"north": {"uv": [11, 3, 12, 4], "texture": "#0"},
				"east": {"uv": [11, 3, 12, 4], "texture": "#0"},
				"south": {"uv": [11, 3, 12, 4], "texture": "#0"},
				"west": {"uv": [11, 3, 12, 4], "texture": "#0"},
				"up": {"uv": [11, 3, 12, 4], "texture": "#0"},
				"down": {"uv": [11, 3, 12, 4], "texture": "#0"}
			}
		},
		{
			"from": [13.4, 3.24, 10.7],
			"to": [16.5, 5.94, 11.6],
			"rotation": {"angle": 0, "axis": "y", "origin": [6.2, 10.44, 17]},
			"faces": {
				"north": {"uv": [11, 3, 12, 4], "texture": "#0"},
				"east": {"uv": [11, 3, 12, 4], "texture": "#0"},
				"south": {"uv": [11, 3, 12, 4], "texture": "#0"},
				"west": {"uv": [11, 3, 12, 4], "texture": "#0"},
				"up": {"uv": [11, 3, 12, 4], "texture": "#0"},
				"down": {"uv": [11, 3, 12, 4], "texture": "#0"}
			}
		},
		{
			"from": [-1.3, 3.24, 1.7],
			"to": [-0.4, 5.94, 11.6],
			"rotation": {"angle": 0, "axis": "y", "origin": [-7.6, 10.44, 10.7]},
			"faces": {
				"north": {"uv": [11, 3, 12, 4], "texture": "#0"},
				"east": {"uv": [11, 3, 12, 4], "texture": "#0"},
				"south": {"uv": [11, 3, 12, 4], "texture": "#0"},
				"west": {"uv": [11, 3, 12, 4], "texture": "#0"},
				"up": {"uv": [11, 3, 12, 4], "texture": "#0"},
				"down": {"uv": [11, 3, 12, 4], "texture": "#0"}
			}
		},
		{
			"name": "hexadecagon",
			"from": [5.20326, 10.2, 8.7],
			"to": [7.49674, 11.9, 10.1],
			"rotation": {"angle": -45, "axis": "z", "origin": [5.8, 7.5, 9.6]},
			"faces": {
				"north": {"uv": [0, 0, 1, 1], "texture": "#3"},
				"east": {"uv": [0, 0, 1, 1], "texture": "#3"},
				"south": {"uv": [0, 0, 1, 1], "texture": "#3"},
				"west": {"uv": [0, 0, 1, 1], "texture": "#3"},
				"up": {"uv": [0, 0, 1, 1], "texture": "#3"},
				"down": {"uv": [0, 0, 1, 1], "texture": "#3"}
			}
		},
		{
			"name": "hexadecagon",
			"from": [5.20326, 10.2, 2.8],
			"to": [7.49674, 11.9, 4.2],
			"rotation": {"angle": -45, "axis": "z", "origin": [5.8, 7.5, 3.7]},
			"faces": {
				"north": {"uv": [0, 0, 1, 1], "texture": "#3"},
				"east": {"uv": [0, 0, 1, 1], "texture": "#3"},
				"south": {"uv": [0, 0, 1, 1], "texture": "#3"},
				"west": {"uv": [0, 0, 1, 1], "texture": "#3"},
				"up": {"uv": [0, 0, 1, 1], "texture": "#3"},
				"down": {"uv": [0, 0, 1, 1], "texture": "#3"}
			}
		},
		{
			"name": "hexadecagon",
			"from": [1.17275, 6.16949, 9.1],
			"to": [2.36623, 6.46949, 10.1],
			"rotation": {"angle": -45, "axis": "z", "origin": [1.76949, 3.46949, 9.6]},
			"faces": {
				"north": {"uv": [0, 0, 1, 1], "texture": "#3"},
				"east": {"uv": [0, 0, 1, 1], "texture": "#3"},
				"south": {"uv": [0, 0, 1, 1], "texture": "#3"},
				"west": {"uv": [0, 0, 1, 1], "texture": "#3"},
				"up": {"uv": [0, 0, 1, 1], "texture": "#3"},
				"down": {"uv": [0, 0, 1, 1], "texture": "#3"}
			}
		},
		{
			"name": "hexadecagon",
			"from": [4.60326, 10.2, 8.7],
			"to": [7.29674, 11.5, 10.1],
			"rotation": {"angle": -22.5, "axis": "z", "origin": [5.8, 7.5, 9.6]},
			"faces": {
				"north": {"uv": [0, 0, 1, 1], "texture": "#3"},
				"east": {"uv": [0, 0, 1, 1], "texture": "#3"},
				"south": {"uv": [0, 0, 1, 1], "texture": "#3"},
				"west": {"uv": [0, 0, 1, 1], "texture": "#3"},
				"up": {"uv": [0, 0, 1, 1], "texture": "#3"},
				"down": {"uv": [0, 0, 1, 1], "texture": "#3"}
			}
		},
		{
			"name": "hexadecagon",
			"from": [4.60326, 10.2, 2.8],
			"to": [7.29674, 11.5, 4.2],
			"rotation": {"angle": -22.5, "axis": "z", "origin": [5.8, 7.5, 3.7]},
			"faces": {
				"north": {"uv": [0, 0, 1, 1], "texture": "#3"},
				"east": {"uv": [0, 0, 1, 1], "texture": "#3"},
				"south": {"uv": [0, 0, 1, 1], "texture": "#3"},
				"west": {"uv": [0, 0, 1, 1], "texture": "#3"},
				"up": {"uv": [0, 0, 1, 1], "texture": "#3"},
				"down": {"uv": [0, 0, 1, 1], "texture": "#3"}
			}
		},
		{
			"name": "hexadecagon",
			"from": [3.02197, 4.93389, 9.1],
			"to": [4.21544, 5.23389, 10.1],
			"rotation": {"angle": -22.5, "axis": "z", "origin": [3.6187, 2.23389, 9.6]},
			"faces": {
				"north": {"uv": [0, 0, 1, 1], "texture": "#3"},
				"east": {"uv": [0, 0, 1, 1], "texture": "#3"},
				"south": {"uv": [0, 0, 1, 1], "texture": "#3"},
				"west": {"uv": [0, 0, 1, 1], "texture": "#3"},
				"up": {"uv": [0, 0, 1, 1], "texture": "#3"},
				"down": {"uv": [0, 0, 1, 1], "texture": "#3"}
			}
		},
		{
			"name": "hexadecagon",
			"from": [5.20326, 4.5, 9.1],
			"to": [6.39674, 4.8, 10.1],
			"rotation": {"angle": 0, "axis": "z", "origin": [5.8, 1.8, 9.6]},
			"faces": {
				"north": {"uv": [0, 0, 1, 1], "texture": "#3"},
				"east": {"uv": [0, 0, 1, 1], "texture": "#3"},
				"south": {"uv": [0, 0, 1, 1], "texture": "#3"},
				"west": {"uv": [0, 0, 1, 1], "texture": "#3"},
				"up": {"uv": [0, 0, 1, 1], "texture": "#3"},
				"down": {"uv": [0, 0, 1, 1], "texture": "#3"}
			}
		},
		{
			"name": "hexadecagon",
			"from": [5.20326, 10.2, 8.7],
			"to": [6.39674, 11.3, 10.1],
			"rotation": {"angle": 0, "axis": "z", "origin": [5.8, 7.5, 9.6]},
			"faces": {
				"north": {"uv": [0, 0, 1, 1], "texture": "#3"},
				"east": {"uv": [0, 0, 1, 1], "texture": "#3"},
				"south": {"uv": [0, 0, 1, 1], "texture": "#3"},
				"west": {"uv": [0, 0, 1, 1], "texture": "#3"},
				"up": {"uv": [0, 0, 1, 1], "texture": "#3"},
				"down": {"uv": [0, 0, 1, 1], "texture": "#3"}
			}
		},
		{
			"name": "hexadecagon",
			"from": [5.20326, 10.2, 2.8],
			"to": [6.39674, 11.3, 4.2],
			"rotation": {"angle": 0, "axis": "z", "origin": [5.8, 7.5, 3.7]},
			"faces": {
				"north": {"uv": [0, 0, 1, 1], "texture": "#3"},
				"east": {"uv": [0, 0, 1, 1], "texture": "#3"},
				"south": {"uv": [0, 0, 1, 1], "texture": "#3"},
				"west": {"uv": [0, 0, 1, 1], "texture": "#3"},
				"up": {"uv": [0, 0, 1, 1], "texture": "#3"},
				"down": {"uv": [0, 0, 1, 1], "texture": "#3"}
			}
		},
		{
			"name": "hexadecagon",
			"from": [5.20326, 10.2, 8.7],
			"to": [6.39674, 11.3, 10.1],
			"rotation": {"angle": 22.5, "axis": "z", "origin": [5.8, 7.5, 9.6]},
			"faces": {
				"north": {"uv": [0, 0, 1, 1], "texture": "#3"},
				"east": {"uv": [0, 0, 1, 1], "texture": "#3"},
				"south": {"uv": [0, 0, 1, 1], "texture": "#3"},
				"west": {"uv": [0, 0, 1, 1], "texture": "#3"},
				"up": {"uv": [0, 0, 1, 1], "texture": "#3"},
				"down": {"uv": [0, 0, 1, 1], "texture": "#3"}
			}
		},
		{
			"name": "hexadecagon",
			"from": [5.20326, 10.2, 2.8],
			"to": [6.39674, 11.3, 4.2],
			"rotation": {"angle": 22.5, "axis": "z", "origin": [5.8, 7.5, 3.7]},
			"faces": {
				"north": {"uv": [0, 0, 1, 1], "texture": "#3"},
				"east": {"uv": [0, 0, 1, 1], "texture": "#3"},
				"south": {"uv": [0, 0, 1, 1], "texture": "#3"},
				"west": {"uv": [0, 0, 1, 1], "texture": "#3"},
				"up": {"uv": [0, 0, 1, 1], "texture": "#3"},
				"down": {"uv": [0, 0, 1, 1], "texture": "#3"}
			}
		},
		{
			"name": "hexadecagon",
			"from": [7.38456, 4.93389, 9.1],
			"to": [8.57803, 5.23389, 10.1],
			"rotation": {"angle": 22.5, "axis": "z", "origin": [7.9813, 2.23389, 9.6]},
			"faces": {
				"north": {"uv": [0, 0, 1, 1], "texture": "#3"},
				"east": {"uv": [0, 0, 1, 1], "texture": "#3"},
				"south": {"uv": [0, 0, 1, 1], "texture": "#3"},
				"west": {"uv": [0, 0, 1, 1], "texture": "#3"},
				"up": {"uv": [0, 0, 1, 1], "texture": "#3"},
				"down": {"uv": [0, 0, 1, 1], "texture": "#3"}
			}
		},
		{
			"name": "hexadecagon",
			"from": [9.23377, 5.66949, 8.7],
			"to": [10.42725, 6.46949, 10.1],
			"rotation": {"angle": 45, "axis": "z", "origin": [9.83051, 3.46949, 9.6]},
			"faces": {
				"north": {"uv": [0, 0, 1, 1], "texture": "#3"},
				"east": {"uv": [0, 0, 1, 1], "texture": "#3"},
				"south": {"uv": [0, 0, 1, 1], "texture": "#3"},
				"west": {"uv": [0, 0, 1, 1], "texture": "#3"},
				"up": {"uv": [0, 0, 1, 1], "texture": "#3"},
				"down": {"uv": [0, 0, 1, 1], "texture": "#3"}
			}
		},
		{
			"name": "hexadecagon",
			"from": [9.23377, 5.66949, 2.8],
			"to": [10.42725, 6.46949, 4.2],
			"rotation": {"angle": 45, "axis": "z", "origin": [9.83051, 3.46949, 3.7]},
			"faces": {
				"north": {"uv": [0, 0, 1, 1], "texture": "#3"},
				"east": {"uv": [0, 0, 1, 1], "texture": "#3"},
				"south": {"uv": [0, 0, 1, 1], "texture": "#3"},
				"west": {"uv": [0, 0, 1, 1], "texture": "#3"},
				"up": {"uv": [0, 0, 1, 1], "texture": "#3"},
				"down": {"uv": [0, 0, 1, 1], "texture": "#3"}
			}
		},
		{
			"name": "hexadecagon",
			"from": [5.20326, 10.2, 9.1],
			"to": [6.39674, 10.5, 10.1],
			"rotation": {"angle": 45, "axis": "z", "origin": [5.8, 7.5, 9.6]},
			"faces": {
				"north": {"uv": [0, 0, 1, 1], "texture": "#3"},
				"east": {"uv": [0, 0, 1, 1], "texture": "#3"},
				"south": {"uv": [0, 0, 1, 1], "texture": "#3"},
				"west": {"uv": [0, 0, 1, 1], "texture": "#3"},
				"up": {"uv": [0, 0, 1, 1], "texture": "#3"},
				"down": {"uv": [0, 0, 1, 1], "texture": "#3"}
			}
		},
		{
			"name": "hexadecagon",
			"from": [5.20326, 10.2, 2.8],
			"to": [6.39674, 10.5, 3.8],
			"rotation": {"angle": 45, "axis": "z", "origin": [5.8, 7.5, 3.3]},
			"faces": {
				"north": {"uv": [0, 0, 1, 1], "texture": "#3"},
				"east": {"uv": [0, 0, 1, 1], "texture": "#3"},
				"south": {"uv": [0, 0, 1, 1], "texture": "#3"},
				"west": {"uv": [0, 0, 1, 1], "texture": "#3"},
				"up": {"uv": [0, 0, 1, 1], "texture": "#3"},
				"down": {"uv": [0, 0, 1, 1], "texture": "#3"}
			}
		},
		{
			"name": "hexadecagon",
			"from": [5.20326, 10.2, 8.7],
			"to": [6.99674, 11.1, 10.1],
			"rotation": {"angle": 45, "axis": "z", "origin": [5.8, 7.5, 9.6]},
			"faces": {
				"north": {"uv": [0, 0, 1, 1], "texture": "#3"},
				"east": {"uv": [0, 0, 1, 1], "texture": "#3"},
				"south": {"uv": [0, 0, 1, 1], "texture": "#3"},
				"west": {"uv": [0, 0, 1, 1], "texture": "#3"},
				"up": {"uv": [0, 0, 1, 1], "texture": "#3"},
				"down": {"uv": [0, 0, 1, 1], "texture": "#3"}
			}
		},
		{
			"name": "hexadecagon",
			"from": [5.20326, 10.2, 2.8],
			"to": [6.99674, 11.1, 4.2],
			"rotation": {"angle": 45, "axis": "z", "origin": [5.8, 7.5, 3.7]},
			"faces": {
				"north": {"uv": [0, 0, 1, 1], "texture": "#3"},
				"east": {"uv": [0, 0, 1, 1], "texture": "#3"},
				"south": {"uv": [0, 0, 1, 1], "texture": "#3"},
				"west": {"uv": [0, 0, 1, 1], "texture": "#3"},
				"up": {"uv": [0, 0, 1, 1], "texture": "#3"},
				"down": {"uv": [0, 0, 1, 1], "texture": "#3"}
			}
		},
		{
			"name": "hexadecagon",
			"from": [2.4, 6.60326, 8.7],
			"to": [3.1, 8.69674, 10.1],
			"rotation": {"angle": -22.5, "axis": "z", "origin": [5.8, 7.5, 9.6]},
			"faces": {
				"north": {"uv": [0, 0, 1, 1], "texture": "#3"},
				"east": {"uv": [0, 0, 1, 1], "texture": "#3"},
				"south": {"uv": [0, 0, 1, 1], "texture": "#3"},
				"west": {"uv": [0, 0, 1, 1], "texture": "#3"},
				"up": {"uv": [0, 0, 1, 1], "texture": "#3"},
				"down": {"uv": [0, 0, 1, 1], "texture": "#3"}
			}
		},
		{
			"name": "hexadecagon",
			"from": [2.4, 6.60326, 2.8],
			"to": [3.1, 8.69674, 4.2],
			"rotation": {"angle": -22.5, "axis": "z", "origin": [5.8, 7.5, 3.7]},
			"faces": {
				"north": {"uv": [0, 0, 1, 1], "texture": "#3"},
				"east": {"uv": [0, 0, 1, 1], "texture": "#3"},
				"south": {"uv": [0, 0, 1, 1], "texture": "#3"},
				"west": {"uv": [0, 0, 1, 1], "texture": "#3"},
				"up": {"uv": [0, 0, 1, 1], "texture": "#3"},
				"down": {"uv": [0, 0, 1, 1], "texture": "#3"}
			}
		},
		{
			"name": "hexadecagon",
			"from": [8.06611, 3.72197, 8.7],
			"to": [10.96611, 5.91544, 10.1],
			"rotation": {"angle": -22.5, "axis": "z", "origin": [11.06611, 5.3187, 9.6]},
			"faces": {
				"north": {"uv": [0, 0, 1, 1], "texture": "#3"},
				"east": {"uv": [0, 0, 1, 1], "texture": "#3"},
				"south": {"uv": [0, 0, 1, 1], "texture": "#3"},
				"west": {"uv": [0, 0, 1, 1], "texture": "#3"},
				"up": {"uv": [0, 0, 1, 1], "texture": "#3"},
				"down": {"uv": [0, 0, 1, 1], "texture": "#3"}
			}
		},
		{
			"name": "hexadecagon",
			"from": [8.06611, 3.72197, 2.8],
			"to": [10.96611, 5.91544, 4.2],
			"rotation": {"angle": -22.5, "axis": "z", "origin": [11.06611, 5.3187, 3.7]},
			"faces": {
				"north": {"uv": [0, 0, 1, 1], "texture": "#3"},
				"east": {"uv": [0, 0, 1, 1], "texture": "#3"},
				"south": {"uv": [0, 0, 1, 1], "texture": "#3"},
				"west": {"uv": [0, 0, 1, 1], "texture": "#3"},
				"up": {"uv": [0, 0, 1, 1], "texture": "#3"},
				"down": {"uv": [0, 0, 1, 1], "texture": "#3"}
			}
		},
		{
			"name": "hexadecagon",
			"from": [8.5, 4.90326, 8.7],
			"to": [12.1, 9.59674, 10.1],
			"rotation": {"angle": 0, "axis": "z", "origin": [5.8, 7.5, 9.6]},
			"faces": {
				"north": {"uv": [0, 0, 1, 1], "texture": "#3"},
				"east": {"uv": [0, 0, 1, 1], "texture": "#3"},
				"south": {"uv": [0, 0, 1, 1], "texture": "#3"},
				"west": {"uv": [0, 0, 1, 1], "texture": "#3"},
				"up": {"uv": [0, 0, 1, 1], "texture": "#3"},
				"down": {"uv": [0, 0, 1, 1], "texture": "#3"}
			}
		},
		{
			"name": "hexadecagon",
			"from": [8.5, 4.90326, 2.8],
			"to": [12.1, 9.59674, 4.2],
			"rotation": {"angle": 0, "axis": "z", "origin": [5.8, 7.5, 3.7]},
			"faces": {
				"north": {"uv": [0, 0, 1, 1], "texture": "#3"},
				"east": {"uv": [0, 0, 1, 1], "texture": "#3"},
				"south": {"uv": [0, 0, 1, 1], "texture": "#3"},
				"west": {"uv": [0, 0, 1, 1], "texture": "#3"},
				"up": {"uv": [0, 0, 1, 1], "texture": "#3"},
				"down": {"uv": [0, 0, 1, 1], "texture": "#3"}
			}
		},
		{
			"name": "hexadecagon",
			"from": [3.1, 4.90326, 8.7],
			"to": [9.3, 10.49674, 9.9],
			"rotation": {"angle": 0, "axis": "z", "origin": [5.8, 7.5, 9.6]},
			"faces": {
				"north": {"uv": [0, 0, 1, 1], "texture": "#3"},
				"east": {"uv": [0, 0, 1, 1], "texture": "#3"},
				"south": {"uv": [2, 1, 3, 2], "texture": "#3"},
				"west": {"uv": [0, 0, 1, 1], "texture": "#3"},
				"up": {"uv": [0, 0, 1, 1], "texture": "#3"},
				"down": {"uv": [0, 0, 1, 1], "texture": "#3"}
			}
		},
		{
			"name": "hexadecagon",
			"from": [3.1, 4.90326, 3],
			"to": [9.3, 10.49674, 4.2],
			"rotation": {"angle": 0, "axis": "z", "origin": [5.8, 7.5, 3.9]},
			"faces": {
				"north": {"uv": [0, 0, 1, 1], "texture": "#3"},
				"east": {"uv": [0, 0, 1, 1], "texture": "#3"},
				"south": {"uv": [0, 0, 1, 1], "texture": "#3"},
				"west": {"uv": [0, 0, 1, 1], "texture": "#3"},
				"up": {"uv": [0, 0, 1, 1], "texture": "#3"},
				"down": {"uv": [0, 0, 1, 1], "texture": "#3"}
			}
		},
		{
			"name": "hexadecagon",
			"from": [2.1, 4.90326, 8.7],
			"to": [3.1, 8.09674, 10.1],
			"rotation": {"angle": 0, "axis": "z", "origin": [0.1, 7.5, 9.6]},
			"faces": {
				"north": {"uv": [0, 0, 1, 1], "texture": "#3"},
				"east": {"uv": [0, 0, 1, 1], "texture": "#3"},
				"south": {"uv": [0, 0, 1, 1], "texture": "#3"},
				"west": {"uv": [0, 0, 1, 1], "texture": "#3"},
				"up": {"uv": [0, 0, 1, 1], "texture": "#3"},
				"down": {"uv": [0, 0, 1, 1], "texture": "#3"}
			}
		},
		{
			"name": "hexadecagon",
			"from": [2.1, 4.90326, 2.8],
			"to": [3.1, 8.09674, 4.2],
			"rotation": {"angle": 0, "axis": "z", "origin": [0.1, 7.5, 3.7]},
			"faces": {
				"north": {"uv": [0, 0, 1, 1], "texture": "#3"},
				"east": {"uv": [0, 0, 1, 1], "texture": "#3"},
				"south": {"uv": [0, 0, 1, 1], "texture": "#3"},
				"west": {"uv": [0, 0, 1, 1], "texture": "#3"},
				"up": {"uv": [0, 0, 1, 1], "texture": "#3"},
				"down": {"uv": [0, 0, 1, 1], "texture": "#3"}
			}
		},
		{
			"name": "hexadecagon",
			"from": [8.5, 3.10326, 8.7],
			"to": [10.7, 8.09674, 10.1],
			"rotation": {"angle": 22.5, "axis": "z", "origin": [5.8, 7.5, 9.6]},
			"faces": {
				"north": {"uv": [0, 0, 1, 1], "texture": "#3"},
				"east": {"uv": [0, 0, 1, 1], "texture": "#3"},
				"south": {"uv": [0, 0, 1, 1], "texture": "#3"},
				"west": {"uv": [0, 0, 1, 1], "texture": "#3"},
				"up": {"uv": [0, 0, 1, 1], "texture": "#3"},
				"down": {"uv": [0, 0, 1, 1], "texture": "#3"}
			}
		},
		{
			"name": "hexadecagon",
			"from": [8.5, 3.10326, 2.8],
			"to": [10.7, 8.09674, 4.2],
			"rotation": {"angle": 22.5, "axis": "z", "origin": [5.8, 7.5, 3.7]},
			"faces": {
				"north": {"uv": [0, 0, 1, 1], "texture": "#3"},
				"east": {"uv": [0, 0, 1, 1], "texture": "#3"},
				"south": {"uv": [0, 0, 1, 1], "texture": "#3"},
				"west": {"uv": [0, 0, 1, 1], "texture": "#3"},
				"up": {"uv": [0, 0, 1, 1], "texture": "#3"},
				"down": {"uv": [0, 0, 1, 1], "texture": "#3"}
			}
		},
		{
			"name": "hexadecagon",
			"from": [2.53389, 4.72197, 9.1],
			"to": [3.53389, 5.91544, 10.1],
			"rotation": {"angle": 22.5, "axis": "z", "origin": [0.53389, 5.3187, 9.6]},
			"faces": {
				"north": {"uv": [0, 0, 1, 1], "texture": "#3"},
				"east": {"uv": [0, 0, 1, 1], "texture": "#3"},
				"south": {"uv": [0, 0, 1, 1], "texture": "#3"},
				"west": {"uv": [0, 0, 1, 1], "texture": "#3"},
				"up": {"uv": [0, 0, 1, 1], "texture": "#3"},
				"down": {"uv": [0, 0, 1, 1], "texture": "#3"}
			}
		},
		{
			"name": "hexadecagon",
			"from": [2.53389, 4.72197, 2.8],
			"to": [3.53389, 5.91544, 3.8],
			"rotation": {"angle": 22.5, "axis": "z", "origin": [0.53389, 5.3187, 3.3]},
			"faces": {
				"north": {"uv": [0, 0, 1, 1], "texture": "#3"},
				"east": {"uv": [0, 0, 1, 1], "texture": "#3"},
				"south": {"uv": [0, 0, 1, 1], "texture": "#3"},
				"west": {"uv": [0, 0, 1, 1], "texture": "#3"},
				"up": {"uv": [0, 0, 1, 1], "texture": "#3"},
				"down": {"uv": [0, 0, 1, 1], "texture": "#3"}
			}
		}
	],
	"display": {
		"thirdperson_righthand": {
			"rotation": [0, 137, 0],
			"translation": [0, 2, 0],
			"scale": [0.3, 0.3, 0.3]
		},
		"thirdperson_lefthand": {
			"rotation": [0, 137, 0],
			"translation": [0, 2, 0],
			"scale": [0.3, 0.3, 0.3]
		},
		"firstperson_righthand": {
			"rotation": [0, 128, 0],
			"translation": [0.25, 3.75, 1],
			"scale": [0.2, 0.2, 0.2]
		},
		"firstperson_lefthand": {
			"rotation": [0, 128, 0],
			"translation": [0.25, 3.75, 1],
			"scale": [0.2, 0.2, 0.2]
		},
		"ground": {
			"scale": [0.3, 0.3, 0.3]
		},
		"gui": {
			"rotation": [10, 156, 0],
			"translation": [0.25, 2, 0],
			"scale": [0.7, 0.7, 0.7]
		},
		"head": {
			"translation": [0, 9.5, 0],
			"scale": [0.4, 0.4, 0.4]
		},
		"fixed": {
			"translation": [0, 2.25, -2]
		}
	},
	"groups": [
		{
			"name": "group",
			"origin": [8, 8, 8],
			"children": [
				{
					"name": "hexadecagon",
					"origin": [8, 8, 8],
					"children": [0, 1, 2, 3, 4, 5, 6, 7, 8, 9, 10, 11, 12, 13, 14, 15]
				},
				{
					"name": "hexadecagon",
					"origin": [8, 8, 8],
					"children": [16, 17, 18, 19, 20, 21, 22, 23, 24, 25, 26, 27, 28, 29, 30, 31]
				}
			]
		},
		{
			"name": "group",
			"origin": [8, 8, 8],
			"children": [
				{
					"name": "hexadecagon",
					"origin": [8, 8, 8],
					"children": [32, 33, 34, 35, 36, 37, 38, 39, 40, 41, 42, 43, 44, 45, 46, 47]
				},
				{
					"name": "hexadecagon",
					"origin": [8, 8, 8],
					"children": [48, 49, 50, 51, 52, 53, 54, 55, 56, 57, 58, 59, 60, 61, 62, 63]
				}
			]
		},
		{
			"name": "group",
			"origin": [-7.6, 10.44, 10.7],
			"children": [64, 65, 66, 67, 68, 69, 70, 71, 72, 73, 74, 75, 76, 77, 78, 79, 80, 81, 82, 83, 84, 85, 86, 87, 88, 89, 90, 91, 92, 93, 94, 95, 96, 97, 98, 99, 100, 101, 102, 103, 104, 105, 106, 107, 108, 109, 110, 111, 112, 113, 114, 115, 116, 117, 118, 119, 120, 121, 122, 123, 124, 125, 126, 127, 128, 129, 130, 131, 132, 133, 134, 135, 136, 137, 138, 139, 140, 141, 142, 143, 144, 145, 146, 147, 148, 149, 150, 151, 152]
		},
		{
			"name": "hexadecagon",
			"origin": [8, 8, 8],
			"children": [153, 154, 155, 156, 157, 158, 159, 160, 161, 162, 163, 164, 165, 166, 167, 168, 169, 170, 171, 172, 173, 174, 175, 176, 177, 178, 179, 180, 181, 182, 183, 184]
		}
	]
}