{
	"credit": "Made with Blockbench",
	"textures": {
		"0": "block/white_concrete",
		"1": "block/gold_block",
		"2": "custom/mario",
		"3": "custom/whitemario",
		"particle": "block/white_concrete"
	},
	"elements": [
		{
			"name": "hexadecagon",
			"from": [7.80109, -16, 7],
			"to": [8.19891, 24.2, 9],
			"rotation": {"angle": -45, "axis": "y", "origin": [8, 8, 8]},
			"faces": {
				"north": {"uv": [0, 0, 1, 1], "texture": "#0"},
				"east": {"uv": [0, 0, 1, 1], "texture": "#0"},
				"south": {"uv": [0, 0, 1, 1], "texture": "#0"},
				"west": {"uv": [0, 0, 1, 1], "texture": "#0"},
				"up": {"uv": [0, 0, 1, 1], "texture": "#0"},
				"down": {"uv": [0, 0, 1, 1], "texture": "#0"}
			}
		},
		{
			"name": "hexadecagon",
			"from": [7.80109, -16, 7],
			"to": [8.19891, 24.2, 9],
			"rotation": {"angle": -22.5, "axis": "y", "origin": [8, 8, 8]},
			"faces": {
				"north": {"uv": [0, 0, 1, 1], "texture": "#0"},
				"east": {"uv": [0, 0, 1, 1], "texture": "#0"},
				"south": {"uv": [0, 0, 1, 1], "texture": "#0"},
				"west": {"uv": [0, 0, 1, 1], "texture": "#0"},
				"up": {"uv": [0, 0, 1, 1], "texture": "#0"},
				"down": {"uv": [0, 0, 1, 1], "texture": "#0"}
			}
		},
		{
			"name": "hexadecagon",
			"from": [7.80109, -16, 7],
			"to": [8.19891, 24.2, 9],
			"faces": {
				"north": {"uv": [0, 0, 1, 1], "texture": "#0"},
				"east": {"uv": [0, 0, 1, 1], "texture": "#0"},
				"south": {"uv": [0, 0, 1, 1], "texture": "#0"},
				"west": {"uv": [0, 0, 1, 1], "texture": "#0"},
				"up": {"uv": [0, 0, 1, 1], "texture": "#0"},
				"down": {"uv": [0, 0, 1, 1], "texture": "#0"}
			}
		},
		{
			"name": "hexadecagon",
			"from": [7.80109, -16, 7],
			"to": [8.19891, 24.2, 9],
			"rotation": {"angle": 22.5, "axis": "y", "origin": [8, 8, 8]},
			"faces": {
				"north": {"uv": [0, 0, 1, 1], "texture": "#0"},
				"east": {"uv": [0, 0, 1, 1], "texture": "#0"},
				"south": {"uv": [0, 0, 1, 1], "texture": "#0"},
				"west": {"uv": [0, 0, 1, 1], "texture": "#0"},
				"up": {"uv": [0, 0, 1, 1], "texture": "#0"},
				"down": {"uv": [0, 0, 1, 1], "texture": "#0"}
			}
		},
		{
			"name": "hexadecagon",
			"from": [7.80109, -16, 7],
			"to": [8.19891, 24.2, 9],
			"rotation": {"angle": 45, "axis": "y", "origin": [8, 8, 8]},
			"faces": {
				"north": {"uv": [0, 0, 1, 1], "texture": "#0"},
				"east": {"uv": [0, 0, 1, 1], "texture": "#0"},
				"south": {"uv": [0, 0, 1, 1], "texture": "#0"},
				"west": {"uv": [0, 0, 1, 1], "texture": "#0"},
				"up": {"uv": [0, 0, 1, 1], "texture": "#0"},
				"down": {"uv": [0, 0, 1, 1], "texture": "#0"}
			}
		},
		{
			"name": "hexadecagon",
			"from": [7, -16, 7.80109],
			"to": [9, 24.2, 8.19891],
			"rotation": {"angle": -22.5, "axis": "y", "origin": [8, 8, 8]},
			"faces": {
				"north": {"uv": [0, 0, 1, 1], "texture": "#0"},
				"east": {"uv": [0, 0, 1, 1], "texture": "#0"},
				"south": {"uv": [0, 0, 1, 1], "texture": "#0"},
				"west": {"uv": [0, 0, 1, 1], "texture": "#0"},
				"up": {"uv": [0, 0, 1, 1], "texture": "#0"},
				"down": {"uv": [0, 0, 1, 1], "texture": "#0"}
			}
		},
		{
			"name": "hexadecagon",
			"from": [7, -16, 7.80109],
			"to": [9, 24.2, 8.19891],
			"faces": {
				"north": {"uv": [0, 0, 1, 1], "texture": "#0"},
				"east": {"uv": [0, 0, 1, 1], "texture": "#0"},
				"south": {"uv": [0, 0, 1, 1], "texture": "#0"},
				"west": {"uv": [0, 0, 1, 1], "texture": "#0"},
				"up": {"uv": [0, 0, 1, 1], "texture": "#0"},
				"down": {"uv": [0, 0, 1, 1], "texture": "#0"}
			}
		},
		{
			"name": "hexadecagon",
			"from": [7, -16, 7.80109],
			"to": [9, 24.2, 8.19891],
			"rotation": {"angle": 22.5, "axis": "y", "origin": [8, 8, 8]},
			"faces": {
				"north": {"uv": [0, 0, 1, 1], "texture": "#0"},
				"east": {"uv": [0, 0, 1, 1], "texture": "#0"},
				"south": {"uv": [0, 0, 1, 1], "texture": "#0"},
				"west": {"uv": [0, 0, 1, 1], "texture": "#0"},
				"up": {"uv": [0, 0, 1, 1], "texture": "#0"},
				"down": {"uv": [0, 0, 1, 1], "texture": "#0"}
			}
		},
		{
			"from": [-7.6, 23.2, 7.6],
			"to": [5, 24.2, 8.6],
			"rotation": {"angle": 22.5, "axis": "z", "origin": [6, 31.2, 15.6]},
			"faces": {
				"north": {"uv": [0, 0, 1.40606, 1.45455], "texture": "#2"},
				"east": {"uv": [0, 0, 1.40606, 1.45455], "texture": "#2"},
				"south": {"uv": [0, 0, 1.40606, 1.45455], "texture": "#2"},
				"west": {"uv": [0, 0, 1.40606, 1.45455], "texture": "#2"},
				"up": {"uv": [0, 0, 1.40606, 1.45455], "texture": "#2"},
				"down": {"uv": [0, 0, 1.40606, 1.45455], "texture": "#2"}
			}
		},
		{
			"from": [0.76497, 15.55, 7.6],
			"to": [1.41497, 16.15, 8.6],
			"rotation": {"angle": -45, "axis": "z", "origin": [2.50941, 23.45672, 15.6]},
			"faces": {
				"north": {"uv": [0, 0, 1.40606, 1.45455], "texture": "#2"},
				"east": {"uv": [0, 0, 1.40606, 1.45455], "texture": "#2"},
				"south": {"uv": [0, 0, 1.40606, 1.45455], "texture": "#2"},
				"west": {"uv": [0, 0, 1.40606, 1.45455], "texture": "#2"},
				"up": {"uv": [0, 0, 1.40606, 1.45455], "texture": "#2"},
				"down": {"uv": [0, 0, 1.40606, 1.45455], "texture": "#2"}
			}
		},
		{
			"from": [-1.8, 13.1, 7.6],
			"to": [10.1, 14.1, 8.6],
			"rotation": {"angle": -22.5, "axis": "z", "origin": [11.1, 21.1, 15.6]},
			"faces": {
				"north": {"uv": [0, 0, 1.40606, 1.45455], "texture": "#2"},
				"east": {"uv": [0, 0, 1.40606, 1.45455], "texture": "#2"},
				"south": {"uv": [0, 0, 1.40606, 1.45455], "texture": "#2"},
				"west": {"uv": [0, 0, 1.40606, 1.45455], "texture": "#2"},
				"up": {"uv": [0, 0, 1.40606, 1.45455], "texture": "#2"},
				"down": {"uv": [0, 0, 1.40606, 1.45455], "texture": "#2"}
			}
		},
		{
			"from": [5.2, 15.1, 7.61],
			"to": [7.1, 23.1, 8.59],
			"rotation": {"angle": 0, "axis": "z", "origin": [11.1, 23.1, 15.6]},
			"faces": {
				"north": {"uv": [0, 0, 1.40606, 1.45455], "texture": "#2"},
				"east": {"uv": [0, 0, 1.40606, 1.45455], "texture": "#2"},
				"south": {"uv": [0, 0, 1.40606, 1.45455], "texture": "#2"},
				"west": {"uv": [0, 0, 1.40606, 1.45455], "texture": "#2"},
				"up": {"uv": [0, 0, 1.40606, 1.45455], "texture": "#2"},
				"down": {"uv": [0, 0, 1.40606, 1.45455], "texture": "#2"}
			}
		},
		{
			"from": [3.4, 15.7, 7.61],
			"to": [5.3, 22.5, 8.59],
			"rotation": {"angle": 0, "axis": "z", "origin": [9.3, 23.1, 15.6]},
			"faces": {
				"north": {"uv": [0, 0, 0.72727, 3.63636], "texture": "#2"},
				"east": {"uv": [0, 0, 0.72727, 3.63636], "texture": "#2"},
				"south": {"uv": [0, 0, 0.24242, 3.63636], "texture": "#2"},
				"west": {"uv": [0, 0, 0.72727, 3.63636], "texture": "#2"},
				"up": {"uv": [0, 0, 0.72727, 3.63636], "texture": "#2"},
				"down": {"uv": [0, 0, 0.72727, 3.63636], "texture": "#2"}
			}
		},
		{
			"from": [0.4, 15.7, 7.55],
			"to": [7.3, 22.5, 8.64],
			"rotation": {"angle": 0, "axis": "z", "origin": [9.3, 23.1, 15.5]},
			"faces": {
				"north": {"uv": [0, 0, 15.95152, 15.95152], "texture": "#3"},
				"east": {"uv": [0, 0, 0.48485, 4.26667], "texture": "#3"},
				"south": {"uv": [0, 0, 15.95152, 15.95152], "texture": "#3"},
				"west": {"uv": [0, 0, 0, 2.95758], "texture": "#3"},
				"up": {"uv": [0, 0, 4.31515, 0.58182], "texture": "#3"},
				"down": {"uv": [0, 0, 3.87879, 0.53333], "texture": "#3"}
			}
		},
		{
			"from": [1.5, 16.5, 7.61],
			"to": [3.4, 21.6, 8.59],
			"rotation": {"angle": 0, "axis": "z", "origin": [7.4, 23.1, 15.6]},
			"faces": {
				"north": {"uv": [0, 0, 0.29091, 4.02424], "texture": "#2"},
				"east": {"uv": [0, 0, 0.29091, 4.02424], "texture": "#2"},
				"south": {"uv": [0, 0, 0.29091, 4.02424], "texture": "#2"},
				"west": {"uv": [0, 0, 0.29091, 4.02424], "texture": "#2"},
				"up": {"uv": [0, 0, 0.29091, 4.02424], "texture": "#2"},
				"down": {"uv": [0, 0, 0.29091, 4.02424], "texture": "#2"}
			}
		},
		{
			"from": [-0.4, 17.3, 7.61],
			"to": [1.5, 20.8, 8.59],
			"rotation": {"angle": 0, "axis": "z", "origin": [5.5, 23.1, 15.6]},
			"faces": {
				"north": {"uv": [0, 0, 1.40606, 1.45455], "texture": "#2"},
				"east": {"uv": [0, 0, 1.40606, 1.45455], "texture": "#2"},
				"south": {"uv": [0, 0, 1.40606, 1.45455], "texture": "#2"},
				"west": {"uv": [0, 0, 1.40606, 1.45455], "texture": "#2"},
				"up": {"uv": [0, 0, 1.40606, 1.45455], "texture": "#2"},
				"down": {"uv": [0, 0, 1.40606, 1.45455], "texture": "#2"}
			}
		},
		{
			"from": [-2.5, 18.3, 7.61],
			"to": [-0.4, 20, 8.59],
			"rotation": {"angle": 0, "axis": "z", "origin": [3.6, 23.1, 15.6]},
			"faces": {
				"north": {"uv": [0, 0, 1.40606, 1.45455], "texture": "#2"},
				"east": {"uv": [0, 0, 1.40606, 1.45455], "texture": "#2"},
				"south": {"uv": [0, 0, 1.40606, 1.45455], "texture": "#2"},
				"west": {"uv": [0, 0, 1.40606, 1.45455], "texture": "#2"},
				"up": {"uv": [0, 0, 1.40606, 1.45455], "texture": "#2"},
				"down": {"uv": [0, 0, 1.40606, 1.45455], "texture": "#2"}
			}
		},
		{
			"name": "hexadecagon",
			"from": [7.75136, 24, 6.75],
			"to": [8.24864, 28, 9.25],
			"rotation": {"angle": -45, "axis": "y", "origin": [8, 24.5, 8]},
			"faces": {
				"north": {"uv": [6, 1, 12, 15], "texture": "#1"},
				"east": {"uv": [6, 1, 12, 15], "texture": "#1"},
				"south": {"uv": [6, 1, 12, 15], "texture": "#1"},
				"west": {"uv": [6, 1, 12, 15], "texture": "#1"},
				"up": {"uv": [6, 1, 12, 15], "texture": "#1"},
				"down": {"uv": [6, 1, 12, 15], "texture": "#1"}
			}
		},
		{
			"name": "hexadecagon",
			"from": [7.75136, 24, 6.75],
			"to": [8.24864, 28, 9.25],
			"rotation": {"angle": -22.5, "axis": "y", "origin": [8, 24.5, 8]},
			"faces": {
				"north": {"uv": [6, 1, 12, 15], "texture": "#1"},
				"east": {"uv": [6, 1, 12, 15], "texture": "#1"},
				"south": {"uv": [6, 1, 12, 15], "texture": "#1"},
				"west": {"uv": [6, 1, 12, 15], "texture": "#1"},
				"up": {"uv": [6, 1, 12, 15], "texture": "#1"},
				"down": {"uv": [6, 1, 12, 15], "texture": "#1"}
			}
		},
		{
			"name": "hexadecagon",
			"from": [7.75136, 24, 6.75],
			"to": [8.24864, 28, 9.25],
			"rotation": {"angle": 0, "axis": "y", "origin": [8, 24.5, 8]},
			"faces": {
				"north": {"uv": [6, 1, 12, 15], "texture": "#1"},
				"east": {"uv": [6, 1, 12, 15], "texture": "#1"},
				"south": {"uv": [6, 1, 12, 15], "texture": "#1"},
				"west": {"uv": [6, 1, 12, 15], "texture": "#1"},
				"up": {"uv": [6, 1, 12, 15], "texture": "#1"},
				"down": {"uv": [6, 1, 12, 15], "texture": "#1"}
			}
		},
		{
			"name": "hexadecagon",
			"from": [7.75136, 24, 6.75],
			"to": [8.24864, 28, 9.25],
			"rotation": {"angle": 22.5, "axis": "y", "origin": [8, 24.5, 8]},
			"faces": {
				"north": {"uv": [6, 1, 12, 15], "texture": "#1"},
				"east": {"uv": [6, 1, 12, 15], "texture": "#1"},
				"south": {"uv": [6, 1, 12, 15], "texture": "#1"},
				"west": {"uv": [6, 1, 12, 15], "texture": "#1"},
				"up": {"uv": [6, 1, 12, 15], "texture": "#1"},
				"down": {"uv": [6, 1, 12, 15], "texture": "#1"}
			}
		},
		{
			"name": "hexadecagon",
			"from": [7.75136, 24, 6.75],
			"to": [8.24864, 28, 9.25],
			"rotation": {"angle": 45, "axis": "y", "origin": [8, 24.5, 8]},
			"faces": {
				"north": {"uv": [6, 1, 12, 15], "texture": "#1"},
				"east": {"uv": [6, 1, 12, 15], "texture": "#1"},
				"south": {"uv": [6, 1, 12, 15], "texture": "#1"},
				"west": {"uv": [6, 1, 12, 15], "texture": "#1"},
				"up": {"uv": [6, 1, 12, 15], "texture": "#1"},
				"down": {"uv": [6, 1, 12, 15], "texture": "#1"}
			}
		},
		{
			"name": "hexadecagon",
			"from": [6.75, 24, 7.75136],
			"to": [9.25, 28, 8.24864],
			"rotation": {"angle": -22.5, "axis": "y", "origin": [8, 24.5, 8]},
			"faces": {
				"north": {"uv": [6, 1, 12, 15], "texture": "#1"},
				"east": {"uv": [6, 1, 12, 15], "texture": "#1"},
				"south": {"uv": [6, 1, 12, 15], "texture": "#1"},
				"west": {"uv": [6, 1, 12, 15], "texture": "#1"},
				"up": {"uv": [6, 1, 12, 15], "texture": "#1"},
				"down": {"uv": [6, 1, 12, 15], "texture": "#1"}
			}
		},
		{
			"name": "hexadecagon",
			"from": [6.75, 24, 7.75136],
			"to": [9.25, 28, 8.24864],
			"rotation": {"angle": 0, "axis": "y", "origin": [8, 24.5, 8]},
			"faces": {
				"north": {"uv": [6, 1, 12, 15], "texture": "#1"},
				"east": {"uv": [6, 1, 12, 15], "texture": "#1"},
				"south": {"uv": [6, 1, 12, 15], "texture": "#1"},
				"west": {"uv": [6, 1, 12, 15], "texture": "#1"},
				"up": {"uv": [6, 1, 12, 15], "texture": "#1"},
				"down": {"uv": [6, 1, 12, 15], "texture": "#1"}
			}
		},
		{
			"name": "hexadecagon",
			"from": [6.75, 24, 7.75136],
			"to": [9.25, 28, 8.24864],
			"rotation": {"angle": 22.5, "axis": "y", "origin": [8, 24.5, 8]},
			"faces": {
				"north": {"uv": [6, 1, 12, 15], "texture": "#1"},
				"east": {"uv": [6, 1, 12, 15], "texture": "#1"},
				"south": {"uv": [6, 1, 12, 15], "texture": "#1"},
				"west": {"uv": [6, 1, 12, 15], "texture": "#1"},
				"up": {"uv": [6, 1, 12, 15], "texture": "#1"},
				"down": {"uv": [6, 1, 12, 15], "texture": "#1"}
			}
		},
		{
			"name": "hexadecagon",
			"from": [7.70163, 24.3, 6.5],
			"to": [8.29837, 27.7, 9.5],
			"rotation": {"angle": -45, "axis": "y", "origin": [8, 24.8, 8]},
			"faces": {
				"north": {"uv": [6, 1, 12, 15], "texture": "#1"},
				"east": {"uv": [6, 1, 12, 15], "texture": "#1"},
				"south": {"uv": [6, 1, 12, 15], "texture": "#1"},
				"west": {"uv": [6, 1, 12, 15], "texture": "#1"},
				"up": {"uv": [6, 1, 12, 15], "texture": "#1"},
				"down": {"uv": [6, 1, 12, 15], "texture": "#1"}
			}
		},
		{
			"name": "hexadecagon",
			"from": [7.70163, 24.3, 6.5],
			"to": [8.29837, 27.7, 9.5],
			"rotation": {"angle": -22.5, "axis": "y", "origin": [8, 24.8, 8]},
			"faces": {
				"north": {"uv": [6, 1, 12, 15], "texture": "#1"},
				"east": {"uv": [6, 1, 12, 15], "texture": "#1"},
				"south": {"uv": [6, 1, 12, 15], "texture": "#1"},
				"west": {"uv": [6, 1, 12, 15], "texture": "#1"},
				"up": {"uv": [6, 1, 12, 15], "texture": "#1"},
				"down": {"uv": [6, 1, 12, 15], "texture": "#1"}
			}
		},
		{
			"name": "hexadecagon",
			"from": [7.70163, 24.3, 6.5],
			"to": [8.29837, 27.7, 9.5],
			"rotation": {"angle": 0, "axis": "y", "origin": [8, 24.8, 8]},
			"faces": {
				"north": {"uv": [6, 1, 12, 15], "texture": "#1"},
				"east": {"uv": [6, 1, 12, 15], "texture": "#1"},
				"south": {"uv": [6, 1, 12, 15], "texture": "#1"},
				"west": {"uv": [6, 1, 12, 15], "texture": "#1"},
				"up": {"uv": [6, 1, 12, 15], "texture": "#1"},
				"down": {"uv": [6, 1, 12, 15], "texture": "#1"}
			}
		},
		{
			"name": "hexadecagon",
			"from": [7.70163, 24.3, 6.5],
			"to": [8.29837, 27.7, 9.5],
			"rotation": {"angle": 22.5, "axis": "y", "origin": [8, 24.8, 8]},
			"faces": {
				"north": {"uv": [6, 1, 12, 15], "texture": "#1"},
				"east": {"uv": [6, 1, 12, 15], "texture": "#1"},
				"south": {"uv": [6, 1, 12, 15], "texture": "#1"},
				"west": {"uv": [6, 1, 12, 15], "texture": "#1"},
				"up": {"uv": [6, 1, 12, 15], "texture": "#1"},
				"down": {"uv": [6, 1, 12, 15], "texture": "#1"}
			}
		},
		{
			"name": "hexadecagon",
			"from": [7.70163, 24.3, 6.5],
			"to": [8.29837, 27.7, 9.5],
			"rotation": {"angle": 45, "axis": "y", "origin": [8, 24.8, 8]},
			"faces": {
				"north": {"uv": [6, 1, 12, 15], "texture": "#1"},
				"east": {"uv": [6, 1, 12, 15], "texture": "#1"},
				"south": {"uv": [6, 1, 12, 15], "texture": "#1"},
				"west": {"uv": [6, 1, 12, 15], "texture": "#1"},
				"up": {"uv": [6, 1, 12, 15], "texture": "#1"},
				"down": {"uv": [6, 1, 12, 15], "texture": "#1"}
			}
		},
		{
			"name": "hexadecagon",
			"from": [6.5, 24.3, 7.70163],
			"to": [9.5, 27.7, 8.29837],
			"rotation": {"angle": -22.5, "axis": "y", "origin": [8, 24.8, 8]},
			"faces": {
				"north": {"uv": [6, 1, 12, 15], "texture": "#1"},
				"east": {"uv": [6, 1, 12, 15], "texture": "#1"},
				"south": {"uv": [6, 1, 12, 15], "texture": "#1"},
				"west": {"uv": [6, 1, 12, 15], "texture": "#1"},
				"up": {"uv": [6, 1, 12, 15], "texture": "#1"},
				"down": {"uv": [6, 1, 12, 15], "texture": "#1"}
			}
		},
		{
			"name": "hexadecagon",
			"from": [6.5, 24.3, 7.70163],
			"to": [9.5, 27.7, 8.29837],
			"rotation": {"angle": 0, "axis": "y", "origin": [8, 24.8, 8]},
			"faces": {
				"north": {"uv": [6, 1, 12, 15], "texture": "#1"},
				"east": {"uv": [6, 1, 12, 15], "texture": "#1"},
				"south": {"uv": [6, 1, 12, 15], "texture": "#1"},
				"west": {"uv": [6, 1, 12, 15], "texture": "#1"},
				"up": {"uv": [6, 1, 12, 15], "texture": "#1"},
				"down": {"uv": [6, 1, 12, 15], "texture": "#1"}
			}
		},
		{
			"name": "hexadecagon",
			"from": [6.5, 24.3, 7.70163],
			"to": [9.5, 27.7, 8.29837],
			"rotation": {"angle": 22.5, "axis": "y", "origin": [8, 24.8, 8]},
			"faces": {
				"north": {"uv": [6, 1, 12, 15], "texture": "#1"},
				"east": {"uv": [6, 1, 12, 15], "texture": "#1"},
				"south": {"uv": [6, 1, 12, 15], "texture": "#1"},
				"west": {"uv": [6, 1, 12, 15], "texture": "#1"},
				"up": {"uv": [6, 1, 12, 15], "texture": "#1"},
				"down": {"uv": [6, 1, 12, 15], "texture": "#1"}
			}
		},
		{
			"name": "hexadecagon",
			"from": [7.60218, 24.6, 6],
			"to": [8.39782, 27.4, 10],
			"rotation": {"angle": -45, "axis": "y", "origin": [8, 25, 8]},
			"faces": {
				"north": {"uv": [6, 1, 12, 15], "texture": "#1"},
				"east": {"uv": [6, 1, 12, 15], "texture": "#1"},
				"south": {"uv": [6, 1, 12, 15], "texture": "#1"},
				"west": {"uv": [6, 1, 12, 15], "texture": "#1"},
				"up": {"uv": [6, 1, 12, 15], "texture": "#1"},
				"down": {"uv": [6, 1, 12, 15], "texture": "#1"}
			}
		},
		{
			"name": "hexadecagon",
			"from": [7.60218, 24.6, 6],
			"to": [8.39782, 27.4, 10],
			"rotation": {"angle": -22.5, "axis": "y", "origin": [8, 25, 8]},
			"faces": {
				"north": {"uv": [6, 1, 12, 15], "texture": "#1"},
				"east": {"uv": [6, 1, 12, 15], "texture": "#1"},
				"south": {"uv": [6, 1, 12, 15], "texture": "#1"},
				"west": {"uv": [6, 1, 12, 15], "texture": "#1"},
				"up": {"uv": [6, 1, 12, 15], "texture": "#1"},
				"down": {"uv": [6, 1, 12, 15], "texture": "#1"}
			}
		},
		{
			"name": "hexadecagon",
			"from": [7.60218, 24.6, 6],
			"to": [8.39782, 27.4, 10],
			"rotation": {"angle": 0, "axis": "y", "origin": [8, 25, 8]},
			"faces": {
				"north": {"uv": [6, 1, 12, 15], "texture": "#1"},
				"east": {"uv": [6, 1, 12, 15], "texture": "#1"},
				"south": {"uv": [6, 1, 12, 15], "texture": "#1"},
				"west": {"uv": [6, 1, 12, 15], "texture": "#1"},
				"up": {"uv": [6, 1, 12, 15], "texture": "#1"},
				"down": {"uv": [6, 1, 12, 15], "texture": "#1"}
			}
		},
		{
			"name": "hexadecagon",
			"from": [7.60218, 24.6, 6],
			"to": [8.39782, 27.4, 10],
			"rotation": {"angle": 22.5, "axis": "y", "origin": [8, 25, 8]},
			"faces": {
				"north": {"uv": [6, 1, 12, 15], "texture": "#1"},
				"east": {"uv": [6, 1, 12, 15], "texture": "#1"},
				"south": {"uv": [6, 1, 12, 15], "texture": "#1"},
				"west": {"uv": [6, 1, 12, 15], "texture": "#1"},
				"up": {"uv": [6, 1, 12, 15], "texture": "#1"},
				"down": {"uv": [6, 1, 12, 15], "texture": "#1"}
			}
		},
		{
			"name": "hexadecagon",
			"from": [7.60218, 24.6, 6],
			"to": [8.39782, 27.4, 10],
			"rotation": {"angle": 45, "axis": "y", "origin": [8, 25, 8]},
			"faces": {
				"north": {"uv": [6, 1, 12, 15], "texture": "#1"},
				"east": {"uv": [6, 1, 12, 15], "texture": "#1"},
				"south": {"uv": [6, 1, 12, 15], "texture": "#1"},
				"west": {"uv": [6, 1, 12, 15], "texture": "#1"},
				"up": {"uv": [6, 1, 12, 15], "texture": "#1"},
				"down": {"uv": [6, 1, 12, 15], "texture": "#1"}
			}
		},
		{
			"name": "hexadecagon",
			"from": [6, 24.6, 7.60218],
			"to": [10, 27.4, 8.39782],
			"rotation": {"angle": -22.5, "axis": "y", "origin": [8, 25, 8]},
			"faces": {
				"north": {"uv": [6, 1, 12, 15], "texture": "#1"},
				"east": {"uv": [6, 1, 12, 15], "texture": "#1"},
				"south": {"uv": [6, 1, 12, 15], "texture": "#1"},
				"west": {"uv": [6, 1, 12, 15], "texture": "#1"},
				"up": {"uv": [6, 1, 12, 15], "texture": "#1"},
				"down": {"uv": [6, 1, 12, 15], "texture": "#1"}
			}
		},
		{
			"name": "hexadecagon",
			"from": [6, 24.6, 7.60218],
			"to": [10, 27.4, 8.39782],
			"rotation": {"angle": 0, "axis": "y", "origin": [8, 25, 8]},
			"faces": {
				"north": {"uv": [6, 1, 12, 15], "texture": "#1"},
				"east": {"uv": [6, 1, 12, 15], "texture": "#1"},
				"south": {"uv": [6, 1, 12, 15], "texture": "#1"},
				"west": {"uv": [6, 1, 12, 15], "texture": "#1"},
				"up": {"uv": [6, 1, 12, 15], "texture": "#1"},
				"down": {"uv": [6, 1, 12, 15], "texture": "#1"}
			}
		},
		{
			"name": "hexadecagon",
			"from": [6, 24.6, 7.60218],
			"to": [10, 27.4, 8.39782],
			"rotation": {"angle": 22.5, "axis": "y", "origin": [8, 25, 8]},
			"faces": {
				"north": {"uv": [6, 1, 12, 15], "texture": "#1"},
				"east": {"uv": [6, 1, 12, 15], "texture": "#1"},
				"south": {"uv": [6, 1, 12, 15], "texture": "#1"},
				"west": {"uv": [6, 1, 12, 15], "texture": "#1"},
				"up": {"uv": [6, 1, 12, 15], "texture": "#1"},
				"down": {"uv": [6, 1, 12, 15], "texture": "#1"}
			}
		},
		{
			"name": "hexadecagon",
			"from": [7.55245, 24.9, 5.75],
			"to": [8.44755, 27.1, 10.25],
			"rotation": {"angle": -45, "axis": "y", "origin": [8, 25.4, 8]},
			"faces": {
				"north": {"uv": [6, 1, 12, 15], "texture": "#1"},
				"east": {"uv": [6, 1, 12, 15], "texture": "#1"},
				"south": {"uv": [6, 1, 12, 15], "texture": "#1"},
				"west": {"uv": [6, 1, 12, 15], "texture": "#1"},
				"up": {"uv": [6, 1, 12, 15], "texture": "#1"},
				"down": {"uv": [6, 1, 12, 15], "texture": "#1"}
			}
		},
		{
			"name": "hexadecagon",
			"from": [7.55245, 24.9, 5.75],
			"to": [8.44755, 27.1, 10.25],
			"rotation": {"angle": -22.5, "axis": "y", "origin": [8, 25.4, 8]},
			"faces": {
				"north": {"uv": [6, 1, 12, 15], "texture": "#1"},
				"east": {"uv": [6, 1, 12, 15], "texture": "#1"},
				"south": {"uv": [6, 1, 12, 15], "texture": "#1"},
				"west": {"uv": [6, 1, 12, 15], "texture": "#1"},
				"up": {"uv": [6, 1, 12, 15], "texture": "#1"},
				"down": {"uv": [6, 1, 12, 15], "texture": "#1"}
			}
		},
		{
			"name": "hexadecagon",
			"from": [7.55245, 24.9, 5.75],
			"to": [8.44755, 27.1, 10.25],
			"rotation": {"angle": 0, "axis": "y", "origin": [8, 25.4, 8]},
			"faces": {
				"north": {"uv": [6, 1, 12, 15], "texture": "#1"},
				"east": {"uv": [6, 1, 12, 15], "texture": "#1"},
				"south": {"uv": [6, 1, 12, 15], "texture": "#1"},
				"west": {"uv": [6, 1, 12, 15], "texture": "#1"},
				"up": {"uv": [6, 1, 12, 15], "texture": "#1"},
				"down": {"uv": [6, 1, 12, 15], "texture": "#1"}
			}
		},
		{
			"name": "hexadecagon",
			"from": [7.55245, 24.9, 5.75],
			"to": [8.44755, 27.1, 10.25],
			"rotation": {"angle": 22.5, "axis": "y", "origin": [8, 25.4, 8]},
			"faces": {
				"north": {"uv": [6, 1, 12, 15], "texture": "#1"},
				"east": {"uv": [6, 1, 12, 15], "texture": "#1"},
				"south": {"uv": [6, 1, 12, 15], "texture": "#1"},
				"west": {"uv": [6, 1, 12, 15], "texture": "#1"},
				"up": {"uv": [6, 1, 12, 15], "texture": "#1"},
				"down": {"uv": [6, 1, 12, 15], "texture": "#1"}
			}
		},
		{
			"name": "hexadecagon",
			"from": [7.55245, 24.9, 5.75],
			"to": [8.44755, 27.1, 10.25],
			"rotation": {"angle": 45, "axis": "y", "origin": [8, 25.4, 8]},
			"faces": {
				"north": {"uv": [6, 1, 12, 15], "texture": "#1"},
				"east": {"uv": [6, 1, 12, 15], "texture": "#1"},
				"south": {"uv": [6, 1, 12, 15], "texture": "#1"},
				"west": {"uv": [6, 1, 12, 15], "texture": "#1"},
				"up": {"uv": [6, 1, 12, 15], "texture": "#1"},
				"down": {"uv": [6, 1, 12, 15], "texture": "#1"}
			}
		},
		{
			"name": "hexadecagon",
			"from": [5.75, 24.9, 7.55245],
			"to": [10.25, 27.1, 8.44755],
			"rotation": {"angle": -22.5, "axis": "y", "origin": [8, 25.4, 8]},
			"faces": {
				"north": {"uv": [6, 1, 12, 15], "texture": "#1"},
				"east": {"uv": [6, 1, 12, 15], "texture": "#1"},
				"south": {"uv": [6, 1, 12, 15], "texture": "#1"},
				"west": {"uv": [6, 1, 12, 15], "texture": "#1"},
				"up": {"uv": [6, 1, 12, 15], "texture": "#1"},
				"down": {"uv": [6, 1, 12, 15], "texture": "#1"}
			}
		},
		{
			"name": "hexadecagon",
			"from": [5.75, 24.9, 7.55245],
			"to": [10.25, 27.1, 8.44755],
			"rotation": {"angle": 0, "axis": "y", "origin": [8, 25.4, 8]},
			"faces": {
				"north": {"uv": [6, 1, 12, 15], "texture": "#1"},
				"east": {"uv": [6, 1, 12, 15], "texture": "#1"},
				"south": {"uv": [6, 1, 12, 15], "texture": "#1"},
				"west": {"uv": [6, 1, 12, 15], "texture": "#1"},
				"up": {"uv": [6, 1, 12, 15], "texture": "#1"},
				"down": {"uv": [6, 1, 12, 15], "texture": "#1"}
			}
		},
		{
			"name": "hexadecagon",
			"from": [5.75, 24.9, 7.55245],
			"to": [10.25, 27.1, 8.44755],
			"rotation": {"angle": 22.5, "axis": "y", "origin": [8, 25.4, 8]},
			"faces": {
				"north": {"uv": [6, 1, 12, 15], "texture": "#1"},
				"east": {"uv": [6, 1, 12, 15], "texture": "#1"},
				"south": {"uv": [6, 1, 12, 15], "texture": "#1"},
				"west": {"uv": [6, 1, 12, 15], "texture": "#1"},
				"up": {"uv": [6, 1, 12, 15], "texture": "#1"},
				"down": {"uv": [6, 1, 12, 15], "texture": "#1"}
			}
		},
		{
			"name": "hexadecagon",
			"from": [7.50272, 25.2, 5.5],
			"to": [8.49728, 26.8, 10.5],
			"rotation": {"angle": -45, "axis": "y", "origin": [8, 25.7, 8]},
			"faces": {
				"north": {"uv": [6, 1, 12, 15], "texture": "#1"},
				"east": {"uv": [6, 1, 12, 15], "texture": "#1"},
				"south": {"uv": [6, 1, 12, 15], "texture": "#1"},
				"west": {"uv": [6, 1, 12, 15], "texture": "#1"},
				"up": {"uv": [6, 1, 12, 15], "texture": "#1"},
				"down": {"uv": [6, 1, 12, 15], "texture": "#1"}
			}
		},
		{
			"name": "hexadecagon",
			"from": [7.50272, 25.2, 5.5],
			"to": [8.49728, 26.8, 10.5],
			"rotation": {"angle": -22.5, "axis": "y", "origin": [8, 25.7, 8]},
			"faces": {
				"north": {"uv": [6, 1, 12, 15], "texture": "#1"},
				"east": {"uv": [6, 1, 12, 15], "texture": "#1"},
				"south": {"uv": [6, 1, 12, 15], "texture": "#1"},
				"west": {"uv": [6, 1, 12, 15], "texture": "#1"},
				"up": {"uv": [6, 1, 12, 15], "texture": "#1"},
				"down": {"uv": [6, 1, 12, 15], "texture": "#1"}
			}
		},
		{
			"name": "hexadecagon",
			"from": [7.50272, 25.2, 5.5],
			"to": [8.49728, 26.8, 10.5],
			"rotation": {"angle": 0, "axis": "y", "origin": [8, 25.7, 8]},
			"faces": {
				"north": {"uv": [6, 1, 12, 15], "texture": "#1"},
				"east": {"uv": [6, 1, 12, 15], "texture": "#1"},
				"south": {"uv": [6, 1, 12, 15], "texture": "#1"},
				"west": {"uv": [6, 1, 12, 15], "texture": "#1"},
				"up": {"uv": [6, 1, 12, 15], "texture": "#1"},
				"down": {"uv": [6, 1, 12, 15], "texture": "#1"}
			}
		},
		{
			"name": "hexadecagon",
			"from": [7.50272, 25.2, 5.5],
			"to": [8.49728, 26.8, 10.5],
			"rotation": {"angle": 22.5, "axis": "y", "origin": [8, 25.7, 8]},
			"faces": {
				"north": {"uv": [6, 1, 12, 15], "texture": "#1"},
				"east": {"uv": [6, 1, 12, 15], "texture": "#1"},
				"south": {"uv": [6, 1, 12, 15], "texture": "#1"},
				"west": {"uv": [6, 1, 12, 15], "texture": "#1"},
				"up": {"uv": [6, 1, 12, 15], "texture": "#1"},
				"down": {"uv": [6, 1, 12, 15], "texture": "#1"}
			}
		},
		{
			"name": "hexadecagon",
			"from": [7.50272, 25.2, 5.5],
			"to": [8.49728, 26.8, 10.5],
			"rotation": {"angle": 45, "axis": "y", "origin": [8, 25.7, 8]},
			"faces": {
				"north": {"uv": [6, 1, 12, 15], "texture": "#1"},
				"east": {"uv": [6, 1, 12, 15], "texture": "#1"},
				"south": {"uv": [6, 1, 12, 15], "texture": "#1"},
				"west": {"uv": [6, 1, 12, 15], "texture": "#1"},
				"up": {"uv": [6, 1, 12, 15], "texture": "#1"},
				"down": {"uv": [6, 1, 12, 15], "texture": "#1"}
			}
		},
		{
			"name": "hexadecagon",
			"from": [5.5, 25.2, 7.50272],
			"to": [10.5, 26.8, 8.49728],
			"rotation": {"angle": -22.5, "axis": "y", "origin": [8, 25.7, 8]},
			"faces": {
				"north": {"uv": [6, 1, 12, 15], "texture": "#1"},
				"east": {"uv": [6, 1, 12, 15], "texture": "#1"},
				"south": {"uv": [6, 1, 12, 15], "texture": "#1"},
				"west": {"uv": [6, 1, 12, 15], "texture": "#1"},
				"up": {"uv": [6, 1, 12, 15], "texture": "#1"},
				"down": {"uv": [6, 1, 12, 15], "texture": "#1"}
			}
		},
		{
			"name": "hexadecagon",
			"from": [5.5, 25.2, 7.50272],
			"to": [10.5, 26.8, 8.49728],
			"rotation": {"angle": 0, "axis": "y", "origin": [8, 25.7, 8]},
			"faces": {
				"north": {"uv": [6, 1, 12, 15], "texture": "#1"},
				"east": {"uv": [6, 1, 12, 15], "texture": "#1"},
				"south": {"uv": [6, 1, 12, 15], "texture": "#1"},
				"west": {"uv": [6, 1, 12, 15], "texture": "#1"},
				"up": {"uv": [6, 1, 12, 15], "texture": "#1"},
				"down": {"uv": [6, 1, 12, 15], "texture": "#1"}
			}
		},
		{
			"name": "hexadecagon",
			"from": [5.5, 25.2, 7.50272],
			"to": [10.5, 26.8, 8.49728],
			"rotation": {"angle": 22.5, "axis": "y", "origin": [8, 25.7, 8]},
			"faces": {
				"north": {"uv": [6, 1, 12, 15], "texture": "#1"},
				"east": {"uv": [6, 1, 12, 15], "texture": "#1"},
				"south": {"uv": [6, 1, 12, 15], "texture": "#1"},
				"west": {"uv": [6, 1, 12, 15], "texture": "#1"},
				"up": {"uv": [6, 1, 12, 15], "texture": "#1"},
				"down": {"uv": [6, 1, 12, 15], "texture": "#1"}
			}
		},
		{
			"name": "hexadecagon",
			"from": [7.88065, 27.8, 7.4],
			"to": [8.11935, 28.6, 8.6],
			"rotation": {"angle": -45, "axis": "y", "origin": [8, 28.3, 8]},
			"faces": {
				"north": {"uv": [0, 0, 1, 1], "texture": "#0"},
				"east": {"uv": [0, 0, 1, 1], "texture": "#0"},
				"south": {"uv": [0, 0, 1, 1], "texture": "#0"},
				"west": {"uv": [0, 0, 1, 1], "texture": "#0"},
				"up": {"uv": [0, 0, 1, 1], "texture": "#0"},
				"down": {"uv": [0, 0, 1, 1], "texture": "#0"}
			}
		},
		{
			"name": "hexadecagon",
			"from": [7.88065, 27.8, 7.4],
			"to": [8.11935, 28.6, 8.6],
			"rotation": {"angle": -22.5, "axis": "y", "origin": [8, 28.3, 8]},
			"faces": {
				"north": {"uv": [0, 0, 1, 1], "texture": "#0"},
				"east": {"uv": [0, 0, 1, 1], "texture": "#0"},
				"south": {"uv": [0, 0, 1, 1], "texture": "#0"},
				"west": {"uv": [0, 0, 1, 1], "texture": "#0"},
				"up": {"uv": [0, 0, 1, 1], "texture": "#0"},
				"down": {"uv": [0, 0, 1, 1], "texture": "#0"}
			}
		},
		{
			"name": "hexadecagon",
			"from": [7.88065, 27.8, 7.4],
			"to": [8.11935, 28.6, 8.6],
			"rotation": {"angle": 0, "axis": "y", "origin": [8, 28.3, 8]},
			"faces": {
				"north": {"uv": [0, 0, 1, 1], "texture": "#0"},
				"east": {"uv": [0, 0, 1, 1], "texture": "#0"},
				"south": {"uv": [0, 0, 1, 1], "texture": "#0"},
				"west": {"uv": [0, 0, 1, 1], "texture": "#0"},
				"up": {"uv": [0, 0, 1, 1], "texture": "#0"},
				"down": {"uv": [0, 0, 1, 1], "texture": "#0"}
			}
		},
		{
			"name": "hexadecagon",
			"from": [7.88065, 27.8, 7.4],
			"to": [8.11935, 28.6, 8.6],
			"rotation": {"angle": 22.5, "axis": "y", "origin": [8, 28.3, 8]},
			"faces": {
				"north": {"uv": [0, 0, 1, 1], "texture": "#0"},
				"east": {"uv": [0, 0, 1, 1], "texture": "#0"},
				"south": {"uv": [0, 0, 1, 1], "texture": "#0"},
				"west": {"uv": [0, 0, 1, 1], "texture": "#0"},
				"up": {"uv": [0, 0, 1, 1], "texture": "#0"},
				"down": {"uv": [0, 0, 1, 1], "texture": "#0"}
			}
		},
		{
			"name": "hexadecagon",
			"from": [7.88065, 27.8, 7.4],
			"to": [8.11935, 28.6, 8.6],
			"rotation": {"angle": 45, "axis": "y", "origin": [8, 28.3, 8]},
			"faces": {
				"north": {"uv": [0, 0, 1, 1], "texture": "#0"},
				"east": {"uv": [0, 0, 1, 1], "texture": "#0"},
				"south": {"uv": [0, 0, 1, 1], "texture": "#0"},
				"west": {"uv": [0, 0, 1, 1], "texture": "#0"},
				"up": {"uv": [0, 0, 1, 1], "texture": "#0"},
				"down": {"uv": [0, 0, 1, 1], "texture": "#0"}
			}
		},
		{
			"name": "hexadecagon",
			"from": [7.4, 27.8, 7.88065],
			"to": [8.6, 28.6, 8.11935],
			"rotation": {"angle": -22.5, "axis": "y", "origin": [8, 28.3, 8]},
			"faces": {
				"north": {"uv": [0, 0, 1, 1], "texture": "#0"},
				"east": {"uv": [0, 0, 1, 1], "texture": "#0"},
				"south": {"uv": [0, 0, 1, 1], "texture": "#0"},
				"west": {"uv": [0, 0, 1, 1], "texture": "#0"},
				"up": {"uv": [0, 0, 1, 1], "texture": "#0"},
				"down": {"uv": [0, 0, 1, 1], "texture": "#0"}
			}
		},
		{
			"name": "hexadecagon",
			"from": [7.4, 27.8, 7.88065],
			"to": [8.6, 28.6, 8.11935],
			"rotation": {"angle": 0, "axis": "y", "origin": [8, 28.3, 8]},
			"faces": {
				"north": {"uv": [0, 0, 1, 1], "texture": "#0"},
				"east": {"uv": [0, 0, 1, 1], "texture": "#0"},
				"south": {"uv": [0, 0, 1, 1], "texture": "#0"},
				"west": {"uv": [0, 0, 1, 1], "texture": "#0"},
				"up": {"uv": [0, 0, 1, 1], "texture": "#0"},
				"down": {"uv": [0, 0, 1, 1], "texture": "#0"}
			}
		},
		{
			"name": "hexadecagon",
			"from": [7.4, 27.8, 7.88065],
			"to": [8.6, 28.6, 8.11935],
			"rotation": {"angle": 22.5, "axis": "y", "origin": [8, 28.3, 8]},
			"faces": {
				"north": {"uv": [0, 0, 1, 1], "texture": "#0"},
				"east": {"uv": [0, 0, 1, 1], "texture": "#0"},
				"south": {"uv": [0, 0, 1, 1], "texture": "#0"},
				"west": {"uv": [0, 0, 1, 1], "texture": "#0"},
				"up": {"uv": [0, 0, 1, 1], "texture": "#0"},
				"down": {"uv": [0, 0, 1, 1], "texture": "#0"}
			}
		},
		{
			"name": "hexadecagon",
			"from": [7.90054, 28.5, 7.5],
			"to": [8.09946, 29.2, 8.5],
			"rotation": {"angle": -45, "axis": "y", "origin": [8, 29, 8]},
			"faces": {
				"north": {"uv": [0, 0, 1, 1], "texture": "#0"},
				"east": {"uv": [0, 0, 1, 1], "texture": "#0"},
				"south": {"uv": [0, 0, 1, 1], "texture": "#0"},
				"west": {"uv": [0, 0, 1, 1], "texture": "#0"},
				"up": {"uv": [0, 0, 1, 1], "texture": "#0"},
				"down": {"uv": [0, 0, 1, 1], "texture": "#0"}
			}
		},
		{
			"name": "hexadecagon",
			"from": [7.90054, 28.5, 7.5],
			"to": [8.09946, 29.2, 8.5],
			"rotation": {"angle": -22.5, "axis": "y", "origin": [8, 29, 8]},
			"faces": {
				"north": {"uv": [0, 0, 1, 1], "texture": "#0"},
				"east": {"uv": [0, 0, 1, 1], "texture": "#0"},
				"south": {"uv": [0, 0, 1, 1], "texture": "#0"},
				"west": {"uv": [0, 0, 1, 1], "texture": "#0"},
				"up": {"uv": [0, 0, 1, 1], "texture": "#0"},
				"down": {"uv": [0, 0, 1, 1], "texture": "#0"}
			}
		},
		{
			"name": "hexadecagon",
			"from": [7.90054, 28.5, 7.5],
			"to": [8.09946, 29.2, 8.5],
			"rotation": {"angle": 0, "axis": "y", "origin": [8, 29, 8]},
			"faces": {
				"north": {"uv": [0, 0, 1, 1], "texture": "#0"},
				"east": {"uv": [0, 0, 1, 1], "texture": "#0"},
				"south": {"uv": [0, 0, 1, 1], "texture": "#0"},
				"west": {"uv": [0, 0, 1, 1], "texture": "#0"},
				"up": {"uv": [0, 0, 1, 1], "texture": "#0"},
				"down": {"uv": [0, 0, 1, 1], "texture": "#0"}
			}
		},
		{
			"name": "hexadecagon",
			"from": [7.90054, 28.5, 7.5],
			"to": [8.09946, 29.2, 8.5],
			"rotation": {"angle": 22.5, "axis": "y", "origin": [8, 29, 8]},
			"faces": {
				"north": {"uv": [0, 0, 1, 1], "texture": "#0"},
				"east": {"uv": [0, 0, 1, 1], "texture": "#0"},
				"south": {"uv": [0, 0, 1, 1], "texture": "#0"},
				"west": {"uv": [0, 0, 1, 1], "texture": "#0"},
				"up": {"uv": [0, 0, 1, 1], "texture": "#0"},
				"down": {"uv": [0, 0, 1, 1], "texture": "#0"}
			}
		},
		{
			"name": "hexadecagon",
			"from": [7.90054, 28.5, 7.5],
			"to": [8.09946, 29.2, 8.5],
			"rotation": {"angle": 45, "axis": "y", "origin": [8, 29, 8]},
			"faces": {
				"north": {"uv": [0, 0, 1, 1], "texture": "#0"},
				"east": {"uv": [0, 0, 1, 1], "texture": "#0"},
				"south": {"uv": [0, 0, 1, 1], "texture": "#0"},
				"west": {"uv": [0, 0, 1, 1], "texture": "#0"},
				"up": {"uv": [0, 0, 1, 1], "texture": "#0"},
				"down": {"uv": [0, 0, 1, 1], "texture": "#0"}
			}
		},
		{
			"name": "hexadecagon",
			"from": [7.5, 28.5, 7.90054],
			"to": [8.5, 29.2, 8.09946],
			"rotation": {"angle": -22.5, "axis": "y", "origin": [8, 29, 8]},
			"faces": {
				"north": {"uv": [0, 0, 1, 1], "texture": "#0"},
				"east": {"uv": [0, 0, 1, 1], "texture": "#0"},
				"south": {"uv": [0, 0, 1, 1], "texture": "#0"},
				"west": {"uv": [0, 0, 1, 1], "texture": "#0"},
				"up": {"uv": [0, 0, 1, 1], "texture": "#0"},
				"down": {"uv": [0, 0, 1, 1], "texture": "#0"}
			}
		},
		{
			"name": "hexadecagon",
			"from": [7.5, 28.5, 7.90054],
			"to": [8.5, 29.2, 8.09946],
			"rotation": {"angle": 0, "axis": "y", "origin": [8, 29, 8]},
			"faces": {
				"north": {"uv": [0, 0, 1, 1], "texture": "#0"},
				"east": {"uv": [0, 0, 1, 1], "texture": "#0"},
				"south": {"uv": [0, 0, 1, 1], "texture": "#0"},
				"west": {"uv": [0, 0, 1, 1], "texture": "#0"},
				"up": {"uv": [0, 0, 1, 1], "texture": "#0"},
				"down": {"uv": [0, 0, 1, 1], "texture": "#0"}
			}
		},
		{
			"name": "hexadecagon",
			"from": [7.5, 28.5, 7.90054],
			"to": [8.5, 29.2, 8.09946],
			"rotation": {"angle": 22.5, "axis": "y", "origin": [8, 29, 8]},
			"faces": {
				"north": {"uv": [0, 0, 1, 1], "texture": "#0"},
				"east": {"uv": [0, 0, 1, 1], "texture": "#0"},
				"south": {"uv": [0, 0, 1, 1], "texture": "#0"},
				"west": {"uv": [0, 0, 1, 1], "texture": "#0"},
				"up": {"uv": [0, 0, 1, 1], "texture": "#0"},
				"down": {"uv": [0, 0, 1, 1], "texture": "#0"}
			}
		},
		{
			"name": "hexadecagon",
			"from": [7.92044, 28.8, 7.6],
			"to": [8.07956, 29.8, 8.4],
			"rotation": {"angle": -45, "axis": "y", "origin": [8, 29.3, 8]},
			"faces": {
				"north": {"uv": [0, 0, 1, 1], "texture": "#0"},
				"east": {"uv": [0, 0, 1, 1], "texture": "#0"},
				"south": {"uv": [0, 0, 1, 1], "texture": "#0"},
				"west": {"uv": [0, 0, 1, 1], "texture": "#0"},
				"up": {"uv": [0, 0, 1, 1], "texture": "#0"},
				"down": {"uv": [0, 0, 1, 1], "texture": "#0"}
			}
		},
		{
			"name": "hexadecagon",
			"from": [7.92044, 28.8, 7.6],
			"to": [8.07956, 29.8, 8.4],
			"rotation": {"angle": -22.5, "axis": "y", "origin": [8, 29.3, 8]},
			"faces": {
				"north": {"uv": [0, 0, 1, 1], "texture": "#0"},
				"east": {"uv": [0, 0, 1, 1], "texture": "#0"},
				"south": {"uv": [0, 0, 1, 1], "texture": "#0"},
				"west": {"uv": [0, 0, 1, 1], "texture": "#0"},
				"up": {"uv": [0, 0, 1, 1], "texture": "#0"},
				"down": {"uv": [0, 0, 1, 1], "texture": "#0"}
			}
		},
		{
			"name": "hexadecagon",
			"from": [7.92044, 28.8, 7.6],
			"to": [8.07956, 29.8, 8.4],
			"rotation": {"angle": 0, "axis": "y", "origin": [8, 29.3, 8]},
			"faces": {
				"north": {"uv": [0, 0, 1, 1], "texture": "#0"},
				"east": {"uv": [0, 0, 1, 1], "texture": "#0"},
				"south": {"uv": [0, 0, 1, 1], "texture": "#0"},
				"west": {"uv": [0, 0, 1, 1], "texture": "#0"},
				"up": {"uv": [0, 0, 1, 1], "texture": "#0"},
				"down": {"uv": [0, 0, 1, 1], "texture": "#0"}
			}
		},
		{
			"name": "hexadecagon",
			"from": [7.92044, 28.8, 7.6],
			"to": [8.07956, 29.8, 8.4],
			"rotation": {"angle": 22.5, "axis": "y", "origin": [8, 29.3, 8]},
			"faces": {
				"north": {"uv": [0, 0, 1, 1], "texture": "#0"},
				"east": {"uv": [0, 0, 1, 1], "texture": "#0"},
				"south": {"uv": [0, 0, 1, 1], "texture": "#0"},
				"west": {"uv": [0, 0, 1, 1], "texture": "#0"},
				"up": {"uv": [0, 0, 1, 1], "texture": "#0"},
				"down": {"uv": [0, 0, 1, 1], "texture": "#0"}
			}
		},
		{
			"name": "hexadecagon",
			"from": [7.92044, 28.8, 7.6],
			"to": [8.07956, 29.8, 8.4],
			"rotation": {"angle": 45, "axis": "y", "origin": [8, 29.3, 8]},
			"faces": {
				"north": {"uv": [0, 0, 1, 1], "texture": "#0"},
				"east": {"uv": [0, 0, 1, 1], "texture": "#0"},
				"south": {"uv": [0, 0, 1, 1], "texture": "#0"},
				"west": {"uv": [0, 0, 1, 1], "texture": "#0"},
				"up": {"uv": [0, 0, 1, 1], "texture": "#0"},
				"down": {"uv": [0, 0, 1, 1], "texture": "#0"}
			}
		},
		{
			"name": "hexadecagon",
			"from": [7.6, 28.8, 7.92044],
			"to": [8.4, 29.8, 8.07956],
			"rotation": {"angle": -22.5, "axis": "y", "origin": [8, 29.3, 8]},
			"faces": {
				"north": {"uv": [0, 0, 1, 1], "texture": "#0"},
				"east": {"uv": [0, 0, 1, 1], "texture": "#0"},
				"south": {"uv": [0, 0, 1, 1], "texture": "#0"},
				"west": {"uv": [0, 0, 1, 1], "texture": "#0"},
				"up": {"uv": [0, 0, 1, 1], "texture": "#0"},
				"down": {"uv": [0, 0, 1, 1], "texture": "#0"}
			}
		},
		{
			"name": "hexadecagon",
			"from": [7.6, 28.8, 7.92044],
			"to": [8.4, 29.8, 8.07956],
			"rotation": {"angle": 0, "axis": "y", "origin": [8, 29.3, 8]},
			"faces": {
				"north": {"uv": [0, 0, 1, 1], "texture": "#0"},
				"east": {"uv": [0, 0, 1, 1], "texture": "#0"},
				"south": {"uv": [0, 0, 1, 1], "texture": "#0"},
				"west": {"uv": [0, 0, 1, 1], "texture": "#0"},
				"up": {"uv": [0, 0, 1, 1], "texture": "#0"},
				"down": {"uv": [0, 0, 1, 1], "texture": "#0"}
			}
		},
		{
			"name": "hexadecagon",
			"from": [7.6, 28.8, 7.92044],
			"to": [8.4, 29.8, 8.07956],
			"rotation": {"angle": 22.5, "axis": "y", "origin": [8, 29.3, 8]},
			"faces": {
				"north": {"uv": [0, 0, 1, 1], "texture": "#0"},
				"east": {"uv": [0, 0, 1, 1], "texture": "#0"},
				"south": {"uv": [0, 0, 1, 1], "texture": "#0"},
				"west": {"uv": [0, 0, 1, 1], "texture": "#0"},
				"up": {"uv": [0, 0, 1, 1], "texture": "#0"},
				"down": {"uv": [0, 0, 1, 1], "texture": "#0"}
			}
		},
		{
			"name": "hexadecagon",
			"from": [7.94033, 29.4, 7.7],
			"to": [8.05967, 30.4, 8.3],
			"rotation": {"angle": -45, "axis": "y", "origin": [8, 29.9, 8]},
			"faces": {
				"north": {"uv": [0, 0, 1, 1], "texture": "#0"},
				"east": {"uv": [0, 0, 1, 1], "texture": "#0"},
				"south": {"uv": [0, 0, 1, 1], "texture": "#0"},
				"west": {"uv": [0, 0, 1, 1], "texture": "#0"},
				"up": {"uv": [0, 0, 1, 1], "texture": "#0"},
				"down": {"uv": [0, 0, 1, 1], "texture": "#0"}
			}
		},
		{
			"name": "hexadecagon",
			"from": [7.94033, 29.4, 7.7],
			"to": [8.05967, 30.4, 8.3],
			"rotation": {"angle": -22.5, "axis": "y", "origin": [8, 29.9, 8]},
			"faces": {
				"north": {"uv": [0, 0, 1, 1], "texture": "#0"},
				"east": {"uv": [0, 0, 1, 1], "texture": "#0"},
				"south": {"uv": [0, 0, 1, 1], "texture": "#0"},
				"west": {"uv": [0, 0, 1, 1], "texture": "#0"},
				"up": {"uv": [0, 0, 1, 1], "texture": "#0"},
				"down": {"uv": [0, 0, 1, 1], "texture": "#0"}
			}
		},
		{
			"name": "hexadecagon",
			"from": [7.94033, 29.4, 7.7],
			"to": [8.05967, 30.4, 8.3],
			"rotation": {"angle": 0, "axis": "y", "origin": [8, 29.9, 8]},
			"faces": {
				"north": {"uv": [0, 0, 1, 1], "texture": "#0"},
				"east": {"uv": [0, 0, 1, 1], "texture": "#0"},
				"south": {"uv": [0, 0, 1, 1], "texture": "#0"},
				"west": {"uv": [0, 0, 1, 1], "texture": "#0"},
				"up": {"uv": [0, 0, 1, 1], "texture": "#0"},
				"down": {"uv": [0, 0, 1, 1], "texture": "#0"}
			}
		},
		{
			"name": "hexadecagon",
			"from": [7.94033, 29.4, 7.7],
			"to": [8.05967, 30.4, 8.3],
			"rotation": {"angle": 22.5, "axis": "y", "origin": [8, 29.9, 8]},
			"faces": {
				"north": {"uv": [0, 0, 1, 1], "texture": "#0"},
				"east": {"uv": [0, 0, 1, 1], "texture": "#0"},
				"south": {"uv": [0, 0, 1, 1], "texture": "#0"},
				"west": {"uv": [0, 0, 1, 1], "texture": "#0"},
				"up": {"uv": [0, 0, 1, 1], "texture": "#0"},
				"down": {"uv": [0, 0, 1, 1], "texture": "#0"}
			}
		},
		{
			"name": "hexadecagon",
			"from": [7.94033, 29.4, 7.7],
			"to": [8.05967, 30.4, 8.3],
			"rotation": {"angle": 45, "axis": "y", "origin": [8, 29.9, 8]},
			"faces": {
				"north": {"uv": [0, 0, 1, 1], "texture": "#0"},
				"east": {"uv": [0, 0, 1, 1], "texture": "#0"},
				"south": {"uv": [0, 0, 1, 1], "texture": "#0"},
				"west": {"uv": [0, 0, 1, 1], "texture": "#0"},
				"up": {"uv": [0, 0, 1, 1], "texture": "#0"},
				"down": {"uv": [0, 0, 1, 1], "texture": "#0"}
			}
		},
		{
			"name": "hexadecagon",
			"from": [7.7, 29.4, 7.94033],
			"to": [8.3, 30.4, 8.05967],
			"rotation": {"angle": -22.5, "axis": "y", "origin": [8, 29.9, 8]},
			"faces": {
				"north": {"uv": [0, 0, 1, 1], "texture": "#0"},
				"east": {"uv": [0, 0, 1, 1], "texture": "#0"},
				"south": {"uv": [0, 0, 1, 1], "texture": "#0"},
				"west": {"uv": [0, 0, 1, 1], "texture": "#0"},
				"up": {"uv": [0, 0, 1, 1], "texture": "#0"},
				"down": {"uv": [0, 0, 1, 1], "texture": "#0"}
			}
		},
		{
			"name": "hexadecagon",
			"from": [7.7, 29.4, 7.94033],
			"to": [8.3, 30.4, 8.05967],
			"rotation": {"angle": 0, "axis": "y", "origin": [8, 29.9, 8]},
			"faces": {
				"north": {"uv": [0, 0, 1, 1], "texture": "#0"},
				"east": {"uv": [0, 0, 1, 1], "texture": "#0"},
				"south": {"uv": [0, 0, 1, 1], "texture": "#0"},
				"west": {"uv": [0, 0, 1, 1], "texture": "#0"},
				"up": {"uv": [0, 0, 1, 1], "texture": "#0"},
				"down": {"uv": [0, 0, 1, 1], "texture": "#0"}
			}
		},
		{
			"name": "hexadecagon",
			"from": [7.7, 29.4, 7.94033],
			"to": [8.3, 30.4, 8.05967],
			"rotation": {"angle": 22.5, "axis": "y", "origin": [8, 29.9, 8]},
			"faces": {
				"north": {"uv": [0, 0, 1, 1], "texture": "#0"},
				"east": {"uv": [0, 0, 1, 1], "texture": "#0"},
				"south": {"uv": [0, 0, 1, 1], "texture": "#0"},
				"west": {"uv": [0, 0, 1, 1], "texture": "#0"},
				"up": {"uv": [0, 0, 1, 1], "texture": "#0"},
				"down": {"uv": [0, 0, 1, 1], "texture": "#0"}
			}
		},
		{
			"name": "hexadecagon",
			"from": [7.96022, 30.1, 7.8],
			"to": [8.03978, 31.1, 8.2],
			"rotation": {"angle": -45, "axis": "y", "origin": [8, 30.6, 8]},
			"faces": {
				"north": {"uv": [0, 0, 1, 1], "texture": "#0"},
				"east": {"uv": [0, 0, 1, 1], "texture": "#0"},
				"south": {"uv": [0, 0, 1, 1], "texture": "#0"},
				"west": {"uv": [0, 0, 1, 1], "texture": "#0"},
				"up": {"uv": [0, 0, 1, 1], "texture": "#0"},
				"down": {"uv": [0, 0, 1, 1], "texture": "#0"}
			}
		},
		{
			"name": "hexadecagon",
			"from": [7.96022, 30.1, 7.8],
			"to": [8.03978, 31.1, 8.2],
			"rotation": {"angle": -22.5, "axis": "y", "origin": [8, 30.6, 8]},
			"faces": {
				"north": {"uv": [0, 0, 1, 1], "texture": "#0"},
				"east": {"uv": [0, 0, 1, 1], "texture": "#0"},
				"south": {"uv": [0, 0, 1, 1], "texture": "#0"},
				"west": {"uv": [0, 0, 1, 1], "texture": "#0"},
				"up": {"uv": [0, 0, 1, 1], "texture": "#0"},
				"down": {"uv": [0, 0, 1, 1], "texture": "#0"}
			}
		},
		{
			"name": "hexadecagon",
			"from": [7.96022, 30.1, 7.8],
			"to": [8.03978, 31.1, 8.2],
			"rotation": {"angle": 0, "axis": "y", "origin": [8, 30.6, 8]},
			"faces": {
				"north": {"uv": [0, 0, 1, 1], "texture": "#0"},
				"east": {"uv": [0, 0, 1, 1], "texture": "#0"},
				"south": {"uv": [0, 0, 1, 1], "texture": "#0"},
				"west": {"uv": [0, 0, 1, 1], "texture": "#0"},
				"up": {"uv": [0, 0, 1, 1], "texture": "#0"},
				"down": {"uv": [0, 0, 1, 1], "texture": "#0"}
			}
		},
		{
			"name": "hexadecagon",
			"from": [7.96022, 30.1, 7.8],
			"to": [8.03978, 31.1, 8.2],
			"rotation": {"angle": 22.5, "axis": "y", "origin": [8, 30.6, 8]},
			"faces": {
				"north": {"uv": [0, 0, 1, 1], "texture": "#0"},
				"east": {"uv": [0, 0, 1, 1], "texture": "#0"},
				"south": {"uv": [0, 0, 1, 1], "texture": "#0"},
				"west": {"uv": [0, 0, 1, 1], "texture": "#0"},
				"up": {"uv": [0, 0, 1, 1], "texture": "#0"},
				"down": {"uv": [0, 0, 1, 1], "texture": "#0"}
			}
		},
		{
			"name": "hexadecagon",
			"from": [7.96022, 30.1, 7.8],
			"to": [8.03978, 31.1, 8.2],
			"rotation": {"angle": 45, "axis": "y", "origin": [8, 30.6, 8]},
			"faces": {
				"north": {"uv": [0, 0, 1, 1], "texture": "#0"},
				"east": {"uv": [0, 0, 1, 1], "texture": "#0"},
				"south": {"uv": [0, 0, 1, 1], "texture": "#0"},
				"west": {"uv": [0, 0, 1, 1], "texture": "#0"},
				"up": {"uv": [0, 0, 1, 1], "texture": "#0"},
				"down": {"uv": [0, 0, 1, 1], "texture": "#0"}
			}
		},
		{
			"name": "hexadecagon",
			"from": [7.8, 30.1, 7.96022],
			"to": [8.2, 31.1, 8.03978],
			"rotation": {"angle": -22.5, "axis": "y", "origin": [8, 30.6, 8]},
			"faces": {
				"north": {"uv": [0, 0, 1, 1], "texture": "#0"},
				"east": {"uv": [0, 0, 1, 1], "texture": "#0"},
				"south": {"uv": [0, 0, 1, 1], "texture": "#0"},
				"west": {"uv": [0, 0, 1, 1], "texture": "#0"},
				"up": {"uv": [0, 0, 1, 1], "texture": "#0"},
				"down": {"uv": [0, 0, 1, 1], "texture": "#0"}
			}
		},
		{
			"name": "hexadecagon",
			"from": [7.8, 30.1, 7.96022],
			"to": [8.2, 31.1, 8.03978],
			"rotation": {"angle": 0, "axis": "y", "origin": [8, 30.6, 8]},
			"faces": {
				"north": {"uv": [0, 0, 1, 1], "texture": "#0"},
				"east": {"uv": [0, 0, 1, 1], "texture": "#0"},
				"south": {"uv": [0, 0, 1, 1], "texture": "#0"},
				"west": {"uv": [0, 0, 1, 1], "texture": "#0"},
				"up": {"uv": [0, 0, 1, 1], "texture": "#0"},
				"down": {"uv": [0, 0, 1, 1], "texture": "#0"}
			}
		},
		{
			"name": "hexadecagon",
			"from": [7.8, 30.1, 7.96022],
			"to": [8.2, 31.1, 8.03978],
			"rotation": {"angle": 22.5, "axis": "y", "origin": [8, 30.6, 8]},
			"faces": {
				"north": {"uv": [0, 0, 1, 1], "texture": "#0"},
				"east": {"uv": [0, 0, 1, 1], "texture": "#0"},
				"south": {"uv": [0, 0, 1, 1], "texture": "#0"},
				"west": {"uv": [0, 0, 1, 1], "texture": "#0"},
				"up": {"uv": [0, 0, 1, 1], "texture": "#0"},
				"down": {"uv": [0, 0, 1, 1], "texture": "#0"}
			}
		},
		{
			"name": "hexadecagon",
			"from": [7.98011, 31, 7.9],
			"to": [8.01989, 32, 8.1],
			"rotation": {"angle": -45, "axis": "y", "origin": [8, 31.5, 8]},
			"faces": {
				"north": {"uv": [0, 0, 1, 1], "texture": "#0"},
				"east": {"uv": [0, 0, 1, 1], "texture": "#0"},
				"south": {"uv": [0, 0, 1, 1], "texture": "#0"},
				"west": {"uv": [0, 0, 1, 1], "texture": "#0"},
				"up": {"uv": [0, 0, 1, 1], "texture": "#0"},
				"down": {"uv": [0, 0, 1, 1], "texture": "#0"}
			}
		},
		{
			"name": "hexadecagon",
			"from": [7.98011, 31, 7.9],
			"to": [8.01989, 32, 8.1],
			"rotation": {"angle": -22.5, "axis": "y", "origin": [8, 31.5, 8]},
			"faces": {
				"north": {"uv": [0, 0, 1, 1], "texture": "#0"},
				"east": {"uv": [0, 0, 1, 1], "texture": "#0"},
				"south": {"uv": [0, 0, 1, 1], "texture": "#0"},
				"west": {"uv": [0, 0, 1, 1], "texture": "#0"},
				"up": {"uv": [0, 0, 1, 1], "texture": "#0"},
				"down": {"uv": [0, 0, 1, 1], "texture": "#0"}
			}
		},
		{
			"name": "hexadecagon",
			"from": [7.98011, 31, 7.9],
			"to": [8.01989, 32, 8.1],
			"rotation": {"angle": 0, "axis": "y", "origin": [8, 31.5, 8]},
			"faces": {
				"north": {"uv": [0, 0, 1, 1], "texture": "#0"},
				"east": {"uv": [0, 0, 1, 1], "texture": "#0"},
				"south": {"uv": [0, 0, 1, 1], "texture": "#0"},
				"west": {"uv": [0, 0, 1, 1], "texture": "#0"},
				"up": {"uv": [0, 0, 1, 1], "texture": "#0"},
				"down": {"uv": [0, 0, 1, 1], "texture": "#0"}
			}
		},
		{
			"name": "hexadecagon",
			"from": [7.98011, 31, 7.9],
			"to": [8.01989, 32, 8.1],
			"rotation": {"angle": 22.5, "axis": "y", "origin": [8, 31.5, 8]},
			"faces": {
				"north": {"uv": [0, 0, 1, 1], "texture": "#0"},
				"east": {"uv": [0, 0, 1, 1], "texture": "#0"},
				"south": {"uv": [0, 0, 1, 1], "texture": "#0"},
				"west": {"uv": [0, 0, 1, 1], "texture": "#0"},
				"up": {"uv": [0, 0, 1, 1], "texture": "#0"},
				"down": {"uv": [0, 0, 1, 1], "texture": "#0"}
			}
		},
		{
			"name": "hexadecagon",
			"from": [7.98011, 31, 7.9],
			"to": [8.01989, 32, 8.1],
			"rotation": {"angle": 45, "axis": "y", "origin": [8, 31.5, 8]},
			"faces": {
				"north": {"uv": [0, 0, 1, 1], "texture": "#0"},
				"east": {"uv": [0, 0, 1, 1], "texture": "#0"},
				"south": {"uv": [0, 0, 1, 1], "texture": "#0"},
				"west": {"uv": [0, 0, 1, 1], "texture": "#0"},
				"up": {"uv": [0, 0, 1, 1], "texture": "#0"},
				"down": {"uv": [0, 0, 1, 1], "texture": "#0"}
			}
		},
		{
			"name": "hexadecagon",
			"from": [7.9, 31, 7.98011],
			"to": [8.1, 32, 8.01989],
			"rotation": {"angle": -22.5, "axis": "y", "origin": [8, 31.5, 8]},
			"faces": {
				"north": {"uv": [0, 0, 1, 1], "texture": "#0"},
				"east": {"uv": [0, 0, 1, 1], "texture": "#0"},
				"south": {"uv": [0, 0, 1, 1], "texture": "#0"},
				"west": {"uv": [0, 0, 1, 1], "texture": "#0"},
				"up": {"uv": [0, 0, 1, 1], "texture": "#0"},
				"down": {"uv": [0, 0, 1, 1], "texture": "#0"}
			}
		},
		{
			"name": "hexadecagon",
			"from": [7.9, 31, 7.98011],
			"to": [8.1, 32, 8.01989],
			"rotation": {"angle": 0, "axis": "y", "origin": [8, 31.5, 8]},
			"faces": {
				"north": {"uv": [0, 0, 1, 1], "texture": "#0"},
				"east": {"uv": [0, 0, 1, 1], "texture": "#0"},
				"south": {"uv": [0, 0, 1, 1], "texture": "#0"},
				"west": {"uv": [0, 0, 1, 1], "texture": "#0"},
				"up": {"uv": [0, 0, 1, 1], "texture": "#0"},
				"down": {"uv": [0, 0, 1, 1], "texture": "#0"}
			}
		},
		{
			"name": "hexadecagon",
			"from": [7.9, 31, 7.98011],
			"to": [8.1, 32, 8.01989],
			"rotation": {"angle": 22.5, "axis": "y", "origin": [8, 31.5, 8]},
			"faces": {
				"north": {"uv": [0, 0, 1, 1], "texture": "#0"},
				"east": {"uv": [0, 0, 1, 1], "texture": "#0"},
				"south": {"uv": [0, 0, 1, 1], "texture": "#0"},
				"west": {"uv": [0, 0, 1, 1], "texture": "#0"},
				"up": {"uv": [0, 0, 1, 1], "texture": "#0"},
				"down": {"uv": [0, 0, 1, 1], "texture": "#0"}
			}
		}
	],
	"display": {
		"thirdperson_righthand": {
			"translation": [0, 11.25, 0]
		},
		"thirdperson_lefthand": {
			"rotation": [0, -180, 0],
			"translation": [0, 11.25, 0]
		},
		"firstperson_lefthand": {
			"rotation": [0, -180, 0]
		},
		"ground": {
			"translation": [0, 20.75, 0]
		},
		"gui": {
			"rotation": [10, 0, -45],
			"scale": [0.5, 0.5, 0.5]
		},
		"head": {
			"translation": [0, 50.75, 0],
			"scale": [4, 4, 4]
		},
		"fixed": {
			"rotation": [-90, 0, 0],
			"translation": [0, 0, -80],
			"scale": [4, 4, 4]
		}
	},
	"groups": [
		{
			"name": "hexadecagon",
			"origin": [8, 8, 8],
			"children": [0, 1, 2, 3, 4, 5, 6, 7, 8, 9, 10, 11, 12, 13, 14, 15, 16]
		},
		{
			"name": "hexadecagon",
			"origin": [8, 8, 8],
			"children": [17, 18, 19, 20, 21, 22, 23, 24]
		},
		{
			"name": "hexadecagon",
			"origin": [8, 8, 8],
			"children": [25, 26, 27, 28, 29, 30, 31, 32]
		},
		{
			"name": "hexadecagon",
			"origin": [8, 8, 8],
			"children": [33, 34, 35, 36, 37, 38, 39, 40]
		},
		{
			"name": "hexadecagon",
			"origin": [8, 8, 8],
			"children": [41, 42, 43, 44, 45, 46, 47, 48]
		},
		{
			"name": "hexadecagon",
			"origin": [8, 8, 8],
			"children": [49, 50, 51, 52, 53, 54, 55, 56]
		},
		{
			"name": "hexadecagon",
			"origin": [8, 8, 8],
			"children": [57, 58, 59, 60, 61, 62, 63, 64]
		},
		{
			"name": "hexadecagon",
			"origin": [8, 8, 8],
			"children": [65, 66, 67, 68, 69, 70, 71, 72]
		},
		{
			"name": "hexadecagon",
			"origin": [8, 8, 8],
			"children": [73, 74, 75, 76, 77, 78, 79, 80]
		},
		{
			"name": "hexadecagon",
			"origin": [8, 8, 8],
			"children": [81, 82, 83, 84, 85, 86, 87, 88]
		},
		{
			"name": "hexadecagon",
			"origin": [8, 8, 8],
			"children": [89, 90, 91, 92, 93, 94, 95, 96]
		},
		{
			"name": "hexadecagon",
			"origin": [8, 8, 8],
			"children": [97, 98, 99, 100, 101, 102, 103, 104]
		}
	]
}