{
	"credit": "Made with Blockbench",
	"textures": {
		"0": "block/stripped_oak_log",
		"1": "block/stripped_acacia_log",
		"2": "Desktop/santa cruz wave",
		"particle": "block/stripped_oak_log"
	},
	"elements": [
		{
			"from": [8, 0, 3.36],
			"to": [8.29, 0.58, 21.92],
			"rotation": {"angle": 0, "axis": "y", "origin": [3.36, 0, 3.36]},
			"faces": {
				"north": {"uv": [0, 0, 0.5, 16], "texture": "#0"},
				"east": {"uv": [0, 0, 0.5, 16], "texture": "#0"},
				"south": {"uv": [0, 0, 0.5, 16], "texture": "#0"},
				"west": {"uv": [0, 0, 0.5, 16], "texture": "#0"},
				"up": {"uv": [0, 0, 0.5, 16], "texture": "#0"},
				"down": {"uv": [0, 0, 0.5, 16], "texture": "#0"}
			}
		},
		{
			"from": [8, 0, 21.86],
			"to": [8.29, 0.58, 27.17],
			"rotation": {"angle": 0, "axis": "y", "origin": [3.36, 0, 3.36]},
			"faces": {
				"north": {"uv": [0, 0, 0.5, 16], "texture": "#0"},
				"east": {"uv": [0, 0, 0.5, 16], "texture": "#0"},
				"south": {"uv": [0, 0, 0.5, 16], "texture": "#0"},
				"west": {"uv": [0, 0, 0.5, 16], "texture": "#0"},
				"up": {"uv": [0, 0, 0.5, 16], "texture": "#0"},
				"down": {"uv": [0, 0, 3, 13], "texture": "#0"}
			}
		},
		{
			"from": [8, 0, -9.67],
			"to": [8.29, 0.58, 3.36],
			"rotation": {"angle": 0, "axis": "y", "origin": [3.36, 0, 3.36]},
			"faces": {
				"north": {"uv": [0, 0, 0.5, 16], "texture": "#0"},
				"east": {"uv": [0, 0, 0.5, 16], "texture": "#0"},
				"south": {"uv": [0, 0, 0.5, 16], "texture": "#0"},
				"west": {"uv": [0, 0, 0.5, 16], "texture": "#0"},
				"up": {"uv": [0, 0, 0.5, 16], "texture": "#0"},
				"down": {"uv": [0, 0, 0.5, 16], "texture": "#0"}
			}
		},
		{
			"from": [8, -0.5, -7.67],
			"to": [8.29, 0.08, -4.64],
			"rotation": {"angle": 0, "axis": "y", "origin": [3.36, 0, 3.36]},
			"faces": {
				"north": {"uv": [4, 0, 13, 6], "texture": "#0"},
				"east": {"uv": [4, 0, 13, 6], "texture": "#0"},
				"south": {"uv": [4, 0, 13, 6], "texture": "#0"},
				"west": {"uv": [4, 1, 13, 7], "texture": "#0"},
				"up": {"uv": [4, 0, 13, 6], "texture": "#0"},
				"down": {"uv": [4, 0, 13, 6], "texture": "#0"}
			}
		},
		{
			"from": [7.75, -0.5, -8.17],
			"to": [8.04, 0.08, -4.39],
			"rotation": {"angle": 0, "axis": "y", "origin": [3.36, 0, 3.36]},
			"faces": {
				"north": {"uv": [4, 0, 13, 6], "texture": "#1"},
				"east": {"uv": [4, 0, 13, 6], "texture": "#1"},
				"south": {"uv": [4, 0, 13, 6], "texture": "#1"},
				"west": {"uv": [4, 0, 13, 6], "texture": "#1"},
				"up": {"uv": [4, 0, 13, 6], "texture": "#1"},
				"down": {"uv": [4, 0, 13, 6], "texture": "#1"}
			}
		},
		{
			"from": [8, -0.5, -4.67],
			"to": [8.29, 0.08, -4.39],
			"rotation": {"angle": 0, "axis": "y", "origin": [3.36, 0, 3.36]},
			"faces": {
				"north": {"uv": [4, 0, 13, 6], "texture": "#1"},
				"east": {"uv": [4, 0, 13, 6], "texture": "#1"},
				"south": {"uv": [4, 0, 13, 6], "texture": "#1"},
				"west": {"uv": [4, 0, 13, 6], "texture": "#1"},
				"up": {"uv": [4, 0, 13, 6], "texture": "#1"},
				"down": {"uv": [4, 0, 13, 6], "texture": "#1"}
			}
		},
		{
			"from": [8, -0.5, -8.42],
			"to": [8.29, 0.08, -7.64],
			"rotation": {"angle": 0, "axis": "y", "origin": [3.36, 0, 3.36]},
			"faces": {
				"north": {"uv": [4, 0, 13, 6], "texture": "#1"},
				"east": {"uv": [4, 0, 13, 6], "texture": "#1"},
				"south": {"uv": [4, 0, 13, 6], "texture": "#1"},
				"west": {"uv": [4, 0, 13, 6], "texture": "#1"},
				"up": {"uv": [4, 0, 13, 6], "texture": "#1"},
				"down": {"uv": [4, 0, 13, 6], "texture": "#1"}
			}
		},
		{
			"from": [8.25, -0.5, -8.17],
			"to": [8.54, 0.08, -4.39],
			"rotation": {"angle": 0, "axis": "y", "origin": [3.36, 0, 3.36]},
			"faces": {
				"north": {"uv": [4, 0, 13, 6], "texture": "#1"},
				"east": {"uv": [4, 0, 13, 6], "texture": "#1"},
				"south": {"uv": [4, 0, 13, 6], "texture": "#1"},
				"west": {"uv": [4, 0, 13, 6], "texture": "#1"},
				"up": {"uv": [4, 0, 13, 6], "texture": "#1"},
				"down": {"uv": [4, 0, 13, 6], "texture": "#1"}
			}
		},
		{
			"from": [8, -1, -7.67],
			"to": [8.29, -0.42, -4.64],
			"rotation": {"angle": 0, "axis": "y", "origin": [3.36, 0, 3.36]},
			"faces": {
				"north": {"uv": [4, 0, 13, 6], "texture": "#0"},
				"east": {"uv": [4, 0, 13, 6], "texture": "#0"},
				"south": {"uv": [4, 0, 13, 6], "texture": "#0"},
				"west": {"uv": [4, 1, 13, 7], "texture": "#0"},
				"up": {"uv": [4, 0, 13, 6], "texture": "#0"},
				"down": {"uv": [4, 0, 13, 6], "texture": "#0"}
			}
		},
		{
			"from": [8, -1.5, -7.67],
			"to": [8.29, -0.92, -4.89],
			"rotation": {"angle": 0, "axis": "y", "origin": [3.36, 0, 3.36]},
			"faces": {
				"north": {"uv": [4, 0, 13, 6], "texture": "#0"},
				"east": {"uv": [4, 0, 13, 6], "texture": "#0"},
				"south": {"uv": [4, 0, 13, 6], "texture": "#0"},
				"west": {"uv": [4, 1, 13, 7], "texture": "#0"},
				"up": {"uv": [4, 0, 13, 6], "texture": "#0"},
				"down": {"uv": [4, 0, 13, 6], "texture": "#0"}
			}
		},
		{
			"from": [8, -2, -7.92],
			"to": [8.29, -1.42, -5.89],
			"rotation": {"angle": 0, "axis": "y", "origin": [3.36, 0, 3.36]},
			"faces": {
				"north": {"uv": [4, 0, 13, 6], "texture": "#0"},
				"east": {"uv": [4, 0, 13, 6], "texture": "#0"},
				"south": {"uv": [4, 0, 13, 6], "texture": "#0"},
				"west": {"uv": [4, 1, 13, 7], "texture": "#0"},
				"up": {"uv": [4, 0, 13, 6], "texture": "#0"},
				"down": {"uv": [4, 0, 13, 6], "texture": "#0"}
			}
		},
		{
			"from": [8, -2.25, -8.67],
			"to": [8.29, -1.92, -6.64],
			"rotation": {"angle": 0, "axis": "y", "origin": [3.36, 0, 3.36]},
			"faces": {
				"north": {"uv": [4, 0, 13, 6], "texture": "#0"},
				"east": {"uv": [4, 0, 13, 6], "texture": "#0"},
				"south": {"uv": [4, 0, 13, 6], "texture": "#0"},
				"west": {"uv": [4, 1, 13, 7], "texture": "#0"},
				"up": {"uv": [4, 0, 13, 6], "texture": "#0"},
				"down": {"uv": [4, 0, 13, 6], "texture": "#0"}
			}
		},
		{
			"from": [7.42, 0, 3.36],
			"to": [8, 0.58, 21.92],
			"rotation": {"angle": 0, "axis": "y", "origin": [3.36, 0, 3.36]},
			"faces": {
				"north": {"uv": [0, 0, 1, 16], "texture": "#1"},
				"east": {"uv": [0, 0, 1, 16], "texture": "#1"},
				"south": {"uv": [0, 0, 1, 16], "texture": "#1"},
				"west": {"uv": [0, 0, 1, 16], "texture": "#1"},
				"up": {"uv": [0, 0, 1, 16], "texture": "#1"},
				"down": {"uv": [0, 0, 1, 16], "texture": "#1"}
			}
		},
		{
			"from": [7.42, 0, 21.86],
			"to": [8, 0.58, 27.17],
			"rotation": {"angle": 0, "axis": "y", "origin": [3.36, 0, 3.36]},
			"faces": {
				"north": {"uv": [0, 0, 1, 6], "texture": "#1"},
				"east": {"uv": [0, 0, 1, 6], "texture": "#1"},
				"south": {"uv": [0, 0, 1, 6], "texture": "#1"},
				"west": {"uv": [0, 0, 1, 6], "texture": "#1"},
				"up": {"uv": [0, 0, 1, 6], "texture": "#1"},
				"down": {"uv": [0, 0, 1, 6], "texture": "#1"}
			}
		},
		{
			"from": [7.42, 0, -9.67],
			"to": [8, 0.58, 3.36],
			"rotation": {"angle": 0, "axis": "y", "origin": [3.36, 0, 3.36]},
			"faces": {
				"north": {"uv": [0, 0, 1, 16], "texture": "#1"},
				"east": {"uv": [0, 0, 1, 16], "texture": "#1"},
				"south": {"uv": [0, 0, 1, 16], "texture": "#1"},
				"west": {"uv": [0, 0, 1, 16], "texture": "#1"},
				"up": {"uv": [0, 0, 1, 16], "texture": "#1"},
				"down": {"uv": [0, 0, 1, 16], "texture": "#1"}
			}
		},
		{
			"from": [8.29, 0, 3.36],
			"to": [8.87, 0.58, 21.92],
			"rotation": {"angle": 0, "axis": "y", "origin": [3.36, 0, 3.36]},
			"faces": {
				"north": {"uv": [0, 0, 1, 16], "texture": "#1"},
				"east": {"uv": [0, 0, 1, 16], "texture": "#1"},
				"south": {"uv": [0, 0, 1, 16], "texture": "#1"},
				"west": {"uv": [0, 0, 1, 16], "texture": "#1"},
				"up": {"uv": [0, 0, 1, 16], "texture": "#1"},
				"down": {"uv": [0, 0, 1, 16], "texture": "#1"}
			}
		},
		{
			"from": [8.29, 0, 21.86],
			"to": [8.87, 0.58, 27.17],
			"rotation": {"angle": 0, "axis": "y", "origin": [3.36, 0, 3.36]},
			"faces": {
				"north": {"uv": [0, 0, 1, 16], "texture": "#1"},
				"east": {"uv": [0, 0, 1, 16], "texture": "#1"},
				"south": {"uv": [0, 0, 1, 16], "texture": "#1"},
				"west": {"uv": [0, 0, 1, 16], "texture": "#1"},
				"up": {"uv": [0, 0, 1, 16], "texture": "#1"},
				"down": {"uv": [0, 0, 1, 16], "texture": "#1"}
			}
		},
		{
			"from": [8.29, 0, -9.67],
			"to": [8.87, 0.58, 3.36],
			"rotation": {"angle": 0, "axis": "y", "origin": [3.36, 0, 3.36]},
			"faces": {
				"north": {"uv": [0, 0, 1, 16], "texture": "#1"},
				"east": {"uv": [0, 0, 1, 16], "texture": "#1"},
				"south": {"uv": [0, 0, 1, 16], "texture": "#1"},
				"west": {"uv": [0, 0, 1, 16], "texture": "#1"},
				"up": {"uv": [0, 0, 1, 16], "texture": "#1"},
				"down": {"uv": [0, 0, 1, 16], "texture": "#1"}
			}
		},
		{
			"from": [5.245, 0, 3.36],
			"to": [7.42, 0.58, 21.92],
			"rotation": {"angle": 0, "axis": "y", "origin": [3.36, 0, 3.36]},
			"faces": {
				"north": {"uv": [0, 0, 3.25, 16], "texture": "#0"},
				"east": {"uv": [0, 0, 3.25, 16], "texture": "#0"},
				"south": {"uv": [0, 0, 3.25, 16], "texture": "#0"},
				"west": {"uv": [0, 0, 7, 9], "texture": "#0"},
				"up": {"uv": [5, 0, 8.25, 16], "texture": "#0"},
				"down": {"uv": [0, 0, 3.25, 16], "texture": "#0"}
			}
		},
		{
			"from": [6.495, 0, 21.86],
			"to": [7.42, 0.58, 27.17],
			"rotation": {"angle": 0, "axis": "y", "origin": [3.36, 0, 3.36]},
			"faces": {
				"north": {"uv": [0, 0, 3.25, 16], "texture": "#0"},
				"east": {"uv": [0, 0, 3.25, 16], "texture": "#0"},
				"south": {"uv": [0, 0, 3.25, 16], "texture": "#0"},
				"west": {"uv": [0, 0, 7, 9], "texture": "#0"},
				"up": {"uv": [8, 2, 9, 9], "texture": "#0"},
				"down": {"uv": [0, 0, 2, 8], "texture": "#0"}
			}
		},
		{
			"from": [5.6, 0, 21.86],
			"to": [6.525, 0.58, 26.67],
			"rotation": {"angle": 0, "axis": "y", "origin": [3.36, 0, 3.36]},
			"faces": {
				"north": {"uv": [0, 0, 3.25, 16], "texture": "#0"},
				"east": {"uv": [0, 0, 3.25, 16], "texture": "#0"},
				"south": {"uv": [0, 0, 3.25, 16], "texture": "#0"},
				"west": {"uv": [0, 0, 7, 9], "texture": "#0"},
				"up": {"uv": [8, 2, 9, 9], "texture": "#0"},
				"down": {"uv": [0, 0, 2, 8], "texture": "#0"}
			}
		},
		{
			"from": [8.85, 0, 21.86],
			"to": [9.775, 0.58, 27.17],
			"rotation": {"angle": 0, "axis": "y", "origin": [3.36, 0, 3.36]},
			"faces": {
				"north": {"uv": [0, 0, 3.25, 16], "texture": "#0"},
				"east": {"uv": [0, 0, 3.25, 16], "texture": "#0"},
				"south": {"uv": [0, 0, 3.25, 16], "texture": "#0"},
				"west": {"uv": [0, 0, 7, 9], "texture": "#0"},
				"up": {"uv": [8, 2, 9, 9], "texture": "#0"},
				"down": {"uv": [0, 0, 2, 8], "texture": "#0"}
			}
		},
		{
			"from": [9.6, 0, 21.86],
			"to": [10.525, 0.58, 26.67],
			"rotation": {"angle": 0, "axis": "y", "origin": [3.36, 0, 3.36]},
			"faces": {
				"north": {"uv": [0, 0, 3.25, 16], "texture": "#0"},
				"east": {"uv": [0, 0, 3.25, 16], "texture": "#0"},
				"south": {"uv": [0, 0, 3.25, 16], "texture": "#0"},
				"west": {"uv": [0, 0, 7, 9], "texture": "#0"},
				"up": {"uv": [8, 2, 9, 9], "texture": "#0"},
				"down": {"uv": [0, 0, 2, 8], "texture": "#0"}
			}
		},
		{
			"from": [10.35, 0, 21.86],
			"to": [11.025, 0.58, 26.17],
			"rotation": {"angle": 0, "axis": "y", "origin": [3.36, 0, 3.36]},
			"faces": {
				"north": {"uv": [0, 0, 3.25, 16], "texture": "#0"},
				"east": {"uv": [0, 0, 3.25, 16], "texture": "#0"},
				"south": {"uv": [0, 0, 3.25, 16], "texture": "#0"},
				"west": {"uv": [0, 0, 7, 9], "texture": "#0"},
				"up": {"uv": [8, 2, 9, 9], "texture": "#0"},
				"down": {"uv": [0, 0, 2, 8], "texture": "#0"}
			}
		},
		{
			"from": [11, 0, -0.39],
			"to": [11.425, 0.58, 24.42],
			"rotation": {"angle": 0, "axis": "y", "origin": [3.36, 0, 3.36]},
			"faces": {
				"north": {"uv": [0, 0, 0, 3], "texture": "#0"},
				"east": {"uv": [0, 0, 3.25, 16], "texture": "#0"},
				"south": {"uv": [0, 0, 3.25, 16], "texture": "#0"},
				"west": {"uv": [0, 0, 3, 4], "texture": "#0"},
				"up": {"uv": [5, 0, 8.25, 16], "texture": "#0"},
				"down": {"uv": [0, 0, 2, 4], "texture": "#0"}
			}
		},
		{
			"from": [5, 0, -0.39],
			"to": [5.425, 0.58, 24.67],
			"rotation": {"angle": 0, "axis": "y", "origin": [3.36, 0, 3.36]},
			"faces": {
				"north": {"uv": [0, 0, 0, 3], "texture": "#0"},
				"east": {"uv": [0, 0, 3.25, 16], "texture": "#0"},
				"south": {"uv": [0, 0, 3.25, 16], "texture": "#0"},
				"west": {"uv": [0, 0, 3, 4], "texture": "#0"},
				"up": {"uv": [5, 0, 8.25, 16], "texture": "#0"},
				"down": {"uv": [0, 0, 2, 4], "texture": "#0"}
			}
		},
		{
			"from": [5.3, 0, 21.86],
			"to": [5.9, 0.58, 26.17],
			"rotation": {"angle": 0, "axis": "y", "origin": [3.36, 0, 3.36]},
			"faces": {
				"north": {"uv": [0, 0, 3.25, 16], "texture": "#0"},
				"east": {"uv": [0, 0, 3.25, 16], "texture": "#0"},
				"south": {"uv": [0, 0, 3.25, 16], "texture": "#0"},
				"west": {"uv": [0, 0, 7, 9], "texture": "#0"},
				"up": {"uv": [8, 2, 9, 9], "texture": "#0"},
				"down": {"uv": [0, 0, 2, 8], "texture": "#0"}
			}
		},
		{
			"from": [5.245, 0, -3.17],
			"to": [7.42, 0.58, 3.36],
			"rotation": {"angle": 0, "axis": "y", "origin": [3.36, 0, 3.36]},
			"faces": {
				"north": {"uv": [0, 0, 0, 3], "texture": "#0"},
				"east": {"uv": [0, 0, 3.25, 16], "texture": "#0"},
				"south": {"uv": [0, 0, 3.25, 16], "texture": "#0"},
				"west": {"uv": [0, 0, 3, 4], "texture": "#0"},
				"up": {"uv": [5, 0, 8.25, 16], "texture": "#0"},
				"down": {"uv": [0, 0, 3, 13], "texture": "#0"}
			}
		},
		{
			"from": [5.495, 0, -5.42],
			"to": [7.42, 0.58, -3.14],
			"rotation": {"angle": 0, "axis": "y", "origin": [3.36, 0, 3.36]},
			"faces": {
				"north": {"uv": [0, 0, 0, 3], "texture": "#0"},
				"east": {"uv": [0, 0, 3.25, 16], "texture": "#0"},
				"south": {"uv": [0, 0, 3.25, 16], "texture": "#0"},
				"west": {"uv": [0, 0, 3, 4], "texture": "#0"},
				"up": {"uv": [5, 0, 10, 10], "texture": "#0"},
				"down": {"uv": [1, 0, 4, 3], "texture": "#0"}
			}
		},
		{
			"from": [5.995, 0, -7.67],
			"to": [7.42, 0.58, -5.39],
			"rotation": {"angle": 0, "axis": "y", "origin": [3.36, 0, 3.36]},
			"faces": {
				"north": {"uv": [0, 0, 0, 3], "texture": "#0"},
				"east": {"uv": [0, 0, 3.25, 16], "texture": "#0"},
				"south": {"uv": [0, 0, 3.25, 16], "texture": "#0"},
				"west": {"uv": [0, 0, 3, 4], "texture": "#0"},
				"up": {"uv": [5, 0, 10, 10], "texture": "#0"},
				"down": {"uv": [1, 0, 4, 3], "texture": "#0"}
			}
		},
		{
			"from": [6.495, 0, -8.92],
			"to": [7.42, 0.58, -7.64],
			"rotation": {"angle": 0, "axis": "y", "origin": [3.36, 0, 3.36]},
			"faces": {
				"north": {"uv": [0, 0, 0, 3], "texture": "#0"},
				"east": {"uv": [0, 0, 3.25, 16], "texture": "#0"},
				"south": {"uv": [0, 0, 3.25, 16], "texture": "#0"},
				"west": {"uv": [0, 0, 3, 4], "texture": "#0"},
				"up": {"uv": [5, 0, 10, 10], "texture": "#0"},
				"down": {"uv": [1, 0, 4, 3], "texture": "#0"}
			}
		},
		{
			"from": [6.995, 0, -9.67],
			"to": [7.42, 0.58, -8.89],
			"rotation": {"angle": 0, "axis": "y", "origin": [3.36, 0, 3.36]},
			"faces": {
				"north": {"uv": [0, 0, 0, 3], "texture": "#0"},
				"east": {"uv": [0, 0, 3.25, 16], "texture": "#0"},
				"south": {"uv": [0, 0, 3.25, 16], "texture": "#0"},
				"west": {"uv": [0, 0, 3, 4], "texture": "#0"},
				"up": {"uv": [5, 0, 10, 10], "texture": "#0"},
				"down": {"uv": [1, 0, 4, 3], "texture": "#0"}
			}
		},
		{
			"from": [8.85, 0, -7.67],
			"to": [10.275, 0.58, -5.39],
			"rotation": {"angle": 0, "axis": "y", "origin": [3.36, 0, 3.36]},
			"faces": {
				"north": {"uv": [0, 0, 0, 3], "texture": "#0"},
				"east": {"uv": [0, 0, 0, 2], "texture": "#0"},
				"south": {"uv": [0, 0, 3.25, 16], "texture": "#0"},
				"west": {"uv": [0, 0, 3, 4], "texture": "#0"},
				"up": {"uv": [5, 0, 10, 10], "texture": "#0"},
				"down": {"uv": [1, 0, 4, 3], "texture": "#0"}
			}
		},
		{
			"from": [8.85, 0, -8.92],
			"to": [9.775, 0.58, -7.64],
			"rotation": {"angle": 0, "axis": "y", "origin": [3.36, 0, 3.36]},
			"faces": {
				"north": {"uv": [0, 0, 0, 3], "texture": "#0"},
				"east": {"uv": [0, 0, 0, 2], "texture": "#0"},
				"south": {"uv": [0, 0, 3.25, 16], "texture": "#0"},
				"west": {"uv": [0, 0, 3, 4], "texture": "#0"},
				"up": {"uv": [5, 0, 10, 10], "texture": "#0"},
				"down": {"uv": [1, 0, 4, 3], "texture": "#0"}
			}
		},
		{
			"from": [8.85, 0, -9.67],
			"to": [9.275, 0.58, -8.89],
			"rotation": {"angle": 0, "axis": "y", "origin": [3.36, 0, 3.36]},
			"faces": {
				"north": {"uv": [0, 0, 0, 3], "texture": "#0"},
				"east": {"uv": [0, 0, 0, 2], "texture": "#0"},
				"south": {"uv": [0, 0, 3.25, 16], "texture": "#0"},
				"west": {"uv": [0, 0, 3, 4], "texture": "#0"},
				"up": {"uv": [5, 0, 10, 10], "texture": "#0"},
				"down": {"uv": [1, 0, 4, 3], "texture": "#0"}
			}
		},
		{
			"from": [8.85, 0, -5.42],
			"to": [10.775, 0.58, -3.14],
			"rotation": {"angle": 0, "axis": "y", "origin": [3.36, 0, 3.36]},
			"faces": {
				"north": {"uv": [5, 0, 10, 5], "texture": "#0"},
				"east": {"uv": [5, 0, 10, 5], "texture": "#0"},
				"south": {"uv": [5, 0, 10, 5], "texture": "#0"},
				"west": {"uv": [5, 0, 10, 5], "texture": "#0"},
				"up": {"uv": [5, 0, 10, 5], "texture": "#0"},
				"down": {"uv": [5, 0, 10, 5], "texture": "#0"}
			}
		},
		{
			"from": [8.87, 0, 3.36],
			"to": [11.045, 0.58, 21.92],
			"rotation": {"angle": 0, "axis": "y", "origin": [3.36, 0, 3.36]},
			"faces": {
				"north": {"uv": [0, 0, 3.25, 16], "texture": "#0"},
				"east": {"uv": [0, 0, 3.25, 16], "texture": "#0"},
				"south": {"uv": [0, 0, 3.25, 16], "texture": "#0"},
				"west": {"uv": [0, 0, 3, 4], "texture": "#0"},
				"up": {"uv": [5, 0, 8.25, 16], "texture": "#0"},
				"down": {"uv": [0, 0, 3.25, 16], "texture": "#0"}
			}
		},
		{
			"from": [8.87, 0, -3.17],
			"to": [11.045, 0.58, 3.36],
			"rotation": {"angle": 0, "axis": "y", "origin": [3.36, 0, 3.36]},
			"faces": {
				"north": {"uv": [0, 0, 0, 3], "texture": "#0"},
				"east": {"uv": [0, 0, 0, 2], "texture": "#0"},
				"south": {"uv": [0, 0, 3.25, 16], "texture": "#0"},
				"west": {"uv": [0, 0, 3, 4], "texture": "#0"},
				"up": {"uv": [5, 0, 8.25, 16], "texture": "#0"},
				"down": {"uv": [0, 0, 2, 8], "texture": "#0"}
			}
		},
		{
			"from": [6.25, 0.75, 17],
			"to": [10.25, 0.75, 21.25],
			"rotation": {"angle": 0, "axis": "y", "origin": [2, 0, 3.25]},
			"faces": {
				"north": {"uv": [0, 0, 16, 15.96774], "rotation": 180, "texture": "#2"},
				"east": {"uv": [0, 0, 16, 15.96774], "rotation": 180, "texture": "#2"},
				"south": {"uv": [0, 0, 16, 15.96774], "rotation": 180, "texture": "#2"},
				"west": {"uv": [0, 0, 16, 15.96774], "rotation": 180, "texture": "#2"},
				"up": {"uv": [0, 0, 16, 15.96774], "rotation": 180, "texture": "#2"},
				"down": {"uv": [0, 0, 16, 15.96774], "rotation": 180, "texture": "#2"}
			}
		}
	],
	"display": {
		"thirdperson_righthand": {
			"rotation": [-103, 5, 86.5],
			"translation": [-15, -5.75, 3],
			"scale": [1.72, 1.72, 1.72]
		},
		"thirdperson_lefthand": {
			"rotation": [69, -180, 0],
			"translation": [-6.25, -2.25, 2],
			"scale": [1.87, 1.87, 1.87]
		},
		"firstperson_righthand": {
			"rotation": [2, -180, -75],
			"translation": [-5.75, 4.5, 7]
		},
		"firstperson_lefthand": {
			"rotation": [0, -180, 0],
			"translation": [39.25, 0, 0]
		},
		"ground": {
			"translation": [0, 6.5, 0],
			"scale": [1.27, 1.27, 1.27]
		},
		"gui": {
			"rotation": [63, -165, 0],
			"translation": [0, 2, 0],
			"scale": [0.58, 0.58, 0.58]
		},
		"head": {
			"rotation": [0, -180, 0],
			"translation": [0, 28.75, -6.5],
			"scale": [2.78, 2.78, 2.78]
		},
		"fixed": {
			"rotation": [-90, 0, 0],
			"translation": [0, 31.75, -31],
			"scale": [2.78, 2.78, 2.78]
		}
	}
}