{
	"credit": "Made with Blockbench",
	"parent": "minecraft:item/handheld",
	"textures": {
		"0": "custom/billskull",
		"1": "custom/neve",
		"2": "item/redstone",
		"3": "block/light_gray_concrete",
		"4": "block/light_gray_concrete_powder",
		"particle": "custom/billskull",
		"2_1": "block/black_concrete",
		"2_2": "block/gray_concrete"
	},
	"elements": [
		{
			"from": [5, 0, 4],
			"to": [13, 8, 12],
			"rotation": {"angle": 0, "axis": "y", "origin": [13, 8, 12]},
			"faces": {
				"north": {"uv": [2, 2, 4, 4], "texture": "#1"},
				"east": {"uv": [5.75, 2, 7.75, 4], "texture": "#1"},
				"south": {"uv": [4, 2, 6, 4], "texture": "#1"},
				"west": {"uv": [0, 2, 2, 4], "texture": "#1"},
				"up": {"uv": [2, 0, 4, 2], "texture": "#1"},
				"down": {"uv": [4, 0, 6, 2], "texture": "#1"}
			}
		},
		{
			"from": [0, 0, 0],
			"to": [17, 0, 16],
			"faces": {
				"up": {"uv": [0, 4, 12, 16], "texture": "#2"}
			}
		},
		{
			"name": "hexadecagon",
			"from": [7.95465, 17.016, 7.772],
			"to": [8.04535, 20.892, 8.228],
			"rotation": {"angle": -45, "axis": "y", "origin": [8, 42.264, 8]},
			"faces": {
				"north": {"uv": [0, 1, 1, 0], "texture": "#0"},
				"east": {"uv": [0, 1, 1, 0], "texture": "#0"},
				"south": {"uv": [0, 1, 1, 0], "texture": "#0"},
				"west": {"uv": [0, 1, 1, 0], "texture": "#0"},
				"up": {"uv": [0, 1, 1, 0], "texture": "#0"},
				"down": {"uv": [0, 1, 1, 0], "texture": "#0"}
			}
		},
		{
			"name": "hexadecagon",
			"from": [7.95465, 17.016, 7.772],
			"to": [8.04535, 20.892, 8.228],
			"rotation": {"angle": -22.5, "axis": "y", "origin": [8, 42.264, 8]},
			"faces": {
				"north": {"uv": [0, 1, 1, 0], "texture": "#0"},
				"east": {"uv": [0, 1, 1, 0], "texture": "#0"},
				"south": {"uv": [0, 1, 1, 0], "texture": "#0"},
				"west": {"uv": [0, 1, 1, 0], "texture": "#0"},
				"up": {"uv": [0, 1, 1, 0], "texture": "#0"},
				"down": {"uv": [0, 1, 1, 0], "texture": "#0"}
			}
		},
		{
			"name": "hexadecagon",
			"from": [7.95465, 17.016, 7.772],
			"to": [8.04535, 20.892, 8.228],
			"rotation": {"angle": 0, "axis": "y", "origin": [8, 42.264, 8]},
			"faces": {
				"north": {"uv": [0, 1, 1, 0], "texture": "#0"},
				"east": {"uv": [0, 1, 1, 0], "texture": "#0"},
				"south": {"uv": [0, 1, 1, 0], "texture": "#0"},
				"west": {"uv": [0, 1, 1, 0], "texture": "#0"},
				"up": {"uv": [0, 1, 1, 0], "texture": "#0"},
				"down": {"uv": [0, 1, 1, 0], "texture": "#0"}
			}
		},
		{
			"name": "hexadecagon",
			"from": [7.95465, 17.016, 7.772],
			"to": [8.04535, 20.892, 8.228],
			"rotation": {"angle": 22.5, "axis": "y", "origin": [8, 42.264, 8]},
			"faces": {
				"north": {"uv": [0, 1, 1, 0], "texture": "#0"},
				"east": {"uv": [0, 1, 1, 0], "texture": "#0"},
				"south": {"uv": [0, 1, 1, 0], "texture": "#0"},
				"west": {"uv": [0, 1, 1, 0], "texture": "#0"},
				"up": {"uv": [0, 1, 1, 0], "texture": "#0"},
				"down": {"uv": [0, 1, 1, 0], "texture": "#0"}
			}
		},
		{
			"name": "hexadecagon",
			"from": [7.95465, 17.016, 7.772],
			"to": [8.04535, 20.892, 8.228],
			"rotation": {"angle": 45, "axis": "y", "origin": [8, 42.264, 8]},
			"faces": {
				"north": {"uv": [0, 1, 1, 0], "texture": "#0"},
				"east": {"uv": [0, 1, 1, 0], "texture": "#0"},
				"south": {"uv": [0, 1, 1, 0], "texture": "#0"},
				"west": {"uv": [0, 1, 1, 0], "texture": "#0"},
				"up": {"uv": [0, 1, 1, 0], "texture": "#0"},
				"down": {"uv": [0, 1, 1, 0], "texture": "#0"}
			}
		},
		{
			"name": "hexadecagon",
			"from": [7.772, 17.016, 7.95465],
			"to": [8.228, 20.892, 8.04535],
			"rotation": {"angle": -22.5, "axis": "y", "origin": [8, 42.264, 8]},
			"faces": {
				"north": {"uv": [0, 1, 1, 0], "texture": "#0"},
				"east": {"uv": [0, 1, 1, 0], "texture": "#0"},
				"south": {"uv": [0, 1, 1, 0], "texture": "#0"},
				"west": {"uv": [0, 1, 1, 0], "texture": "#0"},
				"up": {"uv": [0, 1, 1, 0], "texture": "#0"},
				"down": {"uv": [0, 1, 1, 0], "texture": "#0"}
			}
		},
		{
			"name": "hexadecagon",
			"from": [7.772, 17.016, 7.95465],
			"to": [8.228, 20.892, 8.04535],
			"rotation": {"angle": 0, "axis": "y", "origin": [8, 42.264, 8]},
			"faces": {
				"north": {"uv": [0, 1, 1, 0], "texture": "#0"},
				"east": {"uv": [0, 1, 1, 0], "texture": "#0"},
				"south": {"uv": [0, 1, 1, 0], "texture": "#0"},
				"west": {"uv": [0, 1, 1, 0], "texture": "#0"},
				"up": {"uv": [0, 1, 1, 0], "texture": "#0"},
				"down": {"uv": [0, 1, 1, 0], "texture": "#0"}
			}
		},
		{
			"name": "hexadecagon",
			"from": [7.772, 17.016, 7.95465],
			"to": [8.228, 20.892, 8.04535],
			"rotation": {"angle": 22.5, "axis": "y", "origin": [8, 42.264, 8]},
			"faces": {
				"north": {"uv": [0, 1, 1, 0], "texture": "#0"},
				"east": {"uv": [0, 1, 1, 0], "texture": "#0"},
				"south": {"uv": [0, 1, 1, 0], "texture": "#0"},
				"west": {"uv": [0, 1, 1, 0], "texture": "#0"},
				"up": {"uv": [0, 1, 1, 0], "texture": "#0"},
				"down": {"uv": [0, 1, 1, 0], "texture": "#0"}
			}
		},
		{
			"from": [17.66928, 18.90568, 7.7264],
			"to": [19.94928, 19.36168, 8.2736],
			"rotation": {"angle": -22.5, "axis": "z", "origin": [8, 42.264, 8]},
			"faces": {
				"north": {"uv": [0, 1, 5, 0], "texture": "#2_2"},
				"east": {"uv": [0, 1, 1.2, 0], "texture": "#2_2"},
				"south": {"uv": [0, 1, 5, 0], "texture": "#2_2"},
				"west": {"uv": [0, 1, 1.2, 0], "texture": "#2_2"},
				"up": {"uv": [0, 1.2, 5, 0], "texture": "#2_2"},
				"down": {"uv": [0, 1.2, 5, 0], "texture": "#2_2"}
			}
		},
		{
			"from": [17.66928, 18.99688, 7.6808],
			"to": [19.99488, 19.27048, 8.3192],
			"rotation": {"angle": -22.5, "axis": "z", "origin": [8, 42.264, 8]},
			"faces": {
				"north": {"uv": [0, 0.6, 5.1, 0], "texture": "#3"},
				"east": {"uv": [0, 0.6, 1.4, 0], "texture": "#3"},
				"south": {"uv": [0, 0.6, 5.1, 0], "texture": "#3"},
				"west": {"uv": [0, 0.6, 1.4, 0], "texture": "#3"},
				"up": {"uv": [0, 1.4, 5.1, 0], "texture": "#3"},
				"down": {"uv": [0, 1.4, 5.1, 0], "texture": "#3"}
			}
		},
		{
			"from": [7.6808, 6.8016, 7.772],
			"to": [8.3192, 16.9248, 8.228],
			"rotation": {"angle": 0, "axis": "z", "origin": [8, 42.264, 8]},
			"faces": {
				"north": {"uv": [0, 16, 1.4, 0], "texture": "#2_2"},
				"east": {"uv": [0, 16, 1, 0], "texture": "#2_2"},
				"south": {"uv": [0, 16, 1.4, 0], "texture": "#2_2"},
				"west": {"uv": [0, 16, 1, 0], "texture": "#2_2"},
				"up": {"uv": [0, 1, 1.4, 0], "texture": "#2_2"},
				"down": {"uv": [0, 1, 1.4, 0], "texture": "#2_2"}
			}
		},
		{
			"from": [7.0424, 9.1272, 7.772],
			"to": [7.6808, 16.9704, 8.228],
			"rotation": {"angle": 0, "axis": "z", "origin": [8, 42.264, 8]},
			"faces": {
				"north": {"uv": [0, 16, 1.4, 0], "texture": "#2_2"},
				"east": {"uv": [0, 16, 1, 0], "texture": "#2_2"},
				"south": {"uv": [0, 16, 1.4, 0], "texture": "#2_2"},
				"west": {"uv": [0, 16, 1, 0], "texture": "#2_2"},
				"up": {"uv": [0, 1, 1.4, 0], "texture": "#2_2"},
				"down": {"uv": [0, 1, 1.4, 0], "texture": "#2_2"}
			}
		},
		{
			"from": [20.94466, 10.28672, 7.772],
			"to": [21.58306, 11.97392, 8.228],
			"rotation": {"angle": -22.5, "axis": "z", "origin": [8, 42.264, 8]},
			"faces": {
				"north": {"uv": [0, 3.7, 1.4, 0], "texture": "#2_2"},
				"east": {"uv": [0, 3.7, 1, 0], "texture": "#2_2"},
				"south": {"uv": [0, 3.7, 1.4, 0], "texture": "#2_2"},
				"west": {"uv": [0, 3.7, 1, 0], "texture": "#2_2"},
				"up": {"uv": [0, 1, 1.4, 0], "texture": "#2_2"},
				"down": {"uv": [0, 1, 1.4, 0], "texture": "#2_2"}
			}
		},
		{
			"from": [-5.56561, 10.32884, 7.772],
			"to": [-4.92721, 12.01604, 8.228],
			"rotation": {"angle": 22.5, "axis": "z", "origin": [8, 42.264, 8]},
			"faces": {
				"north": {"uv": [0, 3.7, 1.4, 0], "texture": "#2_2"},
				"east": {"uv": [0, 3.7, 1, 0], "texture": "#2_2"},
				"south": {"uv": [0, 3.7, 1.4, 0], "texture": "#2_2"},
				"west": {"uv": [0, 3.7, 1, 0], "texture": "#2_2"},
				"up": {"uv": [0, 1, 1.4, 0], "texture": "#2_2"},
				"down": {"uv": [0, 1, 1.4, 0], "texture": "#2_2"}
			}
		},
		{
			"from": [8.3192, 9.0816, 7.772],
			"to": [8.9576, 16.9704, 8.228],
			"rotation": {"angle": 0, "axis": "z", "origin": [8, 42.264, 8]},
			"faces": {
				"north": {"uv": [0, 16, 1.4, 0], "texture": "#2_2"},
				"east": {"uv": [0, 16, 1, 0], "texture": "#2_2"},
				"south": {"uv": [0, 16, 1.4, 0], "texture": "#2_2"},
				"west": {"uv": [0, 16, 1, 0], "texture": "#2_2"},
				"up": {"uv": [0, 1, 1.4, 0], "texture": "#2_2"},
				"down": {"uv": [0, 1, 1.4, 0], "texture": "#2_2"}
			}
		},
		{
			"from": [8.3192, 9.72, 7.9088],
			"to": [9.4136, 16.8336, 8.1368],
			"rotation": {"angle": 0, "axis": "z", "origin": [8, 42.264, 8]},
			"faces": {
				"north": {"uv": [0, 15.6, 2.4, 0], "texture": "#3"},
				"east": {"uv": [0, 15.6, 0.5, 0], "texture": "#3"},
				"south": {"uv": [0, 15.6, 2.4, 0], "texture": "#3"},
				"west": {"uv": [0, 15.6, 0.5, 0], "texture": "#3"},
				"up": {"uv": [0, 0.5, 2.4, 0], "texture": "#3"},
				"down": {"uv": [0, 0.5, 2.4, 0], "texture": "#3"}
			}
		},
		{
			"from": [21.12164, 9.81983, 7.9088],
			"to": [21.76004, 12.73823, 8.1368],
			"rotation": {"angle": -22.5, "axis": "z", "origin": [8, 42.264, 8]},
			"faces": {
				"north": {"uv": [0, 6.4, 1.4, 0], "texture": "#3"},
				"east": {"uv": [0, 6.4, 0.5, 0], "texture": "#3"},
				"south": {"uv": [0, 6.4, 1.4, 0], "texture": "#3"},
				"west": {"uv": [0, 6.4, 0.5, 0], "texture": "#3"},
				"up": {"uv": [0, 0.5, 1.4, 0], "texture": "#3"},
				"down": {"uv": [0, 0.5, 1.4, 0], "texture": "#3"}
			}
		},
		{
			"from": [6.5864, 9.72, 7.9088],
			"to": [7.6808, 16.8336, 8.1368],
			"rotation": {"angle": 0, "axis": "z", "origin": [8, 42.264, 8]},
			"faces": {
				"north": {"uv": [0, 15.6, 2.4, 0], "texture": "#3"},
				"east": {"uv": [0, 15.6, 0.5, 0], "texture": "#3"},
				"south": {"uv": [0, 15.6, 2.4, 0], "texture": "#3"},
				"west": {"uv": [0, 15.6, 0.5, 0], "texture": "#3"},
				"up": {"uv": [0, 0.5, 2.4, 0], "texture": "#3"},
				"down": {"uv": [0, 0.5, 2.4, 0], "texture": "#3"}
			}
		},
		{
			"from": [-5.76005, 9.86542, 7.9088],
			"to": [-4.98485, 12.73822, 8.1368],
			"rotation": {"angle": 22.5, "axis": "z", "origin": [8, 42.264, 8]},
			"faces": {
				"north": {"uv": [0, 6.3, 1.7, 0], "texture": "#3"},
				"east": {"uv": [0, 6.3, 0.5, 0], "texture": "#3"},
				"south": {"uv": [0, 6.3, 1.7, 0], "texture": "#3"},
				"west": {"uv": [0, 6.3, 0.5, 0], "texture": "#3"},
				"up": {"uv": [0, 0.5, 1.7, 0], "texture": "#3"},
				"down": {"uv": [0, 0.5, 1.7, 0], "texture": "#3"}
			}
		},
		{
			"from": [5.948, 10.176, 7.9544],
			"to": [6.5864, 16.4688, 8.0912],
			"rotation": {"angle": 0, "axis": "z", "origin": [8, 42.264, 8]},
			"faces": {
				"north": {"uv": [0, 13.8, 1.4, 0], "texture": "#4"},
				"east": {"uv": [0, 13.8, 0.3, 0], "texture": "#4"},
				"south": {"uv": [0, 13.8, 1.4, 0], "texture": "#4"},
				"west": {"uv": [0, 13.8, 0.3, 0], "texture": "#4"},
				"up": {"uv": [0, 0.3, 1.4, 0], "texture": "#4"},
				"down": {"uv": [0, 0.3, 1.4, 0], "texture": "#4"}
			}
		},
		{
			"from": [-6.17535, 8.70702, 7.9544],
			"to": [-5.53695, 13.40382, 8.0912],
			"rotation": {"angle": 22.5, "axis": "z", "origin": [8, 42.264, 8]},
			"faces": {
				"north": {"uv": [0, 10.3, 1.4, 0], "texture": "#4"},
				"east": {"uv": [0, 10.3, 0.3, 0], "texture": "#4"},
				"south": {"uv": [0, 10.3, 1.4, 0], "texture": "#4"},
				"west": {"uv": [0, 10.3, 0.3, 0], "texture": "#4"},
				"up": {"uv": [0, 0.3, 1.4, 0], "texture": "#4"},
				"down": {"uv": [0, 0.3, 1.4, 0], "texture": "#4"}
			}
		},
		{
			"from": [-16, 16.30758, 7.9544],
			"to": [-16, 16.68606, 8.0912],
			"rotation": {"angle": 45, "axis": "z", "origin": [8, 42.264, 8]},
			"faces": {
				"north": {"uv": [0, 0.83, 0.7, 0], "texture": "#4"},
				"east": {"uv": [0, 0.83, 0.3, 0], "texture": "#4"},
				"south": {"uv": [0, 0.83, 0.7, 0], "texture": "#4"},
				"west": {"uv": [0, 0.83, 0.3, 0], "texture": "#4"},
				"up": {"uv": [0, 0.3, 0.7, 0], "texture": "#4"},
				"down": {"uv": [0, 0.3, 0.7, 0], "texture": "#4"}
			}
		},
		{
			"from": [-16, 17.01695, 7.772],
			"to": [-16, 17.39543, 8.228],
			"rotation": {"angle": 45, "axis": "z", "origin": [8, 42.264, 8]},
			"faces": {
				"north": {"uv": [0, 0.83, 0.7, 0], "texture": "#2_2"},
				"east": {"uv": [0, 0.83, 1, 0], "texture": "#2_2"},
				"south": {"uv": [0, 0.83, 0.7, 0], "texture": "#2_2"},
				"west": {"uv": [0, 0.83, 1, 0], "texture": "#2_2"},
				"up": {"uv": [0, 1, 0.7, 0], "texture": "#2_2"},
				"down": {"uv": [0, 1, 0.7, 0], "texture": "#2_2"}
			}
		},
		{
			"from": [9.4136, 10.176, 7.9544],
			"to": [10.052, 16.4688, 8.0912],
			"rotation": {"angle": 0, "axis": "z", "origin": [8, 42.264, 8]},
			"faces": {
				"north": {"uv": [0, 13.8, 1.4, 0], "texture": "#4"},
				"east": {"uv": [0, 13.8, 0.3, 0], "texture": "#4"},
				"south": {"uv": [0, 13.8, 1.4, 0], "texture": "#4"},
				"west": {"uv": [0, 13.8, 0.3, 0], "texture": "#4"},
				"up": {"uv": [0, 0.3, 1.4, 0], "texture": "#4"},
				"down": {"uv": [0, 0.3, 1.4, 0], "texture": "#4"}
			}
		},
		{
			"from": [21.53695, 8.66142, 7.9544],
			"to": [22.17535, 13.40382, 8.0912],
			"rotation": {"angle": -22.5, "axis": "z", "origin": [8, 42.264, 8]},
			"faces": {
				"north": {"uv": [0, 10.4, 1.4, 0], "texture": "#4"},
				"east": {"uv": [0, 10.4, 0.3, 0], "texture": "#4"},
				"south": {"uv": [0, 10.4, 1.4, 0], "texture": "#4"},
				"west": {"uv": [0, 10.4, 0.3, 0], "texture": "#4"},
				"up": {"uv": [0, 0.3, 1.4, 0], "texture": "#4"},
				"down": {"uv": [0, 0.3, 1.4, 0], "texture": "#4"}
			}
		},
		{
			"from": [-3.93522, 18.89516, 7.7264],
			"to": [-1.65522, 19.35116, 8.2736],
			"rotation": {"angle": 22.5, "axis": "z", "origin": [8, 42.264, 8]},
			"faces": {
				"north": {"uv": [0, 1, 5, 0], "texture": "#2_2"},
				"east": {"uv": [0, 1, 1.2, 0], "texture": "#2_2"},
				"south": {"uv": [0, 1, 5, 0], "texture": "#2_2"},
				"west": {"uv": [0, 1, 1.2, 0], "texture": "#2_2"},
				"up": {"uv": [0, 1.2, 5, 0], "texture": "#2_2"},
				"down": {"uv": [0, 1.2, 5, 0], "texture": "#2_2"}
			}
		},
		{
			"from": [-3.98082, 18.98636, 7.6808],
			"to": [-1.65522, 19.25996, 8.3192],
			"rotation": {"angle": 22.5, "axis": "z", "origin": [8, 42.264, 8]},
			"faces": {
				"north": {"uv": [0, 0.6, 5.1, 0], "texture": "#3"},
				"east": {"uv": [0, 0.6, 1.4, 0], "texture": "#3"},
				"south": {"uv": [0, 0.6, 5.1, 0], "texture": "#3"},
				"west": {"uv": [0, 0.6, 1.4, 0], "texture": "#3"},
				"up": {"uv": [0, 1.4, 5.1, 0], "texture": "#3"},
				"down": {"uv": [0, 1.4, 5.1, 0], "texture": "#3"}
			}
		},
		{
			"name": "hexadecagon",
			"from": [7.95276, 20.51, 7.7625],
			"to": [8.04724, 20.89, 8.2375],
			"rotation": {"angle": -45, "axis": "y", "origin": [8, 38.32, 8]},
			"faces": {
				"north": {"uv": [0, 1, 1, 0], "texture": "#2_1"},
				"east": {"uv": [0, 1, 1, 0], "texture": "#2_1"},
				"south": {"uv": [0, 1, 1, 0], "texture": "#2_1"},
				"west": {"uv": [0, 1, 1, 0], "texture": "#2_1"},
				"up": {"uv": [0, 1, 1, 0], "texture": "#2_1"},
				"down": {"uv": [0, 1, 1, 0], "texture": "#2_1"}
			}
		},
		{
			"name": "hexadecagon",
			"from": [7.95276, 20.51, 7.7625],
			"to": [8.04724, 20.89, 8.2375],
			"rotation": {"angle": -22.5, "axis": "y", "origin": [8, 38.32, 8]},
			"faces": {
				"north": {"uv": [0, 1, 1, 0], "texture": "#2_1"},
				"east": {"uv": [0, 1, 1, 0], "texture": "#2_1"},
				"south": {"uv": [0, 1, 1, 0], "texture": "#2_1"},
				"west": {"uv": [0, 1, 1, 0], "texture": "#2_1"},
				"up": {"uv": [0, 1, 1, 0], "texture": "#2_1"},
				"down": {"uv": [0, 1, 1, 0], "texture": "#2_1"}
			}
		},
		{
			"name": "hexadecagon",
			"from": [7.95276, 20.51, 7.7625],
			"to": [8.04724, 20.89, 8.2375],
			"rotation": {"angle": 0, "axis": "y", "origin": [8, 38.32, 8]},
			"faces": {
				"north": {"uv": [0, 1, 1, 0], "texture": "#2_1"},
				"east": {"uv": [0, 1, 1, 0], "texture": "#2_1"},
				"south": {"uv": [0, 1, 1, 0], "texture": "#2_1"},
				"west": {"uv": [0, 1, 1, 0], "texture": "#2_1"},
				"up": {"uv": [0, 1, 1, 0], "texture": "#2_1"},
				"down": {"uv": [0, 1, 1, 0], "texture": "#2_1"}
			}
		},
		{
			"name": "hexadecagon",
			"from": [7.95276, 20.51, 7.7625],
			"to": [8.04724, 20.89, 8.2375],
			"rotation": {"angle": 22.5, "axis": "y", "origin": [8, 38.32, 8]},
			"faces": {
				"north": {"uv": [0, 1, 1, 0], "texture": "#2_1"},
				"east": {"uv": [0, 1, 1, 0], "texture": "#2_1"},
				"south": {"uv": [0, 1, 1, 0], "texture": "#2_1"},
				"west": {"uv": [0, 1, 1, 0], "texture": "#2_1"},
				"up": {"uv": [0, 1, 1, 0], "texture": "#2_1"},
				"down": {"uv": [0, 1, 1, 0], "texture": "#2_1"}
			}
		},
		{
			"name": "hexadecagon",
			"from": [7.95276, 20.51, 7.7625],
			"to": [8.04724, 20.89, 8.2375],
			"rotation": {"angle": 45, "axis": "y", "origin": [8, 38.32, 8]},
			"faces": {
				"north": {"uv": [0, 1, 1, 0], "texture": "#2_1"},
				"east": {"uv": [0, 1, 1, 0], "texture": "#2_1"},
				"south": {"uv": [0, 1, 1, 0], "texture": "#2_1"},
				"west": {"uv": [0, 1, 1, 0], "texture": "#2_1"},
				"up": {"uv": [0, 1, 1, 0], "texture": "#2_1"},
				"down": {"uv": [0, 1, 1, 0], "texture": "#2_1"}
			}
		},
		{
			"name": "hexadecagon",
			"from": [7.7625, 20.51, 7.95276],
			"to": [8.2375, 20.89, 8.04724],
			"rotation": {"angle": -22.5, "axis": "y", "origin": [8, 38.32, 8]},
			"faces": {
				"north": {"uv": [0, 1, 1, 0], "texture": "#2_1"},
				"east": {"uv": [0, 1, 1, 0], "texture": "#2_1"},
				"south": {"uv": [0, 1, 1, 0], "texture": "#2_1"},
				"west": {"uv": [0, 1, 1, 0], "texture": "#2_1"},
				"up": {"uv": [0, 1, 1, 0], "texture": "#2_1"},
				"down": {"uv": [0, 1, 1, 0], "texture": "#2_1"}
			}
		},
		{
			"name": "hexadecagon",
			"from": [7.7625, 20.51, 7.95276],
			"to": [8.2375, 20.89, 8.04724],
			"rotation": {"angle": 0, "axis": "y", "origin": [8, 38.32, 8]},
			"faces": {
				"north": {"uv": [0, 1, 1, 0], "texture": "#2_1"},
				"east": {"uv": [0, 1, 1, 0], "texture": "#2_1"},
				"south": {"uv": [0, 1, 1, 0], "texture": "#2_1"},
				"west": {"uv": [0, 1, 1, 0], "texture": "#2_1"},
				"up": {"uv": [0, 1, 1, 0], "texture": "#2_1"},
				"down": {"uv": [0, 1, 1, 0], "texture": "#2_1"}
			}
		},
		{
			"name": "hexadecagon",
			"from": [7.7625, 20.51, 7.95276],
			"to": [8.2375, 20.89, 8.04724],
			"rotation": {"angle": 22.5, "axis": "y", "origin": [8, 38.32, 8]},
			"faces": {
				"north": {"uv": [0, 1, 1, 0], "texture": "#2_1"},
				"east": {"uv": [0, 1, 1, 0], "texture": "#2_1"},
				"south": {"uv": [0, 1, 1, 0], "texture": "#2_1"},
				"west": {"uv": [0, 1, 1, 0], "texture": "#2_1"},
				"up": {"uv": [0, 1, 1, 0], "texture": "#2_1"},
				"down": {"uv": [0, 1, 1, 0], "texture": "#2_1"}
			}
		}
	],
	"display": {
		"thirdperson_righthand": {
			"rotation": [90, 0, 0],
			"translation": [0, -2, 13.75],
			"scale": [0.2, 0.2, 0.2]
		},
		"thirdperson_lefthand": {
			"rotation": [90, 0, 0],
			"translation": [0, -2, 13.75],
			"scale": [0.2, 0.2, 0.2]
		},
		"firstperson_righthand": {
			"rotation": [0, 137, 0],
			"translation": [0, 5.25, 0],
			"scale": [0.5, 0.5, 0.5]
		},
		"firstperson_lefthand": {
			"rotation": [0, 137, 0],
			"translation": [0, 5.25, 0],
			"scale": [0.5, 0.5, 0.5]
		},
		"ground": {
			"translation": [0, 8, 0]
		},
		"gui": {
			"rotation": [10, -136, 0],
			"translation": [0.5, 3, 0]
		},
		"head": {
			"translation": [-2.25, 8.5, 0],
			"scale": [2, 2, 2]
		},
		"fixed": {
			"rotation": [0, 45, 0],
			"translation": [0, 3.5, -1.25]
		}
	},
	"groups": [0, 1,
		{
			"name": "diamond_axe",
			"origin": [8, 8, 8],
			"children": []
		},
		{
			"name": "bigsword",
			"origin": [8, 8, 8],
			"children": [
				{
					"name": "hexadecagon",
					"origin": [8, 8, 8],
					"children": [2, 3, 4, 5, 6, 7, 8, 9]
				},
				{
					"name": "group",
					"origin": [13.5, 3.9, 15.5],
					"children": [10, 11, 12, 13, 14, 15, 16, 17, 18, 19, 20, 21, 22, 23, 24, 25, 26, 27, 28]
				},
				{
					"name": "hexadecagon",
					"origin": [8, 8, 8],
					"children": [29, 30, 31, 32, 33, 34, 35, 36]
				}
			]
		}
	]
}