{
	"credit": "Made with Blockbench",
	"textures": {
		"0": "block/sea_lantern",
		"1": "block/light_blue_concrete_powder",
		"2": "block/glass",
		"particle": "block/sea_lantern"
	},
	"elements": [
		{
			"name": "hexadecagon",
			"from": [7.60218, 9.5, 6],
			"to": [8.39782, 11.25, 10],
			"rotation": {"angle": 45, "axis": "y", "origin": [8, 10, 8]},
			"faces": {
				"north": {"uv": [0, 0, 16, 16], "rotation": 270, "texture": "#0"},
				"east": {"uv": [0, 0, 16, 16], "rotation": 270, "texture": "#0"},
				"south": {"uv": [0, 0, 16, 16], "rotation": 270, "texture": "#0"},
				"west": {"uv": [0, 0, 16, 16], "rotation": 270, "texture": "#0"},
				"up": {"uv": [0, 0, 16, 16], "rotation": 270, "texture": "#0"},
				"down": {"uv": [0, 0, 16, 16], "rotation": 270, "texture": "#0"}
			}
		},
		{
			"name": "hexadecagon",
			"from": [7.60218, 9.5, 6],
			"to": [8.39782, 11.25, 10],
			"rotation": {"angle": 22.5, "axis": "y", "origin": [8, 10, 8]},
			"faces": {
				"north": {"uv": [0, 0, 16, 16], "rotation": 270, "texture": "#0"},
				"east": {"uv": [0, 0, 16, 16], "rotation": 270, "texture": "#0"},
				"south": {"uv": [0, 0, 16, 16], "rotation": 270, "texture": "#0"},
				"west": {"uv": [0, 0, 16, 16], "rotation": 270, "texture": "#0"},
				"up": {"uv": [0, 0, 16, 16], "rotation": 270, "texture": "#0"},
				"down": {"uv": [0, 0, 16, 16], "rotation": 270, "texture": "#0"}
			}
		},
		{
			"name": "hexadecagon",
			"from": [7.60218, 9.5, 6],
			"to": [8.39782, 11.25, 10],
			"rotation": {"angle": 0, "axis": "x", "origin": [8, 10, 8]},
			"faces": {
				"north": {"uv": [0, 0, 16, 16], "rotation": 270, "texture": "#0"},
				"east": {"uv": [0, 0, 16, 16], "rotation": 270, "texture": "#0"},
				"south": {"uv": [0, 0, 16, 16], "rotation": 270, "texture": "#0"},
				"west": {"uv": [0, 0, 16, 16], "rotation": 270, "texture": "#0"},
				"up": {"uv": [0, 0, 16, 16], "rotation": 270, "texture": "#0"},
				"down": {"uv": [0, 0, 16, 16], "rotation": 270, "texture": "#0"}
			}
		},
		{
			"name": "hexadecagon",
			"from": [7.60218, 9.5, 6],
			"to": [8.39782, 11.25, 10],
			"rotation": {"angle": -22.5, "axis": "y", "origin": [8, 10, 8]},
			"faces": {
				"north": {"uv": [0, 0, 16, 16], "rotation": 270, "texture": "#0"},
				"east": {"uv": [0, 0, 16, 16], "rotation": 270, "texture": "#0"},
				"south": {"uv": [0, 0, 16, 16], "rotation": 270, "texture": "#0"},
				"west": {"uv": [0, 0, 16, 16], "rotation": 270, "texture": "#0"},
				"up": {"uv": [0, 0, 16, 16], "rotation": 270, "texture": "#0"},
				"down": {"uv": [0, 0, 16, 16], "rotation": 270, "texture": "#0"}
			}
		},
		{
			"name": "hexadecagon",
			"from": [7.60218, 9.5, 6],
			"to": [8.39782, 11.25, 10],
			"rotation": {"angle": -45, "axis": "y", "origin": [8, 10, 8]},
			"faces": {
				"north": {"uv": [0, 0, 16, 16], "rotation": 270, "texture": "#0"},
				"east": {"uv": [0, 0, 16, 16], "rotation": 270, "texture": "#0"},
				"south": {"uv": [0, 0, 16, 16], "rotation": 270, "texture": "#0"},
				"west": {"uv": [0, 0, 16, 16], "rotation": 270, "texture": "#0"},
				"up": {"uv": [0, 0, 16, 16], "rotation": 270, "texture": "#0"},
				"down": {"uv": [0, 0, 16, 16], "rotation": 270, "texture": "#0"}
			}
		},
		{
			"name": "hexadecagon",
			"from": [6, 9.5, 7.60218],
			"to": [10, 11.25, 8.39782],
			"rotation": {"angle": 22.5, "axis": "y", "origin": [8, 10, 8]},
			"faces": {
				"north": {"uv": [0, 0, 16, 16], "rotation": 270, "texture": "#0"},
				"east": {"uv": [0, 0, 16, 16], "rotation": 270, "texture": "#0"},
				"south": {"uv": [0, 0, 16, 16], "rotation": 270, "texture": "#0"},
				"west": {"uv": [0, 0, 16, 16], "rotation": 270, "texture": "#0"},
				"up": {"uv": [0, 0, 16, 16], "rotation": 270, "texture": "#0"},
				"down": {"uv": [0, 0, 16, 16], "rotation": 270, "texture": "#0"}
			}
		},
		{
			"name": "hexadecagon",
			"from": [6, 9.5, 7.60218],
			"to": [10, 11.25, 8.39782],
			"rotation": {"angle": 0, "axis": "x", "origin": [8, 10, 8]},
			"faces": {
				"north": {"uv": [0, 0, 16, 16], "rotation": 270, "texture": "#0"},
				"east": {"uv": [0, 0, 16, 16], "rotation": 270, "texture": "#0"},
				"south": {"uv": [0, 0, 16, 16], "rotation": 270, "texture": "#0"},
				"west": {"uv": [0, 0, 16, 16], "rotation": 270, "texture": "#0"},
				"up": {"uv": [0, 0, 16, 16], "rotation": 270, "texture": "#0"},
				"down": {"uv": [0, 0, 16, 16], "rotation": 270, "texture": "#0"}
			}
		},
		{
			"name": "hexadecagon",
			"from": [6, 9.5, 7.60218],
			"to": [10, 11.25, 8.39782],
			"rotation": {"angle": -22.5, "axis": "y", "origin": [8, 10, 8]},
			"faces": {
				"north": {"uv": [0, 0, 16, 16], "rotation": 270, "texture": "#0"},
				"east": {"uv": [0, 0, 16, 16], "rotation": 270, "texture": "#0"},
				"south": {"uv": [0, 0, 16, 16], "rotation": 270, "texture": "#0"},
				"west": {"uv": [0, 0, 16, 16], "rotation": 270, "texture": "#0"},
				"up": {"uv": [0, 0, 16, 16], "rotation": 270, "texture": "#0"},
				"down": {"uv": [0, 0, 16, 16], "rotation": 270, "texture": "#0"}
			}
		},
		{
			"name": "hexadecagon",
			"from": [7.50272, 11.25, 5.5],
			"to": [8.49728, 14.5, 10.5],
			"rotation": {"angle": -45, "axis": "y", "origin": [8, 11.75, 8]},
			"faces": {
				"north": {"uv": [10, 14, 11, 15], "rotation": 270, "texture": "#1"},
				"east": {"uv": [10, 14, 11, 15], "rotation": 270, "texture": "#1"},
				"south": {"uv": [10, 14, 11, 15], "rotation": 270, "texture": "#1"},
				"west": {"uv": [10, 14, 11, 15], "rotation": 270, "texture": "#1"},
				"up": {"uv": [10, 14, 11, 15], "rotation": 270, "texture": "#1"},
				"down": {"uv": [10, 14, 11, 15], "rotation": 270, "texture": "#1"}
			}
		},
		{
			"name": "hexadecagon",
			"from": [7.50272, 11.25, 5.5],
			"to": [8.49728, 14.5, 10.5],
			"rotation": {"angle": -22.5, "axis": "y", "origin": [8, 11.75, 8]},
			"faces": {
				"north": {"uv": [10, 14, 11, 15], "rotation": 270, "texture": "#1"},
				"east": {"uv": [10, 14, 11, 15], "rotation": 270, "texture": "#1"},
				"south": {"uv": [10, 14, 11, 15], "rotation": 270, "texture": "#1"},
				"west": {"uv": [10, 14, 11, 15], "rotation": 270, "texture": "#1"},
				"up": {"uv": [10, 14, 11, 15], "rotation": 270, "texture": "#1"},
				"down": {"uv": [10, 14, 11, 15], "rotation": 270, "texture": "#1"}
			}
		},
		{
			"name": "hexadecagon",
			"from": [7.50272, 11.25, 5.5],
			"to": [8.49728, 14.5, 10.5],
			"rotation": {"angle": 0, "axis": "x", "origin": [8, 11.75, 8]},
			"faces": {
				"north": {"uv": [10, 14, 11, 15], "rotation": 270, "texture": "#1"},
				"east": {"uv": [10, 14, 11, 15], "rotation": 270, "texture": "#1"},
				"south": {"uv": [10, 14, 11, 15], "rotation": 270, "texture": "#1"},
				"west": {"uv": [10, 14, 11, 15], "rotation": 270, "texture": "#1"},
				"up": {"uv": [10, 14, 11, 15], "rotation": 270, "texture": "#1"},
				"down": {"uv": [10, 14, 11, 15], "rotation": 270, "texture": "#1"}
			}
		},
		{
			"name": "hexadecagon",
			"from": [7.50272, 11.25, 5.5],
			"to": [8.49728, 14.5, 10.5],
			"rotation": {"angle": 22.5, "axis": "y", "origin": [8, 11.75, 8]},
			"faces": {
				"north": {"uv": [10, 14, 11, 15], "rotation": 270, "texture": "#1"},
				"east": {"uv": [10, 14, 11, 15], "rotation": 270, "texture": "#1"},
				"south": {"uv": [10, 14, 11, 15], "rotation": 270, "texture": "#1"},
				"west": {"uv": [10, 14, 11, 15], "rotation": 270, "texture": "#1"},
				"up": {"uv": [10, 14, 11, 15], "rotation": 270, "texture": "#1"},
				"down": {"uv": [10, 14, 11, 15], "rotation": 270, "texture": "#1"}
			}
		},
		{
			"name": "hexadecagon",
			"from": [7.50272, 11.25, 5.5],
			"to": [8.49728, 14.5, 10.5],
			"rotation": {"angle": 45, "axis": "y", "origin": [8, 11.75, 8]},
			"faces": {
				"north": {"uv": [10, 14, 11, 15], "rotation": 270, "texture": "#1"},
				"east": {"uv": [10, 14, 11, 15], "rotation": 270, "texture": "#1"},
				"south": {"uv": [10, 14, 11, 15], "rotation": 270, "texture": "#1"},
				"west": {"uv": [10, 14, 11, 15], "rotation": 270, "texture": "#1"},
				"up": {"uv": [10, 14, 11, 15], "rotation": 270, "texture": "#1"},
				"down": {"uv": [10, 14, 11, 15], "rotation": 270, "texture": "#1"}
			}
		},
		{
			"name": "hexadecagon",
			"from": [5.5, 11.25, 7.50272],
			"to": [10.5, 14.5, 8.49728],
			"rotation": {"angle": -22.5, "axis": "y", "origin": [8, 11.75, 8]},
			"faces": {
				"north": {"uv": [10, 14, 11, 15], "rotation": 270, "texture": "#1"},
				"east": {"uv": [10, 14, 11, 15], "rotation": 270, "texture": "#1"},
				"south": {"uv": [10, 14, 11, 15], "rotation": 270, "texture": "#1"},
				"west": {"uv": [10, 14, 11, 15], "rotation": 270, "texture": "#1"},
				"up": {"uv": [10, 14, 11, 15], "rotation": 270, "texture": "#1"},
				"down": {"uv": [10, 14, 11, 15], "rotation": 270, "texture": "#1"}
			}
		},
		{
			"name": "hexadecagon",
			"from": [5.5, 11.25, 7.50272],
			"to": [10.5, 14.5, 8.49728],
			"rotation": {"angle": 0, "axis": "x", "origin": [8, 11.75, 8]},
			"faces": {
				"north": {"uv": [10, 14, 11, 15], "rotation": 270, "texture": "#1"},
				"east": {"uv": [10, 14, 11, 15], "rotation": 270, "texture": "#1"},
				"south": {"uv": [10, 14, 11, 15], "rotation": 270, "texture": "#1"},
				"west": {"uv": [10, 14, 11, 15], "rotation": 270, "texture": "#1"},
				"up": {"uv": [10, 14, 11, 15], "rotation": 270, "texture": "#1"},
				"down": {"uv": [10, 14, 11, 15], "rotation": 270, "texture": "#1"}
			}
		},
		{
			"name": "hexadecagon",
			"from": [5.5, 11.25, 7.50272],
			"to": [10.5, 14.5, 8.49728],
			"rotation": {"angle": 22.5, "axis": "y", "origin": [8, 11.75, 8]},
			"faces": {
				"north": {"uv": [10, 14, 11, 15], "rotation": 270, "texture": "#1"},
				"east": {"uv": [10, 14, 11, 15], "rotation": 270, "texture": "#1"},
				"south": {"uv": [10, 14, 11, 15], "rotation": 270, "texture": "#1"},
				"west": {"uv": [10, 14, 11, 15], "rotation": 270, "texture": "#1"},
				"up": {"uv": [10, 14, 11, 15], "rotation": 270, "texture": "#1"},
				"down": {"uv": [10, 14, 11, 15], "rotation": 270, "texture": "#1"}
			}
		},
		{
			"name": "hexadecagon",
			"from": [7.50272, -14, 5.5],
			"to": [8.49728, 9.5, 10.5],
			"rotation": {"angle": -45, "axis": "y", "origin": [8, 6.75, 8]},
			"faces": {
				"north": {"uv": [10, 14, 11, 15], "rotation": 270, "texture": "#1"},
				"east": {"uv": [10, 14, 11, 15], "rotation": 270, "texture": "#1"},
				"south": {"uv": [10, 14, 11, 15], "rotation": 270, "texture": "#1"},
				"west": {"uv": [10, 14, 11, 15], "rotation": 270, "texture": "#1"},
				"up": {"uv": [10, 14, 11, 15], "rotation": 270, "texture": "#1"},
				"down": {"uv": [10, 14, 11, 15], "rotation": 270, "texture": "#1"}
			}
		},
		{
			"name": "hexadecagon",
			"from": [7.50272, -14, 5.5],
			"to": [8.49728, 9.5, 10.5],
			"rotation": {"angle": -22.5, "axis": "y", "origin": [8, 6.75, 8]},
			"faces": {
				"north": {"uv": [10, 14, 11, 15], "rotation": 270, "texture": "#1"},
				"east": {"uv": [10, 14, 11, 15], "rotation": 270, "texture": "#1"},
				"south": {"uv": [10, 14, 11, 15], "rotation": 270, "texture": "#1"},
				"west": {"uv": [10, 14, 11, 15], "rotation": 270, "texture": "#1"},
				"up": {"uv": [10, 14, 11, 15], "rotation": 270, "texture": "#1"},
				"down": {"uv": [10, 14, 11, 15], "rotation": 270, "texture": "#1"}
			}
		},
		{
			"name": "hexadecagon",
			"from": [7.50272, -14, 5.5],
			"to": [8.49728, 9.5, 10.5],
			"rotation": {"angle": 0, "axis": "x", "origin": [8, 6.75, 8]},
			"faces": {
				"north": {"uv": [10, 14, 11, 15], "rotation": 270, "texture": "#1"},
				"east": {"uv": [10, 14, 11, 15], "rotation": 270, "texture": "#1"},
				"south": {"uv": [10, 14, 11, 15], "rotation": 270, "texture": "#1"},
				"west": {"uv": [10, 14, 11, 15], "rotation": 270, "texture": "#1"},
				"up": {"uv": [10, 14, 11, 15], "rotation": 270, "texture": "#1"},
				"down": {"uv": [10, 14, 11, 15], "rotation": 270, "texture": "#1"}
			}
		},
		{
			"name": "hexadecagon",
			"from": [7.50272, -14, 5.5],
			"to": [8.49728, 9.5, 10.5],
			"rotation": {"angle": 22.5, "axis": "y", "origin": [8, 6.75, 8]},
			"faces": {
				"north": {"uv": [10, 14, 11, 15], "rotation": 270, "texture": "#1"},
				"east": {"uv": [10, 14, 11, 15], "rotation": 270, "texture": "#1"},
				"south": {"uv": [10, 14, 11, 15], "rotation": 270, "texture": "#1"},
				"west": {"uv": [10, 14, 11, 15], "rotation": 270, "texture": "#1"},
				"up": {"uv": [10, 14, 11, 15], "rotation": 270, "texture": "#1"},
				"down": {"uv": [10, 14, 11, 15], "rotation": 270, "texture": "#1"}
			}
		},
		{
			"name": "hexadecagon",
			"from": [7.50272, -14, 5.5],
			"to": [8.49728, 9.5, 10.5],
			"rotation": {"angle": 45, "axis": "y", "origin": [8, 6.75, 8]},
			"faces": {
				"north": {"uv": [10, 14, 11, 15], "rotation": 270, "texture": "#1"},
				"east": {"uv": [10, 14, 11, 15], "rotation": 270, "texture": "#1"},
				"south": {"uv": [10, 14, 11, 15], "rotation": 270, "texture": "#1"},
				"west": {"uv": [10, 14, 11, 15], "rotation": 270, "texture": "#1"},
				"up": {"uv": [10, 14, 11, 15], "rotation": 270, "texture": "#1"},
				"down": {"uv": [10, 14, 11, 15], "rotation": 270, "texture": "#1"}
			}
		},
		{
			"name": "hexadecagon",
			"from": [5.5, -14, 7.50272],
			"to": [10.5, 9.5, 8.49728],
			"rotation": {"angle": -22.5, "axis": "y", "origin": [8, 6.75, 8]},
			"faces": {
				"north": {"uv": [10, 14, 11, 15], "rotation": 270, "texture": "#1"},
				"east": {"uv": [10, 14, 11, 15], "rotation": 270, "texture": "#1"},
				"south": {"uv": [10, 14, 11, 15], "rotation": 270, "texture": "#1"},
				"west": {"uv": [10, 14, 11, 15], "rotation": 270, "texture": "#1"},
				"up": {"uv": [10, 14, 11, 15], "rotation": 270, "texture": "#1"},
				"down": {"uv": [10, 14, 11, 15], "rotation": 270, "texture": "#1"}
			}
		},
		{
			"name": "hexadecagon",
			"from": [5.5, -14, 7.50272],
			"to": [10.5, 9.5, 8.49728],
			"rotation": {"angle": 0, "axis": "x", "origin": [8, 6.75, 8]},
			"faces": {
				"north": {"uv": [10, 14, 11, 15], "rotation": 270, "texture": "#1"},
				"east": {"uv": [10, 14, 11, 15], "rotation": 270, "texture": "#1"},
				"south": {"uv": [10, 14, 11, 15], "rotation": 270, "texture": "#1"},
				"west": {"uv": [10, 14, 11, 15], "rotation": 270, "texture": "#1"},
				"up": {"uv": [10, 14, 11, 15], "rotation": 270, "texture": "#1"},
				"down": {"uv": [10, 14, 11, 15], "rotation": 270, "texture": "#1"}
			}
		},
		{
			"name": "hexadecagon",
			"from": [5.5, -14, 7.50272],
			"to": [10.5, 9.5, 8.49728],
			"rotation": {"angle": 22.5, "axis": "y", "origin": [8, 6.75, 8]},
			"faces": {
				"north": {"uv": [10, 14, 11, 15], "rotation": 270, "texture": "#1"},
				"east": {"uv": [10, 14, 11, 15], "rotation": 270, "texture": "#1"},
				"south": {"uv": [10, 14, 11, 15], "rotation": 270, "texture": "#1"},
				"west": {"uv": [10, 14, 11, 15], "rotation": 270, "texture": "#1"},
				"up": {"uv": [10, 14, 11, 15], "rotation": 270, "texture": "#1"},
				"down": {"uv": [10, 14, 11, 15], "rotation": 270, "texture": "#1"}
			}
		},
		{
			"name": "hexadecagon",
			"from": [7.50272, 9.5, 5.5],
			"to": [8.49728, 11.25, 10.5],
			"rotation": {"angle": -45, "axis": "y", "origin": [8, 10, 8]},
			"faces": {
				"north": {"uv": [0, 0, 16, 16], "rotation": 270, "texture": "#2"},
				"east": {"uv": [0, 0, 16, 16], "rotation": 270, "texture": "#2"},
				"south": {"uv": [0, 0, 16, 16], "rotation": 270, "texture": "#2"},
				"west": {"uv": [0, 0, 16, 16], "rotation": 270, "texture": "#2"},
				"up": {"uv": [0, 0, 16, 16], "rotation": 270, "texture": "#2"},
				"down": {"uv": [0, 0, 16, 16], "rotation": 270, "texture": "#2"}
			}
		},
		{
			"name": "hexadecagon",
			"from": [7.50272, 9.5, 5.5],
			"to": [8.49728, 11.25, 10.5],
			"rotation": {"angle": -22.5, "axis": "y", "origin": [8, 10, 8]},
			"faces": {
				"north": {"uv": [0, 0, 16, 16], "rotation": 270, "texture": "#2"},
				"east": {"uv": [0, 0, 16, 16], "rotation": 270, "texture": "#2"},
				"south": {"uv": [0, 0, 16, 16], "rotation": 270, "texture": "#2"},
				"west": {"uv": [0, 0, 16, 16], "rotation": 270, "texture": "#2"},
				"up": {"uv": [0, 0, 16, 16], "rotation": 270, "texture": "#2"},
				"down": {"uv": [0, 0, 16, 16], "rotation": 270, "texture": "#2"}
			}
		},
		{
			"name": "hexadecagon",
			"from": [7.50272, 9.5, 5.5],
			"to": [8.49728, 11.25, 10.5],
			"rotation": {"angle": 0, "axis": "x", "origin": [8, 10, 8]},
			"faces": {
				"north": {"uv": [0, 0, 16, 16], "rotation": 270, "texture": "#2"},
				"east": {"uv": [0, 0, 16, 16], "rotation": 270, "texture": "#2"},
				"south": {"uv": [0, 0, 16, 16], "rotation": 270, "texture": "#2"},
				"west": {"uv": [0, 0, 16, 16], "rotation": 270, "texture": "#2"},
				"up": {"uv": [0, 0, 16, 16], "rotation": 270, "texture": "#2"},
				"down": {"uv": [0, 0, 16, 16], "rotation": 270, "texture": "#2"}
			}
		},
		{
			"name": "hexadecagon",
			"from": [7.50272, 9.5, 5.5],
			"to": [8.49728, 11.25, 10.5],
			"rotation": {"angle": 22.5, "axis": "y", "origin": [8, 10, 8]},
			"faces": {
				"north": {"uv": [0, 0, 16, 16], "rotation": 270, "texture": "#2"},
				"east": {"uv": [0, 0, 16, 16], "rotation": 270, "texture": "#2"},
				"south": {"uv": [0, 0, 16, 16], "rotation": 270, "texture": "#2"},
				"west": {"uv": [0, 0, 16, 16], "rotation": 270, "texture": "#2"},
				"up": {"uv": [0, 0, 16, 16], "rotation": 270, "texture": "#2"},
				"down": {"uv": [0, 0, 16, 16], "rotation": 270, "texture": "#2"}
			}
		},
		{
			"name": "hexadecagon",
			"from": [7.50272, 9.5, 5.5],
			"to": [8.49728, 11.25, 10.5],
			"rotation": {"angle": 45, "axis": "y", "origin": [8, 10, 8]},
			"faces": {
				"north": {"uv": [0, 0, 16, 16], "rotation": 270, "texture": "#2"},
				"east": {"uv": [0, 0, 16, 16], "rotation": 270, "texture": "#2"},
				"south": {"uv": [0, 0, 16, 16], "rotation": 270, "texture": "#2"},
				"west": {"uv": [0, 0, 16, 16], "rotation": 270, "texture": "#2"},
				"up": {"uv": [0, 0, 16, 16], "rotation": 270, "texture": "#2"},
				"down": {"uv": [0, 0, 16, 16], "rotation": 270, "texture": "#2"}
			}
		},
		{
			"name": "hexadecagon",
			"from": [5.5, 9.5, 7.50272],
			"to": [10.5, 11.25, 8.49728],
			"rotation": {"angle": -22.5, "axis": "y", "origin": [8, 10, 8]},
			"faces": {
				"north": {"uv": [0, 0, 16, 16], "rotation": 270, "texture": "#2"},
				"east": {"uv": [0, 0, 16, 16], "rotation": 270, "texture": "#2"},
				"south": {"uv": [0, 0, 16, 16], "rotation": 270, "texture": "#2"},
				"west": {"uv": [0, 0, 16, 16], "rotation": 270, "texture": "#2"},
				"up": {"uv": [0, 0, 16, 16], "rotation": 270, "texture": "#2"},
				"down": {"uv": [0, 0, 16, 16], "rotation": 270, "texture": "#2"}
			}
		},
		{
			"name": "hexadecagon",
			"from": [5.5, 9.5, 7.50272],
			"to": [10.5, 11.25, 8.49728],
			"rotation": {"angle": 0, "axis": "x", "origin": [8, 10, 8]},
			"faces": {
				"north": {"uv": [0, 0, 16, 16], "rotation": 270, "texture": "#2"},
				"east": {"uv": [0, 0, 16, 16], "rotation": 270, "texture": "#2"},
				"south": {"uv": [0, 0, 16, 16], "rotation": 270, "texture": "#2"},
				"west": {"uv": [0, 0, 16, 16], "rotation": 270, "texture": "#2"},
				"up": {"uv": [0, 0, 16, 16], "rotation": 270, "texture": "#2"},
				"down": {"uv": [0, 0, 16, 16], "rotation": 270, "texture": "#2"}
			}
		},
		{
			"name": "hexadecagon",
			"from": [5.5, 9.5, 7.50272],
			"to": [10.5, 11.25, 8.49728],
			"rotation": {"angle": 22.5, "axis": "y", "origin": [8, 10, 8]},
			"faces": {
				"north": {"uv": [0, 0, 16, 16], "rotation": 270, "texture": "#2"},
				"east": {"uv": [0, 0, 16, 16], "rotation": 270, "texture": "#2"},
				"south": {"uv": [0, 0, 16, 16], "rotation": 270, "texture": "#2"},
				"west": {"uv": [0, 0, 16, 16], "rotation": 270, "texture": "#2"},
				"up": {"uv": [0, 0, 16, 16], "rotation": 270, "texture": "#2"},
				"down": {"uv": [0, 0, 16, 16], "rotation": 270, "texture": "#2"}
			}
		}
	],
	"display": {
		"thirdperson_righthand": {
			"translation": [0, 8, 0],
			"scale": [0.53, 0.53, 0.53]
		},
		"thirdperson_lefthand": {
			"rotation": [152, 48, 25],
			"translation": [0, 0.25, 13.5],
			"scale": [0.64, 0.64, 0.64]
		},
		"firstperson_righthand": {
			"rotation": [-32, -25, 0],
			"translation": [1.75, 4.25, 0],
			"scale": [0.46, 0.46, 0.46]
		},
		"firstperson_lefthand": {
			"translation": [17.25, 0, 0]
		},
		"ground": {
			"translation": [0, 16, 0]
		},
		"gui": {
			"rotation": [21, 164, 12],
			"translation": [0, 4.25, 0],
			"scale": [0.61, 0.61, 0.61]
		},
		"head": {
			"translation": [0, 31.25, -1.25],
			"scale": [1.25, 1.25, 1.25]
		},
		"fixed": {
			"translation": [0, 9.5, -6.5]
		}
	},
	"groups": [
		{
			"name": "hexadecagon",
			"origin": [8, 8, 8],
			"children": [0, 1, 2, 3, 4, 5, 6, 7]
		},
		{
			"name": "hexadecagon",
			"origin": [8, 8, 8],
			"children": [8, 9, 10, 11, 12, 13, 14, 15]
		},
		{
			"name": "hexadecagon",
			"origin": [8, 8, 8],
			"children": [16, 17, 18, 19, 20, 21, 22, 23]
		},
		{
			"name": "hexadecagon",
			"origin": [8, 8, 8],
			"children": [24, 25, 26, 27, 28, 29, 30, 31]
		}
	]
}