{
	"credit": "Made with Blockbench",
	"texture_size": [64, 64],
	"textures": {
		"1": "block/white_concrete",
		"2": "block/lime_terracotta",
		"3": "custom/pp",
		"texture": "block/red_concrete",
		"particle": "block/white_concrete"
	},
	"elements": [
		{
			"from": [7.20627, 6.08934, 8.71965],
			"to": [8.79373, 11.91002, 9.66541],
			"rotation": {"angle": 0, "axis": "y", "origin": [8, 8.32, 8]},
			"faces": {
				"north": {"uv": [0, 4.25, 0.5, 5.75], "texture": "#3"},
				"east": {"uv": [3.25, 6.25, 3.5, 7.75], "texture": "#3"},
				"south": {"uv": [0.5, 4.25, 1, 5.75], "texture": "#3"},
				"west": {"uv": [1.5, 6.5, 1.75, 8], "texture": "#3"},
				"up": {"uv": [0.75, 8.5, 0.25, 8.25], "texture": "#3"},
				"down": {"uv": [1.25, 8.25, 0.75, 8.5], "texture": "#3"}
			}
		},
		{
			"from": [7.20627, 8.78934, 7.01965],
			"to": [8.79373, 11.91002, 7.56541],
			"rotation": {"angle": 0, "axis": "y", "origin": [8, 8.32, 8]},
			"faces": {
				"north": {"uv": [0.5, 6.5, 1, 7.25], "texture": "#3"},
				"east": {"uv": [2.25, 7.75, 2.5, 8.5], "texture": "#3"},
				"south": {"uv": [1, 6.5, 1.5, 7.25], "texture": "#3"},
				"west": {"uv": [2.5, 7.75, 2.75, 8.5], "texture": "#3"},
				"up": {"uv": [8.5, 7.5, 8, 7.25], "texture": "#3"},
				"down": {"uv": [8.5, 7.75, 8, 8], "texture": "#3"}
			}
		},
		{
			"from": [7.52364, 1.4936, 11.66728],
			"to": [8.47636, 2.46627, 13.25516],
			"rotation": {"angle": 0, "axis": "y", "origin": [8, 4.99333, 8]},
			"faces": {
				"north": {"uv": [12.25, 11.75, 12.5, 12], "texture": "#2"},
				"east": {"uv": [11, 2.75, 11.5, 3], "texture": "#2"},
				"south": {"uv": [12.25, 12, 12.5, 12.25], "texture": "#2"},
				"west": {"uv": [11, 3, 11.5, 3.25], "texture": "#2"},
				"up": {"uv": [11.25, 3.75, 11, 3.25], "texture": "#2"},
				"down": {"uv": [11.25, 4, 11, 4.5], "texture": "#2"}
			}
		},
		{
			"from": [7.20627, 6.08934, 7.01965],
			"to": [8.79373, 7.41002, 9.66541],
			"rotation": {"angle": 0, "axis": "y", "origin": [8, 8.32, 8]},
			"faces": {
				"north": {"uv": [5.75, 8.25, 6.25, 8.5], "texture": "#3"},
				"east": {"uv": [4.25, 8, 5, 8.25], "texture": "#3"},
				"south": {"uv": [6.25, 8.25, 6.75, 8.5], "texture": "#3"},
				"west": {"uv": [5, 8, 5.75, 8.25], "texture": "#3"},
				"up": {"uv": [7.25, 0.75, 6.75, 0], "texture": "#3"},
				"down": {"uv": [7.25, 2, 6.75, 2.75], "texture": "#3"}
			}
		},
		{
			"from": [6.67712, 10.38934, 7.5488],
			"to": [9.32288, 11.91002, 9.13626],
			"rotation": {"angle": 0, "axis": "y", "origin": [8, 8.32, 8]},
			"faces": {
				"north": {"uv": [2.5, 6.25, 3.25, 6.75], "texture": "#3"},
				"east": {"uv": [0, 7.5, 0.5, 8], "texture": "#3"},
				"south": {"uv": [5.5, 6.25, 6.25, 6.75], "texture": "#3"},
				"west": {"uv": [0.5, 7.5, 1, 8], "texture": "#3"},
				"up": {"uv": [7, 6.75, 6.25, 6.25], "texture": "#3"},
				"down": {"uv": [7, 4.25, 6.25, 4.75], "texture": "#3"}
			}
		},
		{
			"from": [7.20606, 1.55362, 11.98486],
			"to": [8.79394, 2.46627, 12.93758],
			"rotation": {"angle": 0, "axis": "y", "origin": [8, 4.99333, 8]},
			"faces": {
				"north": {"uv": [11, 4.5, 11.5, 4.75], "texture": "#2"},
				"east": {"uv": [0, 12.5, 0.25, 12.75], "texture": "#2"},
				"south": {"uv": [11, 4.75, 11.5, 5], "texture": "#2"},
				"west": {"uv": [0.25, 12.5, 0.5, 12.75], "texture": "#2"},
				"up": {"uv": [11.5, 5.25, 11, 5], "texture": "#2"},
				"down": {"uv": [11.5, 5.25, 11, 5.5], "texture": "#2"}
			}
		},
		{
			"from": [6.67712, 6.08934, 7.5488],
			"to": [9.32288, 6.51002, 9.13626],
			"rotation": {"angle": 0, "axis": "y", "origin": [8, 8.32, 8]},
			"faces": {
				"north": {"uv": [2.75, 8, 3.5, 8.25], "texture": "#3"},
				"east": {"uv": [4.75, 8.25, 5.25, 8.5], "texture": "#3"},
				"south": {"uv": [3.5, 8, 4.25, 8.25], "texture": "#3"},
				"west": {"uv": [5.25, 8.25, 5.75, 8.5], "texture": "#3"},
				"up": {"uv": [6.75, 7.25, 6, 6.75], "texture": "#3"},
				"down": {"uv": [7.5, 6.75, 6.75, 7.25], "texture": "#3"}
			}
		},
		{
			"from": [6.67712, 6.6185, 7.9905],
			"to": [9.32288, 11.38086, 10.19456],
			"rotation": {"angle": 0, "axis": "y", "origin": [8, 8.32, 8]},
			"faces": {
				"north": {"uv": [2.75, 2.75, 3.5, 4], "texture": "#3"},
				"east": {"uv": [2.5, 5, 3, 6.25], "texture": "#3"},
				"south": {"uv": [2.75, 0.75, 3.5, 2], "texture": "#3"},
				"west": {"uv": [0, 5.75, 0.5, 7], "texture": "#3"},
				"up": {"uv": [2.5, 7, 1.75, 6.5], "texture": "#3"},
				"down": {"uv": [4.25, 6.5, 3.5, 7], "texture": "#3"}
			}
		},
		{
			"from": [6.67712, 6.6185, 6.4905],
			"to": [9.32288, 7.28086, 10.19456],
			"rotation": {"angle": 0, "axis": "y", "origin": [8, 8.32, 8]},
			"faces": {
				"north": {"uv": [5.75, 8, 6.5, 8.25], "texture": "#3"},
				"east": {"uv": [7.5, 1, 8.5, 1.25], "texture": "#3"},
				"south": {"uv": [6.5, 8, 7.25, 8.25], "texture": "#3"},
				"west": {"uv": [7.5, 1.25, 8.5, 1.5], "texture": "#3"},
				"up": {"uv": [5.75, 1, 5, 0], "texture": "#3"},
				"down": {"uv": [5.75, 3.25, 5, 4.25], "texture": "#3"}
			}
		},
		{
			"from": [6.07712, 7.1185, 6.4905],
			"to": [6.72288, 7.28086, 6.99456],
			"rotation": {"angle": 0, "axis": "y", "origin": [8, 8.32, 8]},
			"faces": {
				"north": {"uv": [11.75, 5.75, 12, 6], "texture": "#texture"},
				"east": {"uv": [11.75, 6, 12, 6.25], "texture": "#texture"},
				"south": {"uv": [11.75, 6.25, 12, 6.5], "texture": "#texture"},
				"west": {"uv": [11.75, 6.5, 12, 6.75], "texture": "#texture"},
				"up": {"uv": [12, 7, 11.75, 6.75], "texture": "#texture"},
				"down": {"uv": [12, 7, 11.75, 7.25], "texture": "#texture"}
			}
		},
		{
			"from": [5.70221, 7.2185, 7.01965],
			"to": [6.14797, 7.58086, 8.52371],
			"rotation": {"angle": 0, "axis": "y", "origin": [7.92509, 8.32, 8.02915]},
			"faces": {
				"north": {"uv": [11.75, 7.25, 12, 7.5], "texture": "#texture"},
				"east": {"uv": [4, 10.75, 4.5, 11], "texture": "#texture"},
				"south": {"uv": [11.75, 7.5, 12, 7.75], "texture": "#texture"},
				"west": {"uv": [4.5, 10.75, 5, 11], "texture": "#texture"},
				"up": {"uv": [0.75, 11.25, 0.5, 10.75], "texture": "#texture"},
				"down": {"uv": [5.25, 10.75, 5, 11.25], "texture": "#texture"}
			}
		},
		{
			"from": [6.67712, 8.7185, 6.4905],
			"to": [9.32288, 11.38086, 7.99456],
			"rotation": {"angle": 0, "axis": "y", "origin": [8, 8.32, 8]},
			"faces": {
				"north": {"uv": [0.5, 5.75, 1.25, 6.5], "texture": "#3"},
				"east": {"uv": [3.5, 1, 4.5, 1.75], "texture": "#3"},
				"south": {"uv": [1.25, 5.75, 2, 6.5], "texture": "#3"},
				"west": {"uv": [3.5, 2.5, 4.5, 3.25], "texture": "#3"},
				"up": {"uv": [2.25, 5, 1.5, 4], "texture": "#3"},
				"down": {"uv": [3, 4, 2.25, 5], "texture": "#3"}
			}
		},
		{
			"from": [7.20606, 1.5111, 11.3497],
			"to": [8.79394, 2.14869, 13.57274],
			"rotation": {"angle": 0, "axis": "y", "origin": [8, 4.99333, 8]},
			"faces": {
				"north": {"uv": [11, 1.75, 11.5, 2], "texture": "#2"},
				"east": {"uv": [11, 2, 11.5, 2.25], "texture": "#2"},
				"south": {"uv": [11, 2.25, 11.5, 2.5], "texture": "#2"},
				"west": {"uv": [11, 2.5, 11.5, 2.75], "texture": "#2"},
				"up": {"uv": [4.5, 10, 4, 9.5], "texture": "#2"},
				"down": {"uv": [5, 9.5, 4.5, 10], "texture": "#2"}
			}
		},
		{
			"from": [6.14797, 9.3185, 7.01965],
			"to": [9.85203, 11.38086, 9.66541],
			"rotation": {"angle": 0, "axis": "y", "origin": [8, 8.32, 8]},
			"faces": {
				"north": {"uv": [5.75, 0, 6.75, 0.5], "texture": "#3"},
				"east": {"uv": [6, 2, 6.75, 2.5], "texture": "#3"},
				"south": {"uv": [5.75, 0.5, 6.75, 1], "texture": "#3"},
				"west": {"uv": [6, 5.5, 6.75, 6], "texture": "#3"},
				"up": {"uv": [4, 4.75, 3, 4], "texture": "#3"},
				"down": {"uv": [5, 4, 4, 4.75], "texture": "#3"}
			}
		},
		{
			"from": [6.88848, 1.5111, 11.66728],
			"to": [9.11152, 2.14869, 13.25516],
			"rotation": {"angle": 0, "axis": "y", "origin": [8, 4.99333, 8]},
			"faces": {
				"north": {"uv": [11, 0.5, 11.5, 0.75], "texture": "#2"},
				"east": {"uv": [11, 0.75, 11.5, 1], "texture": "#2"},
				"south": {"uv": [11, 1, 11.5, 1.25], "texture": "#2"},
				"west": {"uv": [11, 1.5, 11.5, 1.75], "texture": "#2"},
				"up": {"uv": [9.75, 6.5, 9.25, 6], "texture": "#2"},
				"down": {"uv": [2.5, 9.5, 2, 10], "texture": "#2"}
			}
		},
		{
			"from": [6.14797, 6.6185, 7.01965],
			"to": [9.85203, 7.58086, 9.66541],
			"rotation": {"angle": 0, "axis": "y", "origin": [8, 8.32, 8]},
			"faces": {
				"north": {"uv": [2.25, 7.5, 3.25, 7.75], "texture": "#3"},
				"east": {"uv": [0.75, 8, 1.5, 8.25], "texture": "#3"},
				"south": {"uv": [3.5, 7.5, 4.5, 7.75], "texture": "#3"},
				"west": {"uv": [1.5, 8, 2.25, 8.25], "texture": "#3"},
				"up": {"uv": [5.5, 5.5, 4.5, 4.75], "texture": "#3"},
				"down": {"uv": [2.5, 5, 1.5, 5.75], "texture": "#3"}
			}
		},
		{
			"from": [6.14797, 7.14765, 9.6905],
			"to": [9.85203, 7.65171, 10.19456],
			"rotation": {"angle": 0, "axis": "y", "origin": [8, 8.32, 8]},
			"faces": {
				"north": {"uv": [4.5, 7.5, 5.5, 7.75], "texture": "#3"},
				"east": {"uv": [7.25, 8.25, 7.5, 8.5], "texture": "#3"},
				"south": {"uv": [5.5, 7.5, 6.5, 7.75], "texture": "#3"},
				"west": {"uv": [7.5, 8.25, 7.75, 8.5], "texture": "#3"},
				"up": {"uv": [7.5, 7.75, 6.5, 7.5], "texture": "#3"},
				"down": {"uv": [8.5, 7.5, 7.5, 7.75], "texture": "#3"}
			}
		},
		{
			"from": [6.14797, 10.24765, 6.4905],
			"to": [9.85203, 10.85171, 10.19456],
			"rotation": {"angle": 0, "axis": "y", "origin": [8, 8.32, 8]},
			"faces": {
				"north": {"uv": [7.25, 0.25, 8.25, 0.5], "texture": "#3"},
				"east": {"uv": [7.25, 0.5, 8.25, 0.75], "texture": "#3"},
				"south": {"uv": [7.25, 2, 8.25, 2.25], "texture": "#3"},
				"west": {"uv": [7.25, 2.25, 8.25, 2.5], "texture": "#3"},
				"up": {"uv": [2, 2, 1, 1], "texture": "#3"},
				"down": {"uv": [2, 0, 1, 1], "texture": "#3"}
			}
		},
		{
			"from": [6.88848, 1.46858, 11.3497],
			"to": [9.11152, 1.83112, 13.57274],
			"rotation": {"angle": 0, "axis": "y", "origin": [8, 4.99333, 8]},
			"faces": {
				"north": {"uv": [11, 6, 11.5, 6.25], "texture": "#2"},
				"east": {"uv": [11, 6.25, 11.5, 6.5], "texture": "#2"},
				"south": {"uv": [11, 6.5, 11.5, 6.75], "texture": "#2"},
				"west": {"uv": [11, 6.75, 11.5, 7], "texture": "#2"},
				"up": {"uv": [5.5, 10, 5, 9.5], "texture": "#2"},
				"down": {"uv": [6, 9.5, 5.5, 10], "texture": "#2"}
			}
		},
		{
			"from": [6.67712, 7.14765, 8.66134],
			"to": [9.32288, 7.75171, 10.72371],
			"rotation": {"angle": 0, "axis": "y", "origin": [8, 8.32, 8]},
			"faces": {
				"north": {"uv": [7.25, 7.75, 8, 8], "texture": "#3"},
				"east": {"uv": [2.75, 8.25, 3.25, 8.5], "texture": "#3"},
				"south": {"uv": [0, 8, 0.75, 8.25], "texture": "#3"},
				"west": {"uv": [3.25, 8.25, 3.75, 8.5], "texture": "#3"},
				"up": {"uv": [3.25, 7.25, 2.5, 6.75], "texture": "#3"},
				"down": {"uv": [6, 6.75, 5.25, 7.25], "texture": "#3"}
			}
		},
		{
			"from": [6.67712, 6.74765, 5.86134],
			"to": [9.32288, 7.15171, 6.72371],
			"rotation": {"angle": 0, "axis": "y", "origin": [8, 8.32, 8]},
			"faces": {
				"north": {"uv": [7.25, 8, 8, 8.25], "texture": "#3"},
				"east": {"uv": [7.75, 8.25, 8, 8.5], "texture": "#3"},
				"south": {"uv": [8, 8, 8.75, 8.25], "texture": "#3"},
				"west": {"uv": [8, 8.25, 8.25, 8.5], "texture": "#3"},
				"up": {"uv": [8.75, 3.75, 8, 3.5], "texture": "#3"},
				"down": {"uv": [8.75, 3.75, 8, 4], "texture": "#3"}
			}
		},
		{
			"from": [6.67712, 10.24765, 5.96134],
			"to": [9.32288, 10.85171, 10.72371],
			"rotation": {"angle": 0, "axis": "y", "origin": [8, 8.32, 8]},
			"faces": {
				"north": {"uv": [7.5, 6.75, 8.25, 7], "texture": "#3"},
				"east": {"uv": [7, 6.25, 8.25, 6.5], "texture": "#3"},
				"south": {"uv": [7.5, 7, 8.25, 7.25], "texture": "#3"},
				"west": {"uv": [7, 6.5, 8.25, 6.75], "texture": "#3"},
				"up": {"uv": [2.75, 2, 2, 0.75], "texture": "#3"},
				"down": {"uv": [2.75, 2.75, 2, 4], "texture": "#3"}
			}
		},
		{
			"from": [7.20606, 1.46858, 11.03213],
			"to": [8.79394, 1.83112, 13.89031],
			"rotation": {"angle": 0, "axis": "y", "origin": [8, 4.99333, 8]},
			"faces": {
				"north": {"uv": [11, 5.5, 11.5, 5.75], "texture": "#2"},
				"east": {"uv": [10.25, 2.75, 11, 3], "texture": "#2"},
				"south": {"uv": [11, 5.75, 11.5, 6], "texture": "#2"},
				"west": {"uv": [10.25, 5.5, 11, 5.75], "texture": "#2"},
				"up": {"uv": [8.75, 3.75, 8.25, 3], "texture": "#2"},
				"down": {"uv": [8.75, 4, 8.25, 4.75], "texture": "#2"}
			}
		},
		{
			"from": [5.61882, 9.94765, 8.31965],
			"to": [10.38118, 10.85171, 9.66541],
			"rotation": {"angle": 0, "axis": "y", "origin": [8, 8.32, 8]},
			"faces": {
				"north": {"uv": [6.75, 3.5, 8, 3.75], "texture": "#3"},
				"east": {"uv": [5.5, 3, 5.75, 3.25], "texture": "#3"},
				"south": {"uv": [6.75, 3.75, 8, 4], "texture": "#3"},
				"west": {"uv": [5.25, 6.5, 5.5, 6.75], "texture": "#3"},
				"up": {"uv": [8, 5, 6.75, 4.75], "texture": "#3"},
				"down": {"uv": [8, 5, 6.75, 5.25], "texture": "#3"}
			}
		},
		{
			"from": [6.57091, 1.46858, 12.44749],
			"to": [9.42909, 1.83112, 13.25516],
			"rotation": {"angle": 0, "axis": "y", "origin": [8, 4.99333, 8]},
			"faces": {
				"north": {"uv": [10.25, 8.5, 11, 8.75], "texture": "#2"},
				"east": {"uv": [1, 12.5, 1.25, 12.75], "texture": "#2"},
				"south": {"uv": [10.25, 9, 11, 9.25], "texture": "#2"},
				"west": {"uv": [1.25, 12.5, 1.5, 12.75], "texture": "#2"},
				"up": {"uv": [4.75, 10.75, 4, 10.5], "texture": "#2"},
				"down": {"uv": [5.5, 10.5, 4.75, 10.75], "texture": "#2"}
			}
		},
		{
			"from": [5.61882, 7.14765, 7.41965],
			"to": [10.38118, 7.75171, 9.66541],
			"rotation": {"angle": 0, "axis": "y", "origin": [8, 8.32, 8]},
			"faces": {
				"north": {"uv": [3.5, 7.25, 4.75, 7.5], "texture": "#3"},
				"east": {"uv": [3.75, 8.25, 4.25, 8.5], "texture": "#3"},
				"south": {"uv": [4.75, 7.25, 6, 7.5], "texture": "#3"},
				"west": {"uv": [4.25, 8.25, 4.75, 8.5], "texture": "#3"},
				"up": {"uv": [6.75, 3, 5.5, 2.5], "texture": "#3"},
				"down": {"uv": [6.75, 4.75, 5.5, 5.25], "texture": "#3"}
			}
		},
		{
			"from": [5.61882, 10.24765, 7.01965],
			"to": [10.38118, 10.85171, 8.36541],
			"rotation": {"angle": 0, "axis": "y", "origin": [8, 8.32, 8]},
			"faces": {
				"north": {"uv": [6.75, 5.5, 8, 5.75], "texture": "#3"},
				"east": {"uv": [1.25, 7.25, 1.5, 7.5], "texture": "#3"},
				"south": {"uv": [6.75, 5.75, 8, 6], "texture": "#3"},
				"west": {"uv": [3, 7.25, 3.25, 7.5], "texture": "#3"},
				"up": {"uv": [8.25, 4.5, 7, 4.25], "texture": "#3"},
				"down": {"uv": [8.25, 4.5, 7, 4.75], "texture": "#3"}
			}
		},
		{
			"from": [6.57091, 1.46858, 11.66728],
			"to": [9.42909, 1.83112, 12.47495],
			"rotation": {"angle": 0, "axis": "y", "origin": [8, 4.99333, 8]},
			"faces": {
				"north": {"uv": [10.25, 5.75, 11, 6], "texture": "#2"},
				"east": {"uv": [0.5, 12.5, 0.75, 12.75], "texture": "#2"},
				"south": {"uv": [10.25, 6.5, 11, 6.75], "texture": "#2"},
				"west": {"uv": [0.75, 12.5, 1, 12.75], "texture": "#2"},
				"up": {"uv": [11, 7, 10.25, 6.75], "texture": "#2"},
				"down": {"uv": [11, 8.25, 10.25, 8.5], "texture": "#2"}
			}
		},
		{
			"from": [6.14797, 7.6768, 8.16134],
			"to": [9.85203, 8.72256, 10.72371],
			"rotation": {"angle": 0, "axis": "y", "origin": [8, 8.32, 8]},
			"faces": {
				"north": {"uv": [7.25, 2.5, 8.25, 2.75], "texture": "#3"},
				"east": {"uv": [2.75, 7.75, 3.5, 8], "texture": "#3"},
				"south": {"uv": [7.25, 4, 8.25, 4.25], "texture": "#3"},
				"west": {"uv": [3.5, 7.75, 4.25, 8], "texture": "#3"},
				"up": {"uv": [5.5, 3.25, 4.5, 2.5], "texture": "#3"},
				"down": {"uv": [4.5, 4.75, 3.5, 5.5], "texture": "#3"}
			}
		},
		{
			"from": [6.14797, 8.6768, 6.76134],
			"to": [9.85203, 10.32256, 10.72371],
			"rotation": {"angle": 0, "axis": "y", "origin": [8, 8.32, 8]},
			"faces": {
				"north": {"uv": [5.75, 3, 6.75, 3.5], "texture": "#3"},
				"east": {"uv": [5.75, 3.5, 6.75, 4], "texture": "#3"},
				"south": {"uv": [3.5, 6, 4.5, 6.5], "texture": "#3"},
				"west": {"uv": [4.5, 6, 5.5, 6.5], "texture": "#3"},
				"up": {"uv": [1, 3, 0, 2], "texture": "#3"},
				"down": {"uv": [2, 2, 1, 3], "texture": "#3"}
			}
		},
		{
			"from": [6.14797, 8.8768, 5.96134],
			"to": [9.85203, 10.32256, 10.12371],
			"rotation": {"angle": 0, "axis": "y", "origin": [8, 8.32, 8]},
			"faces": {
				"north": {"uv": [3.5, 1.75, 4.5, 2], "texture": "#3"},
				"east": {"uv": [6, 7.25, 7, 7.5], "texture": "#3"},
				"south": {"uv": [7, 7.25, 8, 7.5], "texture": "#3"},
				"west": {"uv": [7.25, 0, 8.25, 0.25], "texture": "#3"},
				"up": {"uv": [1, 1, 0, 0], "texture": "#3"},
				"down": {"uv": [1, 1, 0, 2], "texture": "#3"}
			}
		},
		{
			"from": [5.61882, 8.6768, 6.4905],
			"to": [10.38118, 10.32256, 7.69456],
			"rotation": {"angle": 0, "axis": "y", "origin": [8, 8.32, 8]},
			"faces": {
				"north": {"uv": [3.5, 5.5, 4.75, 6], "texture": "#3"},
				"east": {"uv": [8, 5.5, 8.25, 6], "texture": "#3"},
				"south": {"uv": [4.75, 5.5, 6, 6], "texture": "#3"},
				"west": {"uv": [0, 8.25, 0.25, 8.75], "texture": "#3"},
				"up": {"uv": [8.25, 5.5, 7, 5.25], "texture": "#3"},
				"down": {"uv": [8.25, 6, 7, 6.25], "texture": "#3"}
			}
		},
		{
			"from": [5.61882, 7.6768, 7.8905],
			"to": [10.38118, 10.32256, 10.19456],
			"rotation": {"angle": 0, "axis": "y", "origin": [8, 8.32, 8]},
			"faces": {
				"north": {"uv": [2, 2, 3.25, 2.75], "texture": "#3"},
				"east": {"uv": [1.5, 3, 2, 3.75], "texture": "#3"},
				"south": {"uv": [2, 0, 3.25, 0.75], "texture": "#3"},
				"west": {"uv": [2, 5.75, 2.5, 6.5], "texture": "#3"},
				"up": {"uv": [6, 2.5, 4.75, 2], "texture": "#3"},
				"down": {"uv": [6.25, 4.25, 5, 4.75], "texture": "#3"}
			}
		},
		{
			"from": [6.67712, 8.80595, 6.73219],
			"to": [9.32288, 9.79341, 10.45286],
			"rotation": {"angle": 0, "axis": "y", "origin": [8, 8.32, 8]},
			"faces": {
				"north": {"uv": [4, 3.75, 4.75, 4], "texture": "#texture"},
				"east": {"uv": [2.5, 8.75, 3.5, 9], "texture": "#texture"},
				"south": {"uv": [6, 5.75, 6.75, 6], "texture": "#texture"},
				"west": {"uv": [3.5, 8.75, 4.5, 9], "texture": "#texture"},
				"up": {"uv": [4.75, 3.75, 4, 2.75], "texture": "#texture"},
				"down": {"uv": [3.75, 5.25, 3, 6.25], "texture": "#texture"}
			}
		},
		{
			"from": [6.67712, 8.60595, 6.03219],
			"to": [9.32288, 9.79341, 11.25286],
			"rotation": {"angle": 0, "axis": "y", "origin": [8, 8.32, 8]},
			"faces": {
				"north": {"uv": [4.25, 7.75, 5, 8], "texture": "#3"},
				"east": {"uv": [0, 7.25, 1.25, 7.5], "texture": "#3"},
				"south": {"uv": [5, 7.75, 5.75, 8], "texture": "#3"},
				"west": {"uv": [1.75, 7.25, 3, 7.5], "texture": "#3"},
				"up": {"uv": [0.75, 4.25, 0, 3], "texture": "#3"},
				"down": {"uv": [1.5, 3, 0.75, 4.25], "texture": "#3"}
			}
		},
		{
			"from": [6.67712, 8.60595, 5.23219],
			"to": [9.32288, 9.89341, 6.05286],
			"rotation": {"angle": 0, "axis": "y", "origin": [8, 8.32, 8]},
			"faces": {
				"north": {"uv": [1.75, 7, 2.5, 7.25], "texture": "#3"},
				"east": {"uv": [6.75, 8.25, 7, 8.5], "texture": "#3"},
				"south": {"uv": [3.5, 7, 4.25, 7.25], "texture": "#3"},
				"west": {"uv": [7, 8.25, 7.25, 8.5], "texture": "#3"},
				"up": {"uv": [8.25, 1.75, 7.5, 1.5], "texture": "#3"},
				"down": {"uv": [8.25, 1.75, 7.5, 2], "texture": "#3"}
			}
		},
		{
			"from": [6.57129, 8.49443, 4.36277],
			"to": [9.42871, 9.56088, 5.98909],
			"rotation": {"angle": 0, "axis": "y", "origin": [8, 8.9856, 8]},
			"faces": {
				"north": {"uv": [2.75, 8.5, 3.5, 8.75], "texture": "#1"},
				"east": {"uv": [6.75, 10.5, 7.25, 10.75], "texture": "#1"},
				"south": {"uv": [9.25, 2.25, 10, 2.5], "texture": "#1"},
				"west": {"uv": [7.25, 10.5, 7.75, 10.75], "texture": "#1"},
				"up": {"uv": [8.25, 4.5, 7.5, 4], "texture": "#1"},
				"down": {"uv": [8.25, 4.5, 7.5, 5], "texture": "#1"}
			}
		},
		{
			"from": [6.77129, 8.40243, 4.60277],
			"to": [9.22871, 9.76888, 5.12909],
			"rotation": {"angle": 0, "axis": "y", "origin": [8, 8.9856, 8]},
			"faces": {
				"north": {"uv": [10.5, 3.25, 11, 3.5], "texture": "#1"},
				"east": {"uv": [9.5, 11.75, 9.75, 12], "texture": "#1"},
				"south": {"uv": [10.5, 3.5, 11, 3.75], "texture": "#1"},
				"west": {"uv": [9.75, 11.75, 10, 12], "texture": "#1"},
				"up": {"uv": [11, 4.25, 10.5, 4], "texture": "#1"},
				"down": {"uv": [11, 4.25, 10.5, 4.5], "texture": "#1"}
			}
		},
		{
			"from": [7.77129, 7.90243, 4.90277],
			"to": [8.22871, 9.06888, 5.32909],
			"rotation": {"angle": 0, "axis": "y", "origin": [8, 8.9856, 8]},
			"faces": {
				"north": {"uv": [12.5, 0.25, 12.75, 0.5], "texture": "#1"},
				"east": {"uv": [12.5, 0.5, 12.75, 0.75], "texture": "#1"},
				"south": {"uv": [12.5, 0.75, 12.75, 1], "texture": "#1"},
				"west": {"uv": [12.5, 1, 12.75, 1.25], "texture": "#1"},
				"up": {"uv": [12.75, 1.5, 12.5, 1.25], "texture": "#1"},
				"down": {"uv": [12.75, 1.5, 12.5, 1.75], "texture": "#1"}
			}
		},
		{
			"from": [7.07129, 8.00243, 5.10277],
			"to": [7.52871, 9.16888, 5.52909],
			"rotation": {"angle": 0, "axis": "y", "origin": [8, 8.9856, 8]},
			"faces": {
				"north": {"uv": [7, 12.5, 7.25, 12.75], "texture": "#1"},
				"east": {"uv": [7.25, 12.5, 7.5, 12.75], "texture": "#1"},
				"south": {"uv": [7.5, 12.5, 7.75, 12.75], "texture": "#1"},
				"west": {"uv": [7.75, 12.5, 8, 12.75], "texture": "#1"},
				"up": {"uv": [8.25, 12.75, 8, 12.5], "texture": "#1"},
				"down": {"uv": [8.5, 12.5, 8.25, 12.75], "texture": "#1"}
			}
		},
		{
			"from": [8.47129, 8.00243, 5.10277],
			"to": [8.92871, 9.16888, 5.52909],
			"rotation": {"angle": 0, "axis": "y", "origin": [8, 8.9856, 8]},
			"faces": {
				"north": {"uv": [12.5, 2.25, 12.75, 2.5], "texture": "#1"},
				"east": {"uv": [12.5, 2.5, 12.75, 2.75], "texture": "#1"},
				"south": {"uv": [12.5, 2.75, 12.75, 3], "texture": "#1"},
				"west": {"uv": [12.5, 3, 12.75, 3.25], "texture": "#1"},
				"up": {"uv": [12.75, 3.5, 12.5, 3.25], "texture": "#1"},
				"down": {"uv": [12.75, 3.5, 12.5, 3.75], "texture": "#1"}
			}
		},
		{
			"from": [6.27129, 8.10243, 5.50277],
			"to": [6.72871, 9.26888, 5.92909],
			"rotation": {"angle": 0, "axis": "y", "origin": [8, 8.9856, 8]},
			"faces": {
				"north": {"uv": [9, 12.5, 9.25, 12.75], "texture": "#1"},
				"east": {"uv": [9.25, 12.5, 9.5, 12.75], "texture": "#1"},
				"south": {"uv": [9.5, 12.5, 9.75, 12.75], "texture": "#1"},
				"west": {"uv": [9.75, 12.5, 10, 12.75], "texture": "#1"},
				"up": {"uv": [10.25, 12.75, 10, 12.5], "texture": "#1"},
				"down": {"uv": [10.5, 12.5, 10.25, 12.75], "texture": "#1"}
			}
		},
		{
			"from": [9.27129, 8.10243, 5.50277],
			"to": [9.72871, 9.26888, 5.92909],
			"rotation": {"angle": 0, "axis": "y", "origin": [8, 8.9856, 8]},
			"faces": {
				"north": {"uv": [12.5, 4.25, 12.75, 4.5], "texture": "#1"},
				"east": {"uv": [12.5, 4.5, 12.75, 4.75], "texture": "#1"},
				"south": {"uv": [12.5, 4.75, 12.75, 5], "texture": "#1"},
				"west": {"uv": [12.5, 5, 12.75, 5.25], "texture": "#1"},
				"up": {"uv": [12.75, 5.5, 12.5, 5.25], "texture": "#1"},
				"down": {"uv": [12.75, 5.5, 12.5, 5.75], "texture": "#1"}
			}
		},
		{
			"from": [5.57129, 8.20243, 6.30277],
			"to": [6.02871, 9.36888, 6.72909],
			"rotation": {"angle": 0, "axis": "y", "origin": [8, 8.9856, 8]},
			"faces": {
				"north": {"uv": [11, 12.5, 11.25, 12.75], "texture": "#1"},
				"east": {"uv": [11.25, 12.5, 11.5, 12.75], "texture": "#1"},
				"south": {"uv": [11.5, 12.5, 11.75, 12.75], "texture": "#1"},
				"west": {"uv": [11.75, 12.5, 12, 12.75], "texture": "#1"},
				"up": {"uv": [12.25, 12.75, 12, 12.5], "texture": "#1"},
				"down": {"uv": [12.5, 12.5, 12.25, 12.75], "texture": "#1"}
			}
		},
		{
			"from": [9.97129, 8.20243, 6.30277],
			"to": [10.42871, 9.36888, 6.72909],
			"rotation": {"angle": 0, "axis": "y", "origin": [8, 8.9856, 8]},
			"faces": {
				"north": {"uv": [12.5, 6.25, 12.75, 6.5], "texture": "#1"},
				"east": {"uv": [12.5, 6.5, 12.75, 6.75], "texture": "#1"},
				"south": {"uv": [12.5, 6.75, 12.75, 7], "texture": "#1"},
				"west": {"uv": [12.5, 7, 12.75, 7.25], "texture": "#1"},
				"up": {"uv": [12.75, 7.5, 12.5, 7.25], "texture": "#1"},
				"down": {"uv": [12.75, 7.5, 12.5, 7.75], "texture": "#1"}
			}
		},
		{
			"from": [5.57129, 6.63112, 7.10277],
			"to": [6.02871, 7.79757, 7.52909],
			"rotation": {"angle": 0, "axis": "y", "origin": [8, 7.0144, 8]},
			"faces": {
				"north": {"uv": [8.25, 0.25, 8.5, 0.5], "texture": "#3"},
				"east": {"uv": [8.25, 0.5, 8.5, 0.75], "texture": "#3"},
				"south": {"uv": [8.25, 0.75, 8.5, 1], "texture": "#3"},
				"west": {"uv": [8.25, 1.5, 8.5, 1.75], "texture": "#3"},
				"up": {"uv": [8.5, 2, 8.25, 1.75], "texture": "#3"},
				"down": {"uv": [8.5, 2, 8.25, 2.25], "texture": "#3"}
			}
		},
		{
			"from": [7.87129, 7.50243, 5.00277],
			"to": [8.12871, 9.06888, 5.22909],
			"rotation": {"angle": 0, "axis": "y", "origin": [8, 8.9856, 8]},
			"faces": {
				"north": {"uv": [3.25, 11.25, 3.5, 11.75], "texture": "#1"},
				"east": {"uv": [3.5, 11.25, 3.75, 11.75], "texture": "#1"},
				"south": {"uv": [3.75, 11.25, 4, 11.75], "texture": "#1"},
				"west": {"uv": [4, 11.25, 4.25, 11.75], "texture": "#1"},
				"up": {"uv": [12.75, 12.75, 12.5, 12.5], "texture": "#1"},
				"down": {"uv": [12.75, 0, 12.5, 0.25], "texture": "#1"}
			}
		},
		{
			"from": [7.17129, 7.60243, 5.20277],
			"to": [7.42871, 9.16888, 5.42909],
			"rotation": {"angle": 0, "axis": "y", "origin": [8, 8.9856, 8]},
			"faces": {
				"north": {"uv": [11, 9.5, 11.25, 10], "texture": "#1"},
				"east": {"uv": [11, 10, 11.25, 10.5], "texture": "#1"},
				"south": {"uv": [0, 11.25, 0.25, 11.75], "texture": "#1"},
				"west": {"uv": [0.25, 11.25, 0.5, 11.75], "texture": "#1"},
				"up": {"uv": [6.75, 12.75, 6.5, 12.5], "texture": "#1"},
				"down": {"uv": [7, 12.5, 6.75, 12.75], "texture": "#1"}
			}
		},
		{
			"from": [8.57129, 7.60243, 5.20277],
			"to": [8.82871, 9.16888, 5.42909],
			"rotation": {"angle": 0, "axis": "y", "origin": [8, 8.9856, 8]},
			"faces": {
				"north": {"uv": [4.25, 11.25, 4.5, 11.75], "texture": "#1"},
				"east": {"uv": [4.5, 11.25, 4.75, 11.75], "texture": "#1"},
				"south": {"uv": [4.75, 11.25, 5, 11.75], "texture": "#1"},
				"west": {"uv": [5, 11.25, 5.25, 11.75], "texture": "#1"},
				"up": {"uv": [12.75, 2, 12.5, 1.75], "texture": "#1"},
				"down": {"uv": [12.75, 2, 12.5, 2.25], "texture": "#1"}
			}
		},
		{
			"from": [6.37129, 7.70243, 5.60277],
			"to": [6.62871, 9.26888, 5.82909],
			"rotation": {"angle": 0, "axis": "y", "origin": [8, 8.9856, 8]},
			"faces": {
				"north": {"uv": [0.5, 11.25, 0.75, 11.75], "texture": "#1"},
				"east": {"uv": [1.25, 11.25, 1.5, 11.75], "texture": "#1"},
				"south": {"uv": [1.5, 11.25, 1.75, 11.75], "texture": "#1"},
				"west": {"uv": [1.75, 11.25, 2, 11.75], "texture": "#1"},
				"up": {"uv": [8.75, 12.75, 8.5, 12.5], "texture": "#1"},
				"down": {"uv": [9, 12.5, 8.75, 12.75], "texture": "#1"}
			}
		},
		{
			"from": [9.37129, 7.70243, 5.60277],
			"to": [9.62871, 9.26888, 5.82909],
			"rotation": {"angle": 0, "axis": "y", "origin": [8, 8.9856, 8]},
			"faces": {
				"north": {"uv": [5.25, 11.25, 5.5, 11.75], "texture": "#1"},
				"east": {"uv": [5.5, 11.25, 5.75, 11.75], "texture": "#1"},
				"south": {"uv": [5.75, 11.25, 6, 11.75], "texture": "#1"},
				"west": {"uv": [6, 11.25, 6.25, 11.75], "texture": "#1"},
				"up": {"uv": [12.75, 4, 12.5, 3.75], "texture": "#1"},
				"down": {"uv": [12.75, 4, 12.5, 4.25], "texture": "#1"}
			}
		},
		{
			"from": [5.67129, 7.80243, 6.40277],
			"to": [5.92871, 9.36888, 6.62909],
			"rotation": {"angle": 0, "axis": "y", "origin": [8, 8.9856, 8]},
			"faces": {
				"north": {"uv": [2, 11.25, 2.25, 11.75], "texture": "#1"},
				"east": {"uv": [2.25, 11.25, 2.5, 11.75], "texture": "#1"},
				"south": {"uv": [2.75, 11.25, 3, 11.75], "texture": "#1"},
				"west": {"uv": [3, 11.25, 3.25, 11.75], "texture": "#1"},
				"up": {"uv": [10.75, 12.75, 10.5, 12.5], "texture": "#1"},
				"down": {"uv": [11, 12.5, 10.75, 12.75], "texture": "#1"}
			}
		},
		{
			"from": [10.07129, 7.80243, 6.40277],
			"to": [10.32871, 9.36888, 6.62909],
			"rotation": {"angle": 0, "axis": "y", "origin": [8, 8.9856, 8]},
			"faces": {
				"north": {"uv": [6.25, 11.25, 6.5, 11.75], "texture": "#1"},
				"east": {"uv": [6.5, 11.25, 6.75, 11.75], "texture": "#1"},
				"south": {"uv": [6.75, 11.25, 7, 11.75], "texture": "#1"},
				"west": {"uv": [7.25, 11.25, 7.5, 11.75], "texture": "#1"},
				"up": {"uv": [12.75, 6, 12.5, 5.75], "texture": "#1"},
				"down": {"uv": [12.75, 6, 12.5, 6.25], "texture": "#1"}
			}
		},
		{
			"from": [5.92329, 8.49443, 5.20277],
			"to": [6.62071, 9.56088, 6.12909],
			"rotation": {"angle": 0, "axis": "y", "origin": [8, 8.9856, 8]},
			"faces": {
				"north": {"uv": [6.5, 8.75, 6.75, 9], "texture": "#1"},
				"east": {"uv": [11, 7.5, 11.25, 7.75], "texture": "#1"},
				"south": {"uv": [11, 8.5, 11.25, 8.75], "texture": "#1"},
				"west": {"uv": [11, 10.5, 11.25, 10.75], "texture": "#1"},
				"up": {"uv": [11.5, 1.5, 11.25, 1.25], "texture": "#1"},
				"down": {"uv": [11.5, 4.25, 11.25, 4.5], "texture": "#1"}
			}
		},
		{
			"from": [9.37929, 8.49443, 5.20277],
			"to": [10.07671, 9.56088, 6.52909],
			"rotation": {"angle": 0, "axis": "y", "origin": [8, 8.9856, 8]},
			"faces": {
				"north": {"uv": [12, 8.75, 12.25, 9], "texture": "#1"},
				"east": {"uv": [12, 9, 12.25, 9.25], "texture": "#1"},
				"south": {"uv": [12, 9.25, 12.25, 9.5], "texture": "#1"},
				"west": {"uv": [12, 9.5, 12.25, 9.75], "texture": "#1"},
				"up": {"uv": [12.25, 10, 12, 9.75], "texture": "#1"},
				"down": {"uv": [12.25, 10, 12, 10.25], "texture": "#1"}
			}
		},
		{
			"from": [6.12329, 8.51043, 4.63477],
			"to": [6.72071, 9.37688, 6.26109],
			"rotation": {"angle": 0, "axis": "y", "origin": [8, 8.9856, 8]},
			"faces": {
				"north": {"uv": [11.75, 0.25, 12, 0.5], "texture": "#1"},
				"east": {"uv": [10.5, 6, 11, 6.25], "texture": "#1"},
				"south": {"uv": [11.75, 0.5, 12, 0.75], "texture": "#1"},
				"west": {"uv": [10.5, 6.25, 11, 6.5], "texture": "#1"},
				"up": {"uv": [10.75, 8, 10.5, 7.5], "texture": "#1"},
				"down": {"uv": [10.75, 9.5, 10.5, 10], "texture": "#1"}
			}
		},
		{
			"from": [9.37929, 8.51043, 4.63477],
			"to": [9.87671, 9.47688, 6.26109],
			"rotation": {"angle": 0, "axis": "y", "origin": [8, 8.9856, 8]},
			"faces": {
				"north": {"uv": [12, 10.25, 12.25, 10.5], "texture": "#1"},
				"east": {"uv": [10.25, 10.75, 10.75, 11], "texture": "#1"},
				"south": {"uv": [12, 10.5, 12.25, 10.75], "texture": "#1"},
				"west": {"uv": [10.75, 10.75, 11.25, 11], "texture": "#1"},
				"up": {"uv": [11, 5.5, 10.75, 5], "texture": "#1"},
				"down": {"uv": [11, 7.25, 10.75, 7.75], "texture": "#1"}
			}
		},
		{
			"from": [5.62329, 8.61043, 5.63477],
			"to": [6.02071, 9.37688, 7.26109],
			"rotation": {"angle": 0, "axis": "y", "origin": [8, 8.9856, 8]},
			"faces": {
				"north": {"uv": [11.75, 0.75, 12, 1], "texture": "#1"},
				"east": {"uv": [10.5, 7, 11, 7.25], "texture": "#1"},
				"south": {"uv": [11.75, 1, 12, 1.25], "texture": "#1"},
				"west": {"uv": [10.5, 8, 11, 8.25], "texture": "#1"},
				"up": {"uv": [0.25, 11.25, 0, 10.75], "texture": "#1"},
				"down": {"uv": [0.5, 10.75, 0.25, 11.25], "texture": "#1"}
			}
		},
		{
			"from": [9.97929, 8.61043, 5.63477],
			"to": [10.37671, 9.37688, 7.26109],
			"rotation": {"angle": 0, "axis": "y", "origin": [8, 8.9856, 8]},
			"faces": {
				"north": {"uv": [12, 8.25, 12.25, 8.5], "texture": "#1"},
				"east": {"uv": [9, 10.75, 9.5, 11], "texture": "#1"},
				"south": {"uv": [12, 8.5, 12.25, 8.75], "texture": "#1"},
				"west": {"uv": [9.5, 10.75, 10, 11], "texture": "#1"},
				"up": {"uv": [7.75, 11.25, 7.5, 10.75], "texture": "#1"},
				"down": {"uv": [10.25, 10.75, 10, 11.25], "texture": "#1"}
			}
		},
		{
			"from": [5.07529, 8.79443, 6.37477],
			"to": [5.67271, 9.16088, 7.50109],
			"rotation": {"angle": 0, "axis": "y", "origin": [7.652, 8.9696, 8.24]},
			"faces": {
				"north": {"uv": [11.75, 4.25, 12, 4.5], "texture": "#1"},
				"east": {"uv": [11.75, 4.5, 12, 4.75], "texture": "#1"},
				"south": {"uv": [11.75, 4.75, 12, 5], "texture": "#1"},
				"west": {"uv": [11.75, 5, 12, 5.25], "texture": "#1"},
				"up": {"uv": [12, 5.5, 11.75, 5.25], "texture": "#1"},
				"down": {"uv": [12, 5.5, 11.75, 5.75], "texture": "#1"}
			}
		},
		{
			"from": [10.32729, 8.79443, 6.37477],
			"to": [10.92471, 9.16088, 7.50109],
			"rotation": {"angle": 0, "axis": "y", "origin": [8.348, 8.9696, 8.24]},
			"faces": {
				"north": {"uv": [12, 5.25, 12.25, 5.5], "texture": "#1"},
				"east": {"uv": [12, 5.5, 12.25, 5.75], "texture": "#1"},
				"south": {"uv": [12, 5.75, 12.25, 6], "texture": "#1"},
				"west": {"uv": [12, 6, 12.25, 6.25], "texture": "#1"},
				"up": {"uv": [12.25, 6.5, 12, 6.25], "texture": "#1"},
				"down": {"uv": [12.25, 6.5, 12, 6.75], "texture": "#1"}
			}
		},
		{
			"from": [4.67529, 8.69443, 7.07477],
			"to": [5.27271, 9.06088, 7.50109],
			"rotation": {"angle": 0, "axis": "y", "origin": [7.652, 8.9696, 8.24]},
			"faces": {
				"north": {"uv": [0.75, 5.75, 1, 6], "texture": "#1"},
				"east": {"uv": [6, 4, 6.25, 4.25], "texture": "#1"},
				"south": {"uv": [7, 6.5, 7.25, 6.75], "texture": "#1"},
				"west": {"uv": [2.75, 7.25, 3, 7.5], "texture": "#1"},
				"up": {"uv": [7.75, 3.25, 7.5, 3], "texture": "#1"},
				"down": {"uv": [7.5, 7.75, 7.25, 8], "texture": "#1"}
			}
		},
		{
			"from": [10.72729, 8.69443, 7.07477],
			"to": [11.32471, 9.06088, 7.50109],
			"rotation": {"angle": 0, "axis": "y", "origin": [8.348, 8.9696, 8.24]},
			"faces": {
				"north": {"uv": [12, 2.25, 12.25, 2.5], "texture": "#1"},
				"east": {"uv": [12, 2.5, 12.25, 2.75], "texture": "#1"},
				"south": {"uv": [12, 2.75, 12.25, 3], "texture": "#1"},
				"west": {"uv": [12, 3, 12.25, 3.25], "texture": "#1"},
				"up": {"uv": [12.25, 3.5, 12, 3.25], "texture": "#1"},
				"down": {"uv": [12.25, 3.5, 12, 3.75], "texture": "#1"}
			}
		},
		{
			"from": [5.27529, 8.49443, 5.87477],
			"to": [6.27271, 9.45288, 6.86909],
			"rotation": {"angle": 0, "axis": "y", "origin": [8, 8.9856, 8]},
			"faces": {
				"north": {"uv": [11.25, 11, 11.5, 11.25], "texture": "#1"},
				"east": {"uv": [11.5, 1, 11.75, 1.25], "texture": "#1"},
				"south": {"uv": [11.5, 1.25, 11.75, 1.5], "texture": "#1"},
				"west": {"uv": [11.5, 1.5, 11.75, 1.75], "texture": "#1"},
				"up": {"uv": [11.75, 2, 11.5, 1.75], "texture": "#1"},
				"down": {"uv": [11.75, 2, 11.5, 2.25], "texture": "#1"}
			}
		},
		{
			"from": [10.02729, 8.49443, 5.87477],
			"to": [10.72471, 9.45288, 6.86909],
			"rotation": {"angle": 0, "axis": "y", "origin": [8, 8.9856, 8]},
			"faces": {
				"north": {"uv": [12, 6.75, 12.25, 7], "texture": "#1"},
				"east": {"uv": [12, 7, 12.25, 7.25], "texture": "#1"},
				"south": {"uv": [12, 7.25, 12.25, 7.5], "texture": "#1"},
				"west": {"uv": [12, 7.5, 12.25, 7.75], "texture": "#1"},
				"up": {"uv": [12.25, 8, 12, 7.75], "texture": "#1"},
				"down": {"uv": [12.25, 8, 12, 8.25], "texture": "#1"}
			}
		},
		{
			"from": [4.90187, 8.49443, 6.86909],
			"to": [5.27529, 9.34488, 7.53942],
			"rotation": {"angle": 0, "axis": "y", "origin": [8.05858, 8.9856, 8.77833]},
			"faces": {
				"north": {"uv": [11.5, 2.25, 11.75, 2.5], "texture": "#1"},
				"east": {"uv": [11.5, 2.5, 11.75, 2.75], "texture": "#1"},
				"south": {"uv": [11.5, 2.75, 11.75, 3], "texture": "#1"},
				"west": {"uv": [11.5, 3, 11.75, 3.25], "texture": "#1"},
				"up": {"uv": [11.75, 3.5, 11.5, 3.25], "texture": "#1"},
				"down": {"uv": [11.75, 3.5, 11.5, 3.75], "texture": "#1"}
			}
		},
		{
			"from": [10.72471, 8.49443, 6.86909],
			"to": [11.09813, 9.34488, 7.53942],
			"rotation": {"angle": 0, "axis": "y", "origin": [7.94142, 8.9856, 8.77833]},
			"faces": {
				"north": {"uv": [12, 3.75, 12.25, 4], "texture": "#1"},
				"east": {"uv": [12, 4, 12.25, 4.25], "texture": "#1"},
				"south": {"uv": [12, 4.25, 12.25, 4.5], "texture": "#1"},
				"west": {"uv": [12, 4.5, 12.25, 4.75], "texture": "#1"},
				"up": {"uv": [12.25, 5, 12, 4.75], "texture": "#1"},
				"down": {"uv": [12.25, 5, 12, 5.25], "texture": "#1"}
			}
		},
		{
			"from": [4.57787, 8.49443, 7.40909],
			"to": [5.15129, 9.12888, 8.18742],
			"rotation": {"angle": 0, "axis": "y", "origin": [8.05858, 8.9856, 8.77833]},
			"faces": {
				"north": {"uv": [11.5, 3.75, 11.75, 4], "texture": "#1"},
				"east": {"uv": [11.5, 4, 11.75, 4.25], "texture": "#1"},
				"south": {"uv": [11.5, 4.25, 11.75, 4.5], "texture": "#1"},
				"west": {"uv": [11.5, 4.5, 11.75, 4.75], "texture": "#1"},
				"up": {"uv": [11.75, 5, 11.5, 4.75], "texture": "#1"},
				"down": {"uv": [11.75, 5, 11.5, 5.25], "texture": "#1"}
			}
		},
		{
			"from": [10.84871, 8.49443, 7.40909],
			"to": [11.42213, 9.12888, 8.18742],
			"rotation": {"angle": 0, "axis": "y", "origin": [7.94142, 8.9856, 8.77833]},
			"faces": {
				"north": {"uv": [12, 0.75, 12.25, 1], "texture": "#1"},
				"east": {"uv": [12, 1, 12.25, 1.25], "texture": "#1"},
				"south": {"uv": [12, 1.25, 12.25, 1.5], "texture": "#1"},
				"west": {"uv": [12, 1.5, 12.25, 1.75], "texture": "#1"},
				"up": {"uv": [12.25, 2, 12, 1.75], "texture": "#1"},
				"down": {"uv": [12.25, 2, 12, 2.25], "texture": "#1"}
			}
		},
		{
			"from": [4.57787, 8.49443, 8.16509],
			"to": [5.15129, 8.91288, 9.26742],
			"rotation": {"angle": 0, "axis": "y", "origin": [8.05858, 8.9856, 8.77833]},
			"faces": {
				"north": {"uv": [11.5, 5.25, 11.75, 5.5], "texture": "#1"},
				"east": {"uv": [11.5, 5.5, 11.75, 5.75], "texture": "#1"},
				"south": {"uv": [11.5, 5.75, 11.75, 6], "texture": "#1"},
				"west": {"uv": [11.5, 6, 11.75, 6.25], "texture": "#1"},
				"up": {"uv": [11.75, 6.5, 11.5, 6.25], "texture": "#1"},
				"down": {"uv": [11.75, 6.5, 11.5, 6.75], "texture": "#1"}
			}
		},
		{
			"from": [10.84871, 8.49443, 8.16509],
			"to": [11.42213, 8.91288, 9.26742],
			"rotation": {"angle": 0, "axis": "y", "origin": [7.94142, 8.9856, 8.77833]},
			"faces": {
				"north": {"uv": [8.5, 12, 8.75, 12.25], "texture": "#1"},
				"east": {"uv": [8.75, 12, 9, 12.25], "texture": "#1"},
				"south": {"uv": [9, 12, 9.25, 12.25], "texture": "#1"},
				"west": {"uv": [9.25, 12, 9.5, 12.25], "texture": "#1"},
				"up": {"uv": [9.75, 12.25, 9.5, 12], "texture": "#1"},
				"down": {"uv": [10, 12, 9.75, 12.25], "texture": "#1"}
			}
		},
		{
			"from": [4.67787, 8.29443, 9.26742],
			"to": [5.15129, 8.81288, 9.46742],
			"rotation": {"angle": 0, "axis": "y", "origin": [8.05858, 8.9856, 8.77833]},
			"faces": {
				"north": {"uv": [11.75, 1.25, 12, 1.5], "texture": "#1"},
				"east": {"uv": [11.75, 1.5, 12, 1.75], "texture": "#1"},
				"south": {"uv": [11.75, 1.75, 12, 2], "texture": "#1"},
				"west": {"uv": [11.75, 2, 12, 2.25], "texture": "#1"},
				"up": {"uv": [12, 2.5, 11.75, 2.25], "texture": "#1"},
				"down": {"uv": [12, 2.5, 11.75, 2.75], "texture": "#1"}
			}
		},
		{
			"from": [10.84871, 8.29443, 9.26742],
			"to": [11.32213, 8.81288, 9.46742],
			"rotation": {"angle": 0, "axis": "y", "origin": [7.94142, 8.9856, 8.77833]},
			"faces": {
				"north": {"uv": [10, 12, 10.25, 12.25], "texture": "#1"},
				"east": {"uv": [10.25, 12, 10.5, 12.25], "texture": "#1"},
				"south": {"uv": [10.5, 12, 10.75, 12.25], "texture": "#1"},
				"west": {"uv": [10.75, 12, 11, 12.25], "texture": "#1"},
				"up": {"uv": [11.25, 12.25, 11, 12], "texture": "#1"},
				"down": {"uv": [11.5, 12, 11.25, 12.25], "texture": "#1"}
			}
		},
		{
			"from": [4.67787, 8.49443, 8.06742],
			"to": [5.15129, 9.01288, 8.96742],
			"rotation": {"angle": 0, "axis": "y", "origin": [8.05858, 8.9856, 8.77833]},
			"faces": {
				"north": {"uv": [11.75, 2.75, 12, 3], "texture": "#1"},
				"east": {"uv": [11.75, 3, 12, 3.25], "texture": "#1"},
				"south": {"uv": [11.75, 3.25, 12, 3.5], "texture": "#1"},
				"west": {"uv": [11.75, 3.5, 12, 3.75], "texture": "#1"},
				"up": {"uv": [12, 4, 11.75, 3.75], "texture": "#1"},
				"down": {"uv": [12, 4, 11.75, 4.25], "texture": "#1"}
			}
		},
		{
			"from": [10.84871, 8.49443, 8.06742],
			"to": [11.32213, 9.01288, 8.96742],
			"rotation": {"angle": 0, "axis": "y", "origin": [7.94142, 8.9856, 8.77833]},
			"faces": {
				"north": {"uv": [11.5, 12, 11.75, 12.25], "texture": "#1"},
				"east": {"uv": [11.75, 12, 12, 12.25], "texture": "#1"},
				"south": {"uv": [12, 12, 12.25, 12.25], "texture": "#1"},
				"west": {"uv": [12, 0, 12.25, 0.25], "texture": "#1"},
				"up": {"uv": [12.25, 0.5, 12, 0.25], "texture": "#1"},
				"down": {"uv": [12.25, 0.5, 12, 0.75], "texture": "#1"}
			}
		},
		{
			"from": [7.20627, 8.1768, 8.03219],
			"to": [8.79373, 8.62256, 11.25286],
			"rotation": {"angle": 0, "axis": "y", "origin": [8, 8.32, 8]},
			"faces": {
				"north": {"uv": [1.25, 8.25, 1.75, 8.5], "texture": "#3"},
				"east": {"uv": [5.75, 7.75, 6.5, 8], "texture": "#3"},
				"south": {"uv": [1.75, 8.25, 2.25, 8.5], "texture": "#3"},
				"west": {"uv": [6.5, 7.75, 7.25, 8], "texture": "#3"},
				"up": {"uv": [4.75, 7.25, 4.25, 6.5], "texture": "#3"},
				"down": {"uv": [5.25, 6.5, 4.75, 7.25], "texture": "#3"}
			}
		},
		{
			"from": [7.70627, 8.5768, 12.23219],
			"to": [8.29373, 9.82256, 13.05286],
			"rotation": {"angle": 0, "axis": "y", "origin": [8, 8.32, 8]},
			"faces": {
				"north": {"uv": [12, 11.25, 12.25, 11.5], "texture": "#2"},
				"east": {"uv": [12, 11.5, 12.25, 11.75], "texture": "#2"},
				"south": {"uv": [12, 11.75, 12.25, 12], "texture": "#2"},
				"west": {"uv": [0, 12.25, 0.25, 12.5], "texture": "#2"},
				"up": {"uv": [0.5, 12.5, 0.25, 12.25], "texture": "#2"},
				"down": {"uv": [0.75, 12.25, 0.5, 12.5], "texture": "#2"}
			}
		},
		{
			"from": [7.70627, 8.5768, 10.43219],
			"to": [8.29373, 9.32256, 11.65286],
			"rotation": {"angle": 0, "axis": "y", "origin": [8, 8.32, 8]},
			"faces": {
				"north": {"uv": [12.75, 12.75, 13, 13], "texture": "#2"},
				"east": {"uv": [12.75, 0, 13, 0.25], "texture": "#2"},
				"south": {"uv": [12.75, 0.25, 13, 0.5], "texture": "#2"},
				"west": {"uv": [12.75, 0.5, 13, 0.75], "texture": "#2"},
				"up": {"uv": [13, 1, 12.75, 0.75], "texture": "#2"},
				"down": {"uv": [13, 1, 12.75, 1.25], "texture": "#2"}
			}
		},
		{
			"from": [7.70627, 7.9768, 12.73219],
			"to": [8.29373, 9.42256, 13.55286],
			"rotation": {"angle": 0, "axis": "y", "origin": [8, 8.32, 8]},
			"faces": {
				"north": {"uv": [11.25, 12.75, 11.5, 13], "texture": "#2"},
				"east": {"uv": [11.5, 12.75, 11.75, 13], "texture": "#2"},
				"south": {"uv": [11.75, 12.75, 12, 13], "texture": "#2"},
				"west": {"uv": [12, 12.75, 12.25, 13], "texture": "#2"},
				"up": {"uv": [12.5, 13, 12.25, 12.75], "texture": "#2"},
				"down": {"uv": [12.75, 12.75, 12.5, 13], "texture": "#2"}
			}
		},
		{
			"from": [7.70627, 8.8768, 11.13219],
			"to": [8.29373, 9.62256, 12.75286],
			"rotation": {"angle": 0, "axis": "y", "origin": [8, 8.32, 8]},
			"faces": {
				"north": {"uv": [1.5, 12.5, 1.75, 12.75], "texture": "#2"},
				"east": {"uv": [11, 7, 11.5, 7.25], "texture": "#2"},
				"south": {"uv": [1.75, 12.5, 2, 12.75], "texture": "#2"},
				"west": {"uv": [11, 7.25, 11.5, 7.5], "texture": "#2"},
				"up": {"uv": [11.25, 8.5, 11, 8], "texture": "#2"},
				"down": {"uv": [11.25, 9, 11, 9.5], "texture": "#2"}
			}
		},
		{
			"from": [7.70627, 7.13104, 13.05286],
			"to": [8.29373, 8.3768, 13.87354],
			"rotation": {"angle": 0, "axis": "y", "origin": [8, 7.57424, 8.02067]},
			"faces": {
				"north": {"uv": [0.75, 12.25, 1, 12.5], "texture": "#2"},
				"east": {"uv": [1, 12.25, 1.25, 12.5], "texture": "#2"},
				"south": {"uv": [1.25, 12.25, 1.5, 12.5], "texture": "#2"},
				"west": {"uv": [1.5, 12.25, 1.75, 12.5], "texture": "#2"},
				"up": {"uv": [2, 12.5, 1.75, 12.25], "texture": "#2"},
				"down": {"uv": [2.25, 12.25, 2, 12.5], "texture": "#2"}
			}
		},
		{
			"from": [7.70627, 5.88528, 12.85286],
			"to": [8.29373, 7.13104, 13.67354],
			"rotation": {"angle": 0, "axis": "y", "origin": [8, 7.52848, 8.02067]},
			"faces": {
				"north": {"uv": [2.25, 12.25, 2.5, 12.5], "texture": "#2"},
				"east": {"uv": [2.5, 12.25, 2.75, 12.5], "texture": "#2"},
				"south": {"uv": [2.75, 12.25, 3, 12.5], "texture": "#2"},
				"west": {"uv": [3, 12.25, 3.25, 12.5], "texture": "#2"},
				"up": {"uv": [3.5, 12.5, 3.25, 12.25], "texture": "#2"},
				"down": {"uv": [3.75, 12.25, 3.5, 12.5], "texture": "#2"}
			}
		},
		{
			"from": [7.60627, 4.48528, 12.35286],
			"to": [8.39373, 6.03104, 13.17354],
			"rotation": {"angle": 0, "axis": "y", "origin": [8, 7.52848, 8.02067]},
			"faces": {
				"north": {"uv": [10.75, 9.25, 11, 9.75], "texture": "#2"},
				"east": {"uv": [10.75, 9.75, 11, 10.25], "texture": "#2"},
				"south": {"uv": [10.75, 10.25, 11, 10.75], "texture": "#2"},
				"west": {"uv": [0.75, 11, 1, 11.5], "texture": "#2"},
				"up": {"uv": [4, 12.5, 3.75, 12.25], "texture": "#2"},
				"down": {"uv": [4.25, 12.25, 4, 12.5], "texture": "#2"}
			}
		},
		{
			"from": [7.60627, 2.38528, 11.95286],
			"to": [8.39373, 4.93104, 12.77354],
			"rotation": {"angle": 0, "axis": "y", "origin": [8, 7.52848, 8.02067]},
			"faces": {
				"north": {"uv": [1.25, 10.5, 1.5, 11.25], "texture": "#2"},
				"east": {"uv": [1.5, 10.5, 1.75, 11.25], "texture": "#2"},
				"south": {"uv": [1.75, 10.5, 2, 11.25], "texture": "#2"},
				"west": {"uv": [2.75, 10.5, 3, 11.25], "texture": "#2"},
				"up": {"uv": [12.5, 11.5, 12.25, 11.25], "texture": "#2"},
				"down": {"uv": [12.5, 11.5, 12.25, 11.75], "texture": "#2"}
			}
		},
		{
			"from": [6.90627, 2.88528, 12.15286],
			"to": [7.79373, 3.63104, 12.97354],
			"rotation": {"angle": 0, "axis": "y", "origin": [8, 7.52848, 8.02067]},
			"faces": {
				"north": {"uv": [4.25, 12.25, 4.5, 12.5], "texture": "#2"},
				"east": {"uv": [4.5, 12.25, 4.75, 12.5], "texture": "#2"},
				"south": {"uv": [4.75, 12.25, 5, 12.5], "texture": "#2"},
				"west": {"uv": [5, 12.25, 5.25, 12.5], "texture": "#2"},
				"up": {"uv": [5.5, 12.5, 5.25, 12.25], "texture": "#2"},
				"down": {"uv": [5.75, 12.25, 5.5, 12.5], "texture": "#2"}
			}
		},
		{
			"from": [8.20627, 2.88528, 12.15286],
			"to": [9.09373, 3.63104, 12.97354],
			"rotation": {"angle": 0, "axis": "y", "origin": [8, 7.52848, 8.02067]},
			"faces": {
				"north": {"uv": [3.5, 12.5, 3.75, 12.75], "texture": "#2"},
				"east": {"uv": [3.75, 12.5, 4, 12.75], "texture": "#2"},
				"south": {"uv": [4, 12.5, 4.25, 12.75], "texture": "#2"},
				"west": {"uv": [4.25, 12.5, 4.5, 12.75], "texture": "#2"},
				"up": {"uv": [4.75, 12.75, 4.5, 12.5], "texture": "#2"},
				"down": {"uv": [5, 12.5, 4.75, 12.75], "texture": "#2"}
			}
		},
		{
			"from": [6.20627, 2.98528, 12.15286],
			"to": [7.09373, 3.73104, 12.97354],
			"rotation": {"angle": 0, "axis": "y", "origin": [8, 7.52848, 8.02067]},
			"faces": {
				"north": {"uv": [2, 12.5, 2.25, 12.75], "texture": "#2"},
				"east": {"uv": [2.25, 12.5, 2.5, 12.75], "texture": "#2"},
				"south": {"uv": [2.5, 12.5, 2.75, 12.75], "texture": "#2"},
				"west": {"uv": [2.75, 12.5, 3, 12.75], "texture": "#2"},
				"up": {"uv": [3.25, 12.75, 3, 12.5], "texture": "#2"},
				"down": {"uv": [3.5, 12.5, 3.25, 12.75], "texture": "#2"}
			}
		},
		{
			"from": [8.90627, 2.98528, 12.15286],
			"to": [9.79373, 3.73104, 12.97354],
			"rotation": {"angle": 0, "axis": "y", "origin": [8, 7.52848, 8.02067]},
			"faces": {
				"north": {"uv": [5, 12.5, 5.25, 12.75], "texture": "#2"},
				"east": {"uv": [5.25, 12.5, 5.5, 12.75], "texture": "#2"},
				"south": {"uv": [5.5, 12.5, 5.75, 12.75], "texture": "#2"},
				"west": {"uv": [5.75, 12.5, 6, 12.75], "texture": "#2"},
				"up": {"uv": [6.25, 12.75, 6, 12.5], "texture": "#2"},
				"down": {"uv": [6.5, 12.5, 6.25, 12.75], "texture": "#2"}
			}
		},
		{
			"from": [4.60627, 3.38528, 12.15286],
			"to": [6.39373, 4.03104, 12.97354],
			"rotation": {"angle": 0, "axis": "y", "origin": [8, 7.52848, 8.02067]},
			"faces": {
				"north": {"uv": [10.75, 1.25, 11.25, 1.5], "texture": "#2"},
				"east": {"uv": [5.75, 12.25, 6, 12.5], "texture": "#2"},
				"south": {"uv": [10.75, 3.75, 11.25, 4], "texture": "#2"},
				"west": {"uv": [6, 12.25, 6.25, 12.5], "texture": "#2"},
				"up": {"uv": [11.25, 8, 10.75, 7.75], "texture": "#2"},
				"down": {"uv": [11.25, 8.75, 10.75, 9], "texture": "#2"}
			}
		},
		{
			"from": [9.60627, 3.38528, 12.15286],
			"to": [11.39373, 4.03104, 12.97354],
			"rotation": {"angle": 0, "axis": "y", "origin": [8, 7.52848, 8.02067]},
			"faces": {
				"north": {"uv": [10.25, 11, 10.75, 11.25], "texture": "#2"},
				"east": {"uv": [12.25, 10.75, 12.5, 11], "texture": "#2"},
				"south": {"uv": [10.75, 11, 11.25, 11.25], "texture": "#2"},
				"west": {"uv": [12.25, 11, 12.5, 11.25], "texture": "#2"},
				"up": {"uv": [11.5, 0.25, 11, 0], "texture": "#2"},
				"down": {"uv": [11.5, 0.25, 11, 0.5], "texture": "#2"}
			}
		},
		{
			"from": [2.90627, 3.98528, 12.15286],
			"to": [4.69373, 4.33104, 12.97354],
			"rotation": {"angle": 0, "axis": "y", "origin": [8, 7.52848, 8.02067]},
			"faces": {
				"north": {"uv": [2, 11, 2.5, 11.25], "texture": "#2"},
				"east": {"uv": [6.25, 12.25, 6.5, 12.5], "texture": "#2"},
				"south": {"uv": [3, 11, 3.5, 11.25], "texture": "#2"},
				"west": {"uv": [6.5, 12.25, 6.75, 12.5], "texture": "#2"},
				"up": {"uv": [4, 11.25, 3.5, 11], "texture": "#2"},
				"down": {"uv": [4.5, 11, 4, 11.25], "texture": "#2"}
			}
		},
		{
			"from": [11.30627, 3.98528, 12.15286],
			"to": [13.09373, 4.33104, 12.97354],
			"rotation": {"angle": 0, "axis": "y", "origin": [8, 7.52848, 8.02067]},
			"faces": {
				"north": {"uv": [8, 11, 8.5, 11.25], "texture": "#2"},
				"east": {"uv": [12.25, 10.25, 12.5, 10.5], "texture": "#2"},
				"south": {"uv": [8.5, 11, 9, 11.25], "texture": "#2"},
				"west": {"uv": [12.25, 10.5, 12.5, 10.75], "texture": "#2"},
				"up": {"uv": [9.5, 11.25, 9, 11], "texture": "#2"},
				"down": {"uv": [10, 11, 9.5, 11.25], "texture": "#2"}
			}
		},
		{
			"from": [4.30627, 3.78528, 10.75286],
			"to": [4.69373, 4.03104, 14.07354],
			"rotation": {"angle": 0, "axis": "y", "origin": [8, 7.52848, 8.02067]},
			"faces": {
				"north": {"uv": [9.75, 12.25, 10, 12.5], "texture": "#2"},
				"east": {"uv": [9.75, 6, 10.5, 6.25], "texture": "#2"},
				"south": {"uv": [10, 12.25, 10.25, 12.5], "texture": "#2"},
				"west": {"uv": [9.75, 6.25, 10.5, 6.5], "texture": "#2"},
				"up": {"uv": [0.25, 10.75, 0, 10], "texture": "#2"},
				"down": {"uv": [0.5, 10, 0.25, 10.75], "texture": "#2"}
			}
		},
		{
			"from": [11.30627, 3.78528, 10.75286],
			"to": [11.69373, 4.03104, 14.07354],
			"rotation": {"angle": 0, "axis": "y", "origin": [8, 7.52848, 8.02067]},
			"faces": {
				"north": {"uv": [12.25, 6.75, 12.5, 7], "texture": "#2"},
				"east": {"uv": [10.25, 0, 11, 0.25], "texture": "#2"},
				"south": {"uv": [12.25, 7, 12.5, 7.25], "texture": "#2"},
				"west": {"uv": [10.25, 0.25, 11, 0.5], "texture": "#2"},
				"up": {"uv": [10.5, 1.25, 10.25, 0.5], "texture": "#2"},
				"down": {"uv": [10.5, 1.5, 10.25, 2.25], "texture": "#2"}
			}
		},
		{
			"from": [4.30627, 3.58528, 10.95286],
			"to": [5.29373, 3.83104, 13.87354],
			"rotation": {"angle": 0, "axis": "y", "origin": [8, 7.52848, 8.02067]},
			"faces": {
				"north": {"uv": [10.25, 12.25, 10.5, 12.5], "texture": "#2"},
				"east": {"uv": [9.75, 7, 10.5, 7.25], "texture": "#2"},
				"south": {"uv": [10.5, 12.25, 10.75, 12.5], "texture": "#2"},
				"west": {"uv": [9.75, 9.5, 10.5, 9.75], "texture": "#2"},
				"up": {"uv": [0.75, 10.75, 0.5, 10], "texture": "#2"},
				"down": {"uv": [2.25, 10, 2, 10.75], "texture": "#2"}
			}
		},
		{
			"from": [10.70627, 3.58528, 10.95286],
			"to": [11.69373, 3.83104, 13.87354],
			"rotation": {"angle": 0, "axis": "y", "origin": [8, 7.52848, 8.02067]},
			"faces": {
				"north": {"uv": [12.25, 6.25, 12.5, 6.5], "texture": "#2"},
				"east": {"uv": [9.25, 10.25, 10, 10.5], "texture": "#2"},
				"south": {"uv": [12.25, 6.5, 12.5, 6.75], "texture": "#2"},
				"west": {"uv": [10, 10.25, 10.75, 10.5], "texture": "#2"},
				"up": {"uv": [8.75, 11, 8.5, 10.25], "texture": "#2"},
				"down": {"uv": [9, 10.25, 8.75, 11], "texture": "#2"}
			}
		},
		{
			"from": [5.20627, 3.48528, 10.95286],
			"to": [6.19373, 3.73104, 13.87354],
			"rotation": {"angle": 0, "axis": "y", "origin": [8, 7.52848, 8.02067]},
			"faces": {
				"north": {"uv": [11.25, 12.25, 11.5, 12.5], "texture": "#2"},
				"east": {"uv": [4, 10, 4.75, 10.25], "texture": "#2"},
				"south": {"uv": [11.5, 12.25, 11.75, 12.5], "texture": "#2"},
				"west": {"uv": [4.75, 10, 5.5, 10.25], "texture": "#2"},
				"up": {"uv": [2.5, 10.75, 2.25, 10], "texture": "#2"},
				"down": {"uv": [5.75, 10, 5.5, 10.75], "texture": "#2"}
			}
		},
		{
			"from": [9.80627, 3.48528, 10.95286],
			"to": [10.79373, 3.73104, 13.87354],
			"rotation": {"angle": 0, "axis": "y", "origin": [8, 7.52848, 8.02067]},
			"faces": {
				"north": {"uv": [12.25, 4.25, 12.5, 4.5], "texture": "#2"},
				"east": {"uv": [10, 9.25, 10.75, 9.5], "texture": "#2"},
				"south": {"uv": [12.25, 4.5, 12.5, 4.75], "texture": "#2"},
				"west": {"uv": [2.75, 10.25, 3.5, 10.5], "texture": "#2"},
				"up": {"uv": [3.75, 11, 3.5, 10.25], "texture": "#2"},
				"down": {"uv": [4, 10.25, 3.75, 11], "texture": "#2"}
			}
		},
		{
			"from": [6.50627, 3.28528, 10.95286],
			"to": [7.49373, 3.53104, 13.87354],
			"rotation": {"angle": 0, "axis": "y", "origin": [8, 7.52848, 8.02067]},
			"faces": {
				"north": {"uv": [12.25, 1.75, 12.5, 2], "texture": "#2"},
				"east": {"uv": [10, 1.25, 10.75, 1.5], "texture": "#2"},
				"south": {"uv": [12.25, 2, 12.5, 2.25], "texture": "#2"},
				"west": {"uv": [10, 3.75, 10.75, 4], "texture": "#2"},
				"up": {"uv": [10.25, 8.75, 10, 8], "texture": "#2"},
				"down": {"uv": [1, 10.25, 0.75, 11], "texture": "#2"}
			}
		},
		{
			"from": [8.50627, 3.28528, 10.95286],
			"to": [9.49373, 3.53104, 13.87354],
			"rotation": {"angle": 0, "axis": "y", "origin": [8, 7.52848, 8.02067]},
			"faces": {
				"north": {"uv": [12.25, 2.25, 12.5, 2.5], "texture": "#2"},
				"east": {"uv": [10, 7.25, 10.75, 7.5], "texture": "#2"},
				"south": {"uv": [12.25, 2.5, 12.5, 2.75], "texture": "#2"},
				"west": {"uv": [10, 8.75, 10.75, 9], "texture": "#2"},
				"up": {"uv": [1.25, 11, 1, 10.25], "texture": "#2"},
				"down": {"uv": [2.75, 10.25, 2.5, 11], "texture": "#2"}
			}
		},
		{
			"from": [5.20627, 3.48528, 10.75286],
			"to": [5.89373, 3.73104, 14.17354],
			"rotation": {"angle": 0, "axis": "y", "origin": [8, 7.52848, 8.02067]},
			"faces": {
				"north": {"uv": [11.75, 12.25, 12, 12.5], "texture": "#2"},
				"east": {"uv": [7, 10, 7.75, 10.25], "texture": "#2"},
				"south": {"uv": [12, 12.25, 12.25, 12.5], "texture": "#2"},
				"west": {"uv": [7.75, 10, 8.5, 10.25], "texture": "#2"},
				"up": {"uv": [6, 10.75, 5.75, 10], "texture": "#2"},
				"down": {"uv": [9.25, 10, 9, 10.75], "texture": "#2"}
			}
		},
		{
			"from": [10.10627, 3.48528, 10.75286],
			"to": [10.79373, 3.73104, 14.17354],
			"rotation": {"angle": 0, "axis": "y", "origin": [8, 7.52848, 8.02067]},
			"faces": {
				"north": {"uv": [12.25, 4.75, 12.5, 5], "texture": "#2"},
				"east": {"uv": [4, 10.25, 4.75, 10.5], "texture": "#2"},
				"south": {"uv": [12.25, 5, 12.5, 5.25], "texture": "#2"},
				"west": {"uv": [4.75, 10.25, 5.5, 10.5], "texture": "#2"},
				"up": {"uv": [6.25, 11, 6, 10.25], "texture": "#2"},
				"down": {"uv": [6.5, 10.25, 6.25, 11], "texture": "#2"}
			}
		},
		{
			"from": [6.50627, 3.28528, 10.25286],
			"to": [7.19373, 3.53104, 14.57354],
			"rotation": {"angle": 0, "axis": "y", "origin": [8, 7.52848, 8.02067]},
			"faces": {
				"north": {"uv": [12.25, 1.25, 12.5, 1.5], "texture": "#2"},
				"east": {"uv": [9, 1.25, 10, 1.5], "texture": "#2"},
				"south": {"uv": [12.25, 1.5, 12.5, 1.75], "texture": "#2"},
				"west": {"uv": [9, 2.5, 10, 2.75], "texture": "#2"},
				"up": {"uv": [3.25, 10.25, 3, 9.25], "texture": "#2"},
				"down": {"uv": [3.5, 9.25, 3.25, 10.25], "texture": "#2"}
			}
		},
		{
			"from": [8.80627, 3.28528, 10.25286],
			"to": [9.49373, 3.53104, 14.57354],
			"rotation": {"angle": 0, "axis": "y", "origin": [8, 7.52848, 8.02067]},
			"faces": {
				"north": {"uv": [12.25, 2.75, 12.5, 3], "texture": "#2"},
				"east": {"uv": [9, 2.75, 10, 3], "texture": "#2"},
				"south": {"uv": [12.25, 3, 12.5, 3.25], "texture": "#2"},
				"west": {"uv": [9, 7.25, 10, 7.5], "texture": "#2"},
				"up": {"uv": [3.75, 10.25, 3.5, 9.25], "texture": "#2"},
				"down": {"uv": [4, 9.25, 3.75, 10.25], "texture": "#2"}
			}
		},
		{
			"from": [4.80627, 3.58528, 10.75286],
			"to": [5.49373, 3.83104, 14.17354],
			"rotation": {"angle": 0, "axis": "y", "origin": [8, 7.52848, 8.02067]},
			"faces": {
				"north": {"uv": [12.25, 12.25, 12.5, 12.5], "texture": "#2"},
				"east": {"uv": [9.25, 10, 10, 10.25], "texture": "#2"},
				"south": {"uv": [12.25, 0, 12.5, 0.25], "texture": "#2"},
				"west": {"uv": [10, 10, 10.75, 10.25], "texture": "#2"},
				"up": {"uv": [10.25, 1.25, 10, 0.5], "texture": "#2"},
				"down": {"uv": [10.25, 2.25, 10, 3], "texture": "#2"}
			}
		},
		{
			"from": [10.50627, 3.58528, 10.75286],
			"to": [11.19373, 3.83104, 14.17354],
			"rotation": {"angle": 0, "axis": "y", "origin": [8, 7.52848, 8.02067]},
			"faces": {
				"north": {"uv": [12.25, 5.75, 12.5, 6], "texture": "#2"},
				"east": {"uv": [6.5, 10.25, 7.25, 10.5], "texture": "#2"},
				"south": {"uv": [12.25, 6, 12.5, 6.25], "texture": "#2"},
				"west": {"uv": [7.25, 10.25, 8, 10.5], "texture": "#2"},
				"up": {"uv": [8.25, 11, 8, 10.25], "texture": "#2"},
				"down": {"uv": [8.5, 10.25, 8.25, 11], "texture": "#2"}
			}
		},
		{
			"from": [6.10627, 3.38528, 10.55286],
			"to": [6.49373, 3.63104, 14.37354],
			"rotation": {"angle": 0, "axis": "y", "origin": [8, 7.52848, 8.02067]},
			"faces": {
				"north": {"uv": [12.25, 0.25, 12.5, 0.5], "texture": "#2"},
				"east": {"uv": [9, 0.75, 10, 1], "texture": "#2"},
				"south": {"uv": [12.25, 0.5, 12.5, 0.75], "texture": "#2"},
				"west": {"uv": [9, 1, 10, 1.25], "texture": "#2"},
				"up": {"uv": [2.75, 10.25, 2.5, 9.25], "texture": "#2"},
				"down": {"uv": [3, 9.25, 2.75, 10.25], "texture": "#2"}
			}
		},
		{
			"from": [9.50627, 3.38528, 10.55286],
			"to": [9.89373, 3.63104, 14.37354],
			"rotation": {"angle": 0, "axis": "y", "origin": [8, 7.52848, 8.02067]},
			"faces": {
				"north": {"uv": [12.25, 3.75, 12.5, 4], "texture": "#2"},
				"east": {"uv": [4, 9.25, 5, 9.5], "texture": "#2"},
				"south": {"uv": [12.25, 4, 12.5, 4.25], "texture": "#2"},
				"west": {"uv": [5, 9.25, 6, 9.5], "texture": "#2"},
				"up": {"uv": [6.25, 10.25, 6, 9.25], "texture": "#2"},
				"down": {"uv": [6.5, 9.25, 6.25, 10.25], "texture": "#2"}
			}
		},
		{
			"from": [5.10627, 3.58528, 10.55286],
			"to": [5.49373, 3.83104, 14.47354],
			"rotation": {"angle": 0, "axis": "y", "origin": [8, 7.52848, 8.02067]},
			"faces": {
				"north": {"uv": [10.75, 12.25, 11, 12.5], "texture": "#2"},
				"east": {"uv": [8.5, 9, 9.5, 9.25], "texture": "#2"},
				"south": {"uv": [11, 12.25, 11.25, 12.5], "texture": "#2"},
				"west": {"uv": [9, 0.5, 10, 0.75], "texture": "#2"},
				"up": {"uv": [1, 10.25, 0.75, 9.25], "texture": "#2"},
				"down": {"uv": [1.25, 9.25, 1, 10.25], "texture": "#2"}
			}
		},
		{
			"from": [10.50627, 3.58528, 10.55286],
			"to": [10.89373, 3.83104, 14.47354],
			"rotation": {"angle": 0, "axis": "y", "origin": [8, 7.52848, 8.02067]},
			"faces": {
				"north": {"uv": [12.25, 5.25, 12.5, 5.5], "texture": "#2"},
				"east": {"uv": [6.5, 9.25, 7.5, 9.5], "texture": "#2"},
				"south": {"uv": [12.25, 5.5, 12.5, 5.75], "texture": "#2"},
				"west": {"uv": [7.5, 9.25, 8.5, 9.5], "texture": "#2"},
				"up": {"uv": [8.75, 10.25, 8.5, 9.25], "texture": "#2"},
				"down": {"uv": [9, 9.25, 8.75, 10.25], "texture": "#2"}
			}
		},
		{
			"from": [6.40627, 3.38528, 10.15286],
			"to": [6.79373, 3.63104, 14.77354],
			"rotation": {"angle": 0, "axis": "y", "origin": [8, 7.52848, 8.02067]},
			"faces": {
				"north": {"uv": [12.25, 0.75, 12.5, 1], "texture": "#2"},
				"east": {"uv": [8.25, 7.5, 9.5, 7.75], "texture": "#2"},
				"south": {"uv": [12.25, 1, 12.5, 1.25], "texture": "#2"},
				"west": {"uv": [8.25, 7.75, 9.5, 8], "texture": "#2"},
				"up": {"uv": [2.5, 9.5, 2.25, 8.25], "texture": "#2"},
				"down": {"uv": [0.25, 8.5, 0, 9.75], "texture": "#2"}
			}
		},
		{
			"from": [9.20627, 3.38528, 10.15286],
			"to": [9.59373, 3.63104, 14.77354],
			"rotation": {"angle": 0, "axis": "y", "origin": [8, 7.52848, 8.02067]},
			"faces": {
				"north": {"uv": [12.25, 3.25, 12.5, 3.5], "texture": "#2"},
				"east": {"uv": [4.25, 8.5, 5.5, 8.75], "texture": "#2"},
				"south": {"uv": [12.25, 3.5, 12.5, 3.75], "texture": "#2"},
				"west": {"uv": [5.5, 8.5, 6.75, 8.75], "texture": "#2"},
				"up": {"uv": [0.5, 9.75, 0.25, 8.5], "texture": "#2"},
				"down": {"uv": [0.75, 8.5, 0.5, 9.75], "texture": "#2"}
			}
		},
		{
			"from": [2.90627, 3.68528, 11.05286],
			"to": [3.89373, 4.03104, 14.07354],
			"rotation": {"angle": 0, "axis": "y", "origin": [8, 7.52848, 8.02067]},
			"faces": {
				"north": {"uv": [8.25, 12.25, 8.5, 12.5], "texture": "#2"},
				"east": {"uv": [9.75, 4.25, 10.5, 4.5], "texture": "#2"},
				"south": {"uv": [8.5, 12.25, 8.75, 12.5], "texture": "#2"},
				"west": {"uv": [9.75, 4.5, 10.5, 4.75], "texture": "#2"},
				"up": {"uv": [1.5, 10.5, 1.25, 9.75], "texture": "#2"},
				"down": {"uv": [10, 8, 9.75, 8.75], "texture": "#2"}
			}
		},
		{
			"from": [12.10627, 3.68528, 11.05286],
			"to": [13.09373, 4.03104, 14.07354],
			"rotation": {"angle": 0, "axis": "y", "origin": [8, 7.52848, 8.02067]},
			"faces": {
				"north": {"uv": [12.25, 7.25, 12.5, 7.5], "texture": "#2"},
				"east": {"uv": [10.25, 2.25, 11, 2.5], "texture": "#2"},
				"south": {"uv": [12.25, 7.5, 12.5, 7.75], "texture": "#2"},
				"west": {"uv": [10.25, 2.5, 11, 2.75], "texture": "#2"},
				"up": {"uv": [10.5, 5.5, 10.25, 4.75], "texture": "#2"},
				"down": {"uv": [10.5, 7.5, 10.25, 8.25], "texture": "#2"}
			}
		},
		{
			"from": [3.60627, 3.68528, 10.65286],
			"to": [4.29373, 4.03104, 14.37354],
			"rotation": {"angle": 0, "axis": "y", "origin": [8, 7.52848, 8.02067]},
			"faces": {
				"north": {"uv": [9.25, 12.25, 9.5, 12.5], "texture": "#2"},
				"east": {"uv": [6.5, 9, 7.5, 9.25], "texture": "#2"},
				"south": {"uv": [9.5, 12.25, 9.75, 12.5], "texture": "#2"},
				"west": {"uv": [7.5, 9, 8.5, 9.25], "texture": "#2"},
				"up": {"uv": [2.25, 9.5, 2, 8.5], "texture": "#2"},
				"down": {"uv": [1.5, 8.75, 1.25, 9.75], "texture": "#2"}
			}
		},
		{
			"from": [11.70627, 3.68528, 10.65286],
			"to": [12.39373, 4.03104, 14.37354],
			"rotation": {"angle": 0, "axis": "y", "origin": [8, 7.52848, 8.02067]},
			"faces": {
				"north": {"uv": [12.25, 7.75, 12.5, 8], "texture": "#2"},
				"east": {"uv": [9, 9.25, 10, 9.5], "texture": "#2"},
				"south": {"uv": [12.25, 8, 12.5, 8.25], "texture": "#2"},
				"west": {"uv": [9.25, 1.5, 10.25, 1.75], "texture": "#2"},
				"up": {"uv": [1.75, 10.5, 1.5, 9.5], "texture": "#2"},
				"down": {"uv": [2, 9.5, 1.75, 10.5], "texture": "#2"}
			}
		},
		{
			"from": [2.40627, 3.68528, 11.85286],
			"to": [2.99373, 4.03104, 13.37354],
			"rotation": {"angle": 0, "axis": "y", "origin": [8, 7.52848, 8.02067]},
			"faces": {
				"north": {"uv": [8.75, 12.25, 9, 12.5], "texture": "#2"},
				"east": {"uv": [4.5, 11, 5, 11.25], "texture": "#2"},
				"south": {"uv": [9, 12.25, 9.25, 12.5], "texture": "#2"},
				"west": {"uv": [5.25, 11, 5.75, 11.25], "texture": "#2"},
				"up": {"uv": [1.25, 11.5, 1, 11], "texture": "#2"},
				"down": {"uv": [2.75, 11, 2.5, 11.5], "texture": "#2"}
			}
		},
		{
			"from": [13.00627, 3.68528, 11.85286],
			"to": [13.59373, 4.03104, 13.37354],
			"rotation": {"angle": 0, "axis": "y", "origin": [8, 7.52848, 8.02067]},
			"faces": {
				"north": {"uv": [12.25, 8.25, 12.5, 8.5], "texture": "#2"},
				"east": {"uv": [6, 11, 6.5, 11.25], "texture": "#2"},
				"south": {"uv": [12.25, 8.5, 12.5, 8.75], "texture": "#2"},
				"west": {"uv": [6.5, 11, 7, 11.25], "texture": "#2"},
				"up": {"uv": [7.25, 11.5, 7, 11], "texture": "#2"},
				"down": {"uv": [8, 11, 7.75, 11.5], "texture": "#2"}
			}
		},
		{
			"from": [1.90627, 3.78528, 12.15286],
			"to": [3.39373, 4.13104, 12.97354],
			"rotation": {"angle": 0, "axis": "y", "origin": [8, 7.52848, 8.02067]},
			"faces": {
				"north": {"uv": [6.75, 12.25, 7, 12.5], "texture": "#2"},
				"east": {"uv": [7, 12.25, 7.25, 12.5], "texture": "#2"},
				"south": {"uv": [7.25, 12.25, 7.5, 12.5], "texture": "#2"},
				"west": {"uv": [7.5, 12.25, 7.75, 12.5], "texture": "#2"},
				"up": {"uv": [8, 12.5, 7.75, 12.25], "texture": "#2"},
				"down": {"uv": [8.25, 12.25, 8, 12.5], "texture": "#2"}
			}
		},
		{
			"from": [12.60627, 3.78528, 12.15286],
			"to": [14.09373, 4.13104, 12.97354],
			"rotation": {"angle": 0, "axis": "y", "origin": [8, 7.52848, 8.02067]},
			"faces": {
				"north": {"uv": [12.25, 8.75, 12.5, 9], "texture": "#2"},
				"east": {"uv": [12.25, 9, 12.5, 9.25], "texture": "#2"},
				"south": {"uv": [12.25, 9.25, 12.5, 9.5], "texture": "#2"},
				"west": {"uv": [12.25, 9.5, 12.5, 9.75], "texture": "#2"},
				"up": {"uv": [12.5, 10, 12.25, 9.75], "texture": "#2"},
				"down": {"uv": [12.5, 10, 12.25, 10.25], "texture": "#2"}
			}
		},
		{
			"from": [7.20627, 8.6768, 5.53219],
			"to": [8.79373, 10.32256, 11.25286],
			"rotation": {"angle": 0, "axis": "y", "origin": [8, 8.32, 8]},
			"faces": {
				"north": {"uv": [1, 7.5, 1.5, 8], "texture": "#3"},
				"east": {"uv": [4.5, 1, 6, 1.5], "texture": "#3"},
				"south": {"uv": [1.75, 7.5, 2.25, 8], "texture": "#3"},
				"west": {"uv": [4.5, 1.5, 6, 2], "texture": "#3"},
				"up": {"uv": [1.5, 5.75, 1, 4.25], "texture": "#3"},
				"down": {"uv": [3.5, 4.75, 3, 6.25], "texture": "#3"}
			}
		},
		{
			"from": [5.08966, 8.20595, 8.21965],
			"to": [10.91034, 9.79341, 9.66541],
			"rotation": {"angle": 0, "axis": "y", "origin": [8, 8.32, 8]},
			"faces": {
				"north": {"uv": [3.25, 0, 4.75, 0.5], "texture": "#3"},
				"east": {"uv": [4.75, 0, 5, 0.5], "texture": "#3"},
				"south": {"uv": [3.25, 2, 4.75, 2.5], "texture": "#3"},
				"west": {"uv": [8, 4.75, 8.25, 5.25], "texture": "#3"},
				"up": {"uv": [7.5, 1.25, 6, 1], "texture": "#3"},
				"down": {"uv": [7.5, 1.25, 6, 1.5], "texture": "#3"}
			}
		},
		{
			"from": [5.08966, 8.60595, 7.01965],
			"to": [10.91034, 9.79341, 8.26541],
			"rotation": {"angle": 0, "axis": "y", "origin": [8, 8.32, 8]},
			"faces": {
				"north": {"uv": [3.5, 3.25, 5, 3.5], "texture": "#3"},
				"east": {"uv": [3.25, 0.5, 3.5, 0.75], "texture": "#3"},
				"south": {"uv": [5.5, 5.25, 7, 5.5], "texture": "#3"},
				"west": {"uv": [3.25, 2.5, 3.5, 2.75], "texture": "#3"},
				"up": {"uv": [7.25, 4.25, 5.75, 4], "texture": "#3"},
				"down": {"uv": [7, 6, 5.5, 6.25], "texture": "#3"}
			}
		},
		{
			"from": [5.08966, 9.7768, 7.5488],
			"to": [10.91034, 10.32256, 9.13626],
			"rotation": {"angle": 0, "axis": "y", "origin": [8, 8.32, 8]},
			"faces": {
				"north": {"uv": [6, 1.5, 7.5, 1.75], "texture": "#3"},
				"east": {"uv": [1.5, 3.75, 2, 4], "texture": "#3"},
				"south": {"uv": [6, 1.75, 7.5, 2], "texture": "#3"},
				"west": {"uv": [0, 7, 0.5, 7.25], "texture": "#3"},
				"up": {"uv": [5, 4, 3.5, 3.5], "texture": "#3"},
				"down": {"uv": [5, 0.5, 3.5, 1], "texture": "#3"}
			}
		},
		{
			"from": [5.08966, 7.6768, 8.2488],
			"to": [10.91034, 8.32256, 9.13626],
			"rotation": {"angle": 0, "axis": "y", "origin": [8, 8.32, 8]},
			"faces": {
				"north": {"uv": [6.75, 0.75, 8.25, 1], "texture": "#3"},
				"east": {"uv": [8.25, 8.25, 8.5, 8.5], "texture": "#3"},
				"south": {"uv": [6.75, 2.75, 8.25, 3], "texture": "#3"},
				"west": {"uv": [8.25, 0, 8.5, 0.25], "texture": "#3"},
				"up": {"uv": [8.25, 3.25, 6.75, 3], "texture": "#3"},
				"down": {"uv": [8.25, 3.25, 6.75, 3.5], "texture": "#3"}
			}
		}
	],
	"display": {
		"thirdperson_righthand": {
			"scale": [4, 4, 4]
		},
		"ground": {
			"translation": [0, 4.5, 0]
		},
		"gui": {
			"rotation": [13, -23, 0]
		},
		"head": {
			"translation": [0, -3.75, -1.5],
			"scale": [4, 4, 4]
		},
		"fixed": {
			"translation": [0, 0, -5.25]
		}
	},
	"groups": [
		{
			"name": "tl_ball",
			"origin": [8, 8, 8],
			"children": [0, 1, 2, 3, 4, 5, 6, 7, 8, 9, 10, 11, 12, 13, 14, 15, 16, 17, 18, 19, 20, 21, 22, 23, 24, 25, 26, 27, 28, 29, 30, 31, 32, 33, 34, 35, 36, 37, 38, 39, 40, 41, 42, 43, 44, 45, 46, 47, 48, 49, 50, 51, 52, 53, 54, 55, 56, 57, 58, 59, 60, 61, 62, 63, 64, 65, 66, 67, 68, 69, 70, 71, 72, 73, 74, 75, 76, 77, 78, 79, 80, 81, 82, 83, 84, 85, 86, 87, 88, 89, 90, 91, 92, 93, 94, 95, 96, 97, 98, 99, 100, 101, 102, 103, 104, 105, 106, 107, 108, 109, 110, 111, 112, 113, 114, 115, 116, 117, 118, 119, 120, 121, 122, 123, 124]
		}
	]
}