{
	"credit": "Made with Blockbench",
	"textures": {
		"0": "block/green_terracotta",
		"1": "block/black_concrete",
		"2": "block/gray_concrete",
		"3": "block/bee_nest_side",
		"4": "block/red_concrete",
		"5": "block/red_stained_glass",
		"6": "block/white_concrete",
		"particle": "block/green_terracotta"
	},
	"elements": [
		{
			"from": [0, 0, 4],
			"to": [16, 4, 13.5],
			"faces": {
				"north": {"uv": [0, 0, 16, 4], "texture": "#0"},
				"east": {"uv": [0, 0, 9.5, 4], "texture": "#0"},
				"south": {"uv": [0, 0, 16, 4], "texture": "#0"},
				"west": {"uv": [0, 0, 9.5, 4], "texture": "#0"},
				"up": {"uv": [0, 0, 16, 9.5], "texture": "#0"},
				"down": {"uv": [0, 0, 16, 9.5], "texture": "#0"}
			}
		},
		{
			"from": [0, 4, 4],
			"to": [11.7, 9.9, 13.5],
			"faces": {
				"north": {"uv": [0, 0, 11.7, 5.9], "texture": "#0"},
				"east": {"uv": [0, 0, 9.5, 5.9], "texture": "#0"},
				"south": {"uv": [0, 0, 11.7, 5.9], "texture": "#0"},
				"west": {"uv": [0, 0, 9.5, 5.9], "texture": "#0"},
				"up": {"uv": [0, 0, 11.7, 9.5], "texture": "#0"},
				"down": {"uv": [0, 0, 11.7, 9.5], "texture": "#0"}
			}
		},
		{
			"from": [-0.6, 9.4, 12.1],
			"to": [2.7, 10.3, 13.6],
			"faces": {
				"north": {"uv": [0, 0, 3.3, 0.9], "texture": "#0"},
				"east": {"uv": [0, 0, 1.5, 0.9], "texture": "#0"},
				"south": {"uv": [0, 0, 3.3, 0.9], "texture": "#0"},
				"west": {"uv": [0, 0, 1.5, 0.9], "texture": "#0"},
				"up": {"uv": [0, 0, 3.3, 1.5], "texture": "#0"},
				"down": {"uv": [0, 0, 3.3, 1.5], "texture": "#0"}
			}
		},
		{
			"from": [-0.6, -0.4, 12.1],
			"to": [2.7, 0.5, 13.6],
			"faces": {
				"north": {"uv": [0, 0, 3.3, 0.9], "texture": "#0"},
				"east": {"uv": [0, 0, 1.5, 0.9], "texture": "#0"},
				"south": {"uv": [0, 0, 3.3, 0.9], "texture": "#0"},
				"west": {"uv": [0, 0, 1.5, 0.9], "texture": "#0"},
				"up": {"uv": [0, 0, 3.3, 1.5], "texture": "#0"},
				"down": {"uv": [0, 0, 3.3, 1.5], "texture": "#0"}
			}
		},
		{
			"from": [-0.6, 7.4, 12.1],
			"to": [0.3, 9.4, 13.6],
			"faces": {
				"north": {"uv": [0, 0, 0.9, 2], "texture": "#0"},
				"east": {"uv": [0, 0, 1.5, 2], "texture": "#0"},
				"south": {"uv": [0, 0, 0.9, 2], "texture": "#0"},
				"west": {"uv": [0, 0, 1.5, 2], "texture": "#0"},
				"up": {"uv": [0, 0, 0.9, 1.5], "texture": "#0"},
				"down": {"uv": [0, 0, 0.9, 1.5], "texture": "#0"}
			}
		},
		{
			"from": [-0.6, 0.5, 12.1],
			"to": [0.3, 2.5, 13.6],
			"faces": {
				"north": {"uv": [0, 0, 0.9, 2], "texture": "#0"},
				"east": {"uv": [0, 0, 1.5, 2], "texture": "#0"},
				"south": {"uv": [0, 0, 0.9, 2], "texture": "#0"},
				"west": {"uv": [0, 0, 1.5, 2], "texture": "#0"},
				"up": {"uv": [0, 0, 0.9, 1.5], "texture": "#0"},
				"down": {"uv": [0, 0, 0.9, 1.5], "texture": "#0"}
			}
		},
		{
			"from": [1, 1, 9.1],
			"to": [14.7, 8.9, 13.51],
			"faces": {
				"north": {"uv": [0, 0, 13.7, 7.9], "texture": "#4"},
				"east": {"uv": [0, 0, 4.41, 7.9], "texture": "#4"},
				"south": {"uv": [0, 0, 13.7, 7.9], "texture": "#4"},
				"west": {"uv": [0, 0, 4.41, 7.9], "texture": "#4"},
				"up": {"uv": [0, 0, 13.7, 4.41], "texture": "#4"},
				"down": {"uv": [0, 0, 13.7, 4.41], "texture": "#4"}
			}
		},
		{
			"from": [1, 1, 13.5],
			"to": [14.7, 8.9, 13.62],
			"faces": {
				"north": {"uv": [0, 5, 1, 11], "texture": "#5"},
				"east": {"uv": [0, 5, 1, 11], "texture": "#5"},
				"south": {"uv": [0, 5, 1, 11], "texture": "#5"},
				"west": {"uv": [0, 5, 1, 11], "texture": "#5"},
				"up": {"uv": [0, 5, 1, 11], "texture": "#5"},
				"down": {"uv": [0, 5, 1, 11], "texture": "#5"}
			}
		},
		{
			"from": [2.4, 1, -0.5],
			"to": [8.1, 2.8, 4],
			"faces": {
				"north": {"uv": [0, 0, 5.7, 1.8], "texture": "#0"},
				"east": {"uv": [0, 0, 4.5, 1.8], "texture": "#0"},
				"south": {"uv": [0, 0, 5.7, 1.8], "texture": "#0"},
				"west": {"uv": [0, 0, 4.5, 1.8], "texture": "#0"},
				"up": {"uv": [0, 0, 5.7, 4.5], "texture": "#0"},
				"down": {"uv": [0, 0, 5.7, 4.5], "texture": "#0"}
			}
		},
		{
			"from": [2.14, 0.6, -2.5],
			"to": [8.41, 2.58, -0.05],
			"rotation": {"angle": 0, "axis": "y", "origin": [-0.5, -0.5, -4.45]},
			"faces": {
				"north": {"uv": [0, 0, 5.7, 1.8], "texture": "#1"},
				"east": {"uv": [0, 0, 1.5, 1.8], "texture": "#1"},
				"south": {"uv": [0, 0, 5.7, 1.8], "texture": "#1"},
				"west": {"uv": [0, 0, 1.5, 1.8], "texture": "#1"},
				"up": {"uv": [0, 0, 5.7, 1.5], "texture": "#1"},
				"down": {"uv": [0, 0, 5.7, 1.5], "texture": "#1"}
			}
		},
		{
			"from": [2.14, 2.1, -1.9],
			"to": [8.41, 7.38, -1.55],
			"rotation": {"angle": 0, "axis": "y", "origin": [-0.5, -0.5, -4.45]},
			"faces": {
				"north": {"uv": [0, 0, 5.7, 1.8], "texture": "#3"},
				"east": {"uv": [0, 0, 1.5, 1.8], "texture": "#3"},
				"south": {"uv": [0, 0, 5.7, 1.8], "texture": "#3"},
				"west": {"uv": [0, 0, 1.5, 1.8], "texture": "#3"},
				"up": {"uv": [0, 0, 5.7, 1.5], "texture": "#3"},
				"down": {"uv": [0, 0, 5.7, 1.5], "texture": "#3"}
			}
		},
		{
			"from": [3.14, 3.1, -2.2],
			"to": [7.41, 6.38, -1.85],
			"rotation": {"angle": 0, "axis": "y", "origin": [-0.5, -0.5, -4.45]},
			"faces": {
				"north": {"uv": [0, 0, 5.7, 1.8], "texture": "#3"},
				"east": {"uv": [0, 0, 1.5, 1.8], "texture": "#3"},
				"south": {"uv": [0, 0, 5.7, 1.8], "texture": "#3"},
				"west": {"uv": [0, 0, 1.5, 1.8], "texture": "#3"},
				"up": {"uv": [0, 0, 5.7, 1.5], "texture": "#3"},
				"down": {"uv": [0, 0, 5.7, 1.5], "texture": "#3"}
			}
		},
		{
			"from": [2.4, 6.7, -0.5],
			"to": [8.1, 8.5, 4],
			"rotation": {"angle": 0, "axis": "y", "origin": [0, 1.5, 0]},
			"faces": {
				"north": {"uv": [0, 0, 5.7, 1.8], "texture": "#0"},
				"east": {"uv": [0, 0, 4.5, 1.8], "texture": "#0"},
				"south": {"uv": [0, 0, 5.7, 1.8], "texture": "#0"},
				"west": {"uv": [0, 0, 4.5, 1.8], "texture": "#0"},
				"up": {"uv": [0, 0, 5.7, 4.5], "texture": "#0"},
				"down": {"uv": [0, 0, 5.7, 4.5], "texture": "#0"}
			}
		},
		{
			"from": [2.14, 6.87, -2.5],
			"to": [8.41, 8.85, -0.05],
			"rotation": {"angle": 0, "axis": "y", "origin": [-0.5, 1.15, -4.45]},
			"faces": {
				"north": {"uv": [0, 0, 5.7, 1.8], "texture": "#1"},
				"east": {"uv": [0, 0, 1.5, 1.8], "texture": "#1"},
				"south": {"uv": [0, 0, 5.7, 1.8], "texture": "#1"},
				"west": {"uv": [0, 0, 1.5, 1.8], "texture": "#1"},
				"up": {"uv": [0, 0, 5.7, 1.5], "texture": "#1"},
				"down": {"uv": [0, 0, 5.7, 1.5], "texture": "#1"}
			}
		},
		{
			"from": [1.84, 7.47, -2.7],
			"to": [2.51, 8.15, -0.25],
			"rotation": {"angle": 0, "axis": "y", "origin": [-0.5, 1.15, -4.45]},
			"faces": {
				"north": {"uv": [0, 0, 5.7, 1.8], "texture": "#2"},
				"east": {"uv": [0, 0, 1.5, 1.8], "texture": "#2"},
				"south": {"uv": [0, 0, 5.7, 1.8], "texture": "#2"},
				"west": {"uv": [0, 0, 1.5, 1.8], "texture": "#2"},
				"up": {"uv": [0, 0, 5.7, 1.5], "texture": "#2"},
				"down": {"uv": [0, 0, 5.7, 1.5], "texture": "#2"}
			}
		},
		{
			"from": [1.84, 1.47, -2.7],
			"to": [2.51, 2.15, -0.25],
			"rotation": {"angle": 0, "axis": "y", "origin": [-0.5, 1.15, -4.45]},
			"faces": {
				"north": {"uv": [0, 0, 5.7, 1.8], "texture": "#2"},
				"east": {"uv": [0, 0, 1.5, 1.8], "texture": "#2"},
				"south": {"uv": [0, 0, 5.7, 1.8], "texture": "#2"},
				"west": {"uv": [0, 0, 1.5, 1.8], "texture": "#2"},
				"up": {"uv": [0, 0, 5.7, 1.5], "texture": "#2"},
				"down": {"uv": [0, 0, 5.7, 1.5], "texture": "#2"}
			}
		},
		{
			"from": [7.84, 7.47, -2.7],
			"to": [8.51, 8.15, -0.25],
			"rotation": {"angle": 0, "axis": "y", "origin": [-0.5, 1.15, -4.45]},
			"faces": {
				"north": {"uv": [0, 0, 5.7, 1.8], "texture": "#2"},
				"east": {"uv": [0, 0, 1.5, 1.8], "texture": "#2"},
				"south": {"uv": [0, 0, 5.7, 1.8], "texture": "#2"},
				"west": {"uv": [0, 0, 1.5, 1.8], "texture": "#2"},
				"up": {"uv": [0, 0, 5.7, 1.5], "texture": "#2"},
				"down": {"uv": [0, 0, 5.7, 1.5], "texture": "#2"}
			}
		},
		{
			"from": [8.04, 1.47, -2.7],
			"to": [8.71, 2.15, -0.25],
			"rotation": {"angle": 0, "axis": "y", "origin": [-0.5, 1.15, -4.45]},
			"faces": {
				"north": {"uv": [0, 0, 5.7, 1.8], "texture": "#2"},
				"east": {"uv": [0, 0, 1.5, 1.8], "texture": "#2"},
				"south": {"uv": [0, 0, 5.7, 1.8], "texture": "#2"},
				"west": {"uv": [0, 0, 1.5, 1.8], "texture": "#2"},
				"up": {"uv": [0, 0, 5.7, 1.5], "texture": "#2"},
				"down": {"uv": [0, 0, 5.7, 1.5], "texture": "#2"}
			}
		},
		{
			"from": [0.94, 6.37, -2.7],
			"to": [1.61, 7.05, -0.25],
			"rotation": {"angle": 0, "axis": "y", "origin": [-0.5, 1.15, -4.45]},
			"faces": {
				"north": {"uv": [0, 0, 5.7, 1.8], "texture": "#2"},
				"east": {"uv": [0, 0, 1.5, 1.8], "texture": "#2"},
				"south": {"uv": [0, 0, 5.7, 1.8], "texture": "#2"},
				"west": {"uv": [0, 0, 1.5, 1.8], "texture": "#2"},
				"up": {"uv": [0, 0, 5.7, 1.5], "texture": "#2"},
				"down": {"uv": [0, 0, 5.7, 1.5], "texture": "#2"}
			}
		},
		{
			"from": [8.84, 6.37, -2.7],
			"to": [9.51, 7.05, -0.25],
			"rotation": {"angle": 0, "axis": "y", "origin": [-0.5, 1.15, -4.45]},
			"faces": {
				"north": {"uv": [0, 0, 5.7, 1.8], "texture": "#2"},
				"east": {"uv": [0, 0, 1.5, 1.8], "texture": "#2"},
				"south": {"uv": [0, 0, 5.7, 1.8], "texture": "#2"},
				"west": {"uv": [0, 0, 1.5, 1.8], "texture": "#2"},
				"up": {"uv": [0, 0, 5.7, 1.5], "texture": "#2"},
				"down": {"uv": [0, 0, 5.7, 1.5], "texture": "#2"}
			}
		},
		{
			"from": [8.1, 2.5, -0.5],
			"to": [9.6, 7, 4],
			"faces": {
				"north": {"uv": [0, 0, 1.5, 4.5], "texture": "#0"},
				"east": {"uv": [0, 0, 4.5, 4.5], "texture": "#0"},
				"south": {"uv": [0, 0, 1.5, 4.5], "texture": "#0"},
				"west": {"uv": [0, 0, 4.5, 4.5], "texture": "#0"},
				"up": {"uv": [0, 0, 1.5, 4.5], "texture": "#0"},
				"down": {"uv": [0, 0, 1.5, 4.5], "texture": "#0"}
			}
		},
		{
			"from": [8.41, 2.25, -2.5],
			"to": [10.06, 7.2, -0.05],
			"rotation": {"angle": 0, "axis": "y", "origin": [-0.5, -0.5, -4.45]},
			"faces": {
				"north": {"uv": [0, 0, 1.5, 4.5], "texture": "#1"},
				"east": {"uv": [0, 0, 1.5, 4.5], "texture": "#1"},
				"south": {"uv": [0, 0, 1.5, 4.5], "texture": "#1"},
				"west": {"uv": [0, 0, 1.5, 4.5], "texture": "#1"},
				"up": {"uv": [0, 0, 1.5, 1.5], "texture": "#1"},
				"down": {"uv": [0, 0, 1.5, 1.5], "texture": "#1"}
			}
		},
		{
			"from": [0.9, 2.5, -0.5],
			"to": [2.4, 7, 4],
			"faces": {
				"north": {"uv": [0, 0, 1.5, 4.5], "texture": "#0"},
				"east": {"uv": [0, 0, 4.5, 4.5], "texture": "#0"},
				"south": {"uv": [0, 0, 1.5, 4.5], "texture": "#0"},
				"west": {"uv": [0, 0, 4.5, 4.5], "texture": "#0"},
				"up": {"uv": [0, 0, 1.5, 4.5], "texture": "#0"},
				"down": {"uv": [0, 0, 1.5, 4.5], "texture": "#0"}
			}
		},
		{
			"from": [0.49, 2.25, -2.5],
			"to": [2.14, 7.2, -0.05],
			"rotation": {"angle": 0, "axis": "y", "origin": [-0.5, -0.5, -4.45]},
			"faces": {
				"north": {"uv": [0, 0, 1.5, 4.5], "texture": "#1"},
				"east": {"uv": [0, 0, 1.5, 4.5], "texture": "#1"},
				"south": {"uv": [0, 0, 1.5, 4.5], "texture": "#1"},
				"west": {"uv": [0, 0, 1.5, 4.5], "texture": "#1"},
				"up": {"uv": [0, 0, 1.5, 1.5], "texture": "#1"},
				"down": {"uv": [0, 0, 1.5, 1.5], "texture": "#1"}
			}
		},
		{
			"from": [-5.41249, 10.3603, -0.5],
			"to": [-3.91249, 12.4603, 4],
			"rotation": {"angle": -45, "axis": "z", "origin": [-6.31249, 1.0603, 0]},
			"faces": {
				"north": {"uv": [0, 0, 1.5, 2.1], "texture": "#0"},
				"east": {"uv": [0, 0, 4.5, 2.1], "texture": "#0"},
				"south": {"uv": [0, 0, 1.5, 2.1], "texture": "#0"},
				"west": {"uv": [0, 0, 4.5, 2.1], "texture": "#0"},
				"up": {"uv": [0, 0, 1.5, 4.5], "texture": "#0"},
				"down": {"uv": [0, 0, 1.5, 4.5], "texture": "#0"}
			}
		},
		{
			"from": [-6.45374, 10.89633, -2.5],
			"to": [-4.80374, 13.20633, -0.05],
			"rotation": {"angle": -45, "axis": "z", "origin": [-7.44374, 0.66633, -4.45]},
			"faces": {
				"north": {"uv": [0, 0, 1.5, 2.1], "texture": "#1"},
				"east": {"uv": [0, 0, 1.5, 2.1], "texture": "#1"},
				"south": {"uv": [0, 0, 1.5, 2.1], "texture": "#1"},
				"west": {"uv": [0, 0, 1.5, 2.1], "texture": "#1"},
				"up": {"uv": [0, 0, 1.5, 1.5], "texture": "#1"},
				"down": {"uv": [0, 0, 1.5, 1.5], "texture": "#1"}
			}
		},
		{
			"from": [15.36396, 8.04193, -0.5],
			"to": [16.86396, 10.14193, 4],
			"rotation": {"angle": 45, "axis": "z", "origin": [14.46396, -1.25807, 0]},
			"faces": {
				"north": {"uv": [0, 0, 1.5, 2.1], "texture": "#0"},
				"east": {"uv": [0, 0, 4.5, 2.1], "texture": "#0"},
				"south": {"uv": [0, 0, 1.5, 2.1], "texture": "#0"},
				"west": {"uv": [0, 0, 4.5, 2.1], "texture": "#0"},
				"up": {"uv": [0, 0, 1.5, 4.5], "texture": "#0"},
				"down": {"uv": [0, 0, 1.5, 4.5], "texture": "#0"}
			}
		},
		{
			"from": [16.40036, 8.34612, -2.5],
			"to": [18.05036, 10.65612, -0.05],
			"rotation": {"angle": 45, "axis": "z", "origin": [15.41036, -1.88388, -4.45]},
			"faces": {
				"north": {"uv": [0, 0, 1.5, 2.1], "texture": "#1"},
				"east": {"uv": [0, 0, 1.5, 2.1], "texture": "#1"},
				"south": {"uv": [0, 0, 1.5, 2.1], "texture": "#1"},
				"west": {"uv": [0, 0, 1.5, 2.1], "texture": "#1"},
				"up": {"uv": [0, 0, 1.5, 1.5], "texture": "#1"},
				"down": {"uv": [0, 0, 1.5, 1.5], "texture": "#1"}
			}
		},
		{
			"from": [9.2397, 3.08751, -0.5],
			"to": [10.7397, 5.18751, 4],
			"rotation": {"angle": 45, "axis": "z", "origin": [8.3397, -6.21249, 0]},
			"faces": {
				"north": {"uv": [0, 0, 1.5, 2.1], "texture": "#0"},
				"east": {"uv": [0, 0, 4.5, 2.1], "texture": "#0"},
				"south": {"uv": [0, 0, 1.5, 2.1], "texture": "#0"},
				"west": {"uv": [0, 0, 4.5, 2.1], "texture": "#0"},
				"up": {"uv": [0, 0, 1.5, 4.5], "texture": "#0"},
				"down": {"uv": [0, 0, 1.5, 4.5], "texture": "#0"}
			}
		},
		{
			"from": [9.66367, 2.89626, -2.5],
			"to": [11.31367, 5.20626, -0.05],
			"rotation": {"angle": 45, "axis": "z", "origin": [8.67367, -7.33374, -4.45]},
			"faces": {
				"north": {"uv": [0, 0, 1.5, 2.1], "texture": "#1"},
				"east": {"uv": [0, 0, 1.5, 2.1], "texture": "#1"},
				"south": {"uv": [0, 0, 1.5, 2.1], "texture": "#1"},
				"west": {"uv": [0, 0, 1.5, 2.1], "texture": "#1"},
				"up": {"uv": [0, 0, 1.5, 1.5], "texture": "#1"},
				"down": {"uv": [0, 0, 1.5, 1.5], "texture": "#1"}
			}
		},
		{
			"from": [0.74193, 5.43604, -0.5],
			"to": [2.24193, 7.53604, 4],
			"rotation": {"angle": -45, "axis": "z", "origin": [-0.15807, -3.86396, 0]},
			"faces": {
				"north": {"uv": [0, 0, 1.5, 2.1], "texture": "#0"},
				"east": {"uv": [0, 0, 4.5, 2.1], "texture": "#0"},
				"south": {"uv": [0, 0, 1.5, 2.1], "texture": "#0"},
				"west": {"uv": [0, 0, 4.5, 2.1], "texture": "#0"},
				"up": {"uv": [0, 0, 1.5, 4.5], "texture": "#0"},
				"down": {"uv": [0, 0, 1.5, 4.5], "texture": "#0"}
			}
		},
		{
			"from": [0.31612, 5.47964, -2.5],
			"to": [1.96612, 7.78964, -0.05],
			"rotation": {"angle": -45, "axis": "z", "origin": [-0.67388, -4.75036, -4.45]},
			"faces": {
				"north": {"uv": [0, 0, 1.5, 2.1], "texture": "#1"},
				"east": {"uv": [0, 0, 1.5, 2.1], "texture": "#1"},
				"south": {"uv": [0, 0, 1.5, 2.1], "texture": "#1"},
				"west": {"uv": [0, 0, 1.5, 2.1], "texture": "#1"},
				"up": {"uv": [0, 0, 1.5, 1.5], "texture": "#1"},
				"down": {"uv": [0, 0, 1.5, 1.5], "texture": "#1"}
			}
		},
		{
			"from": [14.5, 4, 4],
			"to": [16, 9.9, 13.5],
			"faces": {
				"north": {"uv": [0, 0, 1.5, 5.9], "texture": "#0"},
				"east": {"uv": [0, 0, 9.5, 5.9], "texture": "#0"},
				"south": {"uv": [0, 0, 1.5, 5.9], "texture": "#0"},
				"west": {"uv": [0, 0, 9.5, 5.9], "texture": "#0"},
				"up": {"uv": [0, 0, 1.5, 9.5], "texture": "#0"},
				"down": {"uv": [0, 0, 1.5, 9.5], "texture": "#0"}
			}
		},
		{
			"from": [16, 0, 8.6],
			"to": [18, 9.9, 12],
			"faces": {
				"north": {"uv": [0, 0, 2, 9.9], "texture": "#0"},
				"east": {"uv": [0, 0, 3.4, 9.9], "texture": "#0"},
				"south": {"uv": [0, 0, 2, 9.9], "texture": "#0"},
				"west": {"uv": [0, 0, 3.4, 9.9], "texture": "#0"},
				"up": {"uv": [0, 0, 2, 3.4], "texture": "#0"},
				"down": {"uv": [0, 0, 2, 3.4], "texture": "#0"}
			}
		},
		{
			"from": [16, 1, 12],
			"to": [18, 9.9, 13],
			"faces": {
				"north": {"uv": [0, 0, 2, 8.9], "texture": "#0"},
				"east": {"uv": [0, 0, 1, 8.9], "texture": "#0"},
				"south": {"uv": [0, 0, 2, 8.9], "texture": "#0"},
				"west": {"uv": [0, 0, 1, 8.9], "texture": "#0"},
				"up": {"uv": [0, 0, 2, 1], "texture": "#0"},
				"down": {"uv": [0, 0, 2, 1], "texture": "#0"}
			}
		},
		{
			"from": [11.7, 4, 7.2],
			"to": [14.5, 9.9, 13.5],
			"faces": {
				"north": {"uv": [0, 0, 2.8, 5.9], "texture": "#0"},
				"east": {"uv": [0, 0, 6.3, 5.9], "texture": "#0"},
				"south": {"uv": [0, 0, 2.8, 5.9], "texture": "#0"},
				"west": {"uv": [0, 0, 6.3, 5.9], "texture": "#0"},
				"up": {"uv": [0, 0, 2.8, 6.3], "texture": "#0"},
				"down": {"uv": [0, 0, 2.8, 6.3], "texture": "#0"}
			}
		},
		{
			"from": [12, 9.6, 9.7],
			"to": [15.4, 10.2, 12.6],
			"faces": {
				"north": {"uv": [0, 0, 3.4, 0.6], "texture": "#1"},
				"east": {"uv": [0, 0, 2.9, 0.6], "texture": "#1"},
				"south": {"uv": [0, 0, 3.4, 0.6], "texture": "#1"},
				"west": {"uv": [0, 0, 2.9, 0.6], "texture": "#1"},
				"up": {"uv": [0, 0, 3.4, 2.9], "texture": "#1"},
				"down": {"uv": [0, 0, 3.4, 2.9], "texture": "#1"}
			}
		},
		{
			"from": [11.7, 3.88478, 3.57926],
			"to": [14.5, 8.98478, 4.57926],
			"rotation": {"angle": 22.5, "axis": "x", "origin": [13, 2.88478, 4.07926]},
			"faces": {
				"north": {"uv": [0, 0, 2.8, 5.1], "rotation": 180, "texture": "#0"},
				"east": {"uv": [0, 0, 5.1, 1], "rotation": 90, "texture": "#0"},
				"south": {"uv": [0, 0, 2.8, 5.1], "texture": "#0"},
				"west": {"uv": [0, 0, 5.1, 1], "rotation": 270, "texture": "#0"},
				"up": {"uv": [0, 0, 2.8, 1], "texture": "#0"},
				"down": {"uv": [0, 0, 2.8, 1], "rotation": 180, "texture": "#0"}
			}
		},
		{
			"from": [11.7, 10.70138, 0.14838],
			"to": [14.5, 12.40138, 1.14838],
			"rotation": {"angle": 45, "axis": "x", "origin": [13, 2.70138, 0.64838]},
			"faces": {
				"north": {"uv": [0, 0, 2.8, 1.7], "rotation": 180, "texture": "#0"},
				"east": {"uv": [0, 0, 1.7, 1], "rotation": 90, "texture": "#0"},
				"south": {"uv": [0, 0, 2.8, 1.7], "texture": "#0"},
				"west": {"uv": [0, 0, 1.7, 1], "rotation": 270, "texture": "#0"},
				"up": {"uv": [0, 0, 2.8, 1], "texture": "#0"},
				"down": {"uv": [0, 0, 2.8, 1], "rotation": 180, "texture": "#0"}
			}
		},
		{
			"name": "hexadecagon",
			"from": [16.76239, 0.4, 8.6],
			"to": [17.63761, 9.5, 11.8],
			"rotation": {"angle": -45, "axis": "y", "origin": [17.2, 0.5, 10.8]},
			"faces": {
				"north": {"uv": [0, 0, 1, 1], "texture": "#1"},
				"east": {"uv": [0, 0, 1, 1], "texture": "#1"},
				"south": {"uv": [0, 0, 1, 1], "texture": "#1"},
				"west": {"uv": [0, 0, 1, 1], "texture": "#1"},
				"up": {"uv": [0, 0, 1, 1], "texture": "#1"},
				"down": {"uv": [0, 0, 1, 1], "texture": "#1"}
			}
		},
		{
			"name": "hexadecagon",
			"from": [16.76239, 0.4, 8.6],
			"to": [17.63761, 9.5, 11.9],
			"rotation": {"angle": -22.5, "axis": "y", "origin": [17.2, 0.5, 10.8]},
			"faces": {
				"north": {"uv": [0, 0, 1, 1], "texture": "#1"},
				"east": {"uv": [0, 0, 1, 1], "texture": "#1"},
				"south": {"uv": [0, 0, 1, 1], "texture": "#1"},
				"west": {"uv": [0, 0, 1, 1], "texture": "#1"},
				"up": {"uv": [0, 0, 1, 1], "texture": "#1"},
				"down": {"uv": [0, 0, 1, 1], "texture": "#1"}
			}
		},
		{
			"name": "hexadecagon",
			"from": [16.76239, 0.6, 8.6],
			"to": [17.63761, 9.5, 13],
			"rotation": {"angle": 22.5, "axis": "y", "origin": [17.2, 0.5, 10.8]},
			"faces": {
				"north": {"uv": [0, 0, 1, 1], "texture": "#1"},
				"east": {"uv": [0, 0, 1, 1], "texture": "#1"},
				"south": {"uv": [0, 0, 1, 1], "texture": "#1"},
				"west": {"uv": [0, 0, 1, 1], "texture": "#1"},
				"up": {"uv": [0, 0, 1, 1], "texture": "#1"},
				"down": {"uv": [0, 0, 1, 1], "texture": "#1"}
			}
		},
		{
			"name": "hexadecagon",
			"from": [16.76239, 0.4, 8.6],
			"to": [17.63761, 9.5, 13],
			"rotation": {"angle": 45, "axis": "y", "origin": [17.2, 0.5, 10.8]},
			"faces": {
				"north": {"uv": [0, 0, 1, 1], "texture": "#1"},
				"east": {"uv": [0, 0, 1, 1], "texture": "#1"},
				"south": {"uv": [0, 0, 1, 1], "texture": "#1"},
				"west": {"uv": [0, 0, 1, 1], "texture": "#1"},
				"up": {"uv": [0, 0, 1, 1], "texture": "#1"},
				"down": {"uv": [0, 0, 1, 1], "texture": "#1"}
			}
		},
		{
			"name": "hexadecagon",
			"from": [15, 0.4, 10.36239],
			"to": [19.4, 9.5, 11.23761],
			"rotation": {"angle": -22.5, "axis": "y", "origin": [17.2, 0.5, 10.8]},
			"faces": {
				"north": {"uv": [0, 0, 1, 1], "texture": "#1"},
				"east": {"uv": [0, 0, 1, 1], "texture": "#1"},
				"south": {"uv": [0, 0, 1, 1], "texture": "#1"},
				"west": {"uv": [0, 0, 1, 1], "texture": "#1"},
				"up": {"uv": [0, 0, 1, 1], "texture": "#1"},
				"down": {"uv": [0, 0, 1, 1], "texture": "#1"}
			}
		},
		{
			"name": "hexadecagon",
			"from": [15, 0.4, 10.36239],
			"to": [19.4, 9.5, 11.23761],
			"rotation": {"angle": 0, "axis": "y", "origin": [17.2, 0.5, 10.8]},
			"faces": {
				"north": {"uv": [0, 0, 1, 1], "texture": "#1"},
				"east": {"uv": [0, 0, 1, 1], "texture": "#1"},
				"south": {"uv": [0, 0, 1, 1], "texture": "#1"},
				"west": {"uv": [0, 0, 1, 1], "texture": "#1"},
				"up": {"uv": [0, 0, 1, 1], "texture": "#1"},
				"down": {"uv": [0, 0, 1, 1], "texture": "#1"}
			}
		},
		{
			"name": "hexadecagon",
			"from": [15, 0.4, 10.36239],
			"to": [19.4, 9.5, 11.23761],
			"rotation": {"angle": 22.5, "axis": "y", "origin": [17.2, 0.5, 10.8]},
			"faces": {
				"north": {"uv": [0, 0, 1, 1], "texture": "#1"},
				"east": {"uv": [0, 0, 1, 1], "texture": "#1"},
				"south": {"uv": [0, 0, 1, 1], "texture": "#1"},
				"west": {"uv": [0, 0, 1, 1], "texture": "#1"},
				"up": {"uv": [0, 0, 1, 1], "texture": "#1"},
				"down": {"uv": [0, 0, 1, 1], "texture": "#1"}
			}
		},
		{
			"name": "hexadecagon",
			"from": [4.90163, 4.2, 13.3],
			"to": [5.49837, 4.5, 13.7],
			"rotation": {"angle": -45, "axis": "z", "origin": [5.2, 5.7, 13.2]},
			"faces": {
				"north": {"uv": [0, 0, 1, 1], "texture": "#6"},
				"east": {"uv": [0, 0, 1, 1], "texture": "#6"},
				"south": {"uv": [0, 0, 1, 1], "texture": "#6"},
				"west": {"uv": [0, 0, 1, 1], "texture": "#6"},
				"up": {"uv": [0, 0, 1, 1], "texture": "#6"},
				"down": {"uv": [0, 0, 1, 1], "texture": "#6"}
			}
		},
		{
			"name": "hexadecagon",
			"from": [4.90163, 6.9, 13.3],
			"to": [5.49837, 7.2, 13.7],
			"rotation": {"angle": -45, "axis": "z", "origin": [5.2, 5.7, 13.2]},
			"faces": {
				"north": {"uv": [0, 0, 1, 1], "texture": "#6"},
				"east": {"uv": [0, 0, 1, 1], "texture": "#6"},
				"south": {"uv": [0, 0, 1, 1], "texture": "#6"},
				"west": {"uv": [0, 0, 1, 1], "texture": "#6"},
				"up": {"uv": [0, 0, 1, 1], "texture": "#6"},
				"down": {"uv": [0, 0, 1, 1], "texture": "#6"}
			}
		},
		{
			"name": "hexadecagon",
			"from": [4.90163, 4.2, 13.3],
			"to": [5.49837, 4.5, 13.7],
			"rotation": {"angle": -22.5, "axis": "z", "origin": [5.2, 5.7, 13.2]},
			"faces": {
				"north": {"uv": [0, 0, 1, 1], "texture": "#6"},
				"east": {"uv": [0, 0, 1, 1], "texture": "#6"},
				"south": {"uv": [0, 0, 1, 1], "texture": "#6"},
				"west": {"uv": [0, 0, 1, 1], "texture": "#6"},
				"up": {"uv": [0, 0, 1, 1], "texture": "#6"},
				"down": {"uv": [0, 0, 1, 1], "texture": "#6"}
			}
		},
		{
			"name": "hexadecagon",
			"from": [4.90163, 6.9, 13.3],
			"to": [5.49837, 7.2, 13.7],
			"rotation": {"angle": -22.5, "axis": "z", "origin": [5.2, 5.7, 13.2]},
			"faces": {
				"north": {"uv": [0, 0, 1, 1], "texture": "#6"},
				"east": {"uv": [0, 0, 1, 1], "texture": "#6"},
				"south": {"uv": [0, 0, 1, 1], "texture": "#6"},
				"west": {"uv": [0, 0, 1, 1], "texture": "#6"},
				"up": {"uv": [0, 0, 1, 1], "texture": "#6"},
				"down": {"uv": [0, 0, 1, 1], "texture": "#6"}
			}
		},
		{
			"name": "hexadecagon",
			"from": [4.90163, 4.2, 13.3],
			"to": [5.49837, 4.5, 13.7],
			"rotation": {"angle": 0, "axis": "z", "origin": [5.2, 5.7, 13.2]},
			"faces": {
				"north": {"uv": [0, 0, 1, 1], "texture": "#6"},
				"east": {"uv": [0, 0, 1, 1], "texture": "#6"},
				"south": {"uv": [0, 0, 1, 1], "texture": "#6"},
				"west": {"uv": [0, 0, 1, 1], "texture": "#6"},
				"up": {"uv": [0, 0, 1, 1], "texture": "#6"},
				"down": {"uv": [0, 0, 1, 1], "texture": "#6"}
			}
		},
		{
			"name": "hexadecagon",
			"from": [4.90163, 6.9, 13.3],
			"to": [5.49837, 7.2, 13.7],
			"rotation": {"angle": 0, "axis": "z", "origin": [5.2, 5.7, 13.2]},
			"faces": {
				"north": {"uv": [0, 0, 1, 1], "texture": "#6"},
				"east": {"uv": [0, 0, 1, 1], "texture": "#6"},
				"south": {"uv": [0, 0, 1, 1], "texture": "#6"},
				"west": {"uv": [0, 0, 1, 1], "texture": "#6"},
				"up": {"uv": [0, 0, 1, 1], "texture": "#6"},
				"down": {"uv": [0, 0, 1, 1], "texture": "#6"}
			}
		},
		{
			"name": "hexadecagon",
			"from": [4.90163, 5.4, 13.3],
			"to": [5.49837, 6, 13.7],
			"rotation": {"angle": 0, "axis": "z", "origin": [5.2, 5.7, 13.2]},
			"faces": {
				"north": {"uv": [0, 0, 1, 1], "texture": "#4"},
				"east": {"uv": [0, 0, 1, 1], "texture": "#4"},
				"south": {"uv": [0, 0, 1, 1], "texture": "#4"},
				"west": {"uv": [0, 0, 1, 1], "texture": "#4"},
				"up": {"uv": [0, 0, 1, 1], "texture": "#4"},
				"down": {"uv": [0, 0, 1, 1], "texture": "#4"}
			}
		},
		{
			"name": "hexadecagon",
			"from": [14.70163, 0.3, 13.3],
			"to": [15.29837, 0.6, 13.7],
			"rotation": {"angle": 0, "axis": "z", "origin": [5.2, 5.7, 13.2]},
			"faces": {
				"north": {"uv": [0, 0, 1, 1], "texture": "#4"},
				"east": {"uv": [0, 0, 1, 1], "texture": "#4"},
				"south": {"uv": [0, 0, 1, 1], "texture": "#4"},
				"west": {"uv": [0, 0, 1, 1], "texture": "#4"},
				"up": {"uv": [0, 0, 1, 1], "texture": "#4"},
				"down": {"uv": [0, 0, 1, 1], "texture": "#4"}
			}
		},
		{
			"name": "hexadecagon",
			"from": [13.70163, 0.3, 13.3],
			"to": [14.29837, 0.6, 13.7],
			"rotation": {"angle": 0, "axis": "z", "origin": [5.2, 5.7, 13.2]},
			"faces": {
				"north": {"uv": [2, 1, 3, 2], "texture": "#3"},
				"east": {"uv": [2, 1, 3, 2], "texture": "#3"},
				"south": {"uv": [2, 1, 3, 2], "texture": "#3"},
				"west": {"uv": [2, 1, 3, 2], "texture": "#3"},
				"up": {"uv": [2, 1, 3, 2], "texture": "#3"},
				"down": {"uv": [2, 1, 3, 2], "texture": "#3"}
			}
		},
		{
			"name": "hexadecagon",
			"from": [4.90163, 6.9, 13.3],
			"to": [5.49837, 7.2, 13.7],
			"rotation": {"angle": 22.5, "axis": "z", "origin": [5.2, 5.7, 13.2]},
			"faces": {
				"north": {"uv": [0, 0, 1, 1], "texture": "#6"},
				"east": {"uv": [0, 0, 1, 1], "texture": "#6"},
				"south": {"uv": [0, 0, 1, 1], "texture": "#6"},
				"west": {"uv": [0, 0, 1, 1], "texture": "#6"},
				"up": {"uv": [0, 0, 1, 1], "texture": "#6"},
				"down": {"uv": [0, 0, 1, 1], "texture": "#6"}
			}
		},
		{
			"name": "hexadecagon",
			"from": [4.90163, 4.2, 13.3],
			"to": [5.49837, 4.5, 13.7],
			"rotation": {"angle": 22.5, "axis": "z", "origin": [5.2, 5.7, 13.2]},
			"faces": {
				"north": {"uv": [0, 0, 1, 1], "texture": "#6"},
				"east": {"uv": [0, 0, 1, 1], "texture": "#6"},
				"south": {"uv": [0, 0, 1, 1], "texture": "#6"},
				"west": {"uv": [0, 0, 1, 1], "texture": "#6"},
				"up": {"uv": [0, 0, 1, 1], "texture": "#6"},
				"down": {"uv": [0, 0, 1, 1], "texture": "#6"}
			}
		},
		{
			"name": "hexadecagon",
			"from": [4.90163, 6.9, 13.3],
			"to": [5.49837, 7.2, 13.7],
			"rotation": {"angle": 45, "axis": "z", "origin": [5.2, 5.7, 13.2]},
			"faces": {
				"north": {"uv": [0, 0, 1, 1], "texture": "#6"},
				"east": {"uv": [0, 0, 1, 1], "texture": "#6"},
				"south": {"uv": [0, 0, 1, 1], "texture": "#6"},
				"west": {"uv": [0, 0, 1, 1], "texture": "#6"},
				"up": {"uv": [0, 0, 1, 1], "texture": "#6"},
				"down": {"uv": [0, 0, 1, 1], "texture": "#6"}
			}
		},
		{
			"name": "hexadecagon",
			"from": [4.90163, 4.2, 13.3],
			"to": [5.49837, 4.5, 13.7],
			"rotation": {"angle": 45, "axis": "z", "origin": [5.2, 5.7, 13.2]},
			"faces": {
				"north": {"uv": [0, 0, 1, 1], "texture": "#6"},
				"east": {"uv": [0, 0, 1, 1], "texture": "#6"},
				"south": {"uv": [0, 0, 1, 1], "texture": "#6"},
				"west": {"uv": [0, 0, 1, 1], "texture": "#6"},
				"up": {"uv": [0, 0, 1, 1], "texture": "#6"},
				"down": {"uv": [0, 0, 1, 1], "texture": "#6"}
			}
		},
		{
			"name": "hexadecagon",
			"from": [3.7, 5.40163, 13.3],
			"to": [4, 5.99837, 13.7],
			"rotation": {"angle": -22.5, "axis": "z", "origin": [5.2, 5.7, 13.2]},
			"faces": {
				"north": {"uv": [0, 0, 1, 1], "texture": "#6"},
				"east": {"uv": [0, 0, 1, 1], "texture": "#6"},
				"south": {"uv": [0, 0, 1, 1], "texture": "#6"},
				"west": {"uv": [0, 0, 1, 1], "texture": "#6"},
				"up": {"uv": [0, 0, 1, 1], "texture": "#6"},
				"down": {"uv": [0, 0, 1, 1], "texture": "#6"}
			}
		},
		{
			"name": "hexadecagon",
			"from": [6.4, 5.40163, 13.3],
			"to": [6.7, 5.99837, 13.7],
			"rotation": {"angle": -22.5, "axis": "z", "origin": [5.2, 5.7, 13.2]},
			"faces": {
				"north": {"uv": [0, 0, 1, 1], "texture": "#6"},
				"east": {"uv": [0, 0, 1, 1], "texture": "#6"},
				"south": {"uv": [0, 0, 1, 1], "texture": "#6"},
				"west": {"uv": [0, 0, 1, 1], "texture": "#6"},
				"up": {"uv": [0, 0, 1, 1], "texture": "#6"},
				"down": {"uv": [0, 0, 1, 1], "texture": "#6"}
			}
		},
		{
			"name": "hexadecagon",
			"from": [3.7, 5.40163, 13.3],
			"to": [4, 5.99837, 13.7],
			"rotation": {"angle": 0, "axis": "z", "origin": [5.2, 5.7, 13.2]},
			"faces": {
				"north": {"uv": [0, 0, 1, 1], "texture": "#6"},
				"east": {"uv": [0, 0, 1, 1], "texture": "#6"},
				"south": {"uv": [0, 0, 1, 1], "texture": "#6"},
				"west": {"uv": [0, 0, 1, 1], "texture": "#6"},
				"up": {"uv": [0, 0, 1, 1], "texture": "#6"},
				"down": {"uv": [0, 0, 1, 1], "texture": "#6"}
			}
		},
		{
			"name": "hexadecagon",
			"from": [6.4, 5.40163, 13.3],
			"to": [6.7, 5.99837, 13.7],
			"rotation": {"angle": 0, "axis": "z", "origin": [5.2, 5.7, 13.2]},
			"faces": {
				"north": {"uv": [0, 0, 1, 1], "texture": "#6"},
				"east": {"uv": [0, 0, 1, 1], "texture": "#6"},
				"south": {"uv": [0, 0, 1, 1], "texture": "#6"},
				"west": {"uv": [0, 0, 1, 1], "texture": "#6"},
				"up": {"uv": [0, 0, 1, 1], "texture": "#6"},
				"down": {"uv": [0, 0, 1, 1], "texture": "#6"}
			}
		},
		{
			"name": "hexadecagon",
			"from": [3.7, 5.40163, 13.3],
			"to": [4, 5.99837, 13.7],
			"rotation": {"angle": 22.5, "axis": "z", "origin": [5.2, 5.7, 13.2]},
			"faces": {
				"north": {"uv": [0, 0, 1, 1], "texture": "#6"},
				"east": {"uv": [0, 0, 1, 1], "texture": "#6"},
				"south": {"uv": [0, 0, 1, 1], "texture": "#6"},
				"west": {"uv": [0, 0, 1, 1], "texture": "#6"},
				"up": {"uv": [0, 0, 1, 1], "texture": "#6"},
				"down": {"uv": [0, 0, 1, 1], "texture": "#6"}
			}
		},
		{
			"name": "hexadecagon",
			"from": [6.4, 5.40163, 13.3],
			"to": [6.7, 5.99837, 13.7],
			"rotation": {"angle": 22.5, "axis": "z", "origin": [5.2, 5.7, 13.2]},
			"faces": {
				"north": {"uv": [0, 0, 1, 1], "texture": "#6"},
				"east": {"uv": [0, 0, 1, 1], "texture": "#6"},
				"south": {"uv": [0, 0, 1, 1], "texture": "#6"},
				"west": {"uv": [0, 0, 1, 1], "texture": "#6"},
				"up": {"uv": [0, 0, 1, 1], "texture": "#6"},
				"down": {"uv": [0, 0, 1, 1], "texture": "#6"}
			}
		}
	],
	"display": {
		"thirdperson_righthand": {
			"rotation": [34, 0, 0],
			"translation": [-3.5, 2.5, 0.25],
			"scale": [0.4, 0.4, 0.4]
		},
		"thirdperson_lefthand": {
			"rotation": [34, 0, 0],
			"translation": [-3.5, 2.5, 0.25],
			"scale": [0.4, 0.4, 0.4]
		},
		"firstperson_righthand": {
			"translation": [-5.5, 10.5, 0],
			"scale": [0.7, 0.7, 0.7]
		},
		"firstperson_lefthand": {
			"translation": [-12.25, 10.5, 0],
			"scale": [0.7, 0.7, 0.7]
		},
		"ground": {
			"scale": [0.5, 0.5, 0.5]
		},
		"gui": {
			"rotation": [15, -150, 0],
			"translation": [0.5, 1.25, 0],
			"scale": [0.7, 0.7, 0.7]
		},
		"head": {
			"translation": [0, 3.5, -0.25]
		},
		"fixed": {
			"translation": [0, 2.75, -5.5]
		}
	},
	"groups": [0, 1, 2, 3, 4, 5, 6, 7, 8, 9, 10, 11, 12, 13, 14, 15, 16, 17, 18, 19, 20, 21, 22, 23, 24, 25, 26, 27, 28, 29, 30, 31, 32, 33, 34, 35, 36, 37, 38,
		{
			"name": "hexadecagon",
			"origin": [8, 8, 8],
			"children": [39, 40, 41, 42, 43, 44, 45]
		},
		{
			"name": "hexadecagon",
			"origin": [8, 8, 8],
			"children": [46, 47, 48, 49, 50, 51, 52, 53, 54, 55, 56, 57, 58, 59, 60, 61, 62, 63, 64]
		}
	]
}