{
	"credit": "Made with Blockbench",
	"textures": {
		"0": "block/light_blue_concrete",
		"1": "block/yellow_concrete",
		"2": "block/red_concrete",
		"3": "block/lime_concrete",
		"4": "block/black_concrete",
		"particle": "block/light_blue_concrete"
	},
	"elements": [
		{
			"from": [9.14686, 9.92752, 6.68501],
			"to": [11.58463, 11.76323, 8.97965],
			"rotation": {"angle": 22.5, "axis": "z", "origin": [24.96021, 35.65476, 25.20982]},
			"faces": {
				"north": {"uv": [0, 0, 0.9, 0.8], "texture": "#0"},
				"east": {"uv": [0, 0, 1, 0.8], "texture": "#0"},
				"south": {"uv": [0, 15, 1.5, 16], "texture": "#0"},
				"west": {"uv": [0, 15, 1.5, 16], "texture": "#0"},
				"up": {"uv": [0, 15, 1, 16], "texture": "#0"},
				"down": {"uv": [0, 15, 1, 16], "texture": "#0"}
			}
		},
		{
			"from": [6.7313, 11.38777, 6.90759],
			"to": [9.50941, 13.7123, 9.87548],
			"rotation": {"angle": 22.5, "axis": "z", "origin": [27.83132, 41.53067, 28.04599]},
			"faces": {
				"north": {"uv": [0, 0, 0.9, 0.8], "texture": "#4"},
				"east": {"uv": [0, 0, 1, 0.8], "texture": "#4"},
				"south": {"uv": [0, 15, 1.5, 16], "texture": "#4"},
				"west": {"uv": [0, 15, 1.5, 16], "texture": "#4"},
				"up": {"uv": [0, 15, 1, 16], "texture": "#4"},
				"down": {"uv": [0, 15, 1, 16], "texture": "#4"}
			}
		},
		{
			"from": [17.59299, 3.36653, 6.95698],
			"to": [19.41827, 8.58162, 9.30377],
			"rotation": {"angle": 0, "axis": "y", "origin": [19.83588, 30.09581, 27.81736]},
			"faces": {
				"north": {"uv": [0, 0, 0.7, 2], "texture": "#1"},
				"east": {"uv": [0, 0, 0.9, 2], "texture": "#1"},
				"south": {"uv": [0, 15, 1.5, 16], "texture": "#1"},
				"west": {"uv": [0, 15, 1.5, 16], "texture": "#1"},
				"up": {"uv": [0, 15, 1, 16], "texture": "#1"},
				"down": {"uv": [0, 15, 1, 16], "texture": "#1"}
			}
		},
		{
			"from": [17.0119, 3.22095, 7.4867],
			"to": [19.59551, 9.11264, 10.13796],
			"rotation": {"angle": 0, "axis": "y", "origin": [21.4395, 34.00038, 30.38843]},
			"faces": {
				"north": {"uv": [0, 0, 0.7, 2], "texture": "#4"},
				"east": {"uv": [0, 0, 0.9, 2], "texture": "#4"},
				"south": {"uv": [0, 15, 1.5, 16], "texture": "#4"},
				"west": {"uv": [0, 15, 1.5, 16], "texture": "#4"},
				"up": {"uv": [0, 15, 1, 16], "texture": "#4"},
				"down": {"uv": [0, 15, 1, 16], "texture": "#4"}
			}
		},
		{
			"from": [13.12046, 2.26233, 6.69623],
			"to": [14.68499, 8.52044, 9.30377],
			"rotation": {"angle": 0, "axis": "y", "origin": [19.79618, 30.03463, 27.81736]},
			"faces": {
				"north": {"uv": [0, 0, 0.6, 2.4], "texture": "#2"},
				"east": {"uv": [0, 0, 1, 2.4], "texture": "#2"},
				"south": {"uv": [0, 15, 1.5, 16], "texture": "#2"},
				"west": {"uv": [0, 15, 1.5, 16], "texture": "#2"},
				"up": {"uv": [0, 15, 1, 16], "texture": "#2"},
				"down": {"uv": [0, 15, 1, 16], "texture": "#2"}
			}
		},
		{
			"from": [12.95364, 1.62327, 6.86373],
			"to": [14.94831, 8.93128, 10.24406],
			"rotation": {"angle": 0, "axis": "y", "origin": [21.86318, 35.07342, 31.14204]},
			"faces": {
				"north": {"uv": [0, 0, 0.6, 2.4], "texture": "#4"},
				"east": {"uv": [0, 0, 1, 2.4], "texture": "#4"},
				"south": {"uv": [0, 15, 1.5, 16], "texture": "#4"},
				"west": {"uv": [0, 15, 1.5, 16], "texture": "#4"},
				"up": {"uv": [0, 15, 1, 16], "texture": "#4"},
				"down": {"uv": [0, 15, 1, 16], "texture": "#4"}
			}
		},
		{
			"from": [4.96248, 2.26233, 7.36689],
			"to": [6.52701, 8.52044, 9.30377],
			"rotation": {"angle": 0, "axis": "y", "origin": [19.79618, 30.03463, 27.81736]},
			"faces": {
				"north": {"uv": [0, 0, 0.6, 2.4], "texture": "#1"},
				"east": {"uv": [0, 0, 1, 2.4], "texture": "#1"},
				"south": {"uv": [0, 15, 1.5, 16], "texture": "#1"},
				"west": {"uv": [0, 15, 1.5, 16], "texture": "#1"},
				"up": {"uv": [0, 15, 1, 16], "texture": "#1"},
				"down": {"uv": [0, 15, 1, 16], "texture": "#1"}
			}
		},
		{
			"from": [4.61735, 1.5615, 7.57914],
			"to": [6.985, 8.94608, 10.32072],
			"rotation": {"angle": 0, "axis": "y", "origin": [22.01392, 35.44087, 31.38449]},
			"faces": {
				"north": {"uv": [0, 0, 0.6, 2.4], "texture": "#4"},
				"east": {"uv": [0, 0, 1, 2.4], "texture": "#4"},
				"south": {"uv": [0, 15, 1.5, 16], "texture": "#4"},
				"west": {"uv": [0, 15, 1.5, 16], "texture": "#4"},
				"up": {"uv": [0, 15, 1, 16], "texture": "#4"},
				"down": {"uv": [0, 15, 1, 16], "texture": "#4"}
			}
		},
		{
			"from": [12.07744, 7.21667, 6.69623],
			"to": [13.12046, 8.52044, 9.30377],
			"rotation": {"angle": 0, "axis": "y", "origin": [20.57845, 30.03463, 27.81736]},
			"faces": {
				"north": {"uv": [0, 0, 0.4, 0.5], "texture": "#2"},
				"east": {"uv": [0, 0, 1, 0.5], "texture": "#2"},
				"south": {"uv": [0, 15, 1.5, 16], "texture": "#2"},
				"west": {"uv": [0, 15, 1.5, 16], "texture": "#2"},
				"up": {"uv": [0, 15, 1, 16], "texture": "#2"},
				"down": {"uv": [0, 15, 1, 16], "texture": "#2"}
			}
		},
		{
			"from": [11.9033, 7.40878, 6.86373],
			"to": [13.12131, 8.93128, 10.24406],
			"rotation": {"angle": 0, "axis": "y", "origin": [22.77668, 35.07342, 31.14204]},
			"faces": {
				"north": {"uv": [0, 0, 0.4, 0.5], "texture": "#4"},
				"east": {"uv": [0, 0, 1, 0.5], "texture": "#4"},
				"south": {"uv": [0, 15, 1.5, 16], "texture": "#4"},
				"west": {"uv": [0, 15, 1.5, 16], "texture": "#4"},
				"up": {"uv": [0, 15, 1, 16], "texture": "#4"},
				"down": {"uv": [0, 15, 1, 16], "texture": "#4"}
			}
		},
		{
			"from": [3.91946, 7.21667, 7.36689],
			"to": [4.96248, 8.52044, 9.30377],
			"rotation": {"angle": 0, "axis": "y", "origin": [20.57845, 30.03463, 27.81736]},
			"faces": {
				"north": {"uv": [0, 0, 0.4, 0.5], "texture": "#1"},
				"east": {"uv": [0, 0, 1, 0.5], "texture": "#1"},
				"south": {"uv": [0, 15, 1.5, 16], "texture": "#1"},
				"west": {"uv": [0, 15, 1.5, 16], "texture": "#1"},
				"up": {"uv": [0, 15, 1, 16], "texture": "#1"},
				"down": {"uv": [0, 15, 1, 16], "texture": "#1"}
			}
		},
		{
			"from": [3.9081, 5.32158, 7.57914],
			"to": [5.13886, 8.94608, 10.32072],
			"rotation": {"angle": 0, "axis": "y", "origin": [22.93699, 35.44087, 31.38449]},
			"faces": {
				"north": {"uv": [0, 0, 0.4, 0.5], "texture": "#4"},
				"east": {"uv": [0, 0, 1, 0.5], "texture": "#4"},
				"south": {"uv": [0, 15, 1.5, 16], "texture": "#4"},
				"west": {"uv": [0, 15, 1.5, 16], "texture": "#4"},
				"up": {"uv": [0, 15, 1, 16], "texture": "#4"},
				"down": {"uv": [0, 15, 1, 16], "texture": "#4"}
			}
		},
		{
			"from": [1.09007, 11.90672, 6.69623],
			"to": [2.6546, 13.21049, 9.30377],
			"rotation": {"angle": 22.5, "axis": "z", "origin": [19.15526, 34.55136, 27.81736]},
			"faces": {
				"north": {"uv": [0, 0, 0.6, 0.5], "texture": "#2"},
				"east": {"uv": [0, 0, 1, 0.5], "texture": "#2"},
				"south": {"uv": [0, 15, 1.5, 16], "texture": "#2"},
				"west": {"uv": [0, 15, 1.5, 16], "texture": "#2"},
				"up": {"uv": [0, 15, 1, 16], "texture": "#2"},
				"down": {"uv": [0, 15, 1, 16], "texture": "#2"}
			}
		},
		{
			"from": [-1.24514, 13.32529, 6.86373],
			"to": [0.58186, 14.84779, 10.24406],
			"rotation": {"angle": 22.5, "axis": "z", "origin": [21.11473, 40.3479, 31.14204]},
			"faces": {
				"north": {"uv": [0, 0, 0.6, 0.5], "texture": "#4"},
				"east": {"uv": [0, 0, 1, 0.5], "texture": "#4"},
				"south": {"uv": [0, 15, 1.5, 16], "texture": "#4"},
				"west": {"uv": [0, 15, 1.5, 16], "texture": "#4"},
				"up": {"uv": [0, 15, 1, 16], "texture": "#4"},
				"down": {"uv": [0, 15, 1, 16], "texture": "#4"}
			}
		},
		{
			"from": [-6.44691, 14.86098, 7.36689],
			"to": [-4.88238, 16.33242, 9.30377],
			"rotation": {"angle": 22.5, "axis": "z", "origin": [19.15526, 34.55136, 27.81736]},
			"faces": {
				"north": {"uv": [0, 0, 0.6, 0.5], "texture": "#1"},
				"east": {"uv": [0, 0, 1, 0.5], "texture": "#1"},
				"south": {"uv": [0, 15, 1.5, 16], "texture": "#1"},
				"west": {"uv": [0, 15, 1.5, 16], "texture": "#1"},
				"up": {"uv": [0, 15, 1, 16], "texture": "#1"},
				"down": {"uv": [0, 15, 1, 16], "texture": "#1"}
			}
		},
		{
			"from": [-5.77625, 14.69331, 7.36689],
			"to": [-4.37939, 15.99708, 9.30377],
			"rotation": {"angle": 22.5, "axis": "z", "origin": [19.15526, 34.55136, 27.81736]},
			"faces": {
				"north": {"uv": [0, 0, 0.6, 0.5], "texture": "#1"},
				"east": {"uv": [0, 0, 1, 0.5], "texture": "#1"},
				"south": {"uv": [0, 15, 1.5, 16], "texture": "#1"},
				"west": {"uv": [0, 15, 1.5, 16], "texture": "#1"},
				"up": {"uv": [0, 15, 1, 16], "texture": "#1"},
				"down": {"uv": [0, 15, 1, 16], "texture": "#1"}
			}
		},
		{
			"from": [-8.79611, 14.64421, 7.57914],
			"to": [-6.94997, 18.00795, 10.32072],
			"rotation": {"angle": 22.5, "axis": "z", "origin": [21.25763, 40.77061, 31.38449]},
			"faces": {
				"north": {"uv": [0, 0, 0.6, 0.5], "texture": "#4"},
				"east": {"uv": [0, 0, 1, 0.5], "texture": "#4"},
				"south": {"uv": [0, 15, 1.5, 16], "texture": "#4"},
				"west": {"uv": [0, 15, 1.5, 16], "texture": "#4"},
				"up": {"uv": [0, 15, 1, 16], "texture": "#4"},
				"down": {"uv": [0, 15, 1, 16], "texture": "#4"}
			}
		},
		{
			"from": [-1.62014, 12.33263, 6.95698],
			"to": [0.20514, 13.89716, 9.30377],
			"rotation": {"angle": 22.5, "axis": "z", "origin": [18.87396, 34.33995, 27.55661]},
			"faces": {
				"north": {"uv": [0, 0, 0.7, 0.6], "texture": "#3"},
				"east": {"uv": [0, 0, 0.9, 0.6], "texture": "#3"},
				"south": {"uv": [0, 15, 1.5, 16], "texture": "#3"},
				"west": {"uv": [0, 15, 1.5, 16], "texture": "#3"},
				"up": {"uv": [0, 15, 1, 16], "texture": "#3"},
				"down": {"uv": [0, 15, 1, 16], "texture": "#3"}
			}
		},
		{
			"from": [-3.32574, 13.52722, 7.2735],
			"to": [-1.23518, 15.31913, 9.96137],
			"rotation": {"angle": 22.5, "axis": "z", "origin": [20.53059, 39.33084, 30.39892]},
			"faces": {
				"north": {"uv": [0, 0, 0.7, 0.6], "texture": "#4"},
				"east": {"uv": [0, 0, 0.9, 0.6], "texture": "#4"},
				"south": {"uv": [0, 15, 1.5, 16], "texture": "#4"},
				"west": {"uv": [0, 15, 1.5, 16], "texture": "#4"},
				"up": {"uv": [0, 15, 1, 16], "texture": "#4"},
				"down": {"uv": [0, 15, 1, 16], "texture": "#4"}
			}
		},
		{
			"from": [7.02315, 2.44462, 6.95698],
			"to": [10.41296, 4.00915, 9.30377],
			"rotation": {"angle": 0, "axis": "y", "origin": [19.81164, 34.34525, 27.55661]},
			"faces": {
				"north": {"uv": [0, 0, 1.3, 0.6], "texture": "#3"},
				"east": {"uv": [0, 0, 0.9, 0.6], "texture": "#3"},
				"south": {"uv": [0, 15, 1.5, 16], "texture": "#3"},
				"west": {"uv": [0, 15, 1.5, 16], "texture": "#3"},
				"up": {"uv": [0, 15, 1, 16], "texture": "#3"},
				"down": {"uv": [0, 15, 1, 16], "texture": "#3"}
			}
		},
		{
			"from": [6.66406, 2.10079, 7.2735],
			"to": [10.7142, 4.22803, 9.96137],
			"rotation": {"angle": 0, "axis": "y", "origin": [21.60455, 39.3369, 30.39892]},
			"faces": {
				"north": {"uv": [0, 0, 1.3, 0.6], "texture": "#4"},
				"east": {"uv": [0, 0, 0.9, 0.6], "texture": "#4"},
				"south": {"uv": [0, 15, 1.5, 16], "texture": "#4"},
				"west": {"uv": [0, 15, 1.5, 16], "texture": "#4"},
				"up": {"uv": [0, 15, 1, 16], "texture": "#4"},
				"down": {"uv": [0, 15, 1, 16], "texture": "#4"}
			}
		},
		{
			"from": [7.05794, 6.16509, 6.95698],
			"to": [8.36172, 7.72962, 9.30377],
			"rotation": {"angle": 0, "axis": "y", "origin": [19.84643, 34.41515, 27.55661]},
			"faces": {
				"north": {"uv": [0, 0, 0.5, 0.6], "texture": "#3"},
				"east": {"uv": [0, 0, 0.9, 0.6], "texture": "#3"},
				"south": {"uv": [0, 15, 1.5, 16], "texture": "#3"},
				"west": {"uv": [0, 15, 1.5, 16], "texture": "#3"},
				"up": {"uv": [0, 15, 1, 16], "texture": "#3"},
				"down": {"uv": [0, 15, 1, 16], "texture": "#3"}
			}
		},
		{
			"from": [6.7039, 3.34398, 7.2735],
			"to": [8.36483, 8.15389, 9.96137],
			"rotation": {"angle": 0, "axis": "y", "origin": [21.6444, 39.41696, 30.39892]},
			"faces": {
				"north": {"uv": [0, 0, 0.5, 0.6], "texture": "#4"},
				"east": {"uv": [0, 0, 0.9, 0.6], "texture": "#4"},
				"south": {"uv": [0, 15, 1.5, 16], "texture": "#4"},
				"west": {"uv": [0, 15, 1.5, 16], "texture": "#4"},
				"up": {"uv": [0, 15, 1, 16], "texture": "#4"},
				"down": {"uv": [0, 15, 1, 16], "texture": "#4"}
			}
		},
		{
			"from": [8.32692, 4.53066, 6.95698],
			"to": [10.41296, 5.57368, 9.30377],
			"rotation": {"angle": 0, "axis": "y", "origin": [19.81164, 34.34525, 27.55661]},
			"faces": {
				"north": {"uv": [0, 0, 0.8, 0.4], "texture": "#3"},
				"east": {"uv": [0, 0, 0.9, 0.4], "texture": "#3"},
				"south": {"uv": [0, 15, 1.5, 16], "texture": "#3"},
				"west": {"uv": [0, 15, 1.5, 16], "texture": "#3"},
				"up": {"uv": [0, 15, 1, 16], "texture": "#3"},
				"down": {"uv": [0, 15, 1, 16], "texture": "#3"}
			}
		},
		{
			"from": [7.2259, 3.70774, 7.2735],
			"to": [10.7142, 6.72763, 9.96137],
			"rotation": {"angle": 0, "axis": "y", "origin": [21.60455, 39.3369, 30.39892]},
			"faces": {
				"north": {"uv": [0, 0, 0.8, 0.4], "texture": "#4"},
				"east": {"uv": [0, 0, 0.9, 0.4], "texture": "#4"},
				"south": {"uv": [0, 15, 1.5, 16], "texture": "#4"},
				"west": {"uv": [0, 15, 1.5, 16], "texture": "#4"},
				"up": {"uv": [0, 15, 1, 16], "texture": "#4"},
				"down": {"uv": [0, 15, 1, 16], "texture": "#4"}
			}
		},
		{
			"from": [18.59503, 4.73808, 6.95698],
			"to": [20.15956, 8.1279, 9.30377],
			"rotation": {"angle": -22.5, "axis": "z", "origin": [9.52125, 28.09108, 27.55661]},
			"faces": {
				"north": {"uv": [0, 0, 1.3, 0.6], "rotation": 90, "texture": "#3"},
				"east": {"uv": [0, 0, 1.3, 0.9], "rotation": 270, "texture": "#3"},
				"south": {"uv": [0, 15, 1.5, 16], "rotation": 270, "texture": "#3"},
				"west": {"uv": [0, 15, 1.5, 16], "rotation": 270, "texture": "#3"},
				"up": {"uv": [0, 15, 1, 16], "rotation": 270, "texture": "#3"},
				"down": {"uv": [0, 15, 1, 16], "rotation": 270, "texture": "#3"}
			}
		},
		{
			"from": [20.36255, 4.73269, 7.2735],
			"to": [22.15446, 8.61517, 9.96137],
			"rotation": {"angle": -22.5, "axis": "z", "origin": [9.81859, 32.17377, 30.39892]},
			"faces": {
				"north": {"uv": [0, 0, 1.3, 0.6], "rotation": 90, "texture": "#4"},
				"east": {"uv": [0, 0, 1.3, 0.9], "rotation": 270, "texture": "#4"},
				"south": {"uv": [0, 15, 1.5, 16], "rotation": 270, "texture": "#4"},
				"west": {"uv": [0, 15, 1.5, 16], "rotation": 270, "texture": "#4"},
				"up": {"uv": [0, 15, 1, 16], "rotation": 270, "texture": "#4"},
				"down": {"uv": [0, 15, 1, 16], "rotation": 270, "texture": "#4"}
			}
		},
		{
			"from": [-0.76809, 5.91179, 6.95698],
			"to": [1.0572, 9.56236, 9.30377],
			"rotation": {"angle": 22.5, "axis": "z", "origin": [7.88222, 32.65258, 27.55661]},
			"faces": {
				"north": {"uv": [0, 0, 1.4, 0.7], "rotation": 90, "texture": "#3"},
				"east": {"uv": [0, 0, 1.4, 0.9], "rotation": 270, "texture": "#3"},
				"south": {"uv": [0, 15, 1.5, 16], "rotation": 270, "texture": "#3"},
				"west": {"uv": [0, 15, 1.5, 16], "rotation": 270, "texture": "#3"},
				"up": {"uv": [0, 15, 1, 16], "rotation": 270, "texture": "#3"},
				"down": {"uv": [0, 15, 1, 16], "rotation": 270, "texture": "#3"}
			}
		},
		{
			"from": [-2.34985, 6.17319, 7.2735],
			"to": [-0.25929, 10.35432, 9.96137],
			"rotation": {"angle": 22.5, "axis": "z", "origin": [7.94133, 37.39823, 30.39892]},
			"faces": {
				"north": {"uv": [0, 0, 1.4, 0.7], "rotation": 90, "texture": "#4"},
				"east": {"uv": [0, 0, 1.4, 0.9], "rotation": 270, "texture": "#4"},
				"south": {"uv": [0, 15, 1.5, 16], "rotation": 270, "texture": "#4"},
				"west": {"uv": [0, 15, 1.5, 16], "rotation": 270, "texture": "#4"},
				"up": {"uv": [0, 15, 1, 16], "rotation": 270, "texture": "#4"},
				"down": {"uv": [0, 15, 1, 16], "rotation": 270, "texture": "#4"}
			}
		},
		{
			"from": [1.04848, 9.84843, 6.69623],
			"to": [3.65603, 10.6307, 9.30377],
			"rotation": {"angle": 22.5, "axis": "z", "origin": [20.37229, 34.90214, 27.81736]},
			"faces": {
				"north": {"uv": [0, 0, 1, 0.3], "texture": "#2"},
				"east": {"uv": [0, 0, 1, 0.3], "texture": "#2"},
				"south": {"uv": [0, 15, 1.5, 16], "texture": "#2"},
				"west": {"uv": [0, 15, 1.5, 16], "texture": "#2"},
				"up": {"uv": [0, 15, 1, 16], "texture": "#2"},
				"down": {"uv": [0, 15, 1, 16], "texture": "#2"}
			}
		},
		{
			"from": [-1.20912, 10.71746, 6.86373],
			"to": [1.83589, 11.89172, 10.24406],
			"rotation": {"angle": 22.5, "axis": "z", "origin": [22.62053, 40.81405, 31.14204]},
			"faces": {
				"north": {"uv": [0, 0, 1, 0.3], "texture": "#4"},
				"east": {"uv": [0, 0, 1, 0.3], "texture": "#4"},
				"south": {"uv": [0, 15, 1.5, 16], "texture": "#4"},
				"west": {"uv": [0, 15, 1.5, 16], "texture": "#4"},
				"up": {"uv": [0, 15, 1, 16], "texture": "#4"},
				"down": {"uv": [0, 15, 1, 16], "texture": "#4"}
			}
		},
		{
			"from": [12.23673, 5.20368, 6.69623],
			"to": [13.27975, 5.98594, 9.30377],
			"rotation": {"angle": 0, "axis": "y", "origin": [19.64957, 34.60278, 27.81736]},
			"faces": {
				"north": {"uv": [0, 0, 0.4, 0.3], "texture": "#2"},
				"east": {"uv": [0, 0, 1, 0.3], "texture": "#2"},
				"south": {"uv": [0, 15, 1.5, 16], "texture": "#2"},
				"west": {"uv": [0, 15, 1.5, 16], "texture": "#2"},
				"up": {"uv": [0, 15, 1, 16], "texture": "#2"},
				"down": {"uv": [0, 15, 1, 16], "texture": "#2"}
			}
		},
		{
			"from": [12.08932, 5.05808, 6.86373],
			"to": [13.30732, 5.97158, 10.24406],
			"rotation": {"angle": 0, "axis": "y", "origin": [21.69197, 40.40794, 31.14204]},
			"faces": {
				"north": {"uv": [0, 0, 0.4, 0.3], "texture": "#4"},
				"east": {"uv": [0, 0, 1, 0.3], "texture": "#4"},
				"south": {"uv": [0, 15, 1.5, 16], "texture": "#4"},
				"west": {"uv": [0, 15, 1.5, 16], "texture": "#4"},
				"up": {"uv": [0, 15, 1, 16], "texture": "#4"},
				"down": {"uv": [0, 15, 1, 16], "texture": "#4"}
			}
		},
		{
			"from": [4.07875, 5.20368, 7.36689],
			"to": [5.12177, 5.81828, 9.30377],
			"rotation": {"angle": 0, "axis": "y", "origin": [19.64957, 34.60278, 27.81736]},
			"faces": {
				"north": {"uv": [0, 0, 0.4, 0.3], "texture": "#1"},
				"east": {"uv": [0, 0, 1, 0.3], "texture": "#1"},
				"south": {"uv": [0, 15, 1.5, 16], "texture": "#1"},
				"west": {"uv": [0, 15, 1.5, 16], "texture": "#1"},
				"up": {"uv": [0, 15, 1, 16], "texture": "#1"},
				"down": {"uv": [0, 15, 1, 16], "texture": "#1"}
			}
		},
		{
			"from": [4.09606, 5.03229, 7.57914],
			"to": [5.32683, 5.95536, 10.32072],
			"rotation": {"angle": 0, "axis": "y", "origin": [21.84091, 40.83128, 31.38449]},
			"faces": {
				"north": {"uv": [0, 0, 0.4, 0.3], "texture": "#4"},
				"east": {"uv": [0, 0, 1, 0.3], "texture": "#4"},
				"south": {"uv": [0, 15, 1.5, 16], "texture": "#4"},
				"west": {"uv": [0, 15, 1.5, 16], "texture": "#4"},
				"up": {"uv": [0, 15, 1, 16], "texture": "#4"},
				"down": {"uv": [0, 15, 1, 16], "texture": "#4"}
			}
		},
		{
			"from": [10.632, 5.83569, 6.69623],
			"to": [11.93578, 7.92172, 9.30377],
			"rotation": {"angle": 0, "axis": "y", "origin": [7.84909, 42.54307, 27.81736]},
			"faces": {
				"north": {"uv": [0, 0, 0.8, 0.5], "rotation": 90, "texture": "#2"},
				"east": {"uv": [0, 0, 0.8, 1], "rotation": 270, "texture": "#2"},
				"south": {"uv": [0, 15, 1.5, 16], "rotation": 270, "texture": "#2"},
				"west": {"uv": [0, 15, 1.5, 16], "rotation": 270, "texture": "#2"},
				"up": {"uv": [0, 15, 1, 16], "rotation": 270, "texture": "#2"},
				"down": {"uv": [0, 15, 1, 16], "rotation": 270, "texture": "#2"}
			}
		},
		{
			"from": [10.21537, 5.79612, 6.86373],
			"to": [11.73788, 8.23212, 10.24406],
			"rotation": {"angle": 0, "axis": "y", "origin": [7.91177, 49.68034, 31.14204]},
			"faces": {
				"north": {"uv": [0, 0, 0.8, 0.5], "rotation": 90, "texture": "#4"},
				"east": {"uv": [0, 0, 0.8, 1], "rotation": 270, "texture": "#4"},
				"south": {"uv": [0, 15, 1.5, 16], "rotation": 270, "texture": "#4"},
				"west": {"uv": [0, 15, 1.5, 16], "rotation": 270, "texture": "#4"},
				"up": {"uv": [0, 15, 1, 16], "rotation": 270, "texture": "#4"},
				"down": {"uv": [0, 15, 1, 16], "rotation": 270, "texture": "#4"}
			}
		},
		{
			"from": [2.47402, 5.83569, 7.36689],
			"to": [3.7778, 7.92172, 9.30377],
			"rotation": {"angle": 0, "axis": "y", "origin": [7.84909, 42.54307, 27.81736]},
			"faces": {
				"north": {"uv": [0, 0, 0.8, 0.5], "rotation": 90, "texture": "#1"},
				"east": {"uv": [0, 0, 0.8, 1], "rotation": 270, "texture": "#1"},
				"south": {"uv": [0, 15, 1.5, 16], "rotation": 270, "texture": "#1"},
				"west": {"uv": [0, 15, 1.5, 16], "rotation": 270, "texture": "#1"},
				"up": {"uv": [0, 15, 1, 16], "rotation": 270, "texture": "#1"},
				"down": {"uv": [0, 15, 1, 16], "rotation": 270, "texture": "#1"}
			}
		},
		{
			"from": [2.20248, 5.77806, 7.57914],
			"to": [3.74094, 8.23959, 10.32072],
			"rotation": {"angle": 0, "axis": "y", "origin": [7.91634, 50.20082, 31.38449]},
			"faces": {
				"north": {"uv": [0, 0, 0.8, 0.5], "rotation": 90, "texture": "#4"},
				"east": {"uv": [0, 0, 0.8, 1], "rotation": 270, "texture": "#4"},
				"south": {"uv": [0, 15, 1.5, 16], "rotation": 270, "texture": "#4"},
				"west": {"uv": [0, 15, 1.5, 16], "rotation": 270, "texture": "#4"},
				"up": {"uv": [0, 15, 1, 16], "rotation": 270, "texture": "#4"},
				"down": {"uv": [0, 15, 1, 16], "rotation": 270, "texture": "#4"}
			}
		},
		{
			"from": [-3.07824, 6.52342, 6.69623],
			"to": [-1.68138, 8.08795, 9.30377],
			"rotation": {"angle": 22.5, "axis": "z", "origin": [7.12637, 42.24371, 27.81736]},
			"faces": {
				"north": {"uv": [0, 0, 0.6, 0.6], "rotation": 90, "texture": "#2"},
				"east": {"uv": [0, 0, 0.6, 1], "rotation": 270, "texture": "#2"},
				"south": {"uv": [0, 15, 1.5, 16], "rotation": 270, "texture": "#2"},
				"west": {"uv": [0, 15, 1.5, 16], "rotation": 270, "texture": "#2"},
				"up": {"uv": [0, 15, 1, 16], "rotation": 270, "texture": "#2"},
				"down": {"uv": [0, 15, 1, 16], "rotation": 270, "texture": "#2"}
			}
		},
		{
			"from": [-6.14088, 6.94577, 6.86373],
			"to": [-3.17777, 8.86586, 10.24406],
			"rotation": {"angle": 22.5, "axis": "z", "origin": [7.06781, 49.33076, 31.14204]},
			"faces": {
				"north": {"uv": [0, 0, 0.6, 0.6], "rotation": 90, "texture": "#4"},
				"east": {"uv": [0, 0, 0.6, 1], "rotation": 270, "texture": "#4"},
				"south": {"uv": [0, 15, 1.5, 16], "rotation": 270, "texture": "#4"},
				"west": {"uv": [0, 15, 1.5, 16], "rotation": 270, "texture": "#4"},
				"up": {"uv": [0, 15, 1, 16], "rotation": 270, "texture": "#4"},
				"down": {"uv": [0, 15, 1, 16], "rotation": 270, "texture": "#4"}
			}
		},
		{
			"from": [-10.78289, 9.64535, 7.36689],
			"to": [-9.31145, 10.94912, 9.30377],
			"rotation": {"angle": 22.5, "axis": "z", "origin": [7.12637, 42.24371, 27.81736]},
			"faces": {
				"north": {"uv": [0, 0, 0.5, 0.5], "rotation": 90, "texture": "#1"},
				"east": {"uv": [0, 0, 0.5, 1], "rotation": 270, "texture": "#1"},
				"south": {"uv": [0, 15, 1.5, 16], "rotation": 270, "texture": "#1"},
				"west": {"uv": [0, 15, 1.5, 16], "rotation": 270, "texture": "#1"},
				"up": {"uv": [0, 15, 1, 16], "rotation": 270, "texture": "#1"},
				"down": {"uv": [0, 15, 1, 16], "rotation": 270, "texture": "#1"}
			}
		},
		{
			"from": [-13.91257, 10.11721, 7.57914],
			"to": [-12.37412, 11.65566, 10.32072],
			"rotation": {"angle": 22.5, "axis": "z", "origin": [7.06353, 49.84758, 31.38449]},
			"faces": {
				"north": {"uv": [0, 0, 0.5, 0.5], "rotation": 90, "texture": "#4"},
				"east": {"uv": [0, 0, 0.5, 1], "rotation": 270, "texture": "#4"},
				"south": {"uv": [0, 15, 1.5, 16], "rotation": 270, "texture": "#4"},
				"west": {"uv": [0, 15, 1.5, 16], "rotation": 270, "texture": "#4"},
				"up": {"uv": [0, 15, 1, 16], "rotation": 270, "texture": "#4"},
				"down": {"uv": [0, 15, 1, 16], "rotation": 270, "texture": "#4"}
			}
		},
		{
			"from": [-6.20869, 9.49164, 6.69623],
			"to": [-4.90491, 11.57768, 9.04302],
			"rotation": {"angle": 45, "axis": "z", "origin": [9.14286, 29.03519, 20.58667]},
			"faces": {
				"north": {"uv": [0, 0, 0.8, 0.5], "rotation": 90, "texture": "#2"},
				"east": {"uv": [0, 0, 0.9, 0.8], "rotation": 180, "texture": "#2"},
				"south": {"uv": [0, 15, 1.5, 16], "rotation": 270, "texture": "#2"},
				"west": {"uv": [0, 15, 1.5, 16], "texture": "#2"},
				"up": {"uv": [0, 15, 1, 16], "rotation": 270, "texture": "#2"},
				"down": {"uv": [0, 15, 1, 16], "rotation": 270, "texture": "#2"}
			}
		},
		{
			"from": [-9.9701, 10.95644, 6.86373],
			"to": [-8.18684, 13.6532, 9.93956],
			"rotation": {"angle": 45, "axis": "z", "origin": [9.60697, 34.09068, 22.69828]},
			"faces": {
				"north": {"uv": [0, 0, 0.8, 0.5], "rotation": 90, "texture": "#4"},
				"east": {"uv": [0, 0, 0.9, 0.8], "rotation": 180, "texture": "#4"},
				"south": {"uv": [0, 15, 1.5, 16], "rotation": 270, "texture": "#4"},
				"west": {"uv": [0, 15, 1.5, 16], "texture": "#4"},
				"up": {"uv": [0, 15, 1, 16], "rotation": 270, "texture": "#4"},
				"down": {"uv": [0, 15, 1, 16], "rotation": 270, "texture": "#4"}
			}
		},
		{
			"from": [-11.97725, 15.2602, 7.36689],
			"to": [-10.67347, 17.34624, 9.04302],
			"rotation": {"angle": 45, "axis": "z", "origin": [9.14286, 29.03519, 20.58667]},
			"faces": {
				"north": {"uv": [0, 0, 0.8, 0.5], "rotation": 90, "texture": "#1"},
				"east": {"uv": [0, 0, 0.9, 0.8], "rotation": 180, "texture": "#1"},
				"south": {"uv": [0, 15, 1.5, 16], "rotation": 270, "texture": "#1"},
				"west": {"uv": [0, 15, 1.5, 16], "texture": "#1"},
				"up": {"uv": [0, 15, 1, 16], "rotation": 270, "texture": "#1"},
				"down": {"uv": [0, 15, 1, 16], "rotation": 270, "texture": "#1"}
			}
		},
		{
			"from": [-15.81767, 16.77896, 7.57914],
			"to": [-14.27922, 19.24049, 10.27378],
			"rotation": {"angle": 45, "axis": "z", "origin": [9.44299, 34.26152, 22.85227]},
			"faces": {
				"north": {"uv": [0, 0, 0.8, 0.5], "rotation": 90, "texture": "#4"},
				"east": {"uv": [0, 0, 0.9, 0.8], "rotation": 180, "texture": "#4"},
				"south": {"uv": [0, 15, 1.5, 16], "rotation": 270, "texture": "#4"},
				"west": {"uv": [0, 15, 1.5, 16], "texture": "#4"},
				"up": {"uv": [0, 15, 1, 16], "rotation": 270, "texture": "#4"},
				"down": {"uv": [0, 15, 1, 16], "rotation": 270, "texture": "#4"}
			}
		},
		{
			"from": [21.74568, 7.08647, 6.68501],
			"to": [24.04032, 8.46325, 8.97965],
			"rotation": {"angle": 0, "axis": "y", "origin": [18.18996, 27.67763, 25.20982]},
			"faces": {
				"north": {"uv": [0, 0, 1, 0.6], "texture": "#0"},
				"east": {"uv": [0, 0, 1, 0.6], "texture": "#0"},
				"south": {"uv": [0, 15, 1.5, 16], "texture": "#0"},
				"west": {"uv": [0, 15, 1.5, 16], "texture": "#0"},
				"up": {"uv": [0, 15, 1, 16], "texture": "#0"},
				"down": {"uv": [0, 15, 1, 16], "texture": "#0"}
			}
		},
		{
			"from": [21.54971, 7.21468, 6.90759],
			"to": [24.22251, 8.81835, 9.87548],
			"rotation": {"angle": 0, "axis": "y", "origin": [19.94534, 32.2389, 28.04599]},
			"faces": {
				"north": {"uv": [0, 0, 1, 0.6], "texture": "#4"},
				"east": {"uv": [0, 0, 1, 0.6], "texture": "#4"},
				"south": {"uv": [0, 15, 1.5, 16], "texture": "#4"},
				"west": {"uv": [0, 15, 1.5, 16], "texture": "#4"},
				"up": {"uv": [0, 15, 1, 16], "texture": "#4"},
				"down": {"uv": [0, 15, 1, 16], "texture": "#4"}
			}
		},
		{
			"from": [14.40369, 5.30007, 6.68501],
			"to": [16.69833, 7.59472, 8.97965],
			"rotation": {"angle": 22.5, "axis": "z", "origin": [18.18611, 26.48432, 25.20982]},
			"faces": {
				"north": {"uv": [0, 0, 1, 1], "rotation": 270, "texture": "#0"},
				"east": {"uv": [0, 0, 1, 1], "rotation": 90, "texture": "#0"},
				"south": {"uv": [0, 15, 1.5, 16], "rotation": 90, "texture": "#0"},
				"west": {"uv": [0, 15, 1.5, 16], "rotation": 90, "texture": "#0"},
				"up": {"uv": [0, 15, 1, 16], "rotation": 90, "texture": "#0"},
				"down": {"uv": [0, 15, 1, 16], "rotation": 90, "texture": "#0"}
			}
		},
		{
			"from": [12.79305, 5.95455, 6.90759],
			"to": [15.46585, 8.85682, 9.87548],
			"rotation": {"angle": 22.5, "axis": "z", "origin": [19.94085, 30.84893, 28.04599]},
			"faces": {
				"north": {"uv": [0, 0, 1, 1], "rotation": 270, "texture": "#4"},
				"east": {"uv": [0, 0, 1, 1], "rotation": 90, "texture": "#4"},
				"south": {"uv": [0, 15, 1.5, 16], "rotation": 90, "texture": "#4"},
				"west": {"uv": [0, 15, 1.5, 16], "rotation": 90, "texture": "#4"},
				"up": {"uv": [0, 15, 1, 16], "rotation": 90, "texture": "#4"},
				"down": {"uv": [0, 15, 1, 16], "rotation": 90, "texture": "#4"}
			}
		},
		{
			"from": [11.19119, 5.30007, 6.68501],
			"to": [14.40369, 6.21793, 8.97965],
			"rotation": {"angle": 22.5, "axis": "z", "origin": [18.18611, 26.48432, 25.20982]},
			"faces": {
				"north": {"uv": [0, 0, 0.4, 1.4], "rotation": 270, "texture": "#0"},
				"east": {"uv": [0, 0, 0.4, 1], "rotation": 90, "texture": "#0"},
				"south": {"uv": [0, 15, 1.5, 16], "rotation": 90, "texture": "#0"},
				"west": {"uv": [0, 15, 1.5, 16], "rotation": 90, "texture": "#0"},
				"up": {"uv": [0, 15, 1, 16], "rotation": 90, "texture": "#0"},
				"down": {"uv": [0, 15, 1, 16], "rotation": 90, "texture": "#0"}
			}
		},
		{
			"from": [9.05113, 5.95455, 6.90759],
			"to": [12.79305, 7.71206, 9.87548],
			"rotation": {"angle": 22.5, "axis": "z", "origin": [19.94085, 30.84893, 28.04599]},
			"faces": {
				"north": {"uv": [0, 0, 0.4, 1.4], "rotation": 270, "texture": "#4"},
				"east": {"uv": [0, 0, 0.4, 1], "rotation": 90, "texture": "#4"},
				"south": {"uv": [0, 15, 1.5, 16], "rotation": 90, "texture": "#4"},
				"west": {"uv": [0, 15, 1.5, 16], "rotation": 90, "texture": "#4"},
				"up": {"uv": [0, 15, 1, 16], "rotation": 90, "texture": "#4"},
				"down": {"uv": [0, 15, 1, 16], "rotation": 90, "texture": "#4"}
			}
		},
		{
			"from": [-12.10389, 22.25673, 7.36689],
			"to": [-8.36023, 23.5605, 9.30377],
			"rotation": {"angle": 45, "axis": "z", "origin": [19.57513, 30.09581, 27.55661]},
			"faces": {
				"north": {"uv": [0, 0, 0.5, 1.5], "rotation": 270, "texture": "#1"},
				"east": {"uv": [0, 0, 0.5, 1], "rotation": 90, "texture": "#1"},
				"south": {"uv": [0, 15, 1.5, 16], "rotation": 90, "texture": "#1"},
				"west": {"uv": [0, 15, 1.5, 16], "rotation": 90, "texture": "#1"},
				"up": {"uv": [0, 15, 1, 16], "rotation": 90, "texture": "#1"},
				"down": {"uv": [0, 15, 1, 16], "rotation": 90, "texture": "#1"}
			}
		},
		{
			"from": [-15.96711, 25.03486, 7.57914],
			"to": [-11.35175, 27.24398, 10.32072],
			"rotation": {"angle": 45, "axis": "z", "origin": [21.75307, 35.51306, 31.0768]},
			"faces": {
				"north": {"uv": [0, 0, 0.5, 1.5], "rotation": 270, "texture": "#4"},
				"east": {"uv": [0, 0, 0.5, 1], "rotation": 90, "texture": "#4"},
				"south": {"uv": [0, 15, 1.5, 16], "rotation": 90, "texture": "#4"},
				"west": {"uv": [0, 15, 1.5, 16], "rotation": 90, "texture": "#4"},
				"up": {"uv": [0, 15, 1, 16], "rotation": 90, "texture": "#4"},
				"down": {"uv": [0, 15, 1, 16], "rotation": 90, "texture": "#4"}
			}
		},
		{
			"from": [11.19119, 3.69382, 6.68501],
			"to": [13.25637, 5.30007, 8.97965],
			"rotation": {"angle": 22.5, "axis": "z", "origin": [18.18611, 26.48432, 25.20982]},
			"faces": {
				"north": {"uv": [0, 0, 0.7, 0.9], "rotation": 270, "texture": "#0"},
				"east": {"uv": [0, 0, 0.7, 1], "rotation": 90, "texture": "#0"},
				"south": {"uv": [0, 15, 1.5, 16], "rotation": 90, "texture": "#0"},
				"west": {"uv": [0, 15, 1.5, 16], "rotation": 90, "texture": "#0"},
				"up": {"uv": [0, 15, 1, 16], "rotation": 90, "texture": "#0"},
				"down": {"uv": [0, 15, 1, 16], "rotation": 90, "texture": "#0"}
			}
		},
		{
			"from": [9.05113, 4.31306, 6.90759],
			"to": [11.45665, 6.18402, 9.87548],
			"rotation": {"angle": 22.5, "axis": "z", "origin": [19.94085, 30.84893, 28.04599]},
			"faces": {
				"north": {"uv": [0, 0, 0.7, 0.9], "rotation": 270, "texture": "#4"},
				"east": {"uv": [0, 0, 0.7, 1], "rotation": 90, "texture": "#4"},
				"south": {"uv": [0, 15, 1.5, 16], "rotation": 90, "texture": "#4"},
				"west": {"uv": [0, 15, 1.5, 16], "rotation": 90, "texture": "#4"},
				"up": {"uv": [0, 15, 1, 16], "rotation": 90, "texture": "#4"},
				"down": {"uv": [0, 15, 1, 16], "rotation": 90, "texture": "#4"}
			}
		},
		{
			"from": [5.1258, 6.25949, 6.95698],
			"to": [5.90807, 8.08478, 9.30377],
			"rotation": {"angle": 22.5, "axis": "z", "origin": [19.83588, 30.09581, 27.81736]},
			"faces": {
				"north": {"uv": [0, 0, 0.7, 0.3], "rotation": 270, "texture": "#1"},
				"east": {"uv": [0, 0, 0.7, 0.9], "rotation": 90, "texture": "#1"},
				"south": {"uv": [0, 15, 1.5, 16], "rotation": 90, "texture": "#1"},
				"west": {"uv": [0, 15, 1.5, 16], "rotation": 90, "texture": "#1"},
				"up": {"uv": [0, 15, 1, 16], "rotation": 90, "texture": "#1"},
				"down": {"uv": [0, 15, 1, 16], "rotation": 90, "texture": "#1"}
			}
		},
		{
			"from": [3.33036, 7.05869, 7.4867],
			"to": [4.21412, 9.12078, 10.13796],
			"rotation": {"angle": 22.5, "axis": "z", "origin": [21.4395, 34.00038, 30.38843]},
			"faces": {
				"north": {"uv": [0, 0, 0.7, 0.3], "rotation": 270, "texture": "#4"},
				"east": {"uv": [0, 0, 0.7, 0.9], "rotation": 90, "texture": "#4"},
				"south": {"uv": [0, 15, 1.5, 16], "rotation": 90, "texture": "#4"},
				"west": {"uv": [0, 15, 1.5, 16], "rotation": 90, "texture": "#4"},
				"up": {"uv": [0, 15, 1, 16], "rotation": 90, "texture": "#4"},
				"down": {"uv": [0, 15, 1, 16], "rotation": 90, "texture": "#4"}
			}
		},
		{
			"from": [14.6688, 4.13096, 6.95698],
			"to": [16.23333, 8.02378, 9.30377],
			"rotation": {"angle": 0, "axis": "y", "origin": [19.13877, 25.24973, 27.81736]},
			"faces": {
				"north": {"uv": [0, 0, 1.3, 0.6], "rotation": 270, "texture": "#1"},
				"east": {"uv": [0, 0, 1.3, 0.9], "rotation": 90, "texture": "#1"},
				"south": {"uv": [0, 15, 1.5, 16], "rotation": 90, "texture": "#1"},
				"west": {"uv": [0, 15, 1.5, 16], "rotation": 90, "texture": "#1"},
				"up": {"uv": [0, 15, 1, 16], "rotation": 90, "texture": "#1"},
				"down": {"uv": [0, 15, 1, 16], "rotation": 90, "texture": "#1"}
			}
		},
		{
			"from": [14.22985, 4.08456, 7.4867],
			"to": [17.02187, 8.41716, 10.13796],
			"rotation": {"angle": 0, "axis": "y", "origin": [20.65195, 28.52558, 30.38843]},
			"faces": {
				"north": {"uv": [0, 0, 1.3, 0.6], "rotation": 270, "texture": "#4"},
				"east": {"uv": [0, 0, 1.3, 0.9], "rotation": 90, "texture": "#4"},
				"south": {"uv": [0, 15, 1.5, 16], "rotation": 90, "texture": "#4"},
				"west": {"uv": [0, 15, 1.5, 16], "rotation": 90, "texture": "#4"},
				"up": {"uv": [0, 15, 1, 16], "rotation": 90, "texture": "#4"},
				"down": {"uv": [0, 15, 1, 16], "rotation": 90, "texture": "#4"}
			}
		},
		{
			"from": [24.12364, 3.68197, 6.95698],
			"to": [25.94892, 5.2465, 9.30377],
			"rotation": {"angle": -22.5, "axis": "z", "origin": [19.13877, 25.24973, 27.81736]},
			"faces": {
				"north": {"uv": [0, 0, 0.7, 0.6], "texture": "#1"},
				"east": {"uv": [0, 0, 0.9, 0.6], "texture": "#1"},
				"south": {"uv": [0, 15, 1.5, 16], "texture": "#1"},
				"west": {"uv": [0, 15, 1.5, 16], "texture": "#1"},
				"up": {"uv": [0, 15, 1, 16], "texture": "#1"},
				"down": {"uv": [0, 15, 1, 16], "texture": "#1"}
			}
		},
		{
			"from": [25.23864, 3.09653, 7.4867],
			"to": [27.30073, 4.86404, 10.13796],
			"rotation": {"angle": -22.5, "axis": "z", "origin": [20.65195, 28.52558, 30.38843]},
			"faces": {
				"north": {"uv": [0, 0, 0.7, 0.6], "texture": "#4"},
				"east": {"uv": [0, 0, 0.9, 0.6], "texture": "#4"},
				"south": {"uv": [0, 15, 1.5, 16], "texture": "#4"},
				"west": {"uv": [0, 15, 1.5, 16], "texture": "#4"},
				"up": {"uv": [0, 15, 1, 16], "texture": "#4"},
				"down": {"uv": [0, 15, 1, 16], "texture": "#4"}
			}
		},
		{
			"from": [-2.30517, 11.63382, 6.95698],
			"to": [-1.0014, 13.4591, 9.30377],
			"rotation": {"angle": 45, "axis": "z", "origin": [19.18793, 32.14889, 27.55661]},
			"faces": {
				"north": {"uv": [0, 0, 0.7, 0.5], "rotation": 270, "texture": "#1"},
				"east": {"uv": [0, 0, 0.7, 0.9], "rotation": 90, "texture": "#1"},
				"south": {"uv": [0, 15, 1.5, 16], "rotation": 90, "texture": "#1"},
				"west": {"uv": [0, 15, 1.5, 16], "rotation": 90, "texture": "#1"},
				"up": {"uv": [0, 15, 1, 16], "rotation": 90, "texture": "#1"},
				"down": {"uv": [0, 15, 1, 16], "rotation": 90, "texture": "#1"}
			}
		},
		{
			"from": [-4.90159, 13.46081, 7.4867],
			"to": [-3.24237, 15.7092, 10.13796],
			"rotation": {"angle": 45, "axis": "z", "origin": [20.76205, 36.26525, 30.09384]},
			"faces": {
				"north": {"uv": [0, 0, 0.7, 0.5], "rotation": 270, "texture": "#4"},
				"east": {"uv": [0, 0, 0.7, 0.9], "rotation": 90, "texture": "#4"},
				"south": {"uv": [0, 15, 1.5, 16], "rotation": 90, "texture": "#4"},
				"west": {"uv": [0, 15, 1.5, 16], "rotation": 90, "texture": "#4"},
				"up": {"uv": [0, 15, 1, 16], "rotation": 90, "texture": "#4"},
				"down": {"uv": [0, 15, 1, 16], "rotation": 90, "texture": "#4"}
			}
		},
		{
			"from": [20.44519, 2.75181, 6.68501],
			"to": [23.19876, 4.35806, 8.97965],
			"rotation": {"angle": 0, "axis": "y", "origin": [19.57296, 24.94818, 25.20982]},
			"faces": {
				"north": {"uv": [0, 0, 0.7, 1.2], "rotation": 270, "texture": "#0"},
				"east": {"uv": [0, 0, 0.7, 1], "rotation": 90, "texture": "#0"},
				"south": {"uv": [0, 15, 1.5, 16], "rotation": 90, "texture": "#0"},
				"west": {"uv": [0, 15, 1.5, 16], "rotation": 90, "texture": "#0"},
				"up": {"uv": [0, 15, 1, 16], "rotation": 90, "texture": "#0"},
				"down": {"uv": [0, 15, 1, 16], "rotation": 90, "texture": "#0"}
			}
		},
		{
			"from": [20.0349, 2.16566, 6.90759],
			"to": [23.24226, 4.89268, 9.87548],
			"rotation": {"angle": 0, "axis": "y", "origin": [21.55626, 29.05964, 28.04599]},
			"faces": {
				"north": {"uv": [0, 0, 0.7, 1.2], "rotation": 270, "texture": "#4"},
				"east": {"uv": [0, 0, 0.7, 1], "rotation": 90, "texture": "#4"},
				"south": {"uv": [0, 15, 1.5, 16], "rotation": 90, "texture": "#4"},
				"west": {"uv": [0, 15, 1.5, 16], "rotation": 90, "texture": "#4"},
				"up": {"uv": [0, 15, 1, 16], "rotation": 90, "texture": "#4"},
				"down": {"uv": [0, 15, 1, 16], "rotation": 90, "texture": "#4"}
			}
		},
		{
			"from": [15.3673, 2.44462, 6.95698],
			"to": [18.49636, 4.26991, 9.30377],
			"rotation": {"angle": 0, "axis": "y", "origin": [21.15109, 28.35021, 27.55661]},
			"faces": {
				"north": {"uv": [0, 0, 0.7, 1.2], "rotation": 270, "texture": "#1"},
				"east": {"uv": [0, 0, 0.7, 0.9], "rotation": 90, "texture": "#1"},
				"south": {"uv": [0, 15, 1.5, 16], "rotation": 90, "texture": "#1"},
				"west": {"uv": [0, 15, 1.5, 16], "rotation": 90, "texture": "#1"},
				"up": {"uv": [0, 15, 1, 16], "rotation": 90, "texture": "#1"},
				"down": {"uv": [0, 15, 1, 16], "rotation": 90, "texture": "#1"}
			}
		},
		{
			"from": [15.01898, 1.99314, 7.4867],
			"to": [18.74029, 4.24153, 10.13796],
			"rotation": {"angle": 0, "axis": "y", "origin": [22.92534, 32.0283, 30.09384]},
			"faces": {
				"north": {"uv": [0, 0, 0.7, 1.2], "rotation": 270, "texture": "#4"},
				"east": {"uv": [0, 0, 0.7, 0.9], "rotation": 90, "texture": "#4"},
				"south": {"uv": [0, 15, 1.5, 16], "rotation": 90, "texture": "#4"},
				"west": {"uv": [0, 15, 1.5, 16], "rotation": 90, "texture": "#4"},
				"up": {"uv": [0, 15, 1, 16], "rotation": 90, "texture": "#4"},
				"down": {"uv": [0, 15, 1, 16], "rotation": 90, "texture": "#4"}
			}
		},
		{
			"from": [14.25917, 2.11321, 6.68501],
			"to": [16.1768, 4.01072, 8.97965],
			"rotation": {"angle": 22.5, "axis": "z", "origin": [17.12373, 24.9037, 25.20982]},
			"faces": {
				"north": {"uv": [0, 0, 0.9, 0.9], "rotation": 270, "texture": "#0"},
				"east": {"uv": [0, 0, 0.9, 1], "rotation": 90, "texture": "#0"},
				"south": {"uv": [0, 15, 1.5, 16], "rotation": 90, "texture": "#0"},
				"west": {"uv": [0, 15, 1.5, 16], "rotation": 90, "texture": "#0"},
				"up": {"uv": [0, 15, 1, 16], "rotation": 90, "texture": "#0"},
				"down": {"uv": [0, 15, 1, 16], "rotation": 90, "texture": "#0"}
			}
		},
		{
			"from": [12.62471, 2.47195, 6.90759],
			"to": [15.03023, 5.50407, 9.87548],
			"rotation": {"angle": 22.5, "axis": "z", "origin": [18.70339, 29.00783, 28.04599]},
			"faces": {
				"north": {"uv": [0, 0, 0.9, 0.9], "rotation": 270, "texture": "#4"},
				"east": {"uv": [0, 0, 0.9, 1], "rotation": 90, "texture": "#4"},
				"south": {"uv": [0, 15, 1.5, 16], "rotation": 90, "texture": "#4"},
				"west": {"uv": [0, 15, 1.5, 16], "rotation": 90, "texture": "#4"},
				"up": {"uv": [0, 15, 1, 16], "rotation": 90, "texture": "#4"},
				"down": {"uv": [0, 15, 1, 16], "rotation": 90, "texture": "#4"}
			}
		},
		{
			"from": [12.26292, 4.43968, 6.68501],
			"to": [13.04518, 4.79353, 9.29256],
			"rotation": {"angle": 22.5, "axis": "z", "origin": [18.48446, 28.34666, 27.5454]},
			"faces": {
				"north": {"uv": [0, 0, 0.2, 0.3], "rotation": 270, "texture": "#0"},
				"east": {"uv": [0, 0, 0.2, 1], "rotation": 90, "texture": "#0"},
				"south": {"uv": [0, 15, 1.5, 16], "rotation": 90, "texture": "#0"},
				"west": {"uv": [0, 15, 1.5, 16], "rotation": 90, "texture": "#0"},
				"up": {"uv": [0, 15, 1, 16], "rotation": 90, "texture": "#0"},
				"down": {"uv": [0, 15, 1, 16], "rotation": 90, "texture": "#0"}
			}
		},
		{
			"from": [11.82287, 4.34291, 6.90759],
			"to": [12.62471, 4.87747, 9.87548],
			"rotation": {"angle": 22.5, "axis": "z", "origin": [18.70339, 29.00783, 28.04599]},
			"faces": {
				"north": {"uv": [0, 0, 0.2, 0.3], "rotation": 270, "texture": "#4"},
				"east": {"uv": [0, 0, 0.2, 1], "rotation": 90, "texture": "#4"},
				"south": {"uv": [0, 15, 1.5, 16], "rotation": 90, "texture": "#4"},
				"west": {"uv": [0, 15, 1.5, 16], "rotation": 90, "texture": "#4"},
				"up": {"uv": [0, 15, 1, 16], "rotation": 90, "texture": "#4"},
				"down": {"uv": [0, 15, 1, 16], "rotation": 90, "texture": "#4"}
			}
		}
	],
	"display": {
		"thirdperson_righthand": {
			"rotation": [68, 0, 0],
			"scale": [4, 4, 2]
		},
		"head": {
			"translation": [-23.25, -19.25, 0],
			"scale": [4, 4, 2]
		}
	}
}