{
	"credit": "Made with Blockbench",
	"textures": {
		"0": "block/stone",
		"1": "block/black_concrete_powder",
		"particle": "block/stone"
	},
	"elements": [
		{
			"from": [7.39919, -1.52823, 24],
			"to": [9.89919, 1.47177, 25],
			"rotation": {"angle": 0, "axis": "z", "origin": [8.68548, -0.21371, 21.95968]},
			"faces": {
				"north": {"uv": [2, 2, 3, 3], "rotation": 270, "texture": "#0"},
				"east": {"uv": [2, 2, 3, 3], "rotation": 90, "texture": "#0"},
				"south": {"uv": [2, 2, 3, 3], "rotation": 90, "texture": "#0"},
				"west": {"uv": [2, 2, 3, 3], "rotation": 90, "texture": "#0"},
				"up": {"uv": [2, 2, 3, 3], "rotation": 90, "texture": "#0"},
				"down": {"uv": [2, 2, 3, 3], "rotation": 90, "texture": "#0"}
			}
		},
		{
			"from": [7.39919, -1.52823, 18.5],
			"to": [9.89919, 1.47177, 21],
			"rotation": {"angle": 0, "axis": "z", "origin": [8.68548, -0.21371, 21.95968]},
			"faces": {
				"north": {"uv": [2, 2, 3, 3], "rotation": 270, "texture": "#0"},
				"east": {"uv": [2, 2, 3, 3], "rotation": 90, "texture": "#0"},
				"south": {"uv": [2, 2, 3, 3], "rotation": 90, "texture": "#0"},
				"west": {"uv": [2, 2, 3, 3], "rotation": 90, "texture": "#0"},
				"up": {"uv": [2, 2, 3, 3], "rotation": 90, "texture": "#0"},
				"down": {"uv": [2, 2, 3, 3], "rotation": 90, "texture": "#0"}
			}
		},
		{
			"from": [5.5, -1.5, 17.5],
			"to": [11.5, 1, 18.25],
			"faces": {
				"north": {"uv": [2, 2, 3, 3], "texture": "#0"},
				"east": {"uv": [2, 2, 3, 3], "texture": "#0"},
				"south": {"uv": [2, 2, 3, 3], "texture": "#0"},
				"west": {"uv": [2, 2, 3, 3], "texture": "#0"},
				"up": {"uv": [2, 2, 3, 3], "texture": "#0"},
				"down": {"uv": [2, 2, 3, 3], "texture": "#0"}
			}
		},
		{
			"from": [5.5, 0.5, 17],
			"to": [11.5, 1, 17.5],
			"faces": {
				"north": {"uv": [2, 2, 3, 3], "texture": "#0"},
				"east": {"uv": [2, 2, 3, 3], "texture": "#0"},
				"south": {"uv": [2, 2, 3, 3], "texture": "#0"},
				"west": {"uv": [2, 2, 3, 3], "texture": "#0"},
				"up": {"uv": [2, 2, 3, 3], "texture": "#0"},
				"down": {"uv": [2, 2, 3, 3], "texture": "#0"}
			}
		},
		{
			"from": [10.75, 1.1, 17.25],
			"to": [11.25, 1.1, 17.75],
			"faces": {
				"north": {"uv": [2, 2, 3, 3], "texture": "#1"},
				"east": {"uv": [2, 2, 3, 3], "texture": "#1"},
				"south": {"uv": [2, 2, 3, 3], "texture": "#1"},
				"west": {"uv": [2, 2, 3, 3], "texture": "#1"},
				"up": {"uv": [2, 2, 3, 3], "texture": "#1"},
				"down": {"uv": [2, 2, 3, 3], "texture": "#1"}
			}
		},
		{
			"from": [5.75, 1.1, 17.25],
			"to": [6.25, 1.1, 17.75],
			"faces": {
				"north": {"uv": [2, 2, 3, 3], "texture": "#1"},
				"east": {"uv": [2, 2, 3, 3], "texture": "#1"},
				"south": {"uv": [2, 2, 3, 3], "texture": "#1"},
				"west": {"uv": [2, 2, 3, 3], "texture": "#1"},
				"up": {"uv": [2, 2, 3, 3], "texture": "#1"},
				"down": {"uv": [2, 2, 3, 3], "texture": "#1"}
			}
		},
		{
			"from": [6.5, 0.5, 16.5],
			"to": [7.25, 1, 17],
			"faces": {
				"north": {"uv": [2, 2, 3, 3], "texture": "#0"},
				"east": {"uv": [2, 2, 3, 3], "texture": "#0"},
				"south": {"uv": [2, 2, 3, 3], "texture": "#0"},
				"west": {"uv": [2, 2, 3, 3], "texture": "#0"},
				"up": {"uv": [2, 2, 3, 3], "texture": "#0"},
				"down": {"uv": [2, 2, 3, 3], "texture": "#0"}
			}
		},
		{
			"from": [6.5, -1.5, 16.5],
			"to": [7.25, -1, 17],
			"faces": {
				"north": {"uv": [2, 2, 3, 3], "texture": "#0"},
				"east": {"uv": [2, 2, 3, 3], "texture": "#0"},
				"south": {"uv": [2, 2, 3, 3], "texture": "#0"},
				"west": {"uv": [2, 2, 3, 3], "texture": "#0"},
				"up": {"uv": [2, 2, 3, 3], "texture": "#0"},
				"down": {"uv": [2, 2, 3, 3], "texture": "#0"}
			}
		},
		{
			"from": [10.5, 0.5, 16.5],
			"to": [11, 1, 17],
			"faces": {
				"north": {"uv": [2, 2, 3, 3], "texture": "#0"},
				"east": {"uv": [2, 2, 3, 3], "texture": "#0"},
				"south": {"uv": [2, 2, 3, 3], "texture": "#0"},
				"west": {"uv": [2, 2, 3, 3], "texture": "#0"},
				"up": {"uv": [2, 2, 3, 3], "texture": "#0"},
				"down": {"uv": [2, 2, 3, 3], "texture": "#0"}
			}
		},
		{
			"from": [10.5, -1.5, 16.5],
			"to": [11, -1, 17],
			"faces": {
				"north": {"uv": [2, 2, 3, 3], "texture": "#0"},
				"east": {"uv": [2, 2, 3, 3], "texture": "#0"},
				"south": {"uv": [2, 2, 3, 3], "texture": "#0"},
				"west": {"uv": [2, 2, 3, 3], "texture": "#0"},
				"up": {"uv": [2, 2, 3, 3], "texture": "#0"},
				"down": {"uv": [2, 2, 3, 3], "texture": "#0"}
			}
		},
		{
			"from": [10, 0.5, 16],
			"to": [10.5, 1, 16.5],
			"faces": {
				"north": {"uv": [2, 2, 3, 3], "texture": "#0"},
				"east": {"uv": [2, 2, 3, 3], "texture": "#0"},
				"south": {"uv": [2, 2, 3, 3], "texture": "#0"},
				"west": {"uv": [2, 2, 3, 3], "texture": "#0"},
				"up": {"uv": [2, 2, 3, 3], "texture": "#0"},
				"down": {"uv": [2, 2, 3, 3], "texture": "#0"}
			}
		},
		{
			"from": [10, -1.5, 16],
			"to": [10.5, -1, 16.5],
			"faces": {
				"north": {"uv": [2, 2, 3, 3], "texture": "#0"},
				"east": {"uv": [2, 2, 3, 3], "texture": "#0"},
				"south": {"uv": [2, 2, 3, 3], "texture": "#0"},
				"west": {"uv": [2, 2, 3, 3], "texture": "#0"},
				"up": {"uv": [2, 2, 3, 3], "texture": "#0"},
				"down": {"uv": [2, 2, 3, 3], "texture": "#0"}
			}
		},
		{
			"from": [7, 0.5, 16],
			"to": [7.5, 1, 16.5],
			"faces": {
				"north": {"uv": [2, 2, 3, 3], "texture": "#0"},
				"east": {"uv": [2, 2, 3, 3], "texture": "#0"},
				"south": {"uv": [2, 2, 3, 3], "texture": "#0"},
				"west": {"uv": [2, 2, 3, 3], "texture": "#0"},
				"up": {"uv": [2, 2, 3, 3], "texture": "#0"},
				"down": {"uv": [2, 2, 3, 3], "texture": "#0"}
			}
		},
		{
			"from": [7, -1.5, 16],
			"to": [7.5, -1, 16.5],
			"faces": {
				"north": {"uv": [2, 2, 3, 3], "texture": "#0"},
				"east": {"uv": [2, 2, 3, 3], "texture": "#0"},
				"south": {"uv": [2, 2, 3, 3], "texture": "#0"},
				"west": {"uv": [2, 2, 3, 3], "texture": "#0"},
				"up": {"uv": [2, 2, 3, 3], "texture": "#0"},
				"down": {"uv": [2, 2, 3, 3], "texture": "#0"}
			}
		},
		{
			"from": [9.25, 0.5, 11.75],
			"to": [9.75, 1, 12.25],
			"faces": {
				"north": {"uv": [2, 2, 3, 3], "texture": "#0"},
				"east": {"uv": [2, 2, 3, 3], "texture": "#0"},
				"south": {"uv": [2, 2, 3, 3], "texture": "#0"},
				"west": {"uv": [2, 2, 3, 3], "texture": "#0"},
				"up": {"uv": [2, 2, 3, 3], "texture": "#0"},
				"down": {"uv": [2, 2, 3, 3], "texture": "#0"}
			}
		},
		{
			"from": [9.25, -1.5, 11.75],
			"to": [9.75, -1, 12.25],
			"faces": {
				"north": {"uv": [2, 2, 3, 3], "texture": "#0"},
				"east": {"uv": [2, 2, 3, 3], "texture": "#0"},
				"south": {"uv": [2, 2, 3, 3], "texture": "#0"},
				"west": {"uv": [2, 2, 3, 3], "texture": "#0"},
				"up": {"uv": [2, 2, 3, 3], "texture": "#0"},
				"down": {"uv": [2, 2, 3, 3], "texture": "#0"}
			}
		},
		{
			"from": [7.25, 0.5, 11.75],
			"to": [7.75, 1, 12.25],
			"faces": {
				"north": {"uv": [2, 2, 3, 3], "texture": "#0"},
				"east": {"uv": [2, 2, 3, 3], "texture": "#0"},
				"south": {"uv": [2, 2, 3, 3], "texture": "#0"},
				"west": {"uv": [2, 2, 3, 3], "texture": "#0"},
				"up": {"uv": [2, 2, 3, 3], "texture": "#0"},
				"down": {"uv": [2, 2, 3, 3], "texture": "#0"}
			}
		},
		{
			"from": [7.25, -1.5, 11.75],
			"to": [7.75, -1, 12.25],
			"faces": {
				"north": {"uv": [2, 2, 3, 3], "texture": "#0"},
				"east": {"uv": [2, 2, 3, 3], "texture": "#0"},
				"south": {"uv": [2, 2, 3, 3], "texture": "#0"},
				"west": {"uv": [2, 2, 3, 3], "texture": "#0"},
				"up": {"uv": [2, 2, 3, 3], "texture": "#0"},
				"down": {"uv": [2, 2, 3, 3], "texture": "#0"}
			}
		},
		{
			"from": [7.75, 0.5, 11.25],
			"to": [9.75, 1, 11.75],
			"faces": {
				"north": {"uv": [2, 2, 3, 3], "texture": "#0"},
				"east": {"uv": [2, 2, 3, 3], "texture": "#0"},
				"south": {"uv": [2, 2, 3, 3], "texture": "#0"},
				"west": {"uv": [2, 2, 3, 3], "texture": "#0"},
				"up": {"uv": [2, 2, 3, 3], "texture": "#0"},
				"down": {"uv": [2, 2, 3, 3], "texture": "#0"}
			}
		},
		{
			"from": [7.75, -1.5, 11.25],
			"to": [9.75, -1, 11.75],
			"faces": {
				"north": {"uv": [2, 2, 3, 3], "texture": "#0"},
				"east": {"uv": [2, 2, 3, 3], "texture": "#0"},
				"south": {"uv": [2, 2, 3, 3], "texture": "#0"},
				"west": {"uv": [2, 2, 3, 3], "texture": "#0"},
				"up": {"uv": [2, 2, 3, 3], "texture": "#0"},
				"down": {"uv": [2, 2, 3, 3], "texture": "#0"}
			}
		},
		{
			"from": [7.25, 0.5, 11.25],
			"to": [7.75, 1, 11.75],
			"faces": {
				"north": {"uv": [2, 2, 3, 3], "texture": "#0"},
				"east": {"uv": [2, 2, 3, 3], "texture": "#0"},
				"south": {"uv": [2, 2, 3, 3], "texture": "#0"},
				"west": {"uv": [2, 2, 3, 3], "texture": "#0"},
				"up": {"uv": [2, 2, 3, 3], "texture": "#0"},
				"down": {"uv": [2, 2, 3, 3], "texture": "#0"}
			}
		},
		{
			"from": [7.25, -1.5, 11.25],
			"to": [7.75, -1, 11.75],
			"faces": {
				"north": {"uv": [2, 2, 3, 3], "texture": "#0"},
				"east": {"uv": [2, 2, 3, 3], "texture": "#0"},
				"south": {"uv": [2, 2, 3, 3], "texture": "#0"},
				"west": {"uv": [2, 2, 3, 3], "texture": "#0"},
				"up": {"uv": [2, 2, 3, 3], "texture": "#0"},
				"down": {"uv": [2, 2, 3, 3], "texture": "#0"}
			}
		},
		{
			"from": [7, 0.5, 10.75],
			"to": [10, 1, 11.25],
			"faces": {
				"north": {"uv": [2, 2, 3, 3], "texture": "#0"},
				"east": {"uv": [2, 2, 3, 3], "texture": "#0"},
				"south": {"uv": [2, 2, 3, 3], "texture": "#0"},
				"west": {"uv": [2, 2, 3, 3], "texture": "#0"},
				"up": {"uv": [2, 2, 3, 3], "texture": "#0"},
				"down": {"uv": [2, 2, 3, 3], "texture": "#0"}
			}
		},
		{
			"from": [7, 0.5, 7.5],
			"to": [10, 1, 8],
			"faces": {
				"north": {"uv": [2, 2, 3, 3], "texture": "#0"},
				"east": {"uv": [2, 2, 3, 3], "texture": "#0"},
				"south": {"uv": [2, 2, 3, 3], "texture": "#0"},
				"west": {"uv": [2, 2, 3, 3], "texture": "#0"},
				"up": {"uv": [2, 2, 3, 3], "texture": "#0"},
				"down": {"uv": [2, 2, 3, 3], "texture": "#0"}
			}
		},
		{
			"from": [7, -1.5, 7.5],
			"to": [10, -1, 8],
			"faces": {
				"north": {"uv": [2, 2, 3, 3], "texture": "#0"},
				"east": {"uv": [2, 2, 3, 3], "texture": "#0"},
				"south": {"uv": [2, 2, 3, 3], "texture": "#0"},
				"west": {"uv": [2, 2, 3, 3], "texture": "#0"},
				"up": {"uv": [2, 2, 3, 3], "texture": "#0"},
				"down": {"uv": [2, 2, 3, 3], "texture": "#0"}
			}
		},
		{
			"from": [7, -1.5, 10.75],
			"to": [10, -1, 11.25],
			"faces": {
				"north": {"uv": [2, 2, 3, 3], "texture": "#0"},
				"east": {"uv": [2, 2, 3, 3], "texture": "#0"},
				"south": {"uv": [2, 2, 3, 3], "texture": "#0"},
				"west": {"uv": [2, 2, 3, 3], "texture": "#0"},
				"up": {"uv": [2, 2, 3, 3], "texture": "#0"},
				"down": {"uv": [2, 2, 3, 3], "texture": "#0"}
			}
		},
		{
			"from": [9.5, 0.5, 15.5],
			"to": [10, 1, 16],
			"faces": {
				"north": {"uv": [2, 2, 3, 3], "texture": "#0"},
				"east": {"uv": [2, 2, 3, 3], "texture": "#0"},
				"south": {"uv": [2, 2, 3, 3], "texture": "#0"},
				"west": {"uv": [2, 2, 3, 3], "texture": "#0"},
				"up": {"uv": [2, 2, 3, 3], "texture": "#0"},
				"down": {"uv": [2, 2, 3, 3], "texture": "#0"}
			}
		},
		{
			"from": [9.5, -1.5, 15.5],
			"to": [10, -1, 16],
			"faces": {
				"north": {"uv": [2, 2, 3, 3], "texture": "#0"},
				"east": {"uv": [2, 2, 3, 3], "texture": "#0"},
				"south": {"uv": [2, 2, 3, 3], "texture": "#0"},
				"west": {"uv": [2, 2, 3, 3], "texture": "#0"},
				"up": {"uv": [2, 2, 3, 3], "texture": "#0"},
				"down": {"uv": [2, 2, 3, 3], "texture": "#0"}
			}
		},
		{
			"from": [7.25, 0.5, 15.5],
			"to": [7.75, 1, 16],
			"faces": {
				"north": {"uv": [2, 2, 3, 3], "texture": "#0"},
				"east": {"uv": [2, 2, 3, 3], "texture": "#0"},
				"south": {"uv": [2, 2, 3, 3], "texture": "#0"},
				"west": {"uv": [2, 2, 3, 3], "texture": "#0"},
				"up": {"uv": [2, 2, 3, 3], "texture": "#0"},
				"down": {"uv": [2, 2, 3, 3], "texture": "#0"}
			}
		},
		{
			"from": [7.25, -1.5, 15.5],
			"to": [7.75, -1, 16],
			"faces": {
				"north": {"uv": [2, 2, 3, 3], "texture": "#0"},
				"east": {"uv": [2, 2, 3, 3], "texture": "#0"},
				"south": {"uv": [2, 2, 3, 3], "texture": "#0"},
				"west": {"uv": [2, 2, 3, 3], "texture": "#0"},
				"up": {"uv": [2, 2, 3, 3], "texture": "#0"},
				"down": {"uv": [2, 2, 3, 3], "texture": "#0"}
			}
		},
		{
			"from": [9, 0.5, 12.25],
			"to": [9.5, 1, 12.75],
			"faces": {
				"north": {"uv": [2, 2, 3, 3], "texture": "#0"},
				"east": {"uv": [2, 2, 3, 3], "texture": "#0"},
				"south": {"uv": [2, 2, 3, 3], "texture": "#0"},
				"west": {"uv": [2, 2, 3, 3], "texture": "#0"},
				"up": {"uv": [2, 2, 3, 3], "texture": "#0"},
				"down": {"uv": [2, 2, 3, 3], "texture": "#0"}
			}
		},
		{
			"from": [9, -1.5, 12.25],
			"to": [9.5, -1, 12.75],
			"faces": {
				"north": {"uv": [2, 2, 3, 3], "texture": "#0"},
				"east": {"uv": [2, 2, 3, 3], "texture": "#0"},
				"south": {"uv": [2, 2, 3, 3], "texture": "#0"},
				"west": {"uv": [2, 2, 3, 3], "texture": "#0"},
				"up": {"uv": [2, 2, 3, 3], "texture": "#0"},
				"down": {"uv": [2, 2, 3, 3], "texture": "#0"}
			}
		},
		{
			"from": [7.5, 0.5, 12.25],
			"to": [8, 1, 12.75],
			"faces": {
				"north": {"uv": [2, 2, 3, 3], "texture": "#0"},
				"east": {"uv": [2, 2, 3, 3], "texture": "#0"},
				"south": {"uv": [2, 2, 3, 3], "texture": "#0"},
				"west": {"uv": [2, 2, 3, 3], "texture": "#0"},
				"up": {"uv": [2, 2, 3, 3], "texture": "#0"},
				"down": {"uv": [2, 2, 3, 3], "texture": "#0"}
			}
		},
		{
			"from": [7.5, -1.5, 12.25],
			"to": [8, -1, 12.75],
			"faces": {
				"north": {"uv": [2, 2, 3, 3], "texture": "#0"},
				"east": {"uv": [2, 2, 3, 3], "texture": "#0"},
				"south": {"uv": [2, 2, 3, 3], "texture": "#0"},
				"west": {"uv": [2, 2, 3, 3], "texture": "#0"},
				"up": {"uv": [2, 2, 3, 3], "texture": "#0"},
				"down": {"uv": [2, 2, 3, 3], "texture": "#0"}
			}
		},
		{
			"from": [9, 0.5, 15],
			"to": [9.5, 1, 15.5],
			"faces": {
				"north": {"uv": [2, 2, 3, 3], "texture": "#0"},
				"east": {"uv": [2, 2, 3, 3], "texture": "#0"},
				"south": {"uv": [2, 2, 3, 3], "texture": "#0"},
				"west": {"uv": [2, 2, 3, 3], "texture": "#0"},
				"up": {"uv": [2, 2, 3, 3], "texture": "#0"},
				"down": {"uv": [2, 2, 3, 3], "texture": "#0"}
			}
		},
		{
			"from": [9, -1.5, 15],
			"to": [9.5, -1, 15.5],
			"faces": {
				"north": {"uv": [2, 2, 3, 3], "texture": "#0"},
				"east": {"uv": [2, 2, 3, 3], "texture": "#0"},
				"south": {"uv": [2, 2, 3, 3], "texture": "#0"},
				"west": {"uv": [2, 2, 3, 3], "texture": "#0"},
				"up": {"uv": [2, 2, 3, 3], "texture": "#0"},
				"down": {"uv": [2, 2, 3, 3], "texture": "#0"}
			}
		},
		{
			"from": [8, 0.5, 15],
			"to": [9, 0.75, 15.5],
			"faces": {
				"north": {"uv": [3, 0, 4, 1], "texture": "#0"},
				"east": {"uv": [3, 0, 4, 1], "texture": "#0"},
				"south": {"uv": [3, 0, 4, 1], "texture": "#0"},
				"west": {"uv": [3, 0, 4, 1], "texture": "#0"},
				"up": {"uv": [3, 0, 4, 1], "texture": "#0"},
				"down": {"uv": [3, 0, 4, 1], "texture": "#0"}
			}
		},
		{
			"from": [8, -1.25, 15],
			"to": [9, -1, 15.5],
			"faces": {
				"north": {"uv": [3, 0, 4, 1], "texture": "#0"},
				"east": {"uv": [3, 0, 4, 1], "texture": "#0"},
				"south": {"uv": [3, 0, 4, 1], "texture": "#0"},
				"west": {"uv": [3, 0, 4, 1], "texture": "#0"},
				"up": {"uv": [3, 0, 4, 1], "texture": "#0"},
				"down": {"uv": [3, 0, 4, 1], "texture": "#0"}
			}
		},
		{
			"from": [8, 0.5, 15],
			"to": [9, 0.75, 15.5],
			"faces": {
				"north": {"uv": [3, 0, 4, 1], "texture": "#0"},
				"east": {"uv": [3, 0, 4, 1], "texture": "#0"},
				"south": {"uv": [3, 0, 4, 1], "texture": "#0"},
				"west": {"uv": [3, 0, 4, 1], "texture": "#0"},
				"up": {"uv": [3, 0, 4, 1], "texture": "#0"},
				"down": {"uv": [3, 0, 4, 1], "texture": "#0"}
			}
		},
		{
			"from": [8, 0.5, 12.25],
			"to": [9, 0.75, 13.25],
			"faces": {
				"north": {"uv": [3, 0, 4, 1], "texture": "#0"},
				"east": {"uv": [3, 0, 4, 1], "texture": "#0"},
				"south": {"uv": [3, 0, 4, 1], "texture": "#0"},
				"west": {"uv": [3, 0, 4, 1], "texture": "#0"},
				"up": {"uv": [3, 0, 4, 1], "texture": "#0"},
				"down": {"uv": [3, 0, 4, 1], "texture": "#0"}
			}
		},
		{
			"from": [8, -1.25, 12.25],
			"to": [9, -1, 13.25],
			"faces": {
				"north": {"uv": [3, 0, 4, 1], "texture": "#0"},
				"east": {"uv": [3, 0, 4, 1], "texture": "#0"},
				"south": {"uv": [3, 0, 4, 1], "texture": "#0"},
				"west": {"uv": [3, 0, 4, 1], "texture": "#0"},
				"up": {"uv": [3, 0, 4, 1], "texture": "#0"},
				"down": {"uv": [3, 0, 4, 1], "texture": "#0"}
			}
		},
		{
			"from": [8, 0.5, 12.25],
			"to": [9, 0.75, 13.25],
			"faces": {
				"north": {"uv": [3, 0, 4, 1], "texture": "#0"},
				"east": {"uv": [3, 0, 4, 1], "texture": "#0"},
				"south": {"uv": [3, 0, 4, 1], "texture": "#0"},
				"west": {"uv": [3, 0, 4, 1], "texture": "#0"},
				"up": {"uv": [3, 0, 4, 1], "texture": "#0"},
				"down": {"uv": [3, 0, 4, 1], "texture": "#0"}
			}
		},
		{
			"from": [7.75, 0.5, 11.75],
			"to": [9.25, 0.75, 12.25],
			"faces": {
				"north": {"uv": [3, 0, 4, 1], "texture": "#0"},
				"east": {"uv": [3, 0, 4, 1], "texture": "#0"},
				"south": {"uv": [3, 0, 4, 1], "texture": "#0"},
				"west": {"uv": [3, 0, 4, 1], "texture": "#0"},
				"up": {"uv": [3, 0, 4, 1], "texture": "#0"},
				"down": {"uv": [3, 0, 4, 1], "texture": "#0"}
			}
		},
		{
			"from": [7.25, 0.5, 8],
			"to": [9.75, 0.75, 10.75],
			"faces": {
				"north": {"uv": [3, 0, 4, 1], "texture": "#0"},
				"east": {"uv": [3, 0, 4, 1], "texture": "#0"},
				"south": {"uv": [3, 0, 4, 1], "texture": "#0"},
				"west": {"uv": [3, 0, 4, 1], "texture": "#0"},
				"up": {"uv": [3, 0, 4, 1], "texture": "#0"},
				"down": {"uv": [3, 0, 4, 1], "texture": "#0"}
			}
		},
		{
			"from": [7.25, -1.25, 8],
			"to": [9.75, -1, 10.75],
			"faces": {
				"north": {"uv": [3, 0, 4, 1], "texture": "#0"},
				"east": {"uv": [3, 0, 4, 1], "texture": "#0"},
				"south": {"uv": [3, 0, 4, 1], "texture": "#0"},
				"west": {"uv": [3, 0, 4, 1], "texture": "#0"},
				"up": {"uv": [3, 0, 4, 1], "texture": "#0"},
				"down": {"uv": [3, 0, 4, 1], "texture": "#0"}
			}
		},
		{
			"from": [9.75, 0.5, 8.25],
			"to": [10, 0.75, 10.5],
			"faces": {
				"north": {"uv": [3, 0, 4, 1], "texture": "#0"},
				"east": {"uv": [3, 0, 4, 1], "texture": "#0"},
				"south": {"uv": [3, 0, 4, 1], "texture": "#0"},
				"west": {"uv": [3, 0, 4, 1], "texture": "#0"},
				"up": {"uv": [3, 0, 4, 1], "texture": "#0"},
				"down": {"uv": [3, 0, 4, 1], "texture": "#0"}
			}
		},
		{
			"from": [9.75, -1.25, 8.25],
			"to": [10, -1, 10.5],
			"faces": {
				"north": {"uv": [3, 0, 4, 1], "texture": "#0"},
				"east": {"uv": [3, 0, 4, 1], "texture": "#0"},
				"south": {"uv": [3, 0, 4, 1], "texture": "#0"},
				"west": {"uv": [3, 0, 4, 1], "texture": "#0"},
				"up": {"uv": [3, 0, 4, 1], "texture": "#0"},
				"down": {"uv": [3, 0, 4, 1], "texture": "#0"}
			}
		},
		{
			"from": [7, 0.5, 8.25],
			"to": [7.25, 0.75, 10.5],
			"faces": {
				"north": {"uv": [3, 0, 4, 1], "texture": "#0"},
				"east": {"uv": [3, 0, 4, 1], "texture": "#0"},
				"south": {"uv": [3, 0, 4, 1], "texture": "#0"},
				"west": {"uv": [3, 0, 4, 1], "texture": "#0"},
				"up": {"uv": [3, 0, 4, 1], "texture": "#0"},
				"down": {"uv": [3, 0, 4, 1], "texture": "#0"}
			}
		},
		{
			"from": [7, -1.25, 8.25],
			"to": [7.25, -1, 10.5],
			"faces": {
				"north": {"uv": [3, 0, 4, 1], "texture": "#0"},
				"east": {"uv": [3, 0, 4, 1], "texture": "#0"},
				"south": {"uv": [3, 0, 4, 1], "texture": "#0"},
				"west": {"uv": [3, 0, 4, 1], "texture": "#0"},
				"up": {"uv": [3, 0, 4, 1], "texture": "#0"},
				"down": {"uv": [3, 0, 4, 1], "texture": "#0"}
			}
		},
		{
			"from": [7.75, -1.25, 11.75],
			"to": [9.25, -1, 12.25],
			"faces": {
				"north": {"uv": [3, 0, 4, 1], "texture": "#0"},
				"east": {"uv": [3, 0, 4, 1], "texture": "#0"},
				"south": {"uv": [3, 0, 4, 1], "texture": "#0"},
				"west": {"uv": [3, 0, 4, 1], "texture": "#0"},
				"up": {"uv": [3, 0, 4, 1], "texture": "#0"},
				"down": {"uv": [3, 0, 4, 1], "texture": "#0"}
			}
		},
		{
			"from": [7.75, 0.5, 11.75],
			"to": [9.25, 0.75, 12.25],
			"faces": {
				"north": {"uv": [3, 0, 4, 1], "texture": "#0"},
				"east": {"uv": [3, 0, 4, 1], "texture": "#0"},
				"south": {"uv": [3, 0, 4, 1], "texture": "#0"},
				"west": {"uv": [3, 0, 4, 1], "texture": "#0"},
				"up": {"uv": [3, 0, 4, 1], "texture": "#0"},
				"down": {"uv": [3, 0, 4, 1], "texture": "#0"}
			}
		},
		{
			"from": [7.75, 0.5, 15.5],
			"to": [9.5, 0.75, 16],
			"faces": {
				"north": {"uv": [3, 0, 4, 1], "texture": "#0"},
				"east": {"uv": [3, 0, 4, 1], "texture": "#0"},
				"south": {"uv": [3, 0, 4, 1], "texture": "#0"},
				"west": {"uv": [3, 0, 4, 1], "texture": "#0"},
				"up": {"uv": [3, 0, 4, 1], "texture": "#0"},
				"down": {"uv": [3, 0, 4, 1], "texture": "#0"}
			}
		},
		{
			"from": [7.75, -1.25, 15.5],
			"to": [9.5, -1, 16],
			"faces": {
				"north": {"uv": [3, 0, 4, 1], "texture": "#0"},
				"east": {"uv": [3, 0, 4, 1], "texture": "#0"},
				"south": {"uv": [3, 0, 4, 1], "texture": "#0"},
				"west": {"uv": [3, 0, 4, 1], "texture": "#0"},
				"up": {"uv": [3, 0, 4, 1], "texture": "#0"},
				"down": {"uv": [3, 0, 4, 1], "texture": "#0"}
			}
		},
		{
			"from": [7.75, 0.5, 15.5],
			"to": [9.5, 0.75, 16],
			"faces": {
				"north": {"uv": [3, 0, 4, 1], "texture": "#0"},
				"east": {"uv": [3, 0, 4, 1], "texture": "#0"},
				"south": {"uv": [3, 0, 4, 1], "texture": "#0"},
				"west": {"uv": [3, 0, 4, 1], "texture": "#0"},
				"up": {"uv": [3, 0, 4, 1], "texture": "#0"},
				"down": {"uv": [3, 0, 4, 1], "texture": "#0"}
			}
		},
		{
			"from": [7.5, 0.5, 16],
			"to": [10, 0.75, 16.5],
			"faces": {
				"north": {"uv": [3, 0, 4, 1], "texture": "#0"},
				"east": {"uv": [3, 0, 4, 1], "texture": "#0"},
				"south": {"uv": [3, 0, 4, 1], "texture": "#0"},
				"west": {"uv": [3, 0, 4, 1], "texture": "#0"},
				"up": {"uv": [3, 0, 4, 1], "texture": "#0"},
				"down": {"uv": [3, 0, 4, 1], "texture": "#0"}
			}
		},
		{
			"from": [7.5, -1.25, 16],
			"to": [10, -1, 16.5],
			"faces": {
				"north": {"uv": [3, 0, 4, 1], "texture": "#0"},
				"east": {"uv": [3, 0, 4, 1], "texture": "#0"},
				"south": {"uv": [3, 0, 4, 1], "texture": "#0"},
				"west": {"uv": [3, 0, 4, 1], "texture": "#0"},
				"up": {"uv": [3, 0, 4, 1], "texture": "#0"},
				"down": {"uv": [3, 0, 4, 1], "texture": "#0"}
			}
		},
		{
			"from": [7.5, 0.5, 16],
			"to": [10, 0.75, 16.5],
			"faces": {
				"north": {"uv": [3, 0, 4, 1], "texture": "#0"},
				"east": {"uv": [3, 0, 4, 1], "texture": "#0"},
				"south": {"uv": [3, 0, 4, 1], "texture": "#0"},
				"west": {"uv": [3, 0, 4, 1], "texture": "#0"},
				"up": {"uv": [3, 0, 4, 1], "texture": "#0"},
				"down": {"uv": [3, 0, 4, 1], "texture": "#0"}
			}
		},
		{
			"from": [7.25, 0.5, 16.5],
			"to": [10.5, 0.75, 17],
			"faces": {
				"north": {"uv": [3, 0, 4, 1], "texture": "#0"},
				"east": {"uv": [3, 0, 4, 1], "texture": "#0"},
				"south": {"uv": [3, 0, 4, 1], "texture": "#0"},
				"west": {"uv": [3, 0, 4, 1], "texture": "#0"},
				"up": {"uv": [3, 0, 4, 1], "texture": "#0"},
				"down": {"uv": [3, 0, 4, 1], "texture": "#0"}
			}
		},
		{
			"from": [7.25, -1.25, 16.5],
			"to": [10.5, -1, 17],
			"faces": {
				"north": {"uv": [3, 0, 4, 1], "texture": "#0"},
				"east": {"uv": [3, 0, 4, 1], "texture": "#0"},
				"south": {"uv": [3, 0, 4, 1], "texture": "#0"},
				"west": {"uv": [3, 0, 4, 1], "texture": "#0"},
				"up": {"uv": [3, 0, 4, 1], "texture": "#0"},
				"down": {"uv": [3, 0, 4, 1], "texture": "#0"}
			}
		},
		{
			"from": [7.5, 0.5, 15],
			"to": [8, 1, 15.5],
			"faces": {
				"north": {"uv": [2, 2, 3, 3], "texture": "#0"},
				"east": {"uv": [2, 2, 3, 3], "texture": "#0"},
				"south": {"uv": [2, 2, 3, 3], "texture": "#0"},
				"west": {"uv": [2, 2, 3, 3], "texture": "#0"},
				"up": {"uv": [2, 2, 3, 3], "texture": "#0"},
				"down": {"uv": [2, 2, 3, 3], "texture": "#0"}
			}
		},
		{
			"from": [7.5, -1.5, 15],
			"to": [8, -1, 15.5],
			"faces": {
				"north": {"uv": [2, 2, 3, 3], "texture": "#0"},
				"east": {"uv": [2, 2, 3, 3], "texture": "#0"},
				"south": {"uv": [2, 2, 3, 3], "texture": "#0"},
				"west": {"uv": [2, 2, 3, 3], "texture": "#0"},
				"up": {"uv": [2, 2, 3, 3], "texture": "#0"},
				"down": {"uv": [2, 2, 3, 3], "texture": "#0"}
			}
		},
		{
			"from": [9, 0.5, 12.75],
			"to": [9.5, 1, 13.25],
			"faces": {
				"north": {"uv": [2, 2, 3, 3], "texture": "#0"},
				"east": {"uv": [2, 2, 3, 3], "texture": "#0"},
				"south": {"uv": [2, 2, 3, 3], "texture": "#0"},
				"west": {"uv": [2, 2, 3, 3], "texture": "#0"},
				"up": {"uv": [2, 2, 3, 3], "texture": "#0"},
				"down": {"uv": [2, 2, 3, 3], "texture": "#0"}
			}
		},
		{
			"from": [9, -1.5, 12.75],
			"to": [9.5, -1, 13.25],
			"faces": {
				"north": {"uv": [2, 2, 3, 3], "texture": "#0"},
				"east": {"uv": [2, 2, 3, 3], "texture": "#0"},
				"south": {"uv": [2, 2, 3, 3], "texture": "#0"},
				"west": {"uv": [2, 2, 3, 3], "texture": "#0"},
				"up": {"uv": [2, 2, 3, 3], "texture": "#0"},
				"down": {"uv": [2, 2, 3, 3], "texture": "#0"}
			}
		},
		{
			"from": [7.5, 0.5, 12.75],
			"to": [8, 1, 13.25],
			"faces": {
				"north": {"uv": [2, 2, 3, 3], "texture": "#0"},
				"east": {"uv": [2, 2, 3, 3], "texture": "#0"},
				"south": {"uv": [2, 2, 3, 3], "texture": "#0"},
				"west": {"uv": [2, 2, 3, 3], "texture": "#0"},
				"up": {"uv": [2, 2, 3, 3], "texture": "#0"},
				"down": {"uv": [2, 2, 3, 3], "texture": "#0"}
			}
		},
		{
			"from": [7.5, 0.5, 13.25],
			"to": [7.75, 1, 13.5],
			"faces": {
				"north": {"uv": [2, 2, 3, 3], "texture": "#0"},
				"east": {"uv": [2, 2, 3, 3], "texture": "#0"},
				"south": {"uv": [2, 2, 3, 3], "texture": "#0"},
				"west": {"uv": [2, 2, 3, 3], "texture": "#0"},
				"up": {"uv": [2, 2, 3, 3], "texture": "#0"},
				"down": {"uv": [2, 2, 3, 3], "texture": "#0"}
			}
		},
		{
			"from": [7.5, -1.5, 13.25],
			"to": [7.75, -1, 13.5],
			"faces": {
				"north": {"uv": [2, 2, 3, 3], "texture": "#0"},
				"east": {"uv": [2, 2, 3, 3], "texture": "#0"},
				"south": {"uv": [2, 2, 3, 3], "texture": "#0"},
				"west": {"uv": [2, 2, 3, 3], "texture": "#0"},
				"up": {"uv": [2, 2, 3, 3], "texture": "#0"},
				"down": {"uv": [2, 2, 3, 3], "texture": "#0"}
			}
		},
		{
			"from": [9, 0.5, 13.25],
			"to": [9.25, 1, 13.5],
			"faces": {
				"north": {"uv": [2, 2, 3, 3], "texture": "#0"},
				"east": {"uv": [2, 2, 3, 3], "texture": "#0"},
				"south": {"uv": [2, 2, 3, 3], "texture": "#0"},
				"west": {"uv": [2, 2, 3, 3], "texture": "#0"},
				"up": {"uv": [2, 2, 3, 3], "texture": "#0"},
				"down": {"uv": [2, 2, 3, 3], "texture": "#0"}
			}
		},
		{
			"from": [9, -1.5, 13.25],
			"to": [9.25, -1, 13.5],
			"faces": {
				"north": {"uv": [2, 2, 3, 3], "texture": "#0"},
				"east": {"uv": [2, 2, 3, 3], "texture": "#0"},
				"south": {"uv": [2, 2, 3, 3], "texture": "#0"},
				"west": {"uv": [2, 2, 3, 3], "texture": "#0"},
				"up": {"uv": [2, 2, 3, 3], "texture": "#0"},
				"down": {"uv": [2, 2, 3, 3], "texture": "#0"}
			}
		},
		{
			"from": [7.5, -1.5, 12.75],
			"to": [8, -1, 13.25],
			"faces": {
				"north": {"uv": [2, 2, 3, 3], "texture": "#0"},
				"east": {"uv": [2, 2, 3, 3], "texture": "#0"},
				"south": {"uv": [2, 2, 3, 3], "texture": "#0"},
				"west": {"uv": [2, 2, 3, 3], "texture": "#0"},
				"up": {"uv": [2, 2, 3, 3], "texture": "#0"},
				"down": {"uv": [2, 2, 3, 3], "texture": "#0"}
			}
		},
		{
			"from": [7.75, 0.5, 13.25],
			"to": [9, 1, 15],
			"faces": {
				"north": {"uv": [2, 2, 3, 3], "texture": "#0"},
				"east": {"uv": [2, 2, 3, 3], "texture": "#0"},
				"south": {"uv": [2, 2, 3, 3], "texture": "#0"},
				"west": {"uv": [2, 2, 3, 3], "texture": "#0"},
				"up": {"uv": [2, 2, 3, 3], "texture": "#0"},
				"down": {"uv": [2, 2, 3, 3], "texture": "#0"}
			}
		},
		{
			"from": [7.75, -1.5, 13.25],
			"to": [9, -1, 15],
			"faces": {
				"north": {"uv": [2, 2, 3, 3], "texture": "#0"},
				"east": {"uv": [2, 2, 3, 3], "texture": "#0"},
				"south": {"uv": [2, 2, 3, 3], "texture": "#0"},
				"west": {"uv": [2, 2, 3, 3], "texture": "#0"},
				"up": {"uv": [2, 2, 3, 3], "texture": "#0"},
				"down": {"uv": [2, 2, 3, 3], "texture": "#0"}
			}
		},
		{
			"from": [5.5, -1.5, 17],
			"to": [11.5, -1, 17.5],
			"faces": {
				"north": {"uv": [2, 2, 3, 3], "texture": "#0"},
				"east": {"uv": [2, 2, 3, 3], "texture": "#0"},
				"south": {"uv": [2, 2, 3, 3], "texture": "#0"},
				"west": {"uv": [2, 2, 3, 3], "texture": "#0"},
				"up": {"uv": [2, 2, 3, 3], "texture": "#0"},
				"down": {"uv": [2, 2, 3, 3], "texture": "#0"}
			}
		},
		{
			"from": [7.75, -0.75, 17.75],
			"to": [9.25, 0.25, 18.5],
			"faces": {
				"north": {"uv": [4, 5, 5, 6], "texture": "#0"},
				"east": {"uv": [4, 5, 5, 6], "texture": "#0"},
				"south": {"uv": [4, 5, 5, 6], "texture": "#0"},
				"west": {"uv": [4, 5, 5, 6], "texture": "#0"},
				"up": {"uv": [4, 5, 5, 6], "texture": "#0"},
				"down": {"uv": [4, 5, 5, 6], "texture": "#0"}
			}
		},
		{
			"from": [7.39919, 1.47177, 21],
			"to": [9.89919, 2.47177, 24],
			"rotation": {"angle": 0, "axis": "z", "origin": [8.68548, -0.21371, 21.95968]},
			"faces": {
				"north": {"uv": [2, 2, 3, 3], "texture": "#0"},
				"east": {"uv": [2, 2, 3, 3], "rotation": 180, "texture": "#0"},
				"south": {"uv": [2, 2, 3, 3], "rotation": 180, "texture": "#0"},
				"west": {"uv": [2, 2, 3, 3], "rotation": 180, "texture": "#0"},
				"up": {"uv": [2, 2, 3, 3], "rotation": 180, "texture": "#0"},
				"down": {"uv": [2, 2, 3, 3], "rotation": 180, "texture": "#0"}
			}
		},
		{
			"from": [6.5, 0.5, 8],
			"to": [7, 1, 10.75],
			"rotation": {"angle": 0, "axis": "y", "origin": [8.375, -0.25, 10.625]},
			"faces": {
				"north": {"uv": [2, 2, 3, 3], "rotation": 90, "texture": "#0"},
				"east": {"uv": [2, 2, 3, 3], "rotation": 90, "texture": "#0"},
				"south": {"uv": [2, 2, 3, 3], "rotation": 90, "texture": "#0"},
				"west": {"uv": [2, 2, 3, 3], "rotation": 90, "texture": "#0"},
				"up": {"uv": [2, 2, 3, 3], "rotation": 270, "texture": "#0"},
				"down": {"uv": [2, 2, 3, 3], "rotation": 270, "texture": "#0"}
			}
		},
		{
			"from": [6.5, -1.5, 8],
			"to": [7, -1, 10.75],
			"rotation": {"angle": 0, "axis": "y", "origin": [8.375, -0.25, 10.625]},
			"faces": {
				"north": {"uv": [2, 2, 3, 3], "rotation": 90, "texture": "#0"},
				"east": {"uv": [2, 2, 3, 3], "rotation": 90, "texture": "#0"},
				"south": {"uv": [2, 2, 3, 3], "rotation": 90, "texture": "#0"},
				"west": {"uv": [2, 2, 3, 3], "rotation": 90, "texture": "#0"},
				"up": {"uv": [2, 2, 3, 3], "rotation": 270, "texture": "#0"},
				"down": {"uv": [2, 2, 3, 3], "rotation": 270, "texture": "#0"}
			}
		},
		{
			"from": [10, 0.5, 8],
			"to": [10.5, 1, 10.75],
			"rotation": {"angle": 0, "axis": "y", "origin": [8.375, -0.25, 10.625]},
			"faces": {
				"north": {"uv": [2, 2, 3, 3], "rotation": 90, "texture": "#0"},
				"east": {"uv": [2, 2, 3, 3], "rotation": 90, "texture": "#0"},
				"south": {"uv": [2, 2, 3, 3], "rotation": 90, "texture": "#0"},
				"west": {"uv": [2, 2, 3, 3], "rotation": 90, "texture": "#0"},
				"up": {"uv": [2, 2, 3, 3], "rotation": 270, "texture": "#0"},
				"down": {"uv": [2, 2, 3, 3], "rotation": 270, "texture": "#0"}
			}
		},
		{
			"from": [10, -1.5, 8],
			"to": [10.5, -1, 10.75],
			"rotation": {"angle": 0, "axis": "y", "origin": [8.375, -0.25, 10.625]},
			"faces": {
				"north": {"uv": [2, 2, 3, 3], "rotation": 90, "texture": "#0"},
				"east": {"uv": [2, 2, 3, 3], "rotation": 90, "texture": "#0"},
				"south": {"uv": [2, 2, 3, 3], "rotation": 90, "texture": "#0"},
				"west": {"uv": [2, 2, 3, 3], "rotation": 90, "texture": "#0"},
				"up": {"uv": [2, 2, 3, 3], "rotation": 270, "texture": "#0"},
				"down": {"uv": [2, 2, 3, 3], "rotation": 270, "texture": "#0"}
			}
		},
		{
			"from": [7.39919, -2.52823, 21],
			"to": [9.89919, -1.52823, 24],
			"rotation": {"angle": 0, "axis": "z", "origin": [8.68548, -0.21371, 21.95968]},
			"faces": {
				"north": {"uv": [2, 2, 3, 3], "texture": "#0"},
				"east": {"uv": [2, 2, 3, 3], "rotation": 180, "texture": "#0"},
				"south": {"uv": [2, 2, 3, 3], "rotation": 180, "texture": "#0"},
				"west": {"uv": [2, 2, 3, 3], "rotation": 180, "texture": "#0"},
				"up": {"uv": [2, 2, 3, 3], "rotation": 180, "texture": "#0"},
				"down": {"uv": [2, 2, 3, 3], "rotation": 180, "texture": "#0"}
			}
		},
		{
			"from": [8, -0.5, 22.25],
			"to": [9, 0.25, 22.75],
			"rotation": {"angle": 0, "axis": "y", "origin": [8.5, 0.5, 7.5]},
			"faces": {
				"north": {"uv": [5, 2, 6, 3], "rotation": 90, "texture": "#0"},
				"east": {"uv": [5, 2, 6, 3], "rotation": 90, "texture": "#0"},
				"south": {"uv": [5, 2, 6, 3], "rotation": 90, "texture": "#0"},
				"west": {"uv": [5, 2, 6, 3], "rotation": 90, "texture": "#0"},
				"up": {"uv": [5, 2, 6, 3], "rotation": 90, "texture": "#0"},
				"down": {"uv": [5, 2, 6, 3], "rotation": 90, "texture": "#0"}
			}
		},
		{
			"from": [8, -1.25, 23],
			"to": [9, 1.25, 24],
			"rotation": {"angle": 0, "axis": "y", "origin": [8.5, 0.5, 7.5]},
			"faces": {
				"north": {"uv": [3, 3, 4, 4], "rotation": 90, "texture": "#0"},
				"east": {"uv": [3, 3, 4, 4], "rotation": 90, "texture": "#0"},
				"south": {"uv": [3, 3, 4, 4], "rotation": 90, "texture": "#0"},
				"west": {"uv": [3, 3, 4, 4], "rotation": 90, "texture": "#0"},
				"up": {"uv": [3, 3, 4, 4], "rotation": 90, "texture": "#0"},
				"down": {"uv": [3, 3, 4, 4], "rotation": 90, "texture": "#0"}
			}
		},
		{
			"from": [8, -1.25, 21],
			"to": [9, 1.25, 22],
			"rotation": {"angle": 0, "axis": "y", "origin": [8.5, 0.5, 7.5]},
			"faces": {
				"north": {"uv": [3, 3, 4, 4], "rotation": 90, "texture": "#0"},
				"east": {"uv": [3, 3, 4, 4], "rotation": 90, "texture": "#0"},
				"south": {"uv": [3, 3, 4, 4], "rotation": 90, "texture": "#0"},
				"west": {"uv": [3, 3, 4, 4], "rotation": 90, "texture": "#0"},
				"up": {"uv": [3, 3, 4, 4], "rotation": 90, "texture": "#0"},
				"down": {"uv": [3, 3, 4, 4], "rotation": 90, "texture": "#0"}
			}
		},
		{
			"from": [8, 0.18, 22],
			"to": [9, 1.25, 23],
			"rotation": {"angle": 0, "axis": "x", "origin": [8.5, 0, 21.5]},
			"faces": {
				"north": {"uv": [3, 3, 4, 4], "rotation": 270, "texture": "#0"},
				"east": {"uv": [3, 3, 4, 4], "texture": "#0"},
				"south": {"uv": [3, 3, 4, 4], "rotation": 90, "texture": "#0"},
				"west": {"uv": [3, 3, 4, 4], "rotation": 180, "texture": "#0"},
				"up": {"uv": [3, 3, 4, 4], "rotation": 270, "texture": "#0"},
				"down": {"uv": [3, 3, 4, 4], "rotation": 90, "texture": "#0"}
			}
		},
		{
			"from": [8, -1.25, 22],
			"to": [9, -0.25, 23],
			"rotation": {"angle": 0, "axis": "x", "origin": [8.5, 0, 21.5]},
			"faces": {
				"north": {"uv": [3, 3, 4, 4], "rotation": 270, "texture": "#0"},
				"east": {"uv": [3, 3, 4, 4], "texture": "#0"},
				"south": {"uv": [3, 3, 4, 4], "rotation": 90, "texture": "#0"},
				"west": {"uv": [3, 3, 4, 4], "rotation": 180, "texture": "#0"},
				"up": {"uv": [3, 3, 4, 4], "rotation": 270, "texture": "#0"},
				"down": {"uv": [3, 3, 4, 4], "rotation": 90, "texture": "#0"}
			}
		},
		{
			"from": [8, -1.5, 21.25],
			"to": [9, -1.25, 23.75],
			"rotation": {"angle": 0, "axis": "x", "origin": [8.5, 0, 21.5]},
			"faces": {
				"north": {"uv": [3, 3, 4, 4], "rotation": 270, "texture": "#0"},
				"east": {"uv": [3, 3, 4, 4], "texture": "#0"},
				"south": {"uv": [3, 3, 4, 4], "rotation": 90, "texture": "#0"},
				"west": {"uv": [3, 3, 4, 4], "rotation": 180, "texture": "#0"},
				"up": {"uv": [3, 3, 4, 4], "rotation": 270, "texture": "#0"},
				"down": {"uv": [3, 3, 4, 4], "rotation": 90, "texture": "#0"}
			}
		},
		{
			"from": [8, 1.25, 21.25],
			"to": [9, 1.5, 23.75],
			"rotation": {"angle": 0, "axis": "x", "origin": [8.5, 0, 21.5]},
			"faces": {
				"north": {"uv": [3, 3, 4, 4], "rotation": 270, "texture": "#0"},
				"east": {"uv": [3, 3, 4, 4], "texture": "#0"},
				"south": {"uv": [3, 3, 4, 4], "rotation": 90, "texture": "#0"},
				"west": {"uv": [3, 3, 4, 4], "rotation": 180, "texture": "#0"},
				"up": {"uv": [3, 3, 4, 4], "rotation": 270, "texture": "#0"},
				"down": {"uv": [3, 3, 4, 4], "rotation": 90, "texture": "#0"}
			}
		},
		{
			"from": [7.39919, -2.27823, 20.75],
			"to": [9.89919, -1.52823, 21],
			"rotation": {"angle": 0, "axis": "z", "origin": [8.68548, -0.21371, 21.95968]},
			"faces": {
				"north": {"uv": [2, 2, 3, 3], "texture": "#0"},
				"east": {"uv": [2, 2, 3, 3], "rotation": 180, "texture": "#0"},
				"south": {"uv": [2, 2, 3, 3], "rotation": 180, "texture": "#0"},
				"west": {"uv": [2, 2, 3, 3], "rotation": 180, "texture": "#0"},
				"up": {"uv": [2, 2, 3, 3], "rotation": 180, "texture": "#0"},
				"down": {"uv": [2, 2, 3, 3], "rotation": 180, "texture": "#0"}
			}
		},
		{
			"from": [7.39919, -2.27823, 24],
			"to": [9.89919, -1.52823, 24.25],
			"rotation": {"angle": 0, "axis": "z", "origin": [8.68548, -0.21371, 21.95968]},
			"faces": {
				"north": {"uv": [2, 2, 3, 3], "texture": "#0"},
				"east": {"uv": [2, 2, 3, 3], "rotation": 180, "texture": "#0"},
				"south": {"uv": [2, 2, 3, 3], "rotation": 180, "texture": "#0"},
				"west": {"uv": [2, 2, 3, 3], "rotation": 180, "texture": "#0"},
				"up": {"uv": [2, 2, 3, 3], "rotation": 180, "texture": "#0"},
				"down": {"uv": [2, 2, 3, 3], "rotation": 180, "texture": "#0"}
			}
		},
		{
			"from": [7.39919, 1.47177, 20.75],
			"to": [9.89919, 2.22177, 21],
			"rotation": {"angle": 0, "axis": "z", "origin": [8.68548, -0.21371, 21.95968]},
			"faces": {
				"north": {"uv": [2, 2, 3, 3], "texture": "#0"},
				"east": {"uv": [2, 2, 3, 3], "rotation": 180, "texture": "#0"},
				"south": {"uv": [2, 2, 3, 3], "rotation": 180, "texture": "#0"},
				"west": {"uv": [2, 2, 3, 3], "rotation": 180, "texture": "#0"},
				"up": {"uv": [2, 2, 3, 3], "rotation": 180, "texture": "#0"},
				"down": {"uv": [2, 2, 3, 3], "rotation": 180, "texture": "#0"}
			}
		},
		{
			"from": [7.39919, 1.47177, 24],
			"to": [9.89919, 2.22177, 24.25],
			"rotation": {"angle": 0, "axis": "z", "origin": [8.68548, -0.21371, 21.95968]},
			"faces": {
				"north": {"uv": [2, 2, 3, 3], "texture": "#0"},
				"east": {"uv": [2, 2, 3, 3], "rotation": 180, "texture": "#0"},
				"south": {"uv": [2, 2, 3, 3], "rotation": 180, "texture": "#0"},
				"west": {"uv": [2, 2, 3, 3], "rotation": 180, "texture": "#0"},
				"up": {"uv": [2, 2, 3, 3], "rotation": 180, "texture": "#0"},
				"down": {"uv": [2, 2, 3, 3], "rotation": 180, "texture": "#0"}
			}
		},
		{
			"from": [7.39919, -2.02823, 20.5],
			"to": [9.89919, -1.52823, 20.75],
			"rotation": {"angle": 0, "axis": "z", "origin": [8.68548, -0.21371, 21.95968]},
			"faces": {
				"north": {"uv": [2, 2, 3, 3], "texture": "#0"},
				"east": {"uv": [2, 2, 3, 3], "rotation": 180, "texture": "#0"},
				"south": {"uv": [2, 2, 3, 3], "rotation": 180, "texture": "#0"},
				"west": {"uv": [2, 2, 3, 3], "rotation": 180, "texture": "#0"},
				"up": {"uv": [2, 2, 3, 3], "rotation": 180, "texture": "#0"},
				"down": {"uv": [2, 2, 3, 3], "rotation": 180, "texture": "#0"}
			}
		},
		{
			"from": [7.39919, -2.02823, 24.25],
			"to": [9.89919, -1.52823, 24.5],
			"rotation": {"angle": 0, "axis": "z", "origin": [8.68548, -0.21371, 21.95968]},
			"faces": {
				"north": {"uv": [2, 2, 3, 3], "texture": "#0"},
				"east": {"uv": [2, 2, 3, 3], "rotation": 180, "texture": "#0"},
				"south": {"uv": [2, 2, 3, 3], "rotation": 180, "texture": "#0"},
				"west": {"uv": [2, 2, 3, 3], "rotation": 180, "texture": "#0"},
				"up": {"uv": [2, 2, 3, 3], "rotation": 180, "texture": "#0"},
				"down": {"uv": [2, 2, 3, 3], "rotation": 180, "texture": "#0"}
			}
		},
		{
			"from": [7.39919, 1.47177, 20.5],
			"to": [9.89919, 1.97177, 20.75],
			"rotation": {"angle": 0, "axis": "z", "origin": [8.68548, -0.21371, 21.95968]},
			"faces": {
				"north": {"uv": [2, 2, 3, 3], "texture": "#0"},
				"east": {"uv": [2, 2, 3, 3], "rotation": 180, "texture": "#0"},
				"south": {"uv": [2, 2, 3, 3], "rotation": 180, "texture": "#0"},
				"west": {"uv": [2, 2, 3, 3], "rotation": 180, "texture": "#0"},
				"up": {"uv": [2, 2, 3, 3], "rotation": 180, "texture": "#0"},
				"down": {"uv": [2, 2, 3, 3], "rotation": 180, "texture": "#0"}
			}
		},
		{
			"from": [7.39919, 1.47177, 24.25],
			"to": [9.89919, 1.97177, 24.5],
			"rotation": {"angle": 0, "axis": "z", "origin": [8.68548, -0.21371, 21.95968]},
			"faces": {
				"north": {"uv": [2, 2, 3, 3], "texture": "#0"},
				"east": {"uv": [2, 2, 3, 3], "rotation": 180, "texture": "#0"},
				"south": {"uv": [2, 2, 3, 3], "rotation": 180, "texture": "#0"},
				"west": {"uv": [2, 2, 3, 3], "rotation": 180, "texture": "#0"},
				"up": {"uv": [2, 2, 3, 3], "rotation": 180, "texture": "#0"},
				"down": {"uv": [2, 2, 3, 3], "rotation": 180, "texture": "#0"}
			}
		},
		{
			"from": [7.39919, -1.77823, 20.25],
			"to": [9.89919, -1.52823, 20.5],
			"rotation": {"angle": 0, "axis": "z", "origin": [8.68548, -0.21371, 21.95968]},
			"faces": {
				"north": {"uv": [2, 2, 3, 3], "texture": "#0"},
				"east": {"uv": [2, 2, 3, 3], "rotation": 180, "texture": "#0"},
				"south": {"uv": [2, 2, 3, 3], "rotation": 180, "texture": "#0"},
				"west": {"uv": [2, 2, 3, 3], "rotation": 180, "texture": "#0"},
				"up": {"uv": [2, 2, 3, 3], "rotation": 180, "texture": "#0"},
				"down": {"uv": [2, 2, 3, 3], "rotation": 180, "texture": "#0"}
			}
		},
		{
			"from": [10, 0.5, 10.75],
			"to": [10.25, 1, 11],
			"rotation": {"angle": 0, "axis": "y", "origin": [8.5, 0.5, 7.5]},
			"faces": {
				"north": {"uv": [2, 2, 3, 3], "rotation": 90, "texture": "#0"},
				"east": {"uv": [2, 2, 3, 3], "rotation": 90, "texture": "#0"},
				"south": {"uv": [2, 2, 3, 3], "rotation": 90, "texture": "#0"},
				"west": {"uv": [2, 2, 3, 3], "rotation": 90, "texture": "#0"},
				"up": {"uv": [2, 2, 3, 3], "rotation": 90, "texture": "#0"},
				"down": {"uv": [2, 2, 3, 3], "rotation": 90, "texture": "#0"}
			}
		},
		{
			"from": [10, -1.5, 10.75],
			"to": [10.25, -1, 11],
			"rotation": {"angle": 0, "axis": "y", "origin": [8.5, 0.5, 7.5]},
			"faces": {
				"north": {"uv": [2, 2, 3, 3], "rotation": 90, "texture": "#0"},
				"east": {"uv": [2, 2, 3, 3], "rotation": 90, "texture": "#0"},
				"south": {"uv": [2, 2, 3, 3], "rotation": 90, "texture": "#0"},
				"west": {"uv": [2, 2, 3, 3], "rotation": 90, "texture": "#0"},
				"up": {"uv": [2, 2, 3, 3], "rotation": 90, "texture": "#0"},
				"down": {"uv": [2, 2, 3, 3], "rotation": 90, "texture": "#0"}
			}
		},
		{
			"from": [6.75, 0.5, 10.75],
			"to": [7, 1, 11],
			"rotation": {"angle": 0, "axis": "y", "origin": [8.5, 0.5, 7.5]},
			"faces": {
				"north": {"uv": [2, 2, 3, 3], "rotation": 90, "texture": "#0"},
				"east": {"uv": [2, 2, 3, 3], "rotation": 90, "texture": "#0"},
				"south": {"uv": [2, 2, 3, 3], "rotation": 90, "texture": "#0"},
				"west": {"uv": [2, 2, 3, 3], "rotation": 90, "texture": "#0"},
				"up": {"uv": [2, 2, 3, 3], "rotation": 90, "texture": "#0"},
				"down": {"uv": [2, 2, 3, 3], "rotation": 90, "texture": "#0"}
			}
		},
		{
			"from": [6.75, -1.5, 10.75],
			"to": [7, -1, 11],
			"rotation": {"angle": 0, "axis": "y", "origin": [8.5, 0.5, 7.5]},
			"faces": {
				"north": {"uv": [2, 2, 3, 3], "rotation": 90, "texture": "#0"},
				"east": {"uv": [2, 2, 3, 3], "rotation": 90, "texture": "#0"},
				"south": {"uv": [2, 2, 3, 3], "rotation": 90, "texture": "#0"},
				"west": {"uv": [2, 2, 3, 3], "rotation": 90, "texture": "#0"},
				"up": {"uv": [2, 2, 3, 3], "rotation": 90, "texture": "#0"},
				"down": {"uv": [2, 2, 3, 3], "rotation": 90, "texture": "#0"}
			}
		},
		{
			"from": [7, 0.5, 10.5],
			"to": [7.25, 1, 10.75],
			"rotation": {"angle": 0, "axis": "y", "origin": [8.5, 0.5, 7.5]},
			"faces": {
				"north": {"uv": [2, 2, 3, 3], "rotation": 90, "texture": "#0"},
				"east": {"uv": [2, 2, 3, 3], "rotation": 90, "texture": "#0"},
				"south": {"uv": [2, 2, 3, 3], "rotation": 90, "texture": "#0"},
				"west": {"uv": [2, 2, 3, 3], "rotation": 90, "texture": "#0"},
				"up": {"uv": [2, 2, 3, 3], "rotation": 90, "texture": "#0"},
				"down": {"uv": [2, 2, 3, 3], "rotation": 90, "texture": "#0"}
			}
		},
		{
			"from": [7, -1.5, 10.5],
			"to": [7.25, -1, 10.75],
			"rotation": {"angle": 0, "axis": "y", "origin": [8.5, 0.5, 7.5]},
			"faces": {
				"north": {"uv": [2, 2, 3, 3], "rotation": 90, "texture": "#0"},
				"east": {"uv": [2, 2, 3, 3], "rotation": 90, "texture": "#0"},
				"south": {"uv": [2, 2, 3, 3], "rotation": 90, "texture": "#0"},
				"west": {"uv": [2, 2, 3, 3], "rotation": 90, "texture": "#0"},
				"up": {"uv": [2, 2, 3, 3], "rotation": 90, "texture": "#0"},
				"down": {"uv": [2, 2, 3, 3], "rotation": 90, "texture": "#0"}
			}
		},
		{
			"from": [7, 0.5, 8],
			"to": [7.25, 1, 8.25],
			"rotation": {"angle": 0, "axis": "y", "origin": [8.5, 0.5, 7.5]},
			"faces": {
				"north": {"uv": [2, 2, 3, 3], "rotation": 90, "texture": "#0"},
				"east": {"uv": [2, 2, 3, 3], "rotation": 90, "texture": "#0"},
				"south": {"uv": [2, 2, 3, 3], "rotation": 90, "texture": "#0"},
				"west": {"uv": [2, 2, 3, 3], "rotation": 90, "texture": "#0"},
				"up": {"uv": [2, 2, 3, 3], "rotation": 90, "texture": "#0"},
				"down": {"uv": [2, 2, 3, 3], "rotation": 90, "texture": "#0"}
			}
		},
		{
			"from": [7, -1.5, 8],
			"to": [7.25, -1, 8.25],
			"rotation": {"angle": 0, "axis": "y", "origin": [8.5, 0.5, 7.5]},
			"faces": {
				"north": {"uv": [2, 2, 3, 3], "rotation": 90, "texture": "#0"},
				"east": {"uv": [2, 2, 3, 3], "rotation": 90, "texture": "#0"},
				"south": {"uv": [2, 2, 3, 3], "rotation": 90, "texture": "#0"},
				"west": {"uv": [2, 2, 3, 3], "rotation": 90, "texture": "#0"},
				"up": {"uv": [2, 2, 3, 3], "rotation": 90, "texture": "#0"},
				"down": {"uv": [2, 2, 3, 3], "rotation": 90, "texture": "#0"}
			}
		},
		{
			"from": [9.75, 0.5, 8],
			"to": [10, 1, 8.25],
			"rotation": {"angle": 0, "axis": "y", "origin": [8.5, 0.5, 7.5]},
			"faces": {
				"north": {"uv": [2, 2, 3, 3], "rotation": 90, "texture": "#0"},
				"east": {"uv": [2, 2, 3, 3], "rotation": 90, "texture": "#0"},
				"south": {"uv": [2, 2, 3, 3], "rotation": 90, "texture": "#0"},
				"west": {"uv": [2, 2, 3, 3], "rotation": 90, "texture": "#0"},
				"up": {"uv": [2, 2, 3, 3], "rotation": 90, "texture": "#0"},
				"down": {"uv": [2, 2, 3, 3], "rotation": 90, "texture": "#0"}
			}
		},
		{
			"from": [9.75, -1.5, 8],
			"to": [10, -1, 8.25],
			"rotation": {"angle": 0, "axis": "y", "origin": [8.5, 0.5, 7.5]},
			"faces": {
				"north": {"uv": [2, 2, 3, 3], "rotation": 90, "texture": "#0"},
				"east": {"uv": [2, 2, 3, 3], "rotation": 90, "texture": "#0"},
				"south": {"uv": [2, 2, 3, 3], "rotation": 90, "texture": "#0"},
				"west": {"uv": [2, 2, 3, 3], "rotation": 90, "texture": "#0"},
				"up": {"uv": [2, 2, 3, 3], "rotation": 90, "texture": "#0"},
				"down": {"uv": [2, 2, 3, 3], "rotation": 90, "texture": "#0"}
			}
		},
		{
			"from": [9.75, 0.5, 10.5],
			"to": [10, 1, 10.75],
			"rotation": {"angle": 0, "axis": "y", "origin": [8.5, 0.5, 7.5]},
			"faces": {
				"north": {"uv": [2, 2, 3, 3], "rotation": 90, "texture": "#0"},
				"east": {"uv": [2, 2, 3, 3], "rotation": 90, "texture": "#0"},
				"south": {"uv": [2, 2, 3, 3], "rotation": 90, "texture": "#0"},
				"west": {"uv": [2, 2, 3, 3], "rotation": 90, "texture": "#0"},
				"up": {"uv": [2, 2, 3, 3], "rotation": 90, "texture": "#0"},
				"down": {"uv": [2, 2, 3, 3], "rotation": 90, "texture": "#0"}
			}
		},
		{
			"from": [9.75, -1.5, 10.5],
			"to": [10, -1, 10.75],
			"rotation": {"angle": 0, "axis": "y", "origin": [8.5, 0.5, 7.5]},
			"faces": {
				"north": {"uv": [2, 2, 3, 3], "rotation": 90, "texture": "#0"},
				"east": {"uv": [2, 2, 3, 3], "rotation": 90, "texture": "#0"},
				"south": {"uv": [2, 2, 3, 3], "rotation": 90, "texture": "#0"},
				"west": {"uv": [2, 2, 3, 3], "rotation": 90, "texture": "#0"},
				"up": {"uv": [2, 2, 3, 3], "rotation": 90, "texture": "#0"},
				"down": {"uv": [2, 2, 3, 3], "rotation": 90, "texture": "#0"}
			}
		},
		{
			"from": [6.75, 0.5, 7.75],
			"to": [7, 1, 8],
			"rotation": {"angle": 0, "axis": "y", "origin": [8.5, 0.5, 7.5]},
			"faces": {
				"north": {"uv": [2, 2, 3, 3], "rotation": 90, "texture": "#0"},
				"east": {"uv": [2, 2, 3, 3], "rotation": 90, "texture": "#0"},
				"south": {"uv": [2, 2, 3, 3], "rotation": 90, "texture": "#0"},
				"west": {"uv": [2, 2, 3, 3], "rotation": 90, "texture": "#0"},
				"up": {"uv": [2, 2, 3, 3], "rotation": 90, "texture": "#0"},
				"down": {"uv": [2, 2, 3, 3], "rotation": 90, "texture": "#0"}
			}
		},
		{
			"from": [6.75, -1.5, 7.75],
			"to": [7, -1, 8],
			"rotation": {"angle": 0, "axis": "y", "origin": [8.5, 0.5, 7.5]},
			"faces": {
				"north": {"uv": [2, 2, 3, 3], "rotation": 90, "texture": "#0"},
				"east": {"uv": [2, 2, 3, 3], "rotation": 90, "texture": "#0"},
				"south": {"uv": [2, 2, 3, 3], "rotation": 90, "texture": "#0"},
				"west": {"uv": [2, 2, 3, 3], "rotation": 90, "texture": "#0"},
				"up": {"uv": [2, 2, 3, 3], "rotation": 90, "texture": "#0"},
				"down": {"uv": [2, 2, 3, 3], "rotation": 90, "texture": "#0"}
			}
		},
		{
			"from": [10, 0.5, 7.75],
			"to": [10.25, 1, 8],
			"rotation": {"angle": 0, "axis": "y", "origin": [8.5, 0.5, 7.5]},
			"faces": {
				"north": {"uv": [2, 2, 3, 3], "rotation": 90, "texture": "#0"},
				"east": {"uv": [2, 2, 3, 3], "rotation": 90, "texture": "#0"},
				"south": {"uv": [2, 2, 3, 3], "rotation": 90, "texture": "#0"},
				"west": {"uv": [2, 2, 3, 3], "rotation": 90, "texture": "#0"},
				"up": {"uv": [2, 2, 3, 3], "rotation": 90, "texture": "#0"},
				"down": {"uv": [2, 2, 3, 3], "rotation": 90, "texture": "#0"}
			}
		},
		{
			"from": [10, -1.5, 7.75],
			"to": [10.25, -1, 8],
			"rotation": {"angle": 0, "axis": "y", "origin": [8.5, 0.5, 7.5]},
			"faces": {
				"north": {"uv": [2, 2, 3, 3], "rotation": 90, "texture": "#0"},
				"east": {"uv": [2, 2, 3, 3], "rotation": 90, "texture": "#0"},
				"south": {"uv": [2, 2, 3, 3], "rotation": 90, "texture": "#0"},
				"west": {"uv": [2, 2, 3, 3], "rotation": 90, "texture": "#0"},
				"up": {"uv": [2, 2, 3, 3], "rotation": 90, "texture": "#0"},
				"down": {"uv": [2, 2, 3, 3], "rotation": 90, "texture": "#0"}
			}
		},
		{
			"from": [7.39919, -1.52823, 21],
			"to": [9.89919, -1.27823, 21.25],
			"rotation": {"angle": 0, "axis": "z", "origin": [8.68548, -0.21371, 21.95968]},
			"faces": {
				"north": {"uv": [2, 2, 3, 3], "texture": "#0"},
				"east": {"uv": [2, 2, 3, 3], "rotation": 180, "texture": "#0"},
				"south": {"uv": [2, 2, 3, 3], "rotation": 180, "texture": "#0"},
				"west": {"uv": [2, 2, 3, 3], "rotation": 180, "texture": "#0"},
				"up": {"uv": [2, 2, 3, 3], "rotation": 180, "texture": "#0"},
				"down": {"uv": [2, 2, 3, 3], "rotation": 180, "texture": "#0"}
			}
		},
		{
			"from": [7.64919, -0.27823, 22],
			"to": [9.39919, 0.22177, 22.25],
			"rotation": {"angle": 0, "axis": "z", "origin": [8.68548, -0.21371, 21.95968]},
			"faces": {
				"north": {"uv": [2, 2, 3, 3], "texture": "#0"},
				"east": {"uv": [2, 2, 3, 3], "rotation": 180, "texture": "#0"},
				"south": {"uv": [2, 2, 3, 3], "rotation": 180, "texture": "#0"},
				"west": {"uv": [2, 2, 3, 3], "rotation": 180, "texture": "#0"},
				"up": {"uv": [2, 2, 3, 3], "rotation": 180, "texture": "#0"},
				"down": {"uv": [2, 2, 3, 3], "rotation": 180, "texture": "#0"}
			}
		},
		{
			"from": [8.25, -1.5, 8.75],
			"to": [8.75, 1, 9],
			"rotation": {"angle": 0, "axis": "y", "origin": [8.5, 0.5, 7.5]},
			"faces": {
				"north": {"uv": [2, 2, 3, 3], "rotation": 90, "texture": "#0"},
				"east": {"uv": [2, 2, 3, 3], "rotation": 90, "texture": "#0"},
				"south": {"uv": [2, 2, 3, 3], "rotation": 90, "texture": "#0"},
				"west": {"uv": [2, 2, 3, 3], "rotation": 90, "texture": "#0"},
				"up": {"uv": [2, 2, 3, 3], "rotation": 90, "texture": "#0"},
				"down": {"uv": [2, 2, 3, 3], "rotation": 90, "texture": "#0"}
			}
		},
		{
			"from": [7.64919, 0.22177, 22.25],
			"to": [9.39919, 0.47177, 22.75],
			"rotation": {"angle": 0, "axis": "z", "origin": [8.54435, -0.28091, 22.34722]},
			"faces": {
				"north": {"uv": [2, 2, 3, 3], "texture": "#0"},
				"east": {"uv": [2, 2, 3, 3], "rotation": 180, "texture": "#0"},
				"south": {"uv": [2, 2, 3, 3], "rotation": 180, "texture": "#0"},
				"west": {"uv": [2, 2, 3, 3], "rotation": 180, "texture": "#0"},
				"up": {"uv": [2, 2, 3, 3], "rotation": 180, "texture": "#0"},
				"down": {"uv": [2, 2, 3, 3], "rotation": 180, "texture": "#0"}
			}
		},
		{
			"from": [8, -1.5, 9],
			"to": [8.25, 1, 9.5],
			"rotation": {"angle": 0, "axis": "y", "origin": [8.5, 0.5, 7.5]},
			"faces": {
				"north": {"uv": [2, 2, 3, 3], "rotation": 90, "texture": "#0"},
				"east": {"uv": [2, 2, 3, 3], "rotation": 90, "texture": "#0"},
				"south": {"uv": [2, 2, 3, 3], "rotation": 90, "texture": "#0"},
				"west": {"uv": [2, 2, 3, 3], "rotation": 90, "texture": "#0"},
				"up": {"uv": [2, 2, 3, 3], "rotation": 90, "texture": "#0"},
				"down": {"uv": [2, 2, 3, 3], "rotation": 90, "texture": "#0"}
			}
		},
		{
			"from": [7.64919, -0.52823, 22.25],
			"to": [9.39919, -0.27823, 22.75],
			"rotation": {"angle": 0, "axis": "z", "origin": [8.68548, -0.21371, 21.95968]},
			"faces": {
				"north": {"uv": [2, 2, 3, 3], "texture": "#0"},
				"east": {"uv": [2, 2, 3, 3], "rotation": 180, "texture": "#0"},
				"south": {"uv": [2, 2, 3, 3], "rotation": 180, "texture": "#0"},
				"west": {"uv": [2, 2, 3, 3], "rotation": 180, "texture": "#0"},
				"up": {"uv": [2, 2, 3, 3], "rotation": 180, "texture": "#0"},
				"down": {"uv": [2, 2, 3, 3], "rotation": 180, "texture": "#0"}
			}
		},
		{
			"from": [8.75, -1.5, 9],
			"to": [9, 1, 9.5],
			"rotation": {"angle": 0, "axis": "y", "origin": [8.5, 0.5, 7.5]},
			"faces": {
				"north": {"uv": [2, 2, 3, 3], "rotation": 90, "texture": "#0"},
				"east": {"uv": [2, 2, 3, 3], "rotation": 90, "texture": "#0"},
				"south": {"uv": [2, 2, 3, 3], "rotation": 90, "texture": "#0"},
				"west": {"uv": [2, 2, 3, 3], "rotation": 90, "texture": "#0"},
				"up": {"uv": [2, 2, 3, 3], "rotation": 90, "texture": "#0"},
				"down": {"uv": [2, 2, 3, 3], "rotation": 90, "texture": "#0"}
			}
		},
		{
			"from": [7.64919, -0.27823, 22.75],
			"to": [9.39919, 0.22177, 23],
			"rotation": {"angle": 0, "axis": "z", "origin": [8.68548, -0.21371, 21.95968]},
			"faces": {
				"north": {"uv": [2, 2, 3, 3], "texture": "#0"},
				"east": {"uv": [2, 2, 3, 3], "rotation": 180, "texture": "#0"},
				"south": {"uv": [2, 2, 3, 3], "rotation": 180, "texture": "#0"},
				"west": {"uv": [2, 2, 3, 3], "rotation": 180, "texture": "#0"},
				"up": {"uv": [2, 2, 3, 3], "rotation": 180, "texture": "#0"},
				"down": {"uv": [2, 2, 3, 3], "rotation": 180, "texture": "#0"}
			}
		},
		{
			"from": [8.25, -1.5, 9.5],
			"to": [8.75, 1, 9.75],
			"rotation": {"angle": 0, "axis": "y", "origin": [8.5, 0.5, 7.5]},
			"faces": {
				"north": {"uv": [2, 2, 3, 3], "rotation": 90, "texture": "#0"},
				"east": {"uv": [2, 2, 3, 3], "rotation": 90, "texture": "#0"},
				"south": {"uv": [2, 2, 3, 3], "rotation": 90, "texture": "#0"},
				"west": {"uv": [2, 2, 3, 3], "rotation": 90, "texture": "#0"},
				"up": {"uv": [2, 2, 3, 3], "rotation": 90, "texture": "#0"},
				"down": {"uv": [2, 2, 3, 3], "rotation": 90, "texture": "#0"}
			}
		},
		{
			"from": [7.39919, -1.52823, 23.75],
			"to": [9.89919, -1.27823, 24],
			"rotation": {"angle": 0, "axis": "z", "origin": [8.68548, -0.21371, 21.95968]},
			"faces": {
				"north": {"uv": [2, 2, 3, 3], "texture": "#0"},
				"east": {"uv": [2, 2, 3, 3], "rotation": 180, "texture": "#0"},
				"south": {"uv": [2, 2, 3, 3], "rotation": 180, "texture": "#0"},
				"west": {"uv": [2, 2, 3, 3], "rotation": 180, "texture": "#0"},
				"up": {"uv": [2, 2, 3, 3], "rotation": 180, "texture": "#0"},
				"down": {"uv": [2, 2, 3, 3], "rotation": 180, "texture": "#0"}
			}
		},
		{
			"from": [7.39919, 1.22177, 23.75],
			"to": [9.89919, 1.47177, 24],
			"rotation": {"angle": 0, "axis": "z", "origin": [8.68548, -0.21371, 21.95968]},
			"faces": {
				"north": {"uv": [2, 2, 3, 3], "texture": "#0"},
				"east": {"uv": [2, 2, 3, 3], "rotation": 180, "texture": "#0"},
				"south": {"uv": [2, 2, 3, 3], "rotation": 180, "texture": "#0"},
				"west": {"uv": [2, 2, 3, 3], "rotation": 180, "texture": "#0"},
				"up": {"uv": [2, 2, 3, 3], "rotation": 180, "texture": "#0"},
				"down": {"uv": [2, 2, 3, 3], "rotation": 180, "texture": "#0"}
			}
		},
		{
			"from": [7.32527, 1.26344, 21],
			"to": [9.82527, 1.51344, 21.25],
			"rotation": {"angle": 0, "axis": "z", "origin": [8.54435, -0.28091, 22.34722]},
			"faces": {
				"north": {"uv": [2, 2, 3, 3], "texture": "#0"},
				"east": {"uv": [2, 2, 3, 3], "rotation": 180, "texture": "#0"},
				"south": {"uv": [2, 2, 3, 3], "rotation": 180, "texture": "#0"},
				"west": {"uv": [2, 2, 3, 3], "rotation": 180, "texture": "#0"},
				"up": {"uv": [2, 2, 3, 3], "rotation": 180, "texture": "#0"},
				"down": {"uv": [2, 2, 3, 3], "rotation": 180, "texture": "#0"}
			}
		},
		{
			"from": [7.39919, -1.77823, 24.5],
			"to": [9.89919, -1.52823, 24.75],
			"rotation": {"angle": 0, "axis": "z", "origin": [8.68548, -0.21371, 21.95968]},
			"faces": {
				"north": {"uv": [2, 2, 3, 3], "texture": "#0"},
				"east": {"uv": [2, 2, 3, 3], "rotation": 180, "texture": "#0"},
				"south": {"uv": [2, 2, 3, 3], "rotation": 180, "texture": "#0"},
				"west": {"uv": [2, 2, 3, 3], "rotation": 180, "texture": "#0"},
				"up": {"uv": [2, 2, 3, 3], "rotation": 180, "texture": "#0"},
				"down": {"uv": [2, 2, 3, 3], "rotation": 180, "texture": "#0"}
			}
		},
		{
			"from": [7.39919, 1.47177, 20.25],
			"to": [9.89919, 1.72177, 20.5],
			"rotation": {"angle": 0, "axis": "z", "origin": [8.68548, -0.21371, 21.95968]},
			"faces": {
				"north": {"uv": [2, 2, 3, 3], "texture": "#0"},
				"east": {"uv": [2, 2, 3, 3], "rotation": 180, "texture": "#0"},
				"south": {"uv": [2, 2, 3, 3], "rotation": 180, "texture": "#0"},
				"west": {"uv": [2, 2, 3, 3], "rotation": 180, "texture": "#0"},
				"up": {"uv": [2, 2, 3, 3], "rotation": 180, "texture": "#0"},
				"down": {"uv": [2, 2, 3, 3], "rotation": 180, "texture": "#0"}
			}
		},
		{
			"from": [7.89919, 1.47177, 18.5],
			"to": [9.39919, 1.72177, 20.25],
			"rotation": {"angle": 0, "axis": "z", "origin": [8.68548, -0.21371, 21.95968]},
			"faces": {
				"north": {"uv": [2, 2, 3, 3], "texture": "#0"},
				"east": {"uv": [2, 2, 3, 3], "rotation": 180, "texture": "#0"},
				"south": {"uv": [2, 2, 3, 3], "rotation": 180, "texture": "#0"},
				"west": {"uv": [2, 2, 3, 3], "rotation": 180, "texture": "#0"},
				"up": {"uv": [2, 2, 3, 3], "rotation": 180, "texture": "#0"},
				"down": {"uv": [2, 2, 3, 3], "rotation": 180, "texture": "#0"}
			}
		},
		{
			"from": [8.14919, 1.72177, 18.5],
			"to": [9.14919, 1.97177, 20.5],
			"rotation": {"angle": 0, "axis": "z", "origin": [8.68548, -0.21371, 21.95968]},
			"faces": {
				"north": {"uv": [2, 2, 3, 3], "texture": "#0"},
				"east": {"uv": [2, 2, 3, 3], "rotation": 180, "texture": "#0"},
				"south": {"uv": [2, 2, 3, 3], "rotation": 180, "texture": "#0"},
				"west": {"uv": [2, 2, 3, 3], "rotation": 180, "texture": "#0"},
				"up": {"uv": [2, 2, 3, 3], "rotation": 180, "texture": "#0"},
				"down": {"uv": [2, 2, 3, 3], "rotation": 180, "texture": "#0"}
			}
		},
		{
			"from": [7.89919, -2.27823, 18.5],
			"to": [9.39919, -2.02823, 20.75],
			"rotation": {"angle": 0, "axis": "z", "origin": [8.68548, -0.21371, 21.95968]},
			"faces": {
				"north": {"uv": [2, 2, 5, 11], "texture": "#0"},
				"east": {"uv": [2, 2, 5, 11], "rotation": 180, "texture": "#0"},
				"south": {"uv": [2, 2, 5, 11], "rotation": 180, "texture": "#0"},
				"west": {"uv": [2, 2, 5, 11], "rotation": 180, "texture": "#0"},
				"up": {"uv": [2, 2, 5, 11], "rotation": 180, "texture": "#0"},
				"down": {"uv": [2, 2, 5, 11], "rotation": 180, "texture": "#0"}
			}
		},
		{
			"from": [7.39919, -2.02823, 18.5],
			"to": [9.89919, -1.77823, 20.5],
			"rotation": {"angle": 0, "axis": "z", "origin": [8.68548, -0.21371, 21.95968]},
			"faces": {
				"north": {"uv": [1, 0, 2, 1], "texture": "#0"},
				"east": {"uv": [1, 0, 2, 1], "rotation": 180, "texture": "#0"},
				"south": {"uv": [1, 0, 2, 1], "rotation": 180, "texture": "#0"},
				"west": {"uv": [1, 0, 2, 1], "rotation": 180, "texture": "#0"},
				"up": {"uv": [1, 0, 2, 1], "rotation": 180, "texture": "#0"},
				"down": {"uv": [1, 0, 2, 1], "rotation": 180, "texture": "#0"}
			}
		},
		{
			"from": [7.14919, -1.77823, 18.5],
			"to": [10.14919, -1.52823, 20.25],
			"rotation": {"angle": 0, "axis": "z", "origin": [8.68548, -0.21371, 21.95968]},
			"faces": {
				"north": {"uv": [1, 0, 2, 1], "texture": "#0"},
				"east": {"uv": [1, 0, 2, 1], "rotation": 180, "texture": "#0"},
				"south": {"uv": [1, 0, 2, 1], "rotation": 180, "texture": "#0"},
				"west": {"uv": [1, 0, 2, 1], "rotation": 180, "texture": "#0"},
				"up": {"uv": [1, 0, 2, 1], "rotation": 180, "texture": "#0"},
				"down": {"uv": [1, 0, 2, 1], "rotation": 180, "texture": "#0"}
			}
		},
		{
			"from": [9.89919, -1.52823, 18.5],
			"to": [10.14919, -1.27823, 20.25],
			"rotation": {"angle": 0, "axis": "z", "origin": [8.68548, -0.21371, 21.95968]},
			"faces": {
				"north": {"uv": [1, 0, 2, 1], "texture": "#0"},
				"east": {"uv": [1, 0, 2, 1], "rotation": 180, "texture": "#0"},
				"south": {"uv": [1, 0, 2, 1], "rotation": 180, "texture": "#0"},
				"west": {"uv": [1, 0, 2, 1], "rotation": 180, "texture": "#0"},
				"up": {"uv": [1, 0, 2, 1], "rotation": 180, "texture": "#0"},
				"down": {"uv": [1, 0, 2, 1], "rotation": 180, "texture": "#0"}
			}
		},
		{
			"from": [9.75, -1.75, 18.5],
			"to": [10, -1.5, 20.25],
			"rotation": {"angle": 0, "axis": "y", "origin": [8.5, 0.5, 7.5]},
			"faces": {
				"north": {"uv": [1, 0, 2, 1], "rotation": 90, "texture": "#0"},
				"east": {"uv": [1, 0, 2, 1], "rotation": 90, "texture": "#0"},
				"south": {"uv": [1, 0, 2, 1], "rotation": 90, "texture": "#0"},
				"west": {"uv": [1, 0, 2, 1], "rotation": 90, "texture": "#0"},
				"up": {"uv": [1, 0, 2, 1], "rotation": 90, "texture": "#0"},
				"down": {"uv": [1, 0, 2, 1], "rotation": 90, "texture": "#0"}
			}
		},
		{
			"from": [7.39919, 1.47177, 24.5],
			"to": [9.89919, 1.72177, 24.75],
			"rotation": {"angle": 0, "axis": "z", "origin": [8.68548, -0.21371, 21.95968]},
			"faces": {
				"north": {"uv": [2, 2, 3, 3], "texture": "#0"},
				"east": {"uv": [2, 2, 3, 3], "rotation": 180, "texture": "#0"},
				"south": {"uv": [2, 2, 3, 3], "rotation": 180, "texture": "#0"},
				"west": {"uv": [2, 2, 3, 3], "rotation": 180, "texture": "#0"},
				"up": {"uv": [2, 2, 3, 3], "rotation": 180, "texture": "#0"},
				"down": {"uv": [2, 2, 3, 3], "rotation": 180, "texture": "#0"}
			}
		},
		{
			"from": [5.75, -1, 17.25],
			"to": [6.25, 0.5, 17.5],
			"faces": {
				"north": {"uv": [0, 0, 0.25, 1.5], "texture": "#1"},
				"east": {"uv": [0, 0, 0.25, 1.5], "texture": "#1"},
				"south": {"uv": [0, 0, 0.25, 1.5], "texture": "#1"},
				"west": {"uv": [0, 0, 0.25, 1.5], "texture": "#1"},
				"up": {"uv": [0, 0, 0.25, 1.5], "texture": "#1"},
				"down": {"uv": [0, 0, 0.25, 1.5], "texture": "#1"}
			}
		},
		{
			"from": [6, -0.5, 16.75],
			"to": [6.25, 0, 17.25],
			"faces": {
				"north": {"uv": [2, 2, 4, 3], "texture": "#0"},
				"east": {"uv": [2, 2, 4, 3], "texture": "#0"},
				"south": {"uv": [2, 2, 4, 3], "texture": "#0"},
				"west": {"uv": [2, 2, 4, 3], "texture": "#0"},
				"up": {"uv": [2, 2, 4, 3], "texture": "#0"},
				"down": {"uv": [2, 2, 4, 3], "texture": "#0"}
			}
		},
		{
			"from": [10.98333, -0.5, 16.75],
			"to": [11.23333, 0, 17.25],
			"rotation": {"angle": 0, "axis": "z", "origin": [6.36667, -0.25, 14.175]},
			"faces": {
				"north": {"uv": [2, 2, 4, 3], "rotation": 180, "texture": "#0"},
				"east": {"uv": [2, 2, 4, 3], "rotation": 180, "texture": "#0"},
				"south": {"uv": [2, 2, 4, 3], "rotation": 180, "texture": "#0"},
				"west": {"uv": [2, 2, 4, 3], "rotation": 180, "texture": "#0"},
				"up": {"uv": [2, 2, 4, 3], "rotation": 180, "texture": "#0"},
				"down": {"uv": [2, 2, 4, 3], "rotation": 180, "texture": "#0"}
			}
		},
		{
			"from": [6.5, -0.5, 10.5],
			"to": [6.75, 0, 11.75],
			"faces": {
				"north": {"uv": [2, 2, 4, 3], "texture": "#0"},
				"east": {"uv": [2, 2, 4, 3], "texture": "#0"},
				"south": {"uv": [2, 2, 4, 3], "texture": "#0"},
				"west": {"uv": [2, 2, 4, 3], "texture": "#0"},
				"up": {"uv": [2, 2, 4, 3], "texture": "#0"},
				"down": {"uv": [2, 2, 4, 3], "texture": "#0"}
			}
		},
		{
			"from": [6.25, -0.5, 11.75],
			"to": [6.75, 0, 12.25],
			"faces": {
				"north": {"uv": [0, 0, 0, 1], "texture": "#0"},
				"east": {"uv": [0, 0, 0, 1], "texture": "#0"},
				"south": {"uv": [0, 0, 0, 1], "texture": "#0"},
				"west": {"uv": [0, 0, 0, 1], "texture": "#0"},
				"up": {"uv": [0, 0, 0, 1], "texture": "#0"},
				"down": {"uv": [0, 0, 0, 1], "texture": "#0"}
			}
		},
		{
			"from": [10.48333, -0.5, 11.75],
			"to": [10.98333, 0, 12.25],
			"rotation": {"angle": 0, "axis": "z", "origin": [6.36667, -0.25, 14.175]},
			"faces": {
				"north": {"uv": [0, 0, 0, 1], "rotation": 180, "texture": "#0"},
				"east": {"uv": [0, 0, 0, 1], "rotation": 180, "texture": "#0"},
				"south": {"uv": [0, 0, 0, 1], "rotation": 180, "texture": "#0"},
				"west": {"uv": [0, 0, 0, 1], "rotation": 180, "texture": "#0"},
				"up": {"uv": [0, 0, 0, 1], "rotation": 180, "texture": "#0"},
				"down": {"uv": [0, 0, 0, 1], "rotation": 180, "texture": "#0"}
			}
		},
		{
			"from": [10.48333, -0.5, 8.25],
			"to": [10.73333, 0, 11.75],
			"rotation": {"angle": 0, "axis": "z", "origin": [6.36667, -0.25, 14.175]},
			"faces": {
				"north": {"uv": [0, 0, 0, 1], "rotation": 180, "texture": "#0"},
				"east": {"uv": [0, 0, 0, 1], "rotation": 180, "texture": "#0"},
				"south": {"uv": [0, 0, 0, 1], "rotation": 180, "texture": "#0"},
				"west": {"uv": [0, 0, 0, 1], "rotation": 180, "texture": "#0"},
				"up": {"uv": [0, 0, 0, 1], "rotation": 180, "texture": "#0"},
				"down": {"uv": [0, 0, 0, 1], "rotation": 180, "texture": "#0"}
			}
		},
		{
			"from": [6, -0.5, 16.25],
			"to": [6.5, 0, 16.75],
			"faces": {
				"north": {"uv": [0, 0, 0, 1], "texture": "#0"},
				"east": {"uv": [0, 0, 0, 1], "texture": "#0"},
				"south": {"uv": [0, 0, 0, 1], "texture": "#0"},
				"west": {"uv": [0, 0, 0, 1], "texture": "#0"},
				"up": {"uv": [0, 0, 0, 1], "texture": "#0"},
				"down": {"uv": [0, 0, 0, 1], "texture": "#0"}
			}
		},
		{
			"from": [10.73333, -0.5, 16.25],
			"to": [11.23333, 0, 16.75],
			"rotation": {"angle": 0, "axis": "z", "origin": [6.36667, -0.25, 14.175]},
			"faces": {
				"north": {"uv": [0, 0, 0, 1], "rotation": 180, "texture": "#0"},
				"east": {"uv": [0, 0, 0, 1], "rotation": 180, "texture": "#0"},
				"south": {"uv": [0, 0, 0, 1], "rotation": 180, "texture": "#0"},
				"west": {"uv": [0, 0, 0, 1], "rotation": 180, "texture": "#0"},
				"up": {"uv": [0, 0, 0, 1], "rotation": 180, "texture": "#0"},
				"down": {"uv": [0, 0, 0, 1], "rotation": 180, "texture": "#0"}
			}
		},
		{
			"from": [5.75, -0.75, 15.75],
			"to": [6.75, 0.25, 16.25],
			"faces": {
				"north": {"uv": [0, 0, 0, 1], "texture": "#0"},
				"east": {"uv": [0, 0, 0, 1], "texture": "#0"},
				"south": {"uv": [0, 0, 0, 1], "texture": "#0"},
				"west": {"uv": [0, 0, 0, 1], "texture": "#0"},
				"up": {"uv": [0, 0, 0, 1], "texture": "#0"},
				"down": {"uv": [0, 0, 0, 1], "texture": "#0"}
			}
		},
		{
			"from": [10.48333, -0.75, 15.75],
			"to": [11.48333, 0.25, 16.25],
			"rotation": {"angle": 0, "axis": "z", "origin": [6.36667, -0.25, 14.175]},
			"faces": {
				"north": {"uv": [0, 0, 0, 1], "rotation": 180, "texture": "#0"},
				"east": {"uv": [0, 0, 0, 1], "rotation": 180, "texture": "#0"},
				"south": {"uv": [0, 0, 0, 1], "rotation": 180, "texture": "#0"},
				"west": {"uv": [0, 0, 0, 1], "rotation": 180, "texture": "#0"},
				"up": {"uv": [0, 0, 0, 1], "rotation": 180, "texture": "#0"},
				"down": {"uv": [0, 0, 0, 1], "rotation": 180, "texture": "#0"}
			}
		},
		{
			"from": [6, -0.5, 14],
			"to": [6.5, 0, 15.75],
			"faces": {
				"north": {"uv": [0, 0, 0, 1], "texture": "#0"},
				"east": {"uv": [0, 0, 0, 1], "texture": "#0"},
				"south": {"uv": [0, 0, 0, 1], "texture": "#0"},
				"west": {"uv": [0, 0, 0, 1], "texture": "#0"},
				"up": {"uv": [0, 0, 0, 1], "texture": "#0"},
				"down": {"uv": [0, 0, 0, 1], "texture": "#0"}
			}
		},
		{
			"from": [10.73333, -0.5, 14],
			"to": [11.23333, 0, 15.75],
			"rotation": {"angle": 0, "axis": "z", "origin": [6.36667, -0.25, 14.175]},
			"faces": {
				"north": {"uv": [0, 0, 0, 1], "rotation": 180, "texture": "#0"},
				"east": {"uv": [0, 0, 0, 1], "rotation": 180, "texture": "#0"},
				"south": {"uv": [0, 0, 0, 1], "rotation": 180, "texture": "#0"},
				"west": {"uv": [0, 0, 0, 1], "rotation": 180, "texture": "#0"},
				"up": {"uv": [0, 0, 0, 1], "rotation": 180, "texture": "#0"},
				"down": {"uv": [0, 0, 0, 1], "rotation": 180, "texture": "#0"}
			}
		},
		{
			"from": [6.25, -0.5, 12.25],
			"to": [6.75, 0, 14],
			"faces": {
				"north": {"uv": [0, 0, 0, 1], "texture": "#0"},
				"east": {"uv": [0, 0, 0, 1], "texture": "#0"},
				"south": {"uv": [0, 0, 0, 1], "texture": "#0"},
				"west": {"uv": [0, 0, 0, 1], "texture": "#0"},
				"up": {"uv": [0, 0, 0, 1], "texture": "#0"},
				"down": {"uv": [0, 0, 0, 1], "texture": "#0"}
			}
		},
		{
			"from": [10.48333, -0.5, 12.25],
			"to": [10.98333, 0, 14],
			"rotation": {"angle": 0, "axis": "z", "origin": [6.36667, -0.25, 14.175]},
			"faces": {
				"north": {"uv": [0, 0, 0, 1], "rotation": 180, "texture": "#0"},
				"east": {"uv": [0, 0, 0, 1], "rotation": 180, "texture": "#0"},
				"south": {"uv": [0, 0, 0, 1], "rotation": 180, "texture": "#0"},
				"west": {"uv": [0, 0, 0, 1], "rotation": 180, "texture": "#0"},
				"up": {"uv": [0, 0, 0, 1], "rotation": 180, "texture": "#0"},
				"down": {"uv": [0, 0, 0, 1], "rotation": 180, "texture": "#0"}
			}
		},
		{
			"from": [6.25, 0, 12.25],
			"to": [6.75, 0.25, 14],
			"faces": {
				"north": {"uv": [0, 0, 0, 1], "texture": "#0"},
				"east": {"uv": [0, 0, 0, 1], "texture": "#0"},
				"south": {"uv": [0, 0, 0, 1], "texture": "#0"},
				"west": {"uv": [0, 0, 0, 1], "texture": "#0"},
				"up": {"uv": [0, 0, 0, 1], "texture": "#0"},
				"down": {"uv": [0, 0, 0, 1], "texture": "#0"}
			}
		},
		{
			"from": [10.48333, -0.75, 12.25],
			"to": [10.98333, -0.5, 14],
			"rotation": {"angle": 0, "axis": "z", "origin": [6.36667, -0.25, 14.175]},
			"faces": {
				"north": {"uv": [0, 0, 0, 1], "rotation": 180, "texture": "#0"},
				"east": {"uv": [0, 0, 0, 1], "rotation": 180, "texture": "#0"},
				"south": {"uv": [0, 0, 0, 1], "rotation": 180, "texture": "#0"},
				"west": {"uv": [0, 0, 0, 1], "rotation": 180, "texture": "#0"},
				"up": {"uv": [0, 0, 0, 1], "rotation": 180, "texture": "#0"},
				"down": {"uv": [0, 0, 0, 1], "rotation": 180, "texture": "#0"}
			}
		},
		{
			"from": [6, 0, 14],
			"to": [6.5, 0.25, 15.75],
			"faces": {
				"north": {"uv": [0, 0, 0, 1], "texture": "#0"},
				"east": {"uv": [0, 0, 0, 1], "texture": "#0"},
				"south": {"uv": [0, 0, 0, 1], "texture": "#0"},
				"west": {"uv": [0, 0, 0, 1], "texture": "#0"},
				"up": {"uv": [0, 0, 0, 1], "texture": "#0"},
				"down": {"uv": [0, 0, 0, 1], "texture": "#0"}
			}
		},
		{
			"from": [10.73333, -0.75, 14],
			"to": [11.23333, -0.5, 15.75],
			"rotation": {"angle": 0, "axis": "z", "origin": [6.36667, -0.25, 14.175]},
			"faces": {
				"north": {"uv": [0, 0, 0, 1], "rotation": 180, "texture": "#0"},
				"east": {"uv": [0, 0, 0, 1], "rotation": 180, "texture": "#0"},
				"south": {"uv": [0, 0, 0, 1], "rotation": 180, "texture": "#0"},
				"west": {"uv": [0, 0, 0, 1], "rotation": 180, "texture": "#0"},
				"up": {"uv": [0, 0, 0, 1], "rotation": 180, "texture": "#0"},
				"down": {"uv": [0, 0, 0, 1], "rotation": 180, "texture": "#0"}
			}
		},
		{
			"from": [6, -0.5, 12.25],
			"to": [6.25, 0, 14],
			"faces": {
				"north": {"uv": [0, 0, 0, 1], "texture": "#0"},
				"east": {"uv": [0, 0, 0, 1], "texture": "#0"},
				"south": {"uv": [0, 0, 0, 1], "texture": "#0"},
				"west": {"uv": [0, 0, 0, 1], "texture": "#0"},
				"up": {"uv": [0, 0, 0, 1], "texture": "#0"},
				"down": {"uv": [0, 0, 0, 1], "texture": "#0"}
			}
		},
		{
			"from": [10.98333, -0.5, 12.25],
			"to": [11.23333, 0, 14],
			"rotation": {"angle": 0, "axis": "z", "origin": [6.36667, -0.25, 14.175]},
			"faces": {
				"north": {"uv": [0, 0, 0, 1], "rotation": 180, "texture": "#0"},
				"east": {"uv": [0, 0, 0, 1], "rotation": 180, "texture": "#0"},
				"south": {"uv": [0, 0, 0, 1], "rotation": 180, "texture": "#0"},
				"west": {"uv": [0, 0, 0, 1], "rotation": 180, "texture": "#0"},
				"up": {"uv": [0, 0, 0, 1], "rotation": 180, "texture": "#0"},
				"down": {"uv": [0, 0, 0, 1], "rotation": 180, "texture": "#0"}
			}
		},
		{
			"from": [5.75, -0.5, 14],
			"to": [6, 0, 15.75],
			"faces": {
				"north": {"uv": [0, 0, 0, 1], "texture": "#0"},
				"east": {"uv": [0, 0, 0, 1], "texture": "#0"},
				"south": {"uv": [0, 0, 0, 1], "texture": "#0"},
				"west": {"uv": [0, 0, 0, 1], "texture": "#0"},
				"up": {"uv": [0, 0, 0, 1], "texture": "#0"},
				"down": {"uv": [0, 0, 0, 1], "texture": "#0"}
			}
		},
		{
			"from": [11.23333, -0.5, 14],
			"to": [11.48333, 0, 15.75],
			"rotation": {"angle": 0, "axis": "z", "origin": [6.36667, -0.25, 14.175]},
			"faces": {
				"north": {"uv": [0, 0, 0, 1], "rotation": 180, "texture": "#0"},
				"east": {"uv": [0, 0, 0, 1], "rotation": 180, "texture": "#0"},
				"south": {"uv": [0, 0, 0, 1], "rotation": 180, "texture": "#0"},
				"west": {"uv": [0, 0, 0, 1], "rotation": 180, "texture": "#0"},
				"up": {"uv": [0, 0, 0, 1], "rotation": 180, "texture": "#0"},
				"down": {"uv": [0, 0, 0, 1], "rotation": 180, "texture": "#0"}
			}
		},
		{
			"from": [6.5, -0.5, 14],
			"to": [6.75, 0, 15.75],
			"faces": {
				"north": {"uv": [0, 0, 0, 1], "texture": "#0"},
				"east": {"uv": [0, 0, 0, 1], "texture": "#0"},
				"south": {"uv": [0, 0, 0, 1], "texture": "#0"},
				"west": {"uv": [0, 0, 0, 1], "texture": "#0"},
				"up": {"uv": [0, 0, 0, 1], "texture": "#0"},
				"down": {"uv": [0, 0, 0, 1], "texture": "#0"}
			}
		},
		{
			"from": [10.48333, -0.5, 14],
			"to": [10.73333, 0, 15.75],
			"rotation": {"angle": 0, "axis": "z", "origin": [6.36667, -0.25, 14.175]},
			"faces": {
				"north": {"uv": [0, 0, 0, 1], "rotation": 180, "texture": "#0"},
				"east": {"uv": [0, 0, 0, 1], "rotation": 180, "texture": "#0"},
				"south": {"uv": [0, 0, 0, 1], "rotation": 180, "texture": "#0"},
				"west": {"uv": [0, 0, 0, 1], "rotation": 180, "texture": "#0"},
				"up": {"uv": [0, 0, 0, 1], "rotation": 180, "texture": "#0"},
				"down": {"uv": [0, 0, 0, 1], "rotation": 180, "texture": "#0"}
			}
		},
		{
			"from": [6.75, -0.5, 12.25],
			"to": [7, 0, 14],
			"faces": {
				"north": {"uv": [0, 0, 0, 1], "texture": "#0"},
				"east": {"uv": [0, 0, 0, 1], "texture": "#0"},
				"south": {"uv": [0, 0, 0, 1], "texture": "#0"},
				"west": {"uv": [0, 0, 0, 1], "texture": "#0"},
				"up": {"uv": [0, 0, 0, 1], "texture": "#0"},
				"down": {"uv": [0, 0, 0, 1], "texture": "#0"}
			}
		},
		{
			"from": [10.23333, -0.5, 12.25],
			"to": [10.48333, 0, 14],
			"rotation": {"angle": 0, "axis": "z", "origin": [6.36667, -0.25, 14.175]},
			"faces": {
				"north": {"uv": [0, 0, 0, 1], "rotation": 180, "texture": "#0"},
				"east": {"uv": [0, 0, 0, 1], "rotation": 180, "texture": "#0"},
				"south": {"uv": [0, 0, 0, 1], "rotation": 180, "texture": "#0"},
				"west": {"uv": [0, 0, 0, 1], "rotation": 180, "texture": "#0"},
				"up": {"uv": [0, 0, 0, 1], "rotation": 180, "texture": "#0"},
				"down": {"uv": [0, 0, 0, 1], "rotation": 180, "texture": "#0"}
			}
		},
		{
			"from": [6.25, -0.75, 12.25],
			"to": [6.75, -0.5, 14],
			"faces": {
				"north": {"uv": [0, 0, 0, 1], "texture": "#0"},
				"east": {"uv": [0, 0, 0, 1], "texture": "#0"},
				"south": {"uv": [0, 0, 0, 1], "texture": "#0"},
				"west": {"uv": [0, 0, 0, 1], "texture": "#0"},
				"up": {"uv": [0, 0, 0, 1], "texture": "#0"},
				"down": {"uv": [0, 0, 0, 1], "texture": "#0"}
			}
		},
		{
			"from": [10.48333, 0, 12.25],
			"to": [10.98333, 0.25, 14],
			"rotation": {"angle": 0, "axis": "z", "origin": [6.36667, -0.25, 14.175]},
			"faces": {
				"north": {"uv": [0, 0, 0, 1], "rotation": 180, "texture": "#0"},
				"east": {"uv": [0, 0, 0, 1], "rotation": 180, "texture": "#0"},
				"south": {"uv": [0, 0, 0, 1], "rotation": 180, "texture": "#0"},
				"west": {"uv": [0, 0, 0, 1], "rotation": 180, "texture": "#0"},
				"up": {"uv": [0, 0, 0, 1], "rotation": 180, "texture": "#0"},
				"down": {"uv": [0, 0, 0, 1], "rotation": 180, "texture": "#0"}
			}
		},
		{
			"from": [6, -0.75, 14],
			"to": [6.5, -0.5, 15.75],
			"faces": {
				"north": {"uv": [0, 0, 0, 1], "texture": "#0"},
				"east": {"uv": [0, 0, 0, 1], "texture": "#0"},
				"south": {"uv": [0, 0, 0, 1], "texture": "#0"},
				"west": {"uv": [0, 0, 0, 1], "texture": "#0"},
				"up": {"uv": [0, 0, 0, 1], "texture": "#0"},
				"down": {"uv": [0, 0, 0, 1], "texture": "#0"}
			}
		},
		{
			"from": [10.73333, 0, 14],
			"to": [11.23333, 0.25, 15.75],
			"rotation": {"angle": 0, "axis": "z", "origin": [6.36667, -0.25, 14.175]},
			"faces": {
				"north": {"uv": [0, 0, 0, 1], "rotation": 180, "texture": "#0"},
				"east": {"uv": [0, 0, 0, 1], "rotation": 180, "texture": "#0"},
				"south": {"uv": [0, 0, 0, 1], "rotation": 180, "texture": "#0"},
				"west": {"uv": [0, 0, 0, 1], "rotation": 180, "texture": "#0"},
				"up": {"uv": [0, 0, 0, 1], "rotation": 180, "texture": "#0"},
				"down": {"uv": [0, 0, 0, 1], "rotation": 180, "texture": "#0"}
			}
		},
		{
			"from": [10.75, -1, 17.25],
			"to": [11.25, 0.5, 17.5],
			"faces": {
				"north": {"uv": [0, 0, 0.25, 1.5], "texture": "#1"},
				"east": {"uv": [0, 0, 0.25, 1.5], "texture": "#1"},
				"south": {"uv": [0, 0, 0.25, 1.5], "texture": "#1"},
				"west": {"uv": [0, 0, 0.25, 1.5], "texture": "#1"},
				"up": {"uv": [0, 0, 0.25, 1.5], "texture": "#1"},
				"down": {"uv": [0, 0, 0.25, 1.5], "texture": "#1"}
			}
		}
	],
	"display": {
		"head": {
			"rotation": [-90.5, 0, 0],
			"translation": [-0.5, -6, -9.75],
			"scale": [1.1, 1.1, 1.1]
		}
	},
	"groups": [0, 1, 2, 3, 4, 5, 6, 7, 8, 9, 10, 11, 12, 13, 14, 15, 16, 17, 18, 19, 20, 21, 22, 23, 24, 25, 26, 27, 28, 29, 30, 31, 32, 33, 34, 35, 36, 37, 38, 39, 40, 41, 42, 43, 44, 45, 46, 47, 48, 49, 50, 51, 52, 53, 54, 55, 56, 57, 58, 59, 60, 61, 62, 63, 64, 65, 66, 67, 68, 69, 70, 71, 72, 73, 74, 75, 76, 77, 78, 79, 80, 81, 82, 83, 84, 85, 86, 87, 88, 89, 90, 91, 92, 93, 94, 95, 96, 97, 98, 99, 100, 101, 102, 103, 104, 105, 106, 107, 108, 109, 110, 111, 112, 113, 114, 115, 116, 117, 118, 119, 120, 121, 122, 123, 124, 125, 126, 127, 128, 129, 130, 131, 132,
		{
			"name": "actuator",
			"origin": [8, 8, 8],
			"children": [133, 134, 135, 136, 137, 138, 139, 140, 141, 142, 143, 144, 145, 146, 147, 148, 149, 150, 151, 152, 153, 154, 155, 156, 157, 158, 159, 160, 161, 162, 163, 164]
		}
	]
}