{
	"credit": "Made with Blockbench",
	"textures": {
		"0": "block/stone",
		"particle": "block/stone"
	},
	"elements": [
		{
			"from": [7, 7.5, 24.5],
			"to": [8, 8.5, 26.75],
			"faces": {
				"north": {"uv": [0, 0, 2, 1], "texture": "#0"},
				"east": {"uv": [0, 0, 2, 1], "texture": "#0"},
				"south": {"uv": [0, 0, 2, 1], "texture": "#0"},
				"west": {"uv": [0, 0, 2, 1], "texture": "#0"},
				"up": {"uv": [0, 0, 2, 1], "texture": "#0"},
				"down": {"uv": [0, 0, 2, 1], "texture": "#0"}
			}
		},
		{
			"from": [7, 7.5, 18.25],
			"to": [8, 8.5, 23.5],
			"faces": {
				"north": {"uv": [6, 1, 8, 2], "texture": "#0"},
				"east": {"uv": [6, 1, 8, 2], "texture": "#0"},
				"south": {"uv": [6, 1, 8, 2], "texture": "#0"},
				"west": {"uv": [6, 1, 8, 2], "texture": "#0"},
				"up": {"uv": [6, 1, 8, 2], "texture": "#0"},
				"down": {"uv": [6, 1, 8, 2], "texture": "#0"}
			}
		},
		{
			"from": [6, 7.75, 20],
			"to": [7, 8.25, 21],
			"faces": {
				"north": {"uv": [0, 0, 2, 1], "texture": "#0"},
				"east": {"uv": [0, 0, 2, 1], "texture": "#0"},
				"south": {"uv": [0, 0, 2, 1], "texture": "#0"},
				"west": {"uv": [0, 0, 2, 1], "texture": "#0"},
				"up": {"uv": [0, 0, 2, 1], "texture": "#0"},
				"down": {"uv": [0, 0, 2, 1], "texture": "#0"}
			}
		},
		{
			"from": [6, 7.75, 19.5],
			"to": [6.5, 8.25, 20],
			"faces": {
				"north": {"uv": [0, 0, 2, 1], "texture": "#0"},
				"east": {"uv": [0, 0, 2, 1], "texture": "#0"},
				"south": {"uv": [0, 0, 2, 1], "texture": "#0"},
				"west": {"uv": [0, 0, 2, 1], "texture": "#0"},
				"up": {"uv": [0, 0, 2, 1], "texture": "#0"},
				"down": {"uv": [0, 0, 2, 1], "texture": "#0"}
			}
		},
		{
			"from": [6.25, 7.75, 18.75],
			"to": [7, 8.25, 19.5],
			"faces": {
				"north": {"uv": [0, 0, 2, 1], "texture": "#0"},
				"east": {"uv": [0, 0, 2, 1], "texture": "#0"},
				"south": {"uv": [0, 0, 2, 1], "texture": "#0"},
				"west": {"uv": [0, 0, 2, 1], "texture": "#0"},
				"up": {"uv": [0, 0, 2, 1], "texture": "#0"},
				"down": {"uv": [0, 0, 2, 1], "texture": "#0"}
			}
		},
		{
			"from": [8, 7.75, 18.25],
			"to": [9.25, 8.25, 23.5],
			"faces": {
				"north": {"uv": [6, 1, 8, 2], "texture": "#0"},
				"east": {"uv": [6, 1, 8, 2], "texture": "#0"},
				"south": {"uv": [6, 1, 8, 2], "texture": "#0"},
				"west": {"uv": [6, 1, 8, 2], "texture": "#0"},
				"up": {"uv": [6, 1, 8, 2], "texture": "#0"},
				"down": {"uv": [6, 1, 8, 2], "texture": "#0"}
			}
		},
		{
			"from": [6.5, 8.5, 15],
			"to": [8.5, 8.75, 15.75],
			"faces": {
				"north": {"uv": [0, 0, 1.25, 5.25], "texture": "#0"},
				"east": {"uv": [0, 0, 1.25, 5.25], "texture": "#0"},
				"south": {"uv": [0, 0, 1.25, 5.25], "texture": "#0"},
				"west": {"uv": [0, 0, 1.25, 5.25], "texture": "#0"},
				"up": {"uv": [0, 0, 1.25, 5.25], "texture": "#0"},
				"down": {"uv": [0, 0, 1.25, 5.25], "texture": "#0"}
			}
		},
		{
			"from": [6.5, 8.5, 14.25],
			"to": [7.5, 8.75, 15],
			"faces": {
				"north": {"uv": [0, 0, 1.25, 5.25], "texture": "#0"},
				"east": {"uv": [0, 0, 1.25, 5.25], "texture": "#0"},
				"south": {"uv": [0, 0, 1.25, 5.25], "texture": "#0"},
				"west": {"uv": [0, 0, 1.25, 5.25], "texture": "#0"},
				"up": {"uv": [0, 0, 1.25, 5.25], "texture": "#0"},
				"down": {"uv": [0, 0, 1.25, 5.25], "texture": "#0"}
			}
		},
		{
			"from": [6.5, 8.5, 15.75],
			"to": [9.25, 8.75, 18.25],
			"rotation": {"angle": 0, "axis": "x", "origin": [7.875, 16.625, 17]},
			"faces": {
				"north": {"uv": [0, 0, 2, 1], "rotation": 180, "texture": "#0"},
				"east": {"uv": [0, 0, 2, 1], "rotation": 180, "texture": "#0"},
				"south": {"uv": [0, 0, 2, 1], "rotation": 180, "texture": "#0"},
				"west": {"uv": [0, 0, 2, 1], "rotation": 180, "texture": "#0"},
				"up": {"uv": [0, 0, 12, 6], "texture": "#0"},
				"down": {"uv": [0, 0, 2, 1], "texture": "#0"}
			}
		},
		{
			"from": [6.5, 7, 15],
			"to": [8.5, 7.25, 15.75],
			"faces": {
				"north": {"uv": [0, 0, 2, 1], "texture": "#0"},
				"east": {"uv": [0, 0, 2, 1], "texture": "#0"},
				"south": {"uv": [0, 0, 2, 1], "texture": "#0"},
				"west": {"uv": [0, 0, 2, 1], "texture": "#0"},
				"up": {"uv": [0, 0, 2, 1], "texture": "#0"},
				"down": {"uv": [0, 0, 12, 6], "texture": "#0"}
			}
		},
		{
			"from": [6.5, 7, 14.25],
			"to": [7.5, 7.25, 15],
			"faces": {
				"north": {"uv": [0, 0, 2, 1], "texture": "#0"},
				"east": {"uv": [0, 0, 2, 1], "texture": "#0"},
				"south": {"uv": [0, 0, 2, 1], "texture": "#0"},
				"west": {"uv": [0, 0, 2, 1], "texture": "#0"},
				"up": {"uv": [0, 0, 2, 1], "texture": "#0"},
				"down": {"uv": [0, 0, 12, 6], "texture": "#0"}
			}
		},
		{
			"from": [7.875, 7.125, 15.75],
			"to": [9.375, 8.625, 18.25],
			"rotation": {"angle": 0, "axis": "z", "origin": [9.5, 1.125, 16.125]},
			"faces": {
				"north": {"uv": [0, 0, 1.25, 5.25], "rotation": 270, "texture": "#0"},
				"east": {"uv": [0, 0, 1.25, 5.25], "rotation": 90, "texture": "#0"},
				"south": {"uv": [0, 0, 1.25, 5.25], "rotation": 90, "texture": "#0"},
				"west": {"uv": [0, 0, 1.25, 5.25], "rotation": 90, "texture": "#0"},
				"up": {"uv": [0, 0, 1.25, 5.25], "rotation": 90, "texture": "#0"},
				"down": {"uv": [0, 0, 1.25, 5.25], "rotation": 90, "texture": "#0"}
			}
		},
		{
			"from": [7.875, 7.125, 9.25],
			"to": [8.375, 7.625, 15.75],
			"rotation": {"angle": 0, "axis": "z", "origin": [9.5, 1.125, 16.125]},
			"faces": {
				"north": {"uv": [2, 7, 3, 8], "rotation": 270, "texture": "#0"},
				"east": {"uv": [2, 7, 3, 8], "rotation": 270, "texture": "#0"},
				"south": {"uv": [2, 7, 3, 8], "rotation": 270, "texture": "#0"},
				"west": {"uv": [2, 7, 3, 8], "rotation": 270, "texture": "#0"},
				"up": {"uv": [2, 7, 3, 8], "rotation": 270, "texture": "#0"},
				"down": {"uv": [2, 7, 3, 8], "rotation": 270, "texture": "#0"}
			}
		},
		{
			"from": [7.875, 7.125, 9],
			"to": [8.125, 7.375, 9.25],
			"rotation": {"angle": 0, "axis": "z", "origin": [9.5, 1.125, 16.125]},
			"faces": {
				"north": {"uv": [2, 7, 3, 8], "rotation": 270, "texture": "#0"},
				"east": {"uv": [2, 7, 3, 8], "rotation": 270, "texture": "#0"},
				"south": {"uv": [2, 7, 3, 8], "rotation": 270, "texture": "#0"},
				"west": {"uv": [2, 7, 3, 8], "rotation": 270, "texture": "#0"},
				"up": {"uv": [2, 7, 3, 8], "rotation": 270, "texture": "#0"},
				"down": {"uv": [2, 7, 3, 8], "rotation": 270, "texture": "#0"}
			}
		},
		{
			"from": [7.535, 7.095, 8.68],
			"to": [8.465, 8.645, 8.99],
			"rotation": {"angle": 0, "axis": "z", "origin": [9.86, 1.395, 18.075]},
			"faces": {
				"north": {"uv": [2, 7, 3, 8], "rotation": 270, "texture": "#0"},
				"east": {"uv": [2, 7, 3, 8], "rotation": 270, "texture": "#0"},
				"south": {"uv": [2, 7, 3, 8], "rotation": 270, "texture": "#0"},
				"west": {"uv": [2, 7, 3, 8], "rotation": 270, "texture": "#0"},
				"up": {"uv": [2, 7, 3, 8], "rotation": 270, "texture": "#0"},
				"down": {"uv": [2, 7, 3, 8], "rotation": 270, "texture": "#0"}
			}
		},
		{
			"from": [6.915, 7.095, 8.68],
			"to": [7.535, 8.645, 8.99],
			"rotation": {"angle": 0, "axis": "z", "origin": [9.86, 1.395, 18.075]},
			"faces": {
				"north": {"uv": [2, 7, 3, 8], "rotation": 270, "texture": "#0"},
				"east": {"uv": [2, 7, 3, 8], "rotation": 270, "texture": "#0"},
				"south": {"uv": [2, 7, 3, 8], "rotation": 270, "texture": "#0"},
				"west": {"uv": [2, 7, 3, 8], "rotation": 270, "texture": "#0"},
				"up": {"uv": [2, 7, 3, 8], "rotation": 270, "texture": "#0"},
				"down": {"uv": [2, 7, 3, 8], "rotation": 270, "texture": "#0"}
			}
		},
		{
			"from": [8.295, 7.845, 8.68],
			"to": [8.915, 9.085, 8.99],
			"rotation": {"angle": 0, "axis": "z", "origin": [9.86, 1.395, 18.075]},
			"faces": {
				"north": {"uv": [2, 7, 3, 8], "rotation": 270, "texture": "#0"},
				"east": {"uv": [2, 7, 3, 8], "rotation": 270, "texture": "#0"},
				"south": {"uv": [2, 7, 3, 8], "rotation": 270, "texture": "#0"},
				"west": {"uv": [2, 7, 3, 8], "rotation": 270, "texture": "#0"},
				"up": {"uv": [2, 7, 3, 8], "rotation": 270, "texture": "#0"},
				"down": {"uv": [2, 7, 3, 8], "rotation": 270, "texture": "#0"}
			}
		},
		{
			"from": [6.215, 7.785, 8.68],
			"to": [7.085, 8.715, 8.99],
			"rotation": {"angle": 0, "axis": "z", "origin": [9.86, 1.395, 18.075]},
			"faces": {
				"north": {"uv": [2, 7, 3, 8], "rotation": 270, "texture": "#0"},
				"east": {"uv": [2, 7, 3, 8], "rotation": 270, "texture": "#0"},
				"south": {"uv": [2, 7, 3, 8], "rotation": 270, "texture": "#0"},
				"west": {"uv": [2, 7, 3, 8], "rotation": 270, "texture": "#0"},
				"up": {"uv": [2, 7, 3, 8], "rotation": 270, "texture": "#0"},
				"down": {"uv": [2, 7, 3, 8], "rotation": 270, "texture": "#0"}
			}
		},
		{
			"from": [7.125, 7.625, 9],
			"to": [7.375, 7.875, 15.75],
			"rotation": {"angle": 0, "axis": "z", "origin": [9.5, 1.125, 16.125]},
			"faces": {
				"north": {"uv": [15, 1, 16, 16], "rotation": 270, "texture": "#0"},
				"east": {"uv": [15, 1, 16, 16], "rotation": 270, "texture": "#0"},
				"south": {"uv": [15, 1, 16, 16], "rotation": 270, "texture": "#0"},
				"west": {"uv": [15, 1, 16, 16], "rotation": 270, "texture": "#0"},
				"up": {"uv": [15, 1, 16, 16], "rotation": 270, "texture": "#0"},
				"down": {"uv": [15, 1, 16, 16], "rotation": 270, "texture": "#0"}
			}
		},
		{
			"from": [7.625, 8.125, 9],
			"to": [7.875, 8.375, 15.75],
			"rotation": {"angle": 0, "axis": "z", "origin": [9.5, 1.125, 16.125]},
			"faces": {
				"north": {"uv": [15, 1, 16, 16], "rotation": 270, "texture": "#0"},
				"east": {"uv": [15, 1, 16, 16], "rotation": 270, "texture": "#0"},
				"south": {"uv": [15, 1, 16, 16], "rotation": 270, "texture": "#0"},
				"west": {"uv": [15, 1, 16, 16], "rotation": 270, "texture": "#0"},
				"up": {"uv": [15, 1, 16, 16], "rotation": 270, "texture": "#0"},
				"down": {"uv": [15, 1, 16, 16], "rotation": 270, "texture": "#0"}
			}
		},
		{
			"from": [6.875, 7.375, 12],
			"to": [7.625, 8.125, 15.75],
			"rotation": {"angle": 0, "axis": "z", "origin": [9.5, 1.125, 16.125]},
			"faces": {
				"north": {"uv": [2, 7, 3, 8], "rotation": 270, "texture": "#0"},
				"east": {"uv": [2, 7, 3, 8], "rotation": 270, "texture": "#0"},
				"south": {"uv": [2, 7, 3, 8], "rotation": 270, "texture": "#0"},
				"west": {"uv": [2, 7, 3, 8], "rotation": 270, "texture": "#0"},
				"up": {"uv": [2, 8, 3, 9], "rotation": 270, "texture": "#0"},
				"down": {"uv": [2, 7, 3, 8], "rotation": 270, "texture": "#0"}
			}
		},
		{
			"from": [8.125, 7.875, 12],
			"to": [8.875, 8.625, 15.75],
			"rotation": {"angle": 0, "axis": "z", "origin": [9.5, 1.125, 16.125]},
			"faces": {
				"north": {"uv": [2, 7, 3, 8], "rotation": 270, "texture": "#0"},
				"east": {"uv": [2, 7, 3, 8], "rotation": 270, "texture": "#0"},
				"south": {"uv": [2, 7, 3, 8], "rotation": 270, "texture": "#0"},
				"west": {"uv": [2, 7, 3, 8], "rotation": 270, "texture": "#0"},
				"up": {"uv": [2, 8, 3, 9], "rotation": 270, "texture": "#0"},
				"down": {"uv": [2, 7, 3, 8], "rotation": 270, "texture": "#0"}
			}
		},
		{
			"from": [8.375, 8.125, 10.25],
			"to": [8.625, 8.375, 15.75],
			"rotation": {"angle": 0, "axis": "z", "origin": [9.5, 1.125, 16.125]},
			"faces": {
				"north": {"uv": [15, 1, 16, 16], "rotation": 270, "texture": "#0"},
				"east": {"uv": [15, 1, 16, 16], "rotation": 270, "texture": "#0"},
				"south": {"uv": [15, 1, 16, 16], "rotation": 270, "texture": "#0"},
				"west": {"uv": [15, 1, 16, 16], "rotation": 270, "texture": "#0"},
				"up": {"uv": [15, 1, 16, 16], "rotation": 270, "texture": "#0"},
				"down": {"uv": [15, 1, 16, 16], "rotation": 270, "texture": "#0"}
			}
		},
		{
			"from": [8.375, 8.375, 9],
			"to": [8.625, 8.625, 10.5],
			"rotation": {"angle": 0, "axis": "z", "origin": [9.5, 1.125, 16.125]},
			"faces": {
				"north": {"uv": [15, 1, 16, 16], "rotation": 270, "texture": "#0"},
				"east": {"uv": [15, 1, 16, 16], "rotation": 270, "texture": "#0"},
				"south": {"uv": [15, 1, 16, 16], "rotation": 270, "texture": "#0"},
				"west": {"uv": [15, 1, 16, 16], "rotation": 270, "texture": "#0"},
				"up": {"uv": [15, 1, 16, 16], "rotation": 270, "texture": "#0"},
				"down": {"uv": [15, 1, 16, 16], "rotation": 270, "texture": "#0"}
			}
		},
		{
			"from": [6.375, 7.125, 15.5],
			"to": [7.875, 8.625, 18.25],
			"rotation": {"angle": 0, "axis": "z", "origin": [9.5, 1.125, 16.125]},
			"faces": {
				"north": {"uv": [0, 0, 1.25, 5.25], "rotation": 270, "texture": "#0"},
				"east": {"uv": [0, 0, 1.25, 5.25], "rotation": 90, "texture": "#0"},
				"south": {"uv": [0, 0, 1.25, 5.25], "rotation": 90, "texture": "#0"},
				"west": {"uv": [0, 0, 1.25, 5.25], "rotation": 90, "texture": "#0"},
				"up": {"uv": [0, 0, 1.25, 5.25], "rotation": 90, "texture": "#0"},
				"down": {"uv": [0, 0, 1.25, 5.25], "rotation": 90, "texture": "#0"}
			}
		},
		{
			"from": [6.375, 7.125, 14],
			"to": [6.625, 8.625, 15.5],
			"rotation": {"angle": 0, "axis": "z", "origin": [9.5, 1.125, 16.125]},
			"faces": {
				"north": {"uv": [0, 0, 1.25, 5.25], "rotation": 270, "texture": "#0"},
				"east": {"uv": [0, 0, 1.25, 5.25], "rotation": 90, "texture": "#0"},
				"south": {"uv": [0, 0, 1.25, 5.25], "rotation": 90, "texture": "#0"},
				"west": {"uv": [0, 0, 1.25, 5.25], "rotation": 90, "texture": "#0"},
				"up": {"uv": [0, 0, 1.25, 5.25], "rotation": 90, "texture": "#0"},
				"down": {"uv": [0, 0, 1.25, 5.25], "rotation": 90, "texture": "#0"}
			}
		},
		{
			"from": [8, 7.75, 23.5],
			"to": [9, 8.25, 27.25],
			"faces": {
				"north": {"uv": [0, 0, 2, 1], "texture": "#0"},
				"east": {"uv": [0, 0, 2, 1], "texture": "#0"},
				"south": {"uv": [0, 0, 2, 1], "texture": "#0"},
				"west": {"uv": [0, 0, 2, 1], "texture": "#0"},
				"up": {"uv": [0, 0, 2, 1], "texture": "#0"},
				"down": {"uv": [0, 0, 2, 1], "texture": "#0"}
			}
		},
		{
			"from": [6, 7.5, 22.5],
			"to": [7, 8.5, 25.75],
			"faces": {
				"north": {"uv": [0, 0, 2, 1], "texture": "#0"},
				"east": {"uv": [0, 0, 2, 1], "texture": "#0"},
				"south": {"uv": [0, 0, 2, 1], "texture": "#0"},
				"west": {"uv": [0, 0, 2, 1], "texture": "#0"},
				"up": {"uv": [0, 0, 2, 1], "texture": "#0"},
				"down": {"uv": [0, 0, 2, 1], "texture": "#0"}
			}
		},
		{
			"from": [6.7538, 7.31, 8.06],
			"to": [7.3738, 7.93, 8.68],
			"rotation": {"angle": 0, "axis": "z", "origin": [7.0669, 17.93, 5.70083]},
			"faces": {
				"north": {"uv": [7, 1, 9, 2], "rotation": 180, "texture": "#0"},
				"east": {"uv": [7, 1, 9, 2], "rotation": 180, "texture": "#0"},
				"south": {"uv": [7, 1, 9, 2], "rotation": 180, "texture": "#0"},
				"west": {"uv": [7, 1, 9, 2], "rotation": 180, "texture": "#0"},
				"up": {"uv": [7, 1, 9, 2], "rotation": 180, "texture": "#0"},
				"down": {"uv": [7, 1, 9, 2], "rotation": 180, "texture": "#0"}
			}
		},
		{
			"from": [6.915, 7.31, 6.57],
			"to": [7.225, 7.93, 8.06],
			"rotation": {"angle": 0, "axis": "z", "origin": [7.0669, 17.93, 5.70083]},
			"faces": {
				"north": {"uv": [0, 0, 0.25, 0.5], "rotation": 180, "texture": "#0"},
				"east": {"uv": [0, 0, 0.25, 0.5], "rotation": 180, "texture": "#0"},
				"south": {"uv": [0, 0, 0.25, 0.5], "rotation": 180, "texture": "#0"},
				"west": {"uv": [0, 0, 0.25, 0.5], "rotation": 180, "texture": "#0"},
				"up": {"uv": [0, 0, 0.25, 0.5], "rotation": 180, "texture": "#0"},
				"down": {"uv": [0, 0, 0.25, 0.5], "rotation": 180, "texture": "#0"}
			}
		},
		{
			"from": [6.915, 7.37, 4.21],
			"to": [7.225, 7.99, 5.95],
			"rotation": {"angle": 0, "axis": "z", "origin": [7.0669, 17.93, 5.70083]},
			"faces": {
				"north": {"uv": [0, 0, 0.25, 0.5], "rotation": 180, "texture": "#0"},
				"east": {"uv": [0, 0, 0.25, 0.5], "rotation": 180, "texture": "#0"},
				"south": {"uv": [0, 0, 0.25, 0.5], "rotation": 180, "texture": "#0"},
				"west": {"uv": [0, 0, 0.25, 0.5], "rotation": 180, "texture": "#0"},
				"up": {"uv": [0, 0, 0.25, 0.5], "rotation": 180, "texture": "#0"},
				"down": {"uv": [0, 0, 0.25, 0.5], "rotation": 180, "texture": "#0"}
			}
		},
		{
			"from": [7.845, 7.62, 4.52],
			"to": [8.155, 8.24, 6.26],
			"rotation": {"angle": 0, "axis": "z", "origin": [7.9969, 12.93, 5.93333]},
			"faces": {
				"north": {"uv": [0, 0, 0.25, 0.5], "rotation": 180, "texture": "#0"},
				"east": {"uv": [0, 0, 0.25, 0.5], "rotation": 180, "texture": "#0"},
				"south": {"uv": [0, 0, 0.25, 0.5], "rotation": 180, "texture": "#0"},
				"west": {"uv": [0, 0, 0.25, 0.5], "rotation": 180, "texture": "#0"},
				"up": {"uv": [0, 0, 0.25, 0.5], "rotation": 180, "texture": "#0"},
				"down": {"uv": [0, 0, 0.25, 0.5], "rotation": 180, "texture": "#0"}
			}
		},
		{
			"from": [6.915, 7.99, 2.97],
			"to": [7.225, 8.61, 3.59],
			"rotation": {"angle": 0, "axis": "z", "origin": [7.0669, 17.93, 5.70083]},
			"faces": {
				"north": {"uv": [0, 0, 0.25, 0.5], "rotation": 180, "texture": "#0"},
				"east": {"uv": [0, 0, 0.25, 0.5], "rotation": 180, "texture": "#0"},
				"south": {"uv": [0, 0, 0.25, 0.5], "rotation": 180, "texture": "#0"},
				"west": {"uv": [0, 0, 0.25, 0.5], "rotation": 180, "texture": "#0"},
				"up": {"uv": [0, 0, 0.25, 0.5], "rotation": 180, "texture": "#0"},
				"down": {"uv": [0, 0, 0.25, 0.5], "rotation": 180, "texture": "#0"}
			}
		},
		{
			"from": [7.845, 8.24, 3.28],
			"to": [8.155, 8.86, 3.9],
			"rotation": {"angle": 0, "axis": "z", "origin": [7.9969, 12.93, 5.93333]},
			"faces": {
				"north": {"uv": [0, 0, 0.25, 0.5], "rotation": 180, "texture": "#0"},
				"east": {"uv": [0, 0, 0.25, 0.5], "rotation": 180, "texture": "#0"},
				"south": {"uv": [0, 0, 0.25, 0.5], "rotation": 180, "texture": "#0"},
				"west": {"uv": [0, 0, 0.25, 0.5], "rotation": 180, "texture": "#0"},
				"up": {"uv": [0, 0, 0.25, 0.5], "rotation": 180, "texture": "#0"},
				"down": {"uv": [0, 0, 0.25, 0.5], "rotation": 180, "texture": "#0"}
			}
		},
		{
			"from": [5.92824, 8.06, 7.5],
			"to": [6.23824, 8.68, 8.06],
			"rotation": {"angle": 0, "axis": "z", "origin": [10.95352, 17.62, 7.022]},
			"faces": {
				"north": {"uv": [0, 0, 0.25, 0.5], "rotation": 180, "texture": "#0"},
				"east": {"uv": [0, 0, 0.25, 0.5], "rotation": 180, "texture": "#0"},
				"south": {"uv": [0, 0, 0.25, 0.5], "rotation": 180, "texture": "#0"},
				"west": {"uv": [0, 0, 0.25, 0.5], "rotation": 180, "texture": "#0"},
				"up": {"uv": [0, 0, 0.25, 0.5], "rotation": 180, "texture": "#0"},
				"down": {"uv": [0, 0, 0.25, 0.5], "rotation": 180, "texture": "#0"}
			}
		},
		{
			"from": [5.73824, 8.06, 5.76],
			"to": [6.04824, 8.68, 6.88],
			"rotation": {"angle": 0, "axis": "z", "origin": [10.95352, 17.62, 7.022]},
			"faces": {
				"north": {"uv": [0, 0, 0.25, 0.5], "rotation": 180, "texture": "#0"},
				"east": {"uv": [0, 0, 0.25, 0.5], "rotation": 180, "texture": "#0"},
				"south": {"uv": [0, 0, 0.25, 0.5], "rotation": 180, "texture": "#0"},
				"west": {"uv": [0, 0, 0.25, 0.5], "rotation": 180, "texture": "#0"},
				"up": {"uv": [0, 0, 0.25, 0.5], "rotation": 180, "texture": "#0"},
				"down": {"uv": [0, 0, 0.25, 0.5], "rotation": 180, "texture": "#0"}
			}
		},
		{
			"from": [7.845, 7.31, 6.88],
			"to": [8.155, 7.93, 8.06],
			"rotation": {"angle": 0, "axis": "z", "origin": [7.9969, 12.93, 5.93333]},
			"faces": {
				"north": {"uv": [0, 0, 0.25, 0.5], "rotation": 180, "texture": "#0"},
				"east": {"uv": [0, 0, 0.25, 0.5], "rotation": 180, "texture": "#0"},
				"south": {"uv": [0, 0, 0.25, 0.5], "rotation": 180, "texture": "#0"},
				"west": {"uv": [0, 0, 0.25, 0.5], "rotation": 180, "texture": "#0"},
				"up": {"uv": [0, 0, 0.25, 0.5], "rotation": 180, "texture": "#0"},
				"down": {"uv": [0, 0, 0.25, 0.5], "rotation": 180, "texture": "#0"}
			}
		},
		{
			"from": [8.775, 7.69, 6.88],
			"to": [9.085, 8.31, 8.06],
			"rotation": {"angle": 0, "axis": "z", "origin": [8.9269, 13.56, 6.0675]},
			"faces": {
				"north": {"uv": [0, 0, 0.25, 0.5], "rotation": 180, "texture": "#0"},
				"east": {"uv": [0, 0, 0.25, 0.5], "rotation": 180, "texture": "#0"},
				"south": {"uv": [0, 0, 0.25, 0.5], "rotation": 180, "texture": "#0"},
				"west": {"uv": [0, 0, 0.25, 0.5], "rotation": 180, "texture": "#0"},
				"up": {"uv": [0, 0, 0.25, 0.5], "rotation": 180, "texture": "#0"},
				"down": {"uv": [0, 0, 0.25, 0.5], "rotation": 180, "texture": "#0"}
			}
		},
		{
			"from": [8.775, 8, 4.83],
			"to": [9.085, 8.62, 6.26],
			"rotation": {"angle": 0, "axis": "z", "origin": [8.9269, 13.56, 6.0675]},
			"faces": {
				"north": {"uv": [0, 0, 0.25, 0.5], "rotation": 180, "texture": "#0"},
				"east": {"uv": [0, 0, 0.25, 0.5], "rotation": 180, "texture": "#0"},
				"south": {"uv": [0, 0, 0.25, 0.5], "rotation": 180, "texture": "#0"},
				"west": {"uv": [0, 0, 0.25, 0.5], "rotation": 180, "texture": "#0"},
				"up": {"uv": [0, 0, 0.25, 0.5], "rotation": 180, "texture": "#0"},
				"down": {"uv": [0, 0, 0.25, 0.5], "rotation": 180, "texture": "#0"}
			}
		},
		{
			"from": [8.775, 8.37, 3.65],
			"to": [9.085, 8.99, 4.21],
			"rotation": {"angle": 0, "axis": "z", "origin": [8.9269, 13.56, 6.0675]},
			"faces": {
				"north": {"uv": [0, 0, 0.25, 0.5], "rotation": 180, "texture": "#0"},
				"east": {"uv": [0, 0, 0.25, 0.5], "rotation": 180, "texture": "#0"},
				"south": {"uv": [0, 0, 0.25, 0.5], "rotation": 180, "texture": "#0"},
				"west": {"uv": [0, 0, 0.25, 0.5], "rotation": 180, "texture": "#0"},
				"up": {"uv": [0, 0, 0.25, 0.5], "rotation": 180, "texture": "#0"},
				"down": {"uv": [0, 0, 0.25, 0.5], "rotation": 180, "texture": "#0"}
			}
		},
		{
			"from": [9.43269, 8.76286, 5.33],
			"to": [9.74269, 9.13286, 5.89],
			"rotation": {"angle": 0, "axis": "z", "origin": [3.94074, 16.60143, 6.69071]},
			"faces": {
				"north": {"uv": [0, 0, 0.25, 0.5], "rotation": 180, "texture": "#0"},
				"east": {"uv": [0, 0, 0.25, 0.5], "rotation": 180, "texture": "#0"},
				"south": {"uv": [0, 0, 0.25, 0.5], "rotation": 180, "texture": "#0"},
				"west": {"uv": [0, 0, 0.25, 0.5], "rotation": 180, "texture": "#0"},
				"up": {"uv": [0, 0, 0.25, 0.5], "rotation": 180, "texture": "#0"},
				"down": {"uv": [0, 0, 0.25, 0.5], "rotation": 180, "texture": "#0"}
			}
		},
		{
			"from": [9.43269, 9.01286, 4.83],
			"to": [9.74269, 9.38286, 5.39],
			"rotation": {"angle": 0, "axis": "z", "origin": [3.94074, 16.60143, 6.69071]},
			"faces": {
				"north": {"uv": [0, 0, 0.25, 0.5], "rotation": 180, "texture": "#0"},
				"east": {"uv": [0, 0, 0.25, 0.5], "rotation": 180, "texture": "#0"},
				"south": {"uv": [0, 0, 0.25, 0.5], "rotation": 180, "texture": "#0"},
				"west": {"uv": [0, 0, 0.25, 0.5], "rotation": 180, "texture": "#0"},
				"up": {"uv": [0, 0, 0.25, 0.5], "rotation": 180, "texture": "#0"},
				"down": {"uv": [0, 0, 0.25, 0.5], "rotation": 180, "texture": "#0"}
			}
		},
		{
			"from": [9.08769, 8.60786, 7.44],
			"to": [9.39769, 8.91786, 8.06],
			"rotation": {"angle": 0, "axis": "z", "origin": [3.94074, 16.60143, 6.69071]},
			"faces": {
				"north": {"uv": [0, 0, 0.25, 0.5], "rotation": 90, "texture": "#0"},
				"east": {"uv": [0, 0, 0.25, 0.5], "rotation": 270, "texture": "#0"},
				"south": {"uv": [0, 0, 0.25, 0.5], "rotation": 270, "texture": "#0"},
				"west": {"uv": [0, 0, 0.25, 0.5], "rotation": 270, "texture": "#0"},
				"up": {"uv": [0, 0, 0.25, 0.5], "rotation": 270, "texture": "#0"},
				"down": {"uv": [0, 0, 0.25, 0.5], "rotation": 270, "texture": "#0"}
			}
		},
		{
			"from": [9.33769, 8.85786, 6.51],
			"to": [9.64769, 9.16786, 6.82],
			"rotation": {"angle": 0, "axis": "z", "origin": [3.94074, 16.60143, 6.69071]},
			"faces": {
				"north": {"uv": [0, 0, 0.25, 0.5], "rotation": 90, "texture": "#0"},
				"east": {"uv": [0, 0, 0.25, 0.5], "rotation": 270, "texture": "#0"},
				"south": {"uv": [0, 0, 0.25, 0.5], "rotation": 270, "texture": "#0"},
				"west": {"uv": [0, 0, 0.25, 0.5], "rotation": 270, "texture": "#0"},
				"up": {"uv": [0, 0, 0.25, 0.5], "rotation": 270, "texture": "#0"},
				"down": {"uv": [0, 0, 0.25, 0.5], "rotation": 270, "texture": "#0"}
			}
		},
		{
			"from": [5.95704, 8.06, 8.06],
			"to": [6.57704, 8.68, 8.68],
			"rotation": {"angle": 0, "axis": "z", "origin": [10.95352, 17.62, 7.022]},
			"faces": {
				"north": {"uv": [7, 1, 9, 2], "rotation": 180, "texture": "#0"},
				"east": {"uv": [7, 1, 9, 2], "rotation": 180, "texture": "#0"},
				"south": {"uv": [7, 1, 9, 2], "rotation": 180, "texture": "#0"},
				"west": {"uv": [7, 1, 9, 2], "rotation": 180, "texture": "#0"},
				"up": {"uv": [7, 1, 9, 2], "rotation": 180, "texture": "#0"},
				"down": {"uv": [7, 1, 9, 2], "rotation": 180, "texture": "#0"}
			}
		},
		{
			"from": [7.6838, 7.31, 8.06],
			"to": [8.3038, 7.93, 8.68],
			"rotation": {"angle": 0, "axis": "z", "origin": [7.9969, 12.93, 5.93333]},
			"faces": {
				"north": {"uv": [7, 1, 9, 2], "rotation": 180, "texture": "#0"},
				"east": {"uv": [7, 1, 9, 2], "rotation": 180, "texture": "#0"},
				"south": {"uv": [7, 1, 9, 2], "rotation": 180, "texture": "#0"},
				"west": {"uv": [7, 1, 9, 2], "rotation": 180, "texture": "#0"},
				"up": {"uv": [7, 1, 9, 2], "rotation": 180, "texture": "#0"},
				"down": {"uv": [7, 1, 9, 2], "rotation": 180, "texture": "#0"}
			}
		},
		{
			"from": [8.6138, 7.69, 8.06],
			"to": [9.2338, 8.31, 8.68],
			"rotation": {"angle": 0, "axis": "z", "origin": [8.9269, 13.56, 6.0675]},
			"faces": {
				"north": {"uv": [7, 1, 9, 2], "rotation": 180, "texture": "#0"},
				"east": {"uv": [7, 1, 9, 2], "rotation": 180, "texture": "#0"},
				"south": {"uv": [7, 1, 9, 2], "rotation": 180, "texture": "#0"},
				"west": {"uv": [7, 1, 9, 2], "rotation": 180, "texture": "#0"},
				"up": {"uv": [7, 1, 9, 2], "rotation": 180, "texture": "#0"},
				"down": {"uv": [7, 1, 9, 2], "rotation": 180, "texture": "#0"}
			}
		},
		{
			"from": [8.8638, 8.44, 8.06],
			"to": [9.4838, 9.06, 8.68],
			"rotation": {"angle": 0, "axis": "z", "origin": [8.9269, 13.56, 6.0675]},
			"faces": {
				"north": {"uv": [7, 1, 9, 2], "rotation": 180, "texture": "#0"},
				"east": {"uv": [7, 1, 9, 2], "rotation": 180, "texture": "#0"},
				"south": {"uv": [7, 1, 9, 2], "rotation": 180, "texture": "#0"},
				"west": {"uv": [7, 1, 9, 2], "rotation": 180, "texture": "#0"},
				"up": {"uv": [7, 1, 9, 2], "rotation": 180, "texture": "#0"},
				"down": {"uv": [7, 1, 9, 2], "rotation": 180, "texture": "#0"}
			}
		},
		{
			"from": [9.08149, 8.45286, 6.82],
			"to": [9.70149, 9.07286, 7.44],
			"rotation": {"angle": 0, "axis": "z", "origin": [3.94074, 16.60143, 6.69071]},
			"faces": {
				"north": {"uv": [7, 1, 9, 2], "rotation": 180, "texture": "#0"},
				"east": {"uv": [7, 1, 9, 2], "rotation": 180, "texture": "#0"},
				"south": {"uv": [7, 1, 9, 2], "rotation": 180, "texture": "#0"},
				"west": {"uv": [7, 1, 9, 2], "rotation": 180, "texture": "#0"},
				"up": {"uv": [7, 1, 9, 2], "rotation": 180, "texture": "#0"},
				"down": {"uv": [7, 1, 9, 2], "rotation": 180, "texture": "#0"}
			}
		},
		{
			"from": [9.27149, 8.45286, 5.89],
			"to": [9.89149, 9.07286, 6.51],
			"rotation": {"angle": 0, "axis": "z", "origin": [3.94074, 16.60143, 6.69071]},
			"faces": {
				"north": {"uv": [7, 1, 9, 2], "rotation": 180, "texture": "#0"},
				"east": {"uv": [7, 1, 9, 2], "rotation": 180, "texture": "#0"},
				"south": {"uv": [7, 1, 9, 2], "rotation": 180, "texture": "#0"},
				"west": {"uv": [7, 1, 9, 2], "rotation": 180, "texture": "#0"},
				"up": {"uv": [7, 1, 9, 2], "rotation": 180, "texture": "#0"},
				"down": {"uv": [7, 1, 9, 2], "rotation": 180, "texture": "#0"}
			}
		},
		{
			"from": [5.57704, 8.06, 6.88],
			"to": [6.19704, 8.68, 7.5],
			"rotation": {"angle": 0, "axis": "z", "origin": [10.95352, 17.62, 7.022]},
			"faces": {
				"north": {"uv": [7, 1, 9, 2], "rotation": 180, "texture": "#0"},
				"east": {"uv": [7, 1, 9, 2], "rotation": 180, "texture": "#0"},
				"south": {"uv": [7, 1, 9, 2], "rotation": 180, "texture": "#0"},
				"west": {"uv": [7, 1, 9, 2], "rotation": 180, "texture": "#0"},
				"up": {"uv": [7, 1, 9, 2], "rotation": 180, "texture": "#0"},
				"down": {"uv": [7, 1, 9, 2], "rotation": 180, "texture": "#0"}
			}
		},
		{
			"from": [5.57704, 8.06, 5.14],
			"to": [6.19704, 8.68, 5.76],
			"rotation": {"angle": 0, "axis": "z", "origin": [10.95352, 17.62, 7.022]},
			"faces": {
				"north": {"uv": [7, 1, 9, 2], "rotation": 180, "texture": "#0"},
				"east": {"uv": [7, 1, 9, 2], "rotation": 180, "texture": "#0"},
				"south": {"uv": [7, 1, 9, 2], "rotation": 180, "texture": "#0"},
				"west": {"uv": [7, 1, 9, 2], "rotation": 180, "texture": "#0"},
				"up": {"uv": [7, 1, 9, 2], "rotation": 180, "texture": "#0"},
				"down": {"uv": [7, 1, 9, 2], "rotation": 180, "texture": "#0"}
			}
		},
		{
			"from": [8.6138, 7.69, 6.26],
			"to": [9.2338, 8.31, 6.88],
			"rotation": {"angle": 0, "axis": "z", "origin": [8.9269, 13.56, 6.0675]},
			"faces": {
				"north": {"uv": [7, 1, 9, 2], "rotation": 180, "texture": "#0"},
				"east": {"uv": [7, 1, 9, 2], "rotation": 180, "texture": "#0"},
				"south": {"uv": [7, 1, 9, 2], "rotation": 180, "texture": "#0"},
				"west": {"uv": [7, 1, 9, 2], "rotation": 180, "texture": "#0"},
				"up": {"uv": [7, 1, 9, 2], "rotation": 180, "texture": "#0"},
				"down": {"uv": [7, 1, 9, 2], "rotation": 180, "texture": "#0"}
			}
		},
		{
			"from": [8.6138, 8.06, 4.21],
			"to": [9.2338, 8.68, 4.83],
			"rotation": {"angle": 0, "axis": "z", "origin": [8.9269, 13.56, 6.0675]},
			"faces": {
				"north": {"uv": [7, 1, 9, 2], "rotation": 180, "texture": "#0"},
				"east": {"uv": [7, 1, 9, 2], "rotation": 180, "texture": "#0"},
				"south": {"uv": [7, 1, 9, 2], "rotation": 180, "texture": "#0"},
				"west": {"uv": [7, 1, 9, 2], "rotation": 180, "texture": "#0"},
				"up": {"uv": [7, 1, 9, 2], "rotation": 180, "texture": "#0"},
				"down": {"uv": [7, 1, 9, 2], "rotation": 180, "texture": "#0"}
			}
		},
		{
			"from": [7.6838, 7.31, 6.26],
			"to": [8.3038, 7.93, 6.88],
			"rotation": {"angle": 0, "axis": "z", "origin": [7.9969, 12.93, 5.93333]},
			"faces": {
				"north": {"uv": [7, 1, 9, 2], "rotation": 180, "texture": "#0"},
				"east": {"uv": [7, 1, 9, 2], "rotation": 180, "texture": "#0"},
				"south": {"uv": [7, 1, 9, 2], "rotation": 180, "texture": "#0"},
				"west": {"uv": [7, 1, 9, 2], "rotation": 180, "texture": "#0"},
				"up": {"uv": [7, 1, 9, 2], "rotation": 180, "texture": "#0"},
				"down": {"uv": [7, 1, 9, 2], "rotation": 180, "texture": "#0"}
			}
		},
		{
			"from": [6.7538, 7.31, 5.95],
			"to": [7.3738, 7.93, 6.57],
			"rotation": {"angle": 0, "axis": "z", "origin": [7.0669, 17.93, 5.70083]},
			"faces": {
				"north": {"uv": [7, 1, 9, 2], "rotation": 180, "texture": "#0"},
				"east": {"uv": [7, 1, 9, 2], "rotation": 180, "texture": "#0"},
				"south": {"uv": [7, 1, 9, 2], "rotation": 180, "texture": "#0"},
				"west": {"uv": [7, 1, 9, 2], "rotation": 180, "texture": "#0"},
				"up": {"uv": [7, 1, 9, 2], "rotation": 180, "texture": "#0"},
				"down": {"uv": [7, 1, 9, 2], "rotation": 180, "texture": "#0"}
			}
		},
		{
			"from": [6.7538, 7.68, 3.59],
			"to": [7.3738, 8.3, 4.21],
			"rotation": {"angle": 0, "axis": "z", "origin": [7.0669, 17.93, 5.70083]},
			"faces": {
				"north": {"uv": [7, 1, 9, 2], "rotation": 180, "texture": "#0"},
				"east": {"uv": [7, 1, 9, 2], "rotation": 180, "texture": "#0"},
				"south": {"uv": [7, 1, 9, 2], "rotation": 180, "texture": "#0"},
				"west": {"uv": [7, 1, 9, 2], "rotation": 180, "texture": "#0"},
				"up": {"uv": [7, 1, 9, 2], "rotation": 180, "texture": "#0"},
				"down": {"uv": [7, 1, 9, 2], "rotation": 180, "texture": "#0"}
			}
		},
		{
			"from": [7.6838, 7.93, 3.9],
			"to": [8.3038, 8.55, 4.52],
			"rotation": {"angle": 0, "axis": "z", "origin": [7.9969, 12.93, 5.93333]},
			"faces": {
				"north": {"uv": [7, 1, 9, 2], "rotation": 180, "texture": "#0"},
				"east": {"uv": [7, 1, 9, 2], "rotation": 180, "texture": "#0"},
				"south": {"uv": [7, 1, 9, 2], "rotation": 180, "texture": "#0"},
				"west": {"uv": [7, 1, 9, 2], "rotation": 180, "texture": "#0"},
				"up": {"uv": [7, 1, 9, 2], "rotation": 180, "texture": "#0"},
				"down": {"uv": [7, 1, 9, 2], "rotation": 180, "texture": "#0"}
			}
		}
	],
	"display": {
		"thirdperson_righthand": {
			"rotation": [-2, 0, -95],
			"translation": [7, -2.75, -2.25],
			"scale": [0.73, 0.73, 0.73]
		},
		"head": {
			"rotation": [-91, 0, 0],
			"translation": [0, 0, -8],
			"scale": [1.27, 1.27, 1.27]
		}
	},
	"groups": [
		{
			"name": "forearm",
			"origin": [8, 8, 8],
			"children": [0, 1, 2, 3, 4, 5, 6, 7, 8, 9, 10, 11, 12, 13, 14, 15, 16, 17, 18, 19, 20, 21, 22, 23, 24, 25, 26, 27]
		},
		{
			"name": "thumb",
			"origin": [9.5, 1.125, 16.125],
			"children": []
		},
		{
			"name": "index",
			"origin": [8, 8, 8],
			"children": [28, 29, 30, 31, 32, 33, 34, 35, 36, 37, 38, 39, 40, 41, 42, 43, 44, 45, 46, 47, 48, 49, 50, 51, 52, 53, 54, 55, 56, 57]
		}
	]
}