{
	"credit": "Made with Blockbench",
	"textures": {
		"0": "block/gray_concrete_powder",
		"1": "block/gray_concrete",
		"2": "block/anvil_top",
		"3": "block/anvil",
		"4": "item/sweet_berries",
		"particle": "block/anvil_top"
	},
	"elements": [
		{
			"from": [5.25, -6.55, 7.25],
			"to": [6.75, -5.725, 8.75],
			"rotation": {"angle": 0, "axis": "y", "origin": [0, -1, 2]},
			"faces": {
				"north": {"uv": [0, 0, 2, 1.1], "texture": "#1"},
				"east": {"uv": [0, 0, 2, 1.1], "texture": "#1"},
				"south": {"uv": [0, 0, 2, 1.1], "texture": "#1"},
				"west": {"uv": [0, 0, 2, 1.1], "texture": "#1"},
				"up": {"uv": [0, 0, 2, 2], "texture": "#1"},
				"down": {"uv": [0, 0, 2, 2], "texture": "#1"}
			}
		},
		{
			"from": [5.025, -5.725, 7.1],
			"to": [7.05, -4.9, 8.9],
			"rotation": {"angle": 0, "axis": "y", "origin": [0, -1, 2]},
			"faces": {
				"north": {"uv": [14, 12, 15, 13], "texture": "#1"},
				"east": {"uv": [14, 12, 15, 13], "texture": "#1"},
				"south": {"uv": [14, 12, 15, 13], "texture": "#1"},
				"west": {"uv": [14, 12, 15, 13], "texture": "#1"},
				"up": {"uv": [14, 12, 15, 13], "texture": "#1"},
				"down": {"uv": [14, 12, 15, 13], "texture": "#1"}
			}
		},
		{
			"from": [5.1, -5.05, 7.175],
			"to": [6.975, -4.825, 8.825],
			"rotation": {"angle": 0, "axis": "y", "origin": [0, -1, 2]},
			"faces": {
				"north": {"uv": [14, 12, 15, 13], "texture": "#0"},
				"east": {"uv": [14, 12, 15, 13], "texture": "#0"},
				"south": {"uv": [14, 12, 15, 13], "texture": "#0"},
				"west": {"uv": [14, 12, 15, 13], "texture": "#0"},
				"up": {"uv": [14, 12, 15, 13], "texture": "#0"},
				"down": {"uv": [14, 12, 15, 13], "texture": "#0"}
			}
		},
		{
			"from": [5.1, -0.325, 7.175],
			"to": [6.975, 0.125, 8.825],
			"rotation": {"angle": 0, "axis": "y", "origin": [0, -1, 2]},
			"faces": {
				"north": {"uv": [0, 0, 2.5, 0.6], "texture": "#1"},
				"east": {"uv": [0, 0, 2.2, 0.6], "texture": "#1"},
				"south": {"uv": [0, 0, 2.5, 0.6], "texture": "#1"},
				"west": {"uv": [0, 0, 2.2, 0.6], "texture": "#1"},
				"up": {"uv": [0, 0, 2.5, 2.2], "texture": "#1"},
				"down": {"uv": [0, 0, 2.5, 2.2], "texture": "#1"}
			}
		},
		{
			"from": [5.1, 0.2, 7.175],
			"to": [6.975, 0.725, 8.825],
			"rotation": {"angle": 0, "axis": "y", "origin": [0, -1, 2]},
			"faces": {
				"north": {"uv": [0, 0, 2.5, 0.7], "texture": "#1"},
				"east": {"uv": [0, 0, 2.2, 0.7], "texture": "#1"},
				"south": {"uv": [0, 0, 2.5, 0.7], "texture": "#1"},
				"west": {"uv": [0, 0, 2.2, 0.7], "texture": "#1"},
				"up": {"uv": [0, 0, 2.5, 2.2], "texture": "#1"},
				"down": {"uv": [0, 0, 2.5, 2.2], "texture": "#1"}
			}
		},
		{
			"from": [5.1, 0.95, 7.175],
			"to": [6.975, 1.475, 8.825],
			"rotation": {"angle": 0, "axis": "y", "origin": [0, -1, 2]},
			"faces": {
				"north": {"uv": [0, 0, 2.5, 0.7], "texture": "#1"},
				"east": {"uv": [0, 0, 2.2, 0.7], "texture": "#1"},
				"south": {"uv": [0, 0, 2.5, 0.7], "texture": "#1"},
				"west": {"uv": [0, 0, 2.2, 0.7], "texture": "#1"},
				"up": {"uv": [0, 0, 2.5, 2.2], "texture": "#1"},
				"down": {"uv": [0, 0, 2.5, 2.2], "texture": "#1"}
			}
		},
		{
			"from": [5.025, 7.1, 7.1],
			"to": [7.05, 7.625, 8.9],
			"rotation": {"angle": 0, "axis": "y", "origin": [0, -1, 2]},
			"faces": {
				"north": {"uv": [10, 8, 11, 9], "texture": "#1"},
				"east": {"uv": [10, 8, 11, 9], "texture": "#1"},
				"south": {"uv": [10, 8, 11, 9], "texture": "#1"},
				"west": {"uv": [10, 8, 11, 9], "texture": "#1"},
				"up": {"uv": [10, 8, 11, 9], "texture": "#1"},
				"down": {"uv": [10, 8, 11, 9], "texture": "#1"}
			}
		},
		{
			"from": [5.025, 12.5, 7.25],
			"to": [7.05, 13.475, 8.75],
			"rotation": {"angle": 0, "axis": "y", "origin": [0, -1, 2]},
			"faces": {
				"north": {"uv": [3, 3, 4, 4], "texture": "#2"},
				"east": {"uv": [3, 3, 4, 4], "texture": "#2"},
				"south": {"uv": [3, 3, 4, 4], "texture": "#2"},
				"west": {"uv": [3, 3, 4, 4], "texture": "#2"},
				"up": {"uv": [3, 3, 4, 4], "texture": "#2"},
				"down": {"uv": [3, 3, 4, 4], "texture": "#2"}
			}
		},
		{
			"from": [4.925, 14, 7.15],
			"to": [7.15, 14.4, 8.85],
			"rotation": {"angle": 0, "axis": "y", "origin": [0, -1, 2]},
			"faces": {
				"north": {"uv": [11, 6, 13, 8], "texture": "#4"},
				"east": {"uv": [11, 6, 13, 8], "texture": "#4"},
				"south": {"uv": [11, 6, 13, 8], "texture": "#4"},
				"west": {"uv": [11, 6, 13, 8], "texture": "#4"},
				"up": {"uv": [11, 6, 13, 8], "texture": "#4"},
				"down": {"uv": [11, 6, 13, 8], "texture": "#4"}
			}
		},
		{
			"from": [4.925, 13.8, 7.25],
			"to": [5.15, 14, 7.75],
			"rotation": {"angle": 0, "axis": "y", "origin": [0, -1, 2]},
			"faces": {
				"north": {"uv": [10, 6, 12, 8], "texture": "#4"},
				"east": {"uv": [10, 6, 12, 8], "texture": "#4"},
				"south": {"uv": [10, 6, 12, 8], "texture": "#4"},
				"west": {"uv": [10, 6, 12, 8], "texture": "#4"},
				"up": {"uv": [10, 6, 12, 8], "texture": "#4"},
				"down": {"uv": [10, 6, 12, 8], "texture": "#4"}
			}
		},
		{
			"from": [6.925, 13.6, 7.65],
			"to": [7.15, 14, 8.15],
			"rotation": {"angle": 0, "axis": "y", "origin": [0, -1, 2]},
			"faces": {
				"north": {"uv": [11, 6, 13, 8], "texture": "#4"},
				"east": {"uv": [11, 6, 13, 8], "texture": "#4"},
				"south": {"uv": [11, 6, 13, 8], "texture": "#4"},
				"west": {"uv": [11, 6, 13, 8], "texture": "#4"},
				"up": {"uv": [11, 6, 13, 8], "texture": "#4"},
				"down": {"uv": [11, 6, 13, 8], "texture": "#4"}
			}
		},
		{
			"from": [7.025, 13.3, 7.65],
			"to": [7.25, 13.7, 8.15],
			"rotation": {"angle": 0, "axis": "y", "origin": [0, -1, 2]},
			"faces": {
				"north": {"uv": [10, 6, 12, 8], "texture": "#4"},
				"east": {"uv": [10, 6, 12, 8], "texture": "#4"},
				"south": {"uv": [10, 6, 12, 8], "texture": "#4"},
				"west": {"uv": [10, 6, 12, 8], "texture": "#4"},
				"up": {"uv": [10, 6, 12, 8], "texture": "#4"},
				"down": {"uv": [10, 6, 12, 8], "texture": "#4"}
			}
		},
		{
			"from": [7.125, 12.9, 7.65],
			"to": [7.35, 13.3, 8.15],
			"rotation": {"angle": 0, "axis": "y", "origin": [0, -1, 2]},
			"faces": {
				"north": {"uv": [11, 6, 13, 8], "texture": "#4"},
				"east": {"uv": [11, 6, 13, 8], "texture": "#4"},
				"south": {"uv": [11, 6, 13, 8], "texture": "#4"},
				"west": {"uv": [11, 6, 13, 8], "texture": "#4"},
				"up": {"uv": [11, 6, 13, 8], "texture": "#4"},
				"down": {"uv": [11, 6, 13, 8], "texture": "#4"}
			}
		},
		{
			"from": [4.925, 13.6, 7.15],
			"to": [5.15, 13.8, 7.65],
			"rotation": {"angle": 0, "axis": "y", "origin": [0, -1, 2]},
			"faces": {
				"north": {"uv": [10, 6, 12, 8], "texture": "#4"},
				"east": {"uv": [10, 6, 12, 8], "texture": "#4"},
				"south": {"uv": [10, 6, 12, 8], "texture": "#4"},
				"west": {"uv": [10, 6, 12, 8], "texture": "#4"},
				"up": {"uv": [10, 6, 12, 8], "texture": "#4"},
				"down": {"uv": [10, 6, 12, 8], "texture": "#4"}
			}
		},
		{
			"from": [4.925, 14.4, 7.15],
			"to": [7.15, 14.8, 8.85],
			"rotation": {"angle": 0, "axis": "y", "origin": [0, -1, 2]},
			"faces": {
				"north": {"uv": [10, 6, 12, 8], "texture": "#4"},
				"east": {"uv": [10, 6, 12, 8], "texture": "#4"},
				"south": {"uv": [10, 6, 12, 8], "texture": "#4"},
				"west": {"uv": [10, 6, 12, 8], "texture": "#4"},
				"up": {"uv": [10, 6, 12, 8], "texture": "#4"},
				"down": {"uv": [10, 6, 12, 8], "texture": "#4"}
			}
		},
		{
			"from": [5.175, 12.5, 7.1],
			"to": [6.9, 13.475, 8.9],
			"rotation": {"angle": 0, "axis": "y", "origin": [0, -1, 2]},
			"faces": {
				"north": {"uv": [3, 3, 4, 4], "texture": "#2"},
				"east": {"uv": [3, 3, 4, 4], "texture": "#2"},
				"south": {"uv": [3, 3, 4, 4], "texture": "#2"},
				"west": {"uv": [3, 3, 4, 4], "texture": "#2"},
				"up": {"uv": [3, 3, 4, 4], "texture": "#2"},
				"down": {"uv": [3, 3, 4, 4], "texture": "#2"}
			}
		},
		{
			"from": [11.94099, 12.5, 7.09726],
			"to": [12.16599, 13.475, 7.32226],
			"rotation": {"angle": -45, "axis": "y", "origin": [6.76599, -1, -0.32774]},
			"faces": {
				"north": {"uv": [3, 3, 4, 4], "texture": "#2"},
				"east": {"uv": [3, 3, 4, 4], "texture": "#2"},
				"south": {"uv": [3, 3, 4, 4], "texture": "#2"},
				"west": {"uv": [3, 3, 4, 4], "texture": "#2"},
				"up": {"uv": [3, 3, 4, 4], "texture": "#2"},
				"down": {"uv": [3, 3, 4, 4], "texture": "#2"}
			}
		},
		{
			"from": [13.65689, 12.5, 5.60636],
			"to": [13.88189, 13.475, 5.83136],
			"rotation": {"angle": -45, "axis": "y", "origin": [8.48189, -1, -1.81864]},
			"faces": {
				"north": {"uv": [3, 3, 4, 4], "texture": "#2"},
				"east": {"uv": [3, 3, 4, 4], "texture": "#2"},
				"south": {"uv": [3, 3, 4, 4], "texture": "#2"},
				"west": {"uv": [3, 3, 4, 4], "texture": "#2"},
				"up": {"uv": [3, 3, 4, 4], "texture": "#2"},
				"down": {"uv": [3, 3, 4, 4], "texture": "#2"}
			}
		},
		{
			"from": [11.94099, 12.5, 5.61545],
			"to": [12.16599, 13.475, 5.84045],
			"rotation": {"angle": -45, "axis": "y", "origin": [6.76599, -1, -1.80955]},
			"faces": {
				"north": {"uv": [3, 3, 4, 4], "texture": "#2"},
				"east": {"uv": [3, 3, 4, 4], "texture": "#2"},
				"south": {"uv": [3, 3, 4, 4], "texture": "#2"},
				"west": {"uv": [3, 3, 4, 4], "texture": "#2"},
				"up": {"uv": [3, 3, 4, 4], "texture": "#2"},
				"down": {"uv": [3, 3, 4, 4], "texture": "#2"}
			}
		},
		{
			"from": [13.65689, 12.5, 7.10636],
			"to": [13.88189, 13.475, 7.33136],
			"rotation": {"angle": -45, "axis": "y", "origin": [8.48189, -1, -0.31864]},
			"faces": {
				"north": {"uv": [3, 3, 4, 4], "texture": "#2"},
				"east": {"uv": [3, 3, 4, 4], "texture": "#2"},
				"south": {"uv": [3, 3, 4, 4], "texture": "#2"},
				"west": {"uv": [3, 3, 4, 4], "texture": "#2"},
				"up": {"uv": [3, 3, 4, 4], "texture": "#2"},
				"down": {"uv": [3, 3, 4, 4], "texture": "#2"}
			}
		},
		{
			"from": [5.1, 6.95, 7.175],
			"to": [6.975, 7.1, 8.825],
			"rotation": {"angle": 0, "axis": "y", "origin": [0, -1, 2]},
			"faces": {
				"north": {"uv": [11, 7, 12, 8], "texture": "#1"},
				"east": {"uv": [11, 7, 12, 8], "texture": "#1"},
				"south": {"uv": [11, 7, 12, 8], "texture": "#1"},
				"west": {"uv": [11, 7, 12, 8], "texture": "#1"},
				"up": {"uv": [11, 7, 12, 8], "texture": "#1"},
				"down": {"uv": [11, 7, 12, 8], "texture": "#1"}
			}
		},
		{
			"from": [5.1, 18.875, 7.025],
			"to": [6.975, 19.625, 8.975],
			"rotation": {"angle": 0, "axis": "y", "origin": [0, -1, 2]},
			"faces": {
				"north": {"uv": [0, 0, 2.5, 1], "texture": "#1"},
				"east": {"uv": [0, 0, 2.6, 1], "texture": "#1"},
				"south": {"uv": [0, 0, 2.5, 1], "texture": "#1"},
				"west": {"uv": [0, 0, 2.6, 1], "texture": "#1"},
				"up": {"uv": [0, 0, 2.5, 2.6], "texture": "#1"},
				"down": {"uv": [0, 0, 2.5, 2.6], "texture": "#1"}
			}
		},
		{
			"from": [5.1, 1.55, 7.175],
			"to": [6.975, 2.075, 8.825],
			"rotation": {"angle": 0, "axis": "y", "origin": [0, -1, 2]},
			"faces": {
				"north": {"uv": [0, 0, 2.5, 0.7], "texture": "#1"},
				"east": {"uv": [0, 0, 2.2, 0.7], "texture": "#1"},
				"south": {"uv": [0, 0, 2.5, 0.7], "texture": "#1"},
				"west": {"uv": [0, 0, 2.2, 0.7], "texture": "#1"},
				"up": {"uv": [0, 0, 2.5, 2.2], "texture": "#1"},
				"down": {"uv": [0, 0, 2.5, 2.2], "texture": "#1"}
			}
		},
		{
			"from": [5.175, -4.975, 7.25],
			"to": [6.9, 0.8, 8.75],
			"rotation": {"angle": 0, "axis": "y", "origin": [0, -1, 2]},
			"faces": {
				"north": {"uv": [0, 0, 2.3, 7.7], "texture": "#1"},
				"east": {"uv": [0, 0, 2, 7.7], "texture": "#1"},
				"south": {"uv": [0, 0, 2.3, 7.7], "texture": "#1"},
				"west": {"uv": [0, 0, 2, 7.7], "texture": "#1"},
				"up": {"uv": [0, 0, 2.3, 2], "texture": "#1"},
				"down": {"uv": [0, 0, 2.3, 2], "texture": "#1"}
			}
		},
		{
			"from": [5.1, 16.97921, 8.59756],
			"to": [6.975, 17.35421, 8.82256],
			"rotation": {"angle": 0, "axis": "x", "origin": [6.0375, 17.16671, 9.61006]},
			"faces": {
				"north": {"uv": [15, 6, 16, 7], "rotation": 270, "texture": "#3"},
				"east": {"uv": [15, 6, 16, 7], "rotation": 270, "texture": "#3"},
				"south": {"uv": [15, 6, 16, 7], "rotation": 270, "texture": "#3"},
				"west": {"uv": [15, 6, 16, 7], "rotation": 270, "texture": "#3"},
				"up": {"uv": [15, 6, 16, 7], "rotation": 270, "texture": "#3"},
				"down": {"uv": [15, 6, 16, 7], "rotation": 270, "texture": "#3"}
			}
		},
		{
			"from": [5.1, 18.575, 2],
			"to": [6.975, 18.95, 3.425],
			"rotation": {"angle": 22.5, "axis": "x", "origin": [0, 4.775, 2]},
			"faces": {
				"north": {"uv": [15, 6, 16, 7], "rotation": 270, "texture": "#3"},
				"east": {"uv": [15, 6, 16, 7], "rotation": 270, "texture": "#3"},
				"south": {"uv": [15, 6, 16, 7], "rotation": 270, "texture": "#3"},
				"west": {"uv": [15, 6, 16, 7], "rotation": 270, "texture": "#3"},
				"up": {"uv": [15, 6, 16, 7], "rotation": 270, "texture": "#3"},
				"down": {"uv": [15, 6, 16, 7], "rotation": 270, "texture": "#3"}
			}
		},
		{
			"from": [5.1, 17.49599, 7.19954],
			"to": [6.975, 17.87099, 7.42454],
			"rotation": {"angle": 0, "axis": "x", "origin": [6.0375, 17.68349, 8.21204]},
			"faces": {
				"north": {"uv": [15, 6, 16, 7], "rotation": 270, "texture": "#3"},
				"east": {"uv": [15, 6, 16, 7], "rotation": 270, "texture": "#3"},
				"south": {"uv": [15, 6, 16, 7], "rotation": 270, "texture": "#3"},
				"west": {"uv": [15, 6, 16, 7], "rotation": 270, "texture": "#3"},
				"up": {"uv": [15, 6, 16, 7], "rotation": 270, "texture": "#3"},
				"down": {"uv": [15, 6, 16, 7], "rotation": 270, "texture": "#3"}
			}
		},
		{
			"from": [5.1, 16.68828, 7.18969],
			"to": [6.975, 17.06328, 7.41469],
			"rotation": {"angle": 0, "axis": "x", "origin": [6.0375, 16.87578, 8.20219]},
			"faces": {
				"north": {"uv": [15, 6, 16, 7], "rotation": 270, "texture": "#3"},
				"east": {"uv": [15, 6, 16, 7], "rotation": 270, "texture": "#3"},
				"south": {"uv": [15, 6, 16, 7], "rotation": 270, "texture": "#3"},
				"west": {"uv": [15, 6, 16, 7], "rotation": 270, "texture": "#3"},
				"up": {"uv": [15, 6, 16, 7], "rotation": 270, "texture": "#3"},
				"down": {"uv": [15, 6, 16, 7], "rotation": 270, "texture": "#3"}
			}
		},
		{
			"from": [5.1, 17.825, 2.3],
			"to": [6.975, 18.2, 3.725],
			"rotation": {"angle": 22.5, "axis": "x", "origin": [0, 4.775, 2]},
			"faces": {
				"north": {"uv": [15, 6, 16, 7], "rotation": 270, "texture": "#3"},
				"east": {"uv": [15, 6, 16, 7], "rotation": 270, "texture": "#3"},
				"south": {"uv": [15, 6, 16, 7], "rotation": 270, "texture": "#3"},
				"west": {"uv": [15, 6, 16, 7], "rotation": 270, "texture": "#3"},
				"up": {"uv": [15, 6, 16, 7], "rotation": 270, "texture": "#3"},
				"down": {"uv": [15, 6, 16, 7], "rotation": 270, "texture": "#3"}
			}
		},
		{
			"from": [5.1, 16.1715, 8.58771],
			"to": [6.975, 16.5465, 8.81271],
			"rotation": {"angle": 0, "axis": "x", "origin": [6.0375, 16.359, 9.60021]},
			"faces": {
				"north": {"uv": [15, 6, 16, 7], "rotation": 270, "texture": "#3"},
				"east": {"uv": [15, 6, 16, 7], "rotation": 270, "texture": "#3"},
				"south": {"uv": [15, 6, 16, 7], "rotation": 270, "texture": "#3"},
				"west": {"uv": [15, 6, 16, 7], "rotation": 270, "texture": "#3"},
				"up": {"uv": [15, 6, 16, 7], "rotation": 270, "texture": "#3"},
				"down": {"uv": [15, 6, 16, 7], "rotation": 270, "texture": "#3"}
			}
		},
		{
			"from": [5.1, 15.36378, 8.57786],
			"to": [6.975, 15.73878, 8.80286],
			"rotation": {"angle": 0, "axis": "x", "origin": [6.0375, 15.55128, 9.59036]},
			"faces": {
				"north": {"uv": [15, 6, 16, 7], "rotation": 270, "texture": "#3"},
				"east": {"uv": [15, 6, 16, 7], "rotation": 270, "texture": "#3"},
				"south": {"uv": [15, 6, 16, 7], "rotation": 270, "texture": "#3"},
				"west": {"uv": [15, 6, 16, 7], "rotation": 270, "texture": "#3"},
				"up": {"uv": [15, 6, 16, 7], "rotation": 270, "texture": "#3"},
				"down": {"uv": [15, 6, 16, 7], "rotation": 270, "texture": "#3"}
			}
		},
		{
			"from": [5.1, 17.075, 2.6],
			"to": [6.975, 17.45, 4.025],
			"rotation": {"angle": 22.5, "axis": "x", "origin": [0, 4.775, 2]},
			"faces": {
				"north": {"uv": [15, 6, 16, 7], "rotation": 270, "texture": "#3"},
				"east": {"uv": [15, 6, 16, 7], "rotation": 270, "texture": "#3"},
				"south": {"uv": [15, 6, 16, 7], "rotation": 270, "texture": "#3"},
				"west": {"uv": [15, 6, 16, 7], "rotation": 270, "texture": "#3"},
				"up": {"uv": [15, 6, 16, 7], "rotation": 270, "texture": "#3"},
				"down": {"uv": [15, 6, 16, 7], "rotation": 270, "texture": "#3"}
			}
		},
		{
			"from": [5.1, 15.88056, 7.17984],
			"to": [6.975, 16.25556, 7.40484],
			"rotation": {"angle": 0, "axis": "x", "origin": [6.0375, 16.06806, 8.19234]},
			"faces": {
				"north": {"uv": [15, 6, 16, 7], "rotation": 270, "texture": "#3"},
				"east": {"uv": [15, 6, 16, 7], "rotation": 270, "texture": "#3"},
				"south": {"uv": [15, 6, 16, 7], "rotation": 270, "texture": "#3"},
				"west": {"uv": [15, 6, 16, 7], "rotation": 270, "texture": "#3"},
				"up": {"uv": [15, 6, 16, 7], "rotation": 270, "texture": "#3"},
				"down": {"uv": [15, 6, 16, 7], "rotation": 270, "texture": "#3"}
			}
		},
		{
			"from": [5.1, 15.07285, 7.16999],
			"to": [6.975, 15.44785, 7.39499],
			"rotation": {"angle": 0, "axis": "x", "origin": [6.0375, 15.26035, 8.18249]},
			"faces": {
				"north": {"uv": [15, 6, 16, 7], "rotation": 270, "texture": "#3"},
				"east": {"uv": [15, 6, 16, 7], "rotation": 270, "texture": "#3"},
				"south": {"uv": [15, 6, 16, 7], "rotation": 270, "texture": "#3"},
				"west": {"uv": [15, 6, 16, 7], "rotation": 270, "texture": "#3"},
				"up": {"uv": [15, 6, 16, 7], "rotation": 270, "texture": "#3"},
				"down": {"uv": [15, 6, 16, 7], "rotation": 270, "texture": "#3"}
			}
		},
		{
			"from": [5.1, 16.325, 2.9],
			"to": [6.975, 16.7, 4.325],
			"rotation": {"angle": 22.5, "axis": "x", "origin": [0, 4.775, 2]},
			"faces": {
				"north": {"uv": [15, 6, 16, 7], "rotation": 270, "texture": "#3"},
				"east": {"uv": [15, 6, 16, 7], "rotation": 270, "texture": "#3"},
				"south": {"uv": [15, 6, 16, 7], "rotation": 270, "texture": "#3"},
				"west": {"uv": [15, 6, 16, 7], "rotation": 270, "texture": "#3"},
				"up": {"uv": [15, 6, 16, 7], "rotation": 270, "texture": "#3"},
				"down": {"uv": [15, 6, 16, 7], "rotation": 270, "texture": "#3"}
			}
		},
		{
			"from": [5.1, 14.33442, 7.18884],
			"to": [6.975, 14.70942, 7.41384],
			"rotation": {"angle": 0, "axis": "x", "origin": [6.0375, 14.52192, 8.20134]},
			"faces": {
				"north": {"uv": [15, 6, 16, 7], "rotation": 270, "texture": "#3"},
				"east": {"uv": [15, 6, 16, 7], "rotation": 270, "texture": "#3"},
				"south": {"uv": [15, 6, 16, 7], "rotation": 270, "texture": "#3"},
				"west": {"uv": [15, 6, 16, 7], "rotation": 270, "texture": "#3"},
				"up": {"uv": [15, 6, 16, 7], "rotation": 270, "texture": "#3"},
				"down": {"uv": [15, 6, 16, 7], "rotation": 270, "texture": "#3"}
			}
		},
		{
			"from": [5.1, 15.65, 3.2],
			"to": [6.975, 16.025, 4.625],
			"rotation": {"angle": 22.5, "axis": "x", "origin": [0, 4.775, 2]},
			"faces": {
				"north": {"uv": [15, 6, 16, 7], "rotation": 270, "texture": "#3"},
				"east": {"uv": [15, 6, 16, 7], "rotation": 270, "texture": "#3"},
				"south": {"uv": [15, 6, 16, 7], "rotation": 270, "texture": "#3"},
				"west": {"uv": [15, 6, 16, 7], "rotation": 270, "texture": "#3"},
				"up": {"uv": [15, 6, 16, 7], "rotation": 270, "texture": "#3"},
				"down": {"uv": [15, 6, 16, 7], "rotation": 270, "texture": "#3"}
			}
		},
		{
			"from": [5.1, 13.81765, 8.58687],
			"to": [6.975, 14.19265, 8.81187],
			"rotation": {"angle": 0, "axis": "x", "origin": [6.0375, 14.00515, 9.59937]},
			"faces": {
				"north": {"uv": [15, 6, 16, 7], "rotation": 270, "texture": "#3"},
				"east": {"uv": [15, 6, 16, 7], "rotation": 270, "texture": "#3"},
				"south": {"uv": [15, 6, 16, 7], "rotation": 270, "texture": "#3"},
				"west": {"uv": [15, 6, 16, 7], "rotation": 270, "texture": "#3"},
				"up": {"uv": [15, 6, 16, 7], "rotation": 270, "texture": "#3"},
				"down": {"uv": [15, 6, 16, 7], "rotation": 270, "texture": "#3"}
			}
		},
		{
			"from": [5.1, 14.75607, 8.56801],
			"to": [6.975, 14.93107, 8.79301],
			"rotation": {"angle": 0, "axis": "x", "origin": [6.0375, 14.74357, 9.58051]},
			"faces": {
				"north": {"uv": [15, 6, 16, 7], "rotation": 270, "texture": "#3"},
				"east": {"uv": [15, 6, 16, 7], "rotation": 270, "texture": "#3"},
				"south": {"uv": [15, 6, 16, 7], "rotation": 270, "texture": "#3"},
				"west": {"uv": [15, 6, 16, 7], "rotation": 270, "texture": "#3"},
				"up": {"uv": [15, 6, 16, 7], "rotation": 270, "texture": "#3"},
				"down": {"uv": [15, 6, 16, 7], "rotation": 270, "texture": "#3"}
			}
		},
		{
			"from": [5.175, 2.075, 7.25],
			"to": [6.9, 6.95, 8.75],
			"rotation": {"angle": 0, "axis": "y", "origin": [0, -1, 2]},
			"faces": {
				"north": {"uv": [0, 0, 2.3, 6.5], "texture": "#1"},
				"east": {"uv": [0, 0, 2, 6.5], "texture": "#1"},
				"south": {"uv": [0, 0, 2.3, 6.5], "texture": "#1"},
				"west": {"uv": [0, 0, 2, 6.5], "texture": "#1"},
				"up": {"uv": [0, 0, 2.3, 2], "texture": "#1"},
				"down": {"uv": [0, 0, 2.3, 2], "texture": "#1"}
			}
		},
		{
			"from": [5.175, 7.625, 7.25],
			"to": [6.9, 12.5, 8.75],
			"rotation": {"angle": 0, "axis": "y", "origin": [0, -1, 2]},
			"faces": {
				"north": {"uv": [0, 0, 4, 16], "texture": "#3"},
				"east": {"uv": [11, 0, 15, 16], "texture": "#3"},
				"south": {"uv": [12, 0, 16, 16], "texture": "#3"},
				"west": {"uv": [12, 0, 16, 16], "texture": "#3"},
				"up": {"uv": [0, 0, 4, 16], "texture": "#3"},
				"down": {"uv": [0, 0, 4, 16], "texture": "#3"}
			}
		},
		{
			"from": [5.175, 13.25, 7.25],
			"to": [6.9, 18.125, 8.75],
			"rotation": {"angle": 0, "axis": "y", "origin": [0, -1, 2]},
			"faces": {
				"north": {"uv": [0, 0, 4, 16], "texture": "#3"},
				"east": {"uv": [11, 0, 15, 16], "texture": "#3"},
				"south": {"uv": [12, 0, 16, 16], "texture": "#3"},
				"west": {"uv": [12, 0, 16, 16], "texture": "#3"},
				"up": {"uv": [0, 0, 4, 16], "texture": "#3"},
				"down": {"uv": [0, 0, 4, 16], "texture": "#3"}
			}
		},
		{
			"from": [3.775, 20.35, 4.15],
			"to": [8.3, 24.925, 11.95],
			"rotation": {"angle": 0, "axis": "y", "origin": [0, -1, 2]},
			"faces": {
				"north": {"uv": [0, 2, 16, 14], "texture": "#3"},
				"east": {"uv": [0, 2, 16, 14], "texture": "#3"},
				"south": {"uv": [0, 2, 16, 14], "texture": "#3"},
				"west": {"uv": [0, 2, 16, 14], "texture": "#3"},
				"up": {"uv": [0, 2, 16, 14], "texture": "#3"},
				"down": {"uv": [0, 2, 16, 14], "texture": "#3"}
			}
		},
		{
			"from": [3.675, 24.05, 9.25],
			"to": [8.4, 24.525, 10.95],
			"rotation": {"angle": 22.5, "axis": "x", "origin": [6.0375, 24.2875, 10.1]},
			"faces": {
				"north": {"uv": [5, 13, 7, 14], "texture": "#3"},
				"east": {"uv": [5, 13, 7, 14], "texture": "#3"},
				"south": {"uv": [5, 13, 7, 14], "texture": "#3"},
				"west": {"uv": [5, 13, 7, 14], "rotation": 180, "texture": "#3"},
				"up": {"uv": [5, 13, 7, 14], "texture": "#3"},
				"down": {"uv": [5, 13, 7, 14], "texture": "#3"}
			}
		},
		{
			"from": [3.675, 24.05, 5.15],
			"to": [8.4, 24.525, 6.85],
			"rotation": {"angle": -22.5, "axis": "x", "origin": [6.0375, 24.2875, 6]},
			"faces": {
				"north": {"uv": [5, 13, 7, 14], "texture": "#3"},
				"east": {"uv": [5, 13, 7, 14], "rotation": 180, "texture": "#3"},
				"south": {"uv": [5, 13, 7, 14], "texture": "#3"},
				"west": {"uv": [5, 13, 7, 14], "texture": "#3"},
				"up": {"uv": [5, 13, 7, 14], "texture": "#3"},
				"down": {"uv": [5, 13, 7, 14], "texture": "#3"}
			}
		},
		{
			"from": [3.675, 22.55, 9.25],
			"to": [8.4, 23.025, 10.95],
			"rotation": {"angle": 0, "axis": "y", "origin": [0, -1, 2]},
			"faces": {
				"north": {"uv": [5, 13, 7, 14], "texture": "#3"},
				"east": {"uv": [5, 13, 7, 14], "texture": "#3"},
				"south": {"uv": [5, 13, 7, 14], "texture": "#3"},
				"west": {"uv": [5, 13, 7, 14], "rotation": 180, "texture": "#3"},
				"up": {"uv": [5, 13, 7, 14], "texture": "#3"},
				"down": {"uv": [5, 13, 7, 14], "texture": "#3"}
			}
		},
		{
			"from": [3.675, 22.55, 5.15],
			"to": [8.4, 23.025, 6.85],
			"rotation": {"angle": 0, "axis": "y", "origin": [0, -1, 2]},
			"faces": {
				"north": {"uv": [5, 13, 7, 14], "texture": "#3"},
				"east": {"uv": [5, 13, 7, 14], "rotation": 180, "texture": "#3"},
				"south": {"uv": [5, 13, 7, 14], "texture": "#3"},
				"west": {"uv": [5, 13, 7, 14], "texture": "#3"},
				"up": {"uv": [5, 13, 7, 14], "texture": "#3"},
				"down": {"uv": [5, 13, 7, 14], "texture": "#3"}
			}
		},
		{
			"from": [3.675, 20.85, 9.25],
			"to": [8.4, 21.325, 10.95],
			"rotation": {"angle": -22.5, "axis": "x", "origin": [6.0375, 21.0875, 10.1]},
			"faces": {
				"north": {"uv": [5, 13, 7, 14], "texture": "#3"},
				"east": {"uv": [5, 13, 7, 14], "texture": "#3"},
				"south": {"uv": [5, 13, 7, 14], "texture": "#3"},
				"west": {"uv": [5, 13, 7, 14], "rotation": 180, "texture": "#3"},
				"up": {"uv": [5, 13, 7, 14], "texture": "#3"},
				"down": {"uv": [5, 13, 7, 14], "texture": "#3"}
			}
		},
		{
			"from": [3.675, 20.85, 5.15],
			"to": [8.4, 21.325, 6.85],
			"rotation": {"angle": 22.5, "axis": "x", "origin": [6.0375, 21.0875, 6]},
			"faces": {
				"north": {"uv": [5, 13, 7, 14], "texture": "#3"},
				"east": {"uv": [5, 13, 7, 14], "rotation": 180, "texture": "#3"},
				"south": {"uv": [5, 13, 7, 14], "texture": "#3"},
				"west": {"uv": [5, 13, 7, 14], "texture": "#3"},
				"up": {"uv": [5, 13, 7, 14], "texture": "#3"},
				"down": {"uv": [5, 13, 7, 14], "texture": "#3"}
			}
		},
		{
			"from": [4.575, 21.15, 2.95],
			"to": [7.5, 24.125, 13.05],
			"rotation": {"angle": 0, "axis": "y", "origin": [0, -1, 2]},
			"faces": {
				"north": {"uv": [0, 2, 16, 14], "texture": "#3"},
				"east": {"uv": [0, 2, 16, 14], "texture": "#3"},
				"south": {"uv": [0, 2, 16, 14], "texture": "#3"},
				"west": {"uv": [0, 2, 16, 14], "texture": "#3"},
				"up": {"uv": [0, 2, 16, 14], "texture": "#3"},
				"down": {"uv": [0, 2, 16, 14], "texture": "#3"}
			}
		},
		{
			"from": [4.375, 20.95, 3.25],
			"to": [7.7, 24.325, 12.75],
			"rotation": {"angle": 0, "axis": "y", "origin": [0, -1, 2]},
			"faces": {
				"north": {"uv": [0, 2, 16, 14], "texture": "#3"},
				"east": {"uv": [0, 2, 16, 14], "texture": "#3"},
				"south": {"uv": [0, 2, 16, 14], "texture": "#3"},
				"west": {"uv": [0, 2, 16, 14], "texture": "#3"},
				"up": {"uv": [0, 2, 16, 14], "texture": "#3"},
				"down": {"uv": [0, 2, 16, 14], "texture": "#3"}
			}
		},
		{
			"from": [4.175, 20.75, 3.55],
			"to": [7.9, 24.525, 12.45],
			"rotation": {"angle": 0, "axis": "y", "origin": [0, -1, 2]},
			"faces": {
				"north": {"uv": [0, 2, 16, 14], "texture": "#3"},
				"east": {"uv": [0, 2, 16, 14], "texture": "#3"},
				"south": {"uv": [0, 2, 16, 14], "texture": "#3"},
				"west": {"uv": [0, 2, 16, 14], "texture": "#3"},
				"up": {"uv": [0, 2, 16, 14], "texture": "#3"},
				"down": {"uv": [0, 2, 16, 14], "texture": "#3"}
			}
		},
		{
			"from": [3.975, 20.55, 3.85],
			"to": [8.1, 24.725, 12.25],
			"rotation": {"angle": 0, "axis": "y", "origin": [0, -1, 2]},
			"faces": {
				"north": {"uv": [0, 2, 16, 14], "texture": "#3"},
				"east": {"uv": [0, 2, 16, 14], "texture": "#3"},
				"south": {"uv": [0, 2, 16, 14], "texture": "#3"},
				"west": {"uv": [0, 2, 16, 14], "texture": "#3"},
				"up": {"uv": [0, 2, 16, 14], "texture": "#3"},
				"down": {"uv": [0, 2, 16, 14], "texture": "#3"}
			}
		},
		{
			"from": [5.1, 12.8, 2],
			"to": [6.975, 13.175, 3.425],
			"rotation": {"angle": 22.5, "axis": "x", "origin": [0, -1, 2]},
			"faces": {
				"north": {"uv": [15, 6, 16, 7], "rotation": 270, "texture": "#3"},
				"east": {"uv": [15, 6, 16, 7], "rotation": 270, "texture": "#3"},
				"south": {"uv": [15, 6, 16, 7], "rotation": 270, "texture": "#3"},
				"west": {"uv": [15, 6, 16, 7], "rotation": 270, "texture": "#3"},
				"up": {"uv": [15, 6, 16, 7], "rotation": 270, "texture": "#3"},
				"down": {"uv": [15, 6, 16, 7], "rotation": 270, "texture": "#3"}
			}
		},
		{
			"from": [5.1, 11.3, 2.6],
			"to": [6.975, 11.675, 4.025],
			"rotation": {"angle": 22.5, "axis": "x", "origin": [0, -1, 2]},
			"faces": {
				"north": {"uv": [15, 6, 16, 7], "rotation": 270, "texture": "#3"},
				"east": {"uv": [15, 6, 16, 7], "rotation": 270, "texture": "#3"},
				"south": {"uv": [15, 6, 16, 7], "rotation": 270, "texture": "#3"},
				"west": {"uv": [15, 6, 16, 7], "rotation": 270, "texture": "#3"},
				"up": {"uv": [15, 6, 16, 7], "rotation": 270, "texture": "#3"},
				"down": {"uv": [15, 6, 16, 7], "rotation": 270, "texture": "#3"}
			}
		},
		{
			"from": [5.1, 12.05, 2.3],
			"to": [6.975, 12.425, 3.725],
			"rotation": {"angle": 22.5, "axis": "x", "origin": [0, -1, 2]},
			"faces": {
				"north": {"uv": [15, 6, 16, 7], "rotation": 270, "texture": "#3"},
				"east": {"uv": [15, 6, 16, 7], "rotation": 270, "texture": "#3"},
				"south": {"uv": [15, 6, 16, 7], "rotation": 270, "texture": "#3"},
				"west": {"uv": [15, 6, 16, 7], "rotation": 270, "texture": "#3"},
				"up": {"uv": [15, 6, 16, 7], "rotation": 270, "texture": "#3"},
				"down": {"uv": [15, 6, 16, 7], "rotation": 270, "texture": "#3"}
			}
		},
		{
			"from": [5.1, 10.55, 2.9],
			"to": [6.975, 10.925, 4.325],
			"rotation": {"angle": 22.5, "axis": "x", "origin": [0, -1, 2]},
			"faces": {
				"north": {"uv": [15, 6, 16, 7], "rotation": 270, "texture": "#3"},
				"east": {"uv": [15, 6, 16, 7], "rotation": 270, "texture": "#3"},
				"south": {"uv": [15, 6, 16, 7], "rotation": 270, "texture": "#3"},
				"west": {"uv": [15, 6, 16, 7], "rotation": 270, "texture": "#3"},
				"up": {"uv": [15, 6, 16, 7], "rotation": 270, "texture": "#3"},
				"down": {"uv": [15, 6, 16, 7], "rotation": 270, "texture": "#3"}
			}
		},
		{
			"from": [5.1, 9.875, 3.2],
			"to": [6.975, 10.25, 4.625],
			"rotation": {"angle": 22.5, "axis": "x", "origin": [0, -1, 2]},
			"faces": {
				"north": {"uv": [15, 6, 16, 7], "rotation": 270, "texture": "#3"},
				"east": {"uv": [15, 6, 16, 7], "rotation": 270, "texture": "#3"},
				"south": {"uv": [15, 6, 16, 7], "rotation": 270, "texture": "#3"},
				"west": {"uv": [15, 6, 16, 7], "rotation": 270, "texture": "#3"},
				"up": {"uv": [15, 6, 16, 7], "rotation": 270, "texture": "#3"},
				"down": {"uv": [15, 6, 16, 7], "rotation": 270, "texture": "#3"}
			}
		},
		{
			"from": [5.1, 8.55942, 7.18884],
			"to": [6.975, 8.93442, 7.41384],
			"rotation": {"angle": 0, "axis": "x", "origin": [6.0375, 8.74692, 8.20134]},
			"faces": {
				"north": {"uv": [15, 6, 16, 7], "rotation": 270, "texture": "#3"},
				"east": {"uv": [15, 6, 16, 7], "rotation": 270, "texture": "#3"},
				"south": {"uv": [15, 6, 16, 7], "rotation": 270, "texture": "#3"},
				"west": {"uv": [15, 6, 16, 7], "rotation": 270, "texture": "#3"},
				"up": {"uv": [15, 6, 16, 7], "rotation": 270, "texture": "#3"},
				"down": {"uv": [15, 6, 16, 7], "rotation": 270, "texture": "#3"}
			}
		},
		{
			"from": [5.1, 10.10556, 7.17984],
			"to": [6.975, 10.48056, 7.40484],
			"rotation": {"angle": 0, "axis": "x", "origin": [6.0375, 10.29306, 8.19234]},
			"faces": {
				"north": {"uv": [15, 6, 16, 7], "rotation": 270, "texture": "#3"},
				"east": {"uv": [15, 6, 16, 7], "rotation": 270, "texture": "#3"},
				"south": {"uv": [15, 6, 16, 7], "rotation": 270, "texture": "#3"},
				"west": {"uv": [15, 6, 16, 7], "rotation": 270, "texture": "#3"},
				"up": {"uv": [15, 6, 16, 7], "rotation": 270, "texture": "#3"},
				"down": {"uv": [15, 6, 16, 7], "rotation": 270, "texture": "#3"}
			}
		},
		{
			"from": [5.1, 10.91328, 7.18969],
			"to": [6.975, 11.28828, 7.41469],
			"rotation": {"angle": 0, "axis": "x", "origin": [6.0375, 11.10078, 8.20219]},
			"faces": {
				"north": {"uv": [15, 6, 16, 7], "rotation": 270, "texture": "#3"},
				"east": {"uv": [15, 6, 16, 7], "rotation": 270, "texture": "#3"},
				"south": {"uv": [15, 6, 16, 7], "rotation": 270, "texture": "#3"},
				"west": {"uv": [15, 6, 16, 7], "rotation": 270, "texture": "#3"},
				"up": {"uv": [15, 6, 16, 7], "rotation": 270, "texture": "#3"},
				"down": {"uv": [15, 6, 16, 7], "rotation": 270, "texture": "#3"}
			}
		},
		{
			"from": [5.1, 9.58878, 8.57786],
			"to": [6.975, 9.96378, 8.80286],
			"rotation": {"angle": 0, "axis": "x", "origin": [6.0375, 9.77628, 9.59036]},
			"faces": {
				"north": {"uv": [15, 6, 16, 7], "rotation": 270, "texture": "#3"},
				"east": {"uv": [15, 6, 16, 7], "rotation": 270, "texture": "#3"},
				"south": {"uv": [15, 6, 16, 7], "rotation": 270, "texture": "#3"},
				"west": {"uv": [15, 6, 16, 7], "rotation": 270, "texture": "#3"},
				"up": {"uv": [15, 6, 16, 7], "rotation": 270, "texture": "#3"},
				"down": {"uv": [15, 6, 16, 7], "rotation": 270, "texture": "#3"}
			}
		},
		{
			"from": [5.1, 8.78107, 8.56801],
			"to": [6.975, 9.15607, 8.79301],
			"rotation": {"angle": 0, "axis": "x", "origin": [6.0375, 8.96857, 9.58051]},
			"faces": {
				"north": {"uv": [15, 6, 16, 7], "rotation": 270, "texture": "#3"},
				"east": {"uv": [15, 6, 16, 7], "rotation": 270, "texture": "#3"},
				"south": {"uv": [15, 6, 16, 7], "rotation": 270, "texture": "#3"},
				"west": {"uv": [15, 6, 16, 7], "rotation": 270, "texture": "#3"},
				"up": {"uv": [15, 6, 16, 7], "rotation": 270, "texture": "#3"},
				"down": {"uv": [15, 6, 16, 7], "rotation": 270, "texture": "#3"}
			}
		},
		{
			"from": [5.1, 8.04265, 8.58687],
			"to": [6.975, 8.41765, 8.81187],
			"rotation": {"angle": 0, "axis": "x", "origin": [6.0375, 8.23015, 9.59937]},
			"faces": {
				"north": {"uv": [15, 6, 16, 7], "rotation": 270, "texture": "#3"},
				"east": {"uv": [15, 6, 16, 7], "rotation": 270, "texture": "#3"},
				"south": {"uv": [15, 6, 16, 7], "rotation": 270, "texture": "#3"},
				"west": {"uv": [15, 6, 16, 7], "rotation": 270, "texture": "#3"},
				"up": {"uv": [15, 6, 16, 7], "rotation": 270, "texture": "#3"},
				"down": {"uv": [15, 6, 16, 7], "rotation": 270, "texture": "#3"}
			}
		},
		{
			"from": [5.1, 11.20421, 8.59756],
			"to": [6.975, 11.57921, 8.82256],
			"rotation": {"angle": 0, "axis": "x", "origin": [6.0375, 11.39171, 9.61006]},
			"faces": {
				"north": {"uv": [15, 6, 16, 7], "rotation": 270, "texture": "#3"},
				"east": {"uv": [15, 6, 16, 7], "rotation": 270, "texture": "#3"},
				"south": {"uv": [15, 6, 16, 7], "rotation": 270, "texture": "#3"},
				"west": {"uv": [15, 6, 16, 7], "rotation": 270, "texture": "#3"},
				"up": {"uv": [15, 6, 16, 7], "rotation": 270, "texture": "#3"},
				"down": {"uv": [15, 6, 16, 7], "rotation": 270, "texture": "#3"}
			}
		},
		{
			"from": [5.1, 10.3965, 8.58771],
			"to": [6.975, 10.7715, 8.81271],
			"rotation": {"angle": 0, "axis": "x", "origin": [6.0375, 10.584, 9.60021]},
			"faces": {
				"north": {"uv": [15, 6, 16, 7], "rotation": 270, "texture": "#3"},
				"east": {"uv": [15, 6, 16, 7], "rotation": 270, "texture": "#3"},
				"south": {"uv": [15, 6, 16, 7], "rotation": 270, "texture": "#3"},
				"west": {"uv": [15, 6, 16, 7], "rotation": 270, "texture": "#3"},
				"up": {"uv": [15, 6, 16, 7], "rotation": 270, "texture": "#3"},
				"down": {"uv": [15, 6, 16, 7], "rotation": 270, "texture": "#3"}
			}
		},
		{
			"from": [5.1, 11.72099, 7.19954],
			"to": [6.975, 12.09599, 7.42454],
			"rotation": {"angle": 0, "axis": "x", "origin": [6.0375, 11.90849, 8.21204]},
			"faces": {
				"north": {"uv": [15, 6, 16, 7], "rotation": 270, "texture": "#3"},
				"east": {"uv": [15, 6, 16, 7], "rotation": 270, "texture": "#3"},
				"south": {"uv": [15, 6, 16, 7], "rotation": 270, "texture": "#3"},
				"west": {"uv": [15, 6, 16, 7], "rotation": 270, "texture": "#3"},
				"up": {"uv": [15, 6, 16, 7], "rotation": 270, "texture": "#3"},
				"down": {"uv": [15, 6, 16, 7], "rotation": 270, "texture": "#3"}
			}
		},
		{
			"from": [5.1, 9.29785, 7.16999],
			"to": [6.975, 9.67285, 7.39499],
			"rotation": {"angle": 0, "axis": "x", "origin": [6.0375, 9.48535, 8.18249]},
			"faces": {
				"north": {"uv": [15, 6, 16, 7], "rotation": 270, "texture": "#3"},
				"east": {"uv": [15, 6, 16, 7], "rotation": 270, "texture": "#3"},
				"south": {"uv": [15, 6, 16, 7], "rotation": 270, "texture": "#3"},
				"west": {"uv": [15, 6, 16, 7], "rotation": 270, "texture": "#3"},
				"up": {"uv": [15, 6, 16, 7], "rotation": 270, "texture": "#3"},
				"down": {"uv": [15, 6, 16, 7], "rotation": 270, "texture": "#3"}
			}
		},
		{
			"from": [5.175, 0.875, 7.25],
			"to": [6.9, 1.55, 8.75],
			"rotation": {"angle": 0, "axis": "y", "origin": [0, -1, 2]},
			"faces": {
				"north": {"uv": [4, 1, 5, 2], "texture": "#1"},
				"east": {"uv": [4, 1, 5, 2], "texture": "#1"},
				"south": {"uv": [4, 1, 5, 2], "texture": "#1"},
				"west": {"uv": [4, 1, 5, 2], "texture": "#1"},
				"up": {"uv": [4, 1, 5, 2], "texture": "#1"},
				"down": {"uv": [4, 1, 5, 2], "texture": "#1"}
			}
		},
		{
			"from": [5.325, 0.8, 7.4],
			"to": [6.75, 0.875, 8.6],
			"rotation": {"angle": 0, "axis": "y", "origin": [0, -1, 2]},
			"faces": {
				"north": {"uv": [4, 1, 5, 2], "texture": "#0"},
				"east": {"uv": [4, 1, 5, 2], "texture": "#0"},
				"south": {"uv": [4, 1, 5, 2], "texture": "#0"},
				"west": {"uv": [4, 1, 5, 2], "texture": "#0"},
				"up": {"uv": [4, 1, 5, 2], "texture": "#0"},
				"down": {"uv": [4, 1, 5, 2], "texture": "#0"}
			}
		},
		{
			"from": [5.025, -6.55, 7.1],
			"to": [6.9, -6.25, 8.9],
			"rotation": {"angle": 0, "axis": "y", "origin": [0, -1, 2]},
			"faces": {
				"north": {"uv": [3, 3, 4, 4], "texture": "#2"},
				"east": {"uv": [3, 3, 4, 4], "texture": "#2"},
				"south": {"uv": [3, 3, 4, 4], "texture": "#2"},
				"west": {"uv": [3, 3, 4, 4], "texture": "#2"},
				"up": {"uv": [3, 3, 4, 4], "texture": "#2"},
				"down": {"uv": [3, 3, 4, 4], "texture": "#2"}
			}
		},
		{
			"from": [5.025, -12.7, 6.50846],
			"to": [5.4, -9.03806, 6.88346],
			"rotation": {"angle": -22.5, "axis": "x", "origin": [0, -2.57511, 0.88346]},
			"faces": {
				"north": {"uv": [3, 3, 4, 4], "texture": "#2"},
				"east": {"uv": [3, 3, 4, 4], "texture": "#2"},
				"south": {"uv": [3, 3, 4, 4], "texture": "#2"},
				"west": {"uv": [3, 3, 4, 4], "texture": "#2"},
				"up": {"uv": [3, 3, 4, 4], "texture": "#2"},
				"down": {"uv": [3, 3, 4, 4], "texture": "#2"}
			}
		},
		{
			"from": [6.525, -12.7, 6.50846],
			"to": [6.9, -9.03806, 6.88346],
			"rotation": {"angle": -22.5, "axis": "x", "origin": [1.5, -2.57511, 0.88346]},
			"faces": {
				"north": {"uv": [3, 3, 4, 4], "texture": "#2"},
				"east": {"uv": [3, 3, 4, 4], "texture": "#2"},
				"south": {"uv": [3, 3, 4, 4], "texture": "#2"},
				"west": {"uv": [3, 3, 4, 4], "texture": "#2"},
				"up": {"uv": [3, 3, 4, 4], "texture": "#2"},
				"down": {"uv": [3, 3, 4, 4], "texture": "#2"}
			}
		},
		{
			"from": [5.025, -10.07233, 6.94357],
			"to": [5.55, -6.39733, 7.31857],
			"rotation": {"angle": -45, "axis": "x", "origin": [6.5625, -6.28483, 7.20607]},
			"faces": {
				"north": {"uv": [3, 3, 4, 4], "texture": "#2"},
				"east": {"uv": [3, 3, 4, 4], "texture": "#2"},
				"south": {"uv": [3, 3, 4, 4], "texture": "#2"},
				"west": {"uv": [3, 3, 4, 4], "texture": "#2"},
				"up": {"uv": [3, 3, 4, 4], "texture": "#2"},
				"down": {"uv": [3, 3, 4, 4], "texture": "#2"}
			}
		},
		{
			"from": [5.025, -6.99733, 7.61857],
			"to": [5.55, -6.54733, 8.81857],
			"rotation": {"angle": 0, "axis": "x", "origin": [6.5625, -6.28483, 7.20607]},
			"faces": {
				"north": {"uv": [3, 3, 4, 4], "texture": "#2"},
				"east": {"uv": [3, 3, 4, 4], "texture": "#2"},
				"south": {"uv": [3, 3, 4, 4], "texture": "#2"},
				"west": {"uv": [3, 3, 4, 4], "texture": "#2"},
				"up": {"uv": [3, 3, 4, 4], "texture": "#2"},
				"down": {"uv": [3, 3, 4, 4], "texture": "#2"}
			}
		},
		{
			"from": [6.375, -6.99733, 7.61857],
			"to": [6.9, -6.54733, 8.81857],
			"rotation": {"angle": 0, "axis": "x", "origin": [6.5625, -6.28483, 7.20607]},
			"faces": {
				"north": {"uv": [3, 3, 4, 4], "texture": "#2"},
				"east": {"uv": [3, 3, 4, 4], "texture": "#2"},
				"south": {"uv": [3, 3, 4, 4], "texture": "#2"},
				"west": {"uv": [3, 3, 4, 4], "texture": "#2"},
				"up": {"uv": [3, 3, 4, 4], "texture": "#2"},
				"down": {"uv": [3, 3, 4, 4], "texture": "#2"}
			}
		},
		{
			"from": [5.025, -7.44733, 8.06857],
			"to": [5.55, -6.99733, 9.04357],
			"rotation": {"angle": 0, "axis": "x", "origin": [6.5625, -6.28483, 7.20607]},
			"faces": {
				"north": {"uv": [3, 3, 4, 4], "texture": "#2"},
				"east": {"uv": [3, 3, 4, 4], "texture": "#2"},
				"south": {"uv": [3, 3, 4, 4], "texture": "#2"},
				"west": {"uv": [3, 3, 4, 4], "texture": "#2"},
				"up": {"uv": [3, 3, 4, 4], "texture": "#2"},
				"down": {"uv": [3, 3, 4, 4], "texture": "#2"}
			}
		},
		{
			"from": [6.375, -7.44733, 8.06857],
			"to": [6.9, -6.99733, 9.04357],
			"rotation": {"angle": 0, "axis": "x", "origin": [6.5625, -6.28483, 7.20607]},
			"faces": {
				"north": {"uv": [3, 3, 4, 4], "texture": "#2"},
				"east": {"uv": [3, 3, 4, 4], "texture": "#2"},
				"south": {"uv": [3, 3, 4, 4], "texture": "#2"},
				"west": {"uv": [3, 3, 4, 4], "texture": "#2"},
				"up": {"uv": [3, 3, 4, 4], "texture": "#2"},
				"down": {"uv": [3, 3, 4, 4], "texture": "#2"}
			}
		},
		{
			"from": [5.025, -7.89733, 8.51857],
			"to": [5.55, -7.44733, 9.19357],
			"rotation": {"angle": 0, "axis": "x", "origin": [6.5625, -6.28483, 7.20607]},
			"faces": {
				"north": {"uv": [3, 3, 4, 4], "texture": "#2"},
				"east": {"uv": [3, 3, 4, 4], "texture": "#2"},
				"south": {"uv": [3, 3, 4, 4], "texture": "#2"},
				"west": {"uv": [3, 3, 4, 4], "texture": "#2"},
				"up": {"uv": [3, 3, 4, 4], "texture": "#2"},
				"down": {"uv": [3, 3, 4, 4], "texture": "#2"}
			}
		},
		{
			"from": [6.375, -7.89733, 8.51857],
			"to": [6.9, -7.44733, 9.19357],
			"rotation": {"angle": 0, "axis": "x", "origin": [6.5625, -6.28483, 7.20607]},
			"faces": {
				"north": {"uv": [3, 3, 4, 4], "texture": "#2"},
				"east": {"uv": [3, 3, 4, 4], "texture": "#2"},
				"south": {"uv": [3, 3, 4, 4], "texture": "#2"},
				"west": {"uv": [3, 3, 4, 4], "texture": "#2"},
				"up": {"uv": [3, 3, 4, 4], "texture": "#2"},
				"down": {"uv": [3, 3, 4, 4], "texture": "#2"}
			}
		},
		{
			"from": [5.025, -8.34733, 8.96857],
			"to": [5.55, -7.89733, 9.49357],
			"rotation": {"angle": 0, "axis": "x", "origin": [6.5625, -6.28483, 7.20607]},
			"faces": {
				"north": {"uv": [3, 3, 4, 4], "texture": "#2"},
				"east": {"uv": [3, 3, 4, 4], "texture": "#2"},
				"south": {"uv": [3, 3, 4, 4], "texture": "#2"},
				"west": {"uv": [3, 3, 4, 4], "texture": "#2"},
				"up": {"uv": [3, 3, 4, 4], "texture": "#2"},
				"down": {"uv": [3, 3, 4, 4], "texture": "#2"}
			}
		},
		{
			"from": [6.375, -8.34733, 8.96857],
			"to": [6.9, -7.89733, 9.49357],
			"rotation": {"angle": 0, "axis": "x", "origin": [6.5625, -6.28483, 7.20607]},
			"faces": {
				"north": {"uv": [3, 3, 4, 4], "texture": "#2"},
				"east": {"uv": [3, 3, 4, 4], "texture": "#2"},
				"south": {"uv": [3, 3, 4, 4], "texture": "#2"},
				"west": {"uv": [3, 3, 4, 4], "texture": "#2"},
				"up": {"uv": [3, 3, 4, 4], "texture": "#2"},
				"down": {"uv": [3, 3, 4, 4], "texture": "#2"}
			}
		},
		{
			"from": [6.375, -10.07233, 6.94357],
			"to": [6.9, -6.39733, 7.31857],
			"rotation": {"angle": -45, "axis": "x", "origin": [8.0625, -6.28483, 7.20607]},
			"faces": {
				"north": {"uv": [3, 3, 4, 4], "texture": "#2"},
				"east": {"uv": [3, 3, 4, 4], "texture": "#2"},
				"south": {"uv": [3, 3, 4, 4], "texture": "#2"},
				"west": {"uv": [3, 3, 4, 4], "texture": "#2"},
				"up": {"uv": [3, 3, 4, 4], "texture": "#2"},
				"down": {"uv": [3, 3, 4, 4], "texture": "#2"}
			}
		},
		{
			"from": [6.15, -9.69733, 6.94357],
			"to": [6.375, -6.39733, 7.46857],
			"rotation": {"angle": -45, "axis": "x", "origin": [8.0625, -6.28483, 7.20607]},
			"faces": {
				"north": {"uv": [3, 3, 4, 4], "texture": "#2"},
				"east": {"uv": [3, 3, 4, 4], "texture": "#2"},
				"south": {"uv": [3, 3, 4, 4], "texture": "#2"},
				"west": {"uv": [3, 3, 4, 4], "texture": "#2"},
				"up": {"uv": [3, 3, 4, 4], "texture": "#2"},
				"down": {"uv": [3, 3, 4, 4], "texture": "#2"}
			}
		},
		{
			"from": [5.55, -9.69733, 6.94357],
			"to": [5.775, -6.39733, 7.46857],
			"rotation": {"angle": -45, "axis": "x", "origin": [8.0625, -6.28483, 7.20607]},
			"faces": {
				"north": {"uv": [3, 3, 4, 4], "texture": "#2"},
				"east": {"uv": [3, 3, 4, 4], "texture": "#2"},
				"south": {"uv": [3, 3, 4, 4], "texture": "#2"},
				"west": {"uv": [3, 3, 4, 4], "texture": "#2"},
				"up": {"uv": [3, 3, 4, 4], "texture": "#2"},
				"down": {"uv": [3, 3, 4, 4], "texture": "#2"}
			}
		},
		{
			"from": [5.775, -8.64733, 6.94357],
			"to": [5.925, -6.39733, 7.91857],
			"rotation": {"angle": -45, "axis": "x", "origin": [8.0625, -6.28483, 7.20607]},
			"faces": {
				"north": {"uv": [3, 3, 4, 4], "texture": "#2"},
				"east": {"uv": [3, 3, 4, 4], "texture": "#2"},
				"south": {"uv": [3, 3, 4, 4], "texture": "#2"},
				"west": {"uv": [3, 3, 4, 4], "texture": "#2"},
				"up": {"uv": [3, 3, 4, 4], "texture": "#2"},
				"down": {"uv": [3, 3, 4, 4], "texture": "#2"}
			}
		},
		{
			"from": [6, -8.64733, 6.94357],
			"to": [6.15, -6.39733, 7.91857],
			"rotation": {"angle": -45, "axis": "x", "origin": [8.0625, -6.28483, 7.20607]},
			"faces": {
				"north": {"uv": [3, 3, 4, 4], "texture": "#2"},
				"east": {"uv": [3, 3, 4, 4], "texture": "#2"},
				"south": {"uv": [3, 3, 4, 4], "texture": "#2"},
				"west": {"uv": [3, 3, 4, 4], "texture": "#2"},
				"up": {"uv": [3, 3, 4, 4], "texture": "#2"},
				"down": {"uv": [3, 3, 4, 4], "texture": "#2"}
			}
		},
		{
			"from": [5.925, -7.82233, 6.94357],
			"to": [6, -6.39733, 8.14357],
			"rotation": {"angle": -45, "axis": "x", "origin": [8.0625, -6.28483, 7.20607]},
			"faces": {
				"north": {"uv": [3, 3, 4, 4], "texture": "#2"},
				"east": {"uv": [3, 3, 4, 4], "texture": "#2"},
				"south": {"uv": [3, 3, 4, 4], "texture": "#2"},
				"west": {"uv": [3, 3, 4, 4], "texture": "#2"},
				"up": {"uv": [3, 3, 4, 4], "texture": "#2"},
				"down": {"uv": [3, 3, 4, 4], "texture": "#2"}
			}
		},
		{
			"from": [5.55, -11.58806, 6.50846],
			"to": [5.775, -9.03806, 6.88346],
			"rotation": {"angle": -22.5, "axis": "x", "origin": [0, -2.57511, 0.88346]},
			"faces": {
				"north": {"uv": [3, 3, 4, 4], "texture": "#2"},
				"east": {"uv": [3, 3, 4, 4], "texture": "#2"},
				"south": {"uv": [3, 3, 4, 4], "texture": "#2"},
				"west": {"uv": [3, 3, 4, 4], "texture": "#2"},
				"up": {"uv": [3, 3, 4, 4], "texture": "#2"},
				"down": {"uv": [3, 3, 4, 4], "texture": "#2"}
			}
		},
		{
			"from": [6.15, -11.58806, 6.50846],
			"to": [6.375, -9.03806, 6.88346],
			"rotation": {"angle": -22.5, "axis": "x", "origin": [0, -2.57511, 0.88346]},
			"faces": {
				"north": {"uv": [3, 3, 4, 4], "texture": "#2"},
				"east": {"uv": [3, 3, 4, 4], "texture": "#2"},
				"south": {"uv": [3, 3, 4, 4], "texture": "#2"},
				"west": {"uv": [3, 3, 4, 4], "texture": "#2"},
				"up": {"uv": [3, 3, 4, 4], "texture": "#2"},
				"down": {"uv": [3, 3, 4, 4], "texture": "#2"}
			}
		},
		{
			"from": [5.4, -12.11306, 6.50846],
			"to": [5.55, -9.03806, 6.88346],
			"rotation": {"angle": -22.5, "axis": "x", "origin": [0, -2.57511, 0.88346]},
			"faces": {
				"north": {"uv": [3, 3, 4, 4], "texture": "#2"},
				"east": {"uv": [3, 3, 4, 4], "texture": "#2"},
				"south": {"uv": [3, 3, 4, 4], "texture": "#2"},
				"west": {"uv": [3, 3, 4, 4], "texture": "#2"},
				"up": {"uv": [3, 3, 4, 4], "texture": "#2"},
				"down": {"uv": [3, 3, 4, 4], "texture": "#2"}
			}
		},
		{
			"from": [6.375, -12.11306, 6.50846],
			"to": [6.525, -9.03806, 6.88346],
			"rotation": {"angle": -22.5, "axis": "x", "origin": [0, -2.57511, 0.88346]},
			"faces": {
				"north": {"uv": [3, 3, 4, 4], "texture": "#2"},
				"east": {"uv": [3, 3, 4, 4], "texture": "#2"},
				"south": {"uv": [3, 3, 4, 4], "texture": "#2"},
				"west": {"uv": [3, 3, 4, 4], "texture": "#2"},
				"up": {"uv": [3, 3, 4, 4], "texture": "#2"},
				"down": {"uv": [3, 3, 4, 4], "texture": "#2"}
			}
		},
		{
			"from": [6, -10.61306, 6.05846],
			"to": [6.15, -9.03806, 6.88346],
			"rotation": {"angle": -22.5, "axis": "x", "origin": [0, -2.57511, 0.88346]},
			"faces": {
				"north": {"uv": [3, 3, 4, 4], "texture": "#2"},
				"east": {"uv": [3, 3, 4, 4], "texture": "#2"},
				"south": {"uv": [3, 3, 4, 4], "texture": "#2"},
				"west": {"uv": [3, 3, 4, 4], "texture": "#2"},
				"up": {"uv": [3, 3, 4, 4], "texture": "#2"},
				"down": {"uv": [3, 3, 4, 4], "texture": "#2"}
			}
		},
		{
			"from": [5.775, -10.61306, 6.05846],
			"to": [5.925, -9.03806, 6.88346],
			"rotation": {"angle": -22.5, "axis": "x", "origin": [0, -2.57511, 0.88346]},
			"faces": {
				"north": {"uv": [3, 3, 4, 4], "texture": "#2"},
				"east": {"uv": [3, 3, 4, 4], "texture": "#2"},
				"south": {"uv": [3, 3, 4, 4], "texture": "#2"},
				"west": {"uv": [3, 3, 4, 4], "texture": "#2"},
				"up": {"uv": [3, 3, 4, 4], "texture": "#2"},
				"down": {"uv": [3, 3, 4, 4], "texture": "#2"}
			}
		},
		{
			"from": [5.925, -9.93806, 5.68346],
			"to": [6, -9.03806, 6.88346],
			"rotation": {"angle": -22.5, "axis": "x", "origin": [0, -2.57511, 0.88346]},
			"faces": {
				"north": {"uv": [3, 3, 4, 4], "texture": "#2"},
				"east": {"uv": [3, 3, 4, 4], "texture": "#2"},
				"south": {"uv": [3, 3, 4, 4], "texture": "#2"},
				"west": {"uv": [3, 3, 4, 4], "texture": "#2"},
				"up": {"uv": [3, 3, 4, 4], "texture": "#2"},
				"down": {"uv": [3, 3, 4, 4], "texture": "#2"}
			}
		},
		{
			"name": "hexadecagon",
			"from": [5.80233, 18.125, 7.00625],
			"to": [6.19767, 18.875, 8.99375],
			"rotation": {"angle": -45, "axis": "y", "origin": [6, 18.5, 8]},
			"faces": {
				"north": {"uv": [1, 15, 2, 16], "texture": "#3"},
				"east": {"uv": [1, 15, 2, 16], "texture": "#3"},
				"south": {"uv": [1, 15, 2, 16], "texture": "#3"},
				"west": {"uv": [1, 15, 2, 16], "texture": "#3"},
				"up": {"uv": [1, 15, 2, 16], "texture": "#3"},
				"down": {"uv": [1, 15, 2, 16], "texture": "#3"}
			}
		},
		{
			"name": "hexadecagon",
			"from": [5.80233, 18.125, 7.00625],
			"to": [6.19767, 18.875, 8.99375],
			"rotation": {"angle": -22.5, "axis": "y", "origin": [6, 18.5, 8]},
			"faces": {
				"north": {"uv": [1, 15, 2, 16], "texture": "#3"},
				"east": {"uv": [1, 15, 2, 16], "texture": "#3"},
				"south": {"uv": [1, 15, 2, 16], "texture": "#3"},
				"west": {"uv": [1, 15, 2, 16], "texture": "#3"},
				"up": {"uv": [1, 15, 2, 16], "texture": "#3"},
				"down": {"uv": [1, 15, 2, 16], "texture": "#3"}
			}
		},
		{
			"name": "hexadecagon",
			"from": [5.80233, 18.125, 7.00625],
			"to": [6.19767, 18.875, 8.99375],
			"rotation": {"angle": 0, "axis": "y", "origin": [6, 18.5, 8]},
			"faces": {
				"north": {"uv": [1, 15, 2, 16], "texture": "#3"},
				"east": {"uv": [1, 15, 2, 16], "texture": "#3"},
				"south": {"uv": [1, 15, 2, 16], "texture": "#3"},
				"west": {"uv": [1, 15, 2, 16], "texture": "#3"},
				"up": {"uv": [1, 15, 2, 16], "texture": "#3"},
				"down": {"uv": [1, 15, 2, 16], "texture": "#3"}
			}
		},
		{
			"name": "hexadecagon",
			"from": [5.80233, 18.125, 7.00625],
			"to": [6.19767, 18.875, 8.99375],
			"rotation": {"angle": 22.5, "axis": "y", "origin": [6, 18.5, 8]},
			"faces": {
				"north": {"uv": [1, 15, 2, 16], "texture": "#3"},
				"east": {"uv": [1, 15, 2, 16], "texture": "#3"},
				"south": {"uv": [1, 15, 2, 16], "texture": "#3"},
				"west": {"uv": [1, 15, 2, 16], "texture": "#3"},
				"up": {"uv": [1, 15, 2, 16], "texture": "#3"},
				"down": {"uv": [1, 15, 2, 16], "texture": "#3"}
			}
		},
		{
			"name": "hexadecagon",
			"from": [5.80233, 18.125, 7.00625],
			"to": [6.19767, 18.875, 8.99375],
			"rotation": {"angle": 45, "axis": "y", "origin": [6, 18.5, 8]},
			"faces": {
				"north": {"uv": [1, 15, 2, 16], "texture": "#3"},
				"east": {"uv": [1, 15, 2, 16], "texture": "#3"},
				"south": {"uv": [1, 15, 2, 16], "texture": "#3"},
				"west": {"uv": [1, 15, 2, 16], "texture": "#3"},
				"up": {"uv": [1, 15, 2, 16], "texture": "#3"},
				"down": {"uv": [1, 15, 2, 16], "texture": "#3"}
			}
		},
		{
			"name": "hexadecagon",
			"from": [5.00625, 18.125, 7.80233],
			"to": [6.99375, 18.875, 8.19767],
			"rotation": {"angle": -22.5, "axis": "y", "origin": [6, 18.5, 8]},
			"faces": {
				"north": {"uv": [1, 15, 2, 16], "texture": "#3"},
				"east": {"uv": [1, 15, 2, 16], "texture": "#3"},
				"south": {"uv": [1, 15, 2, 16], "texture": "#3"},
				"west": {"uv": [1, 15, 2, 16], "texture": "#3"},
				"up": {"uv": [1, 15, 2, 16], "texture": "#3"},
				"down": {"uv": [1, 15, 2, 16], "texture": "#3"}
			}
		},
		{
			"name": "hexadecagon",
			"from": [5.00625, 18.125, 7.80233],
			"to": [6.99375, 18.875, 8.19767],
			"rotation": {"angle": 0, "axis": "y", "origin": [6, 18.5, 8]},
			"faces": {
				"north": {"uv": [1, 15, 2, 16], "texture": "#3"},
				"east": {"uv": [1, 15, 2, 16], "texture": "#3"},
				"south": {"uv": [1, 15, 2, 16], "texture": "#3"},
				"west": {"uv": [1, 15, 2, 16], "texture": "#3"},
				"up": {"uv": [1, 15, 2, 16], "texture": "#3"},
				"down": {"uv": [1, 15, 2, 16], "texture": "#3"}
			}
		},
		{
			"name": "hexadecagon",
			"from": [5.00625, 18.125, 7.80233],
			"to": [6.99375, 18.875, 8.19767],
			"rotation": {"angle": 22.5, "axis": "y", "origin": [6, 18.5, 8]},
			"faces": {
				"north": {"uv": [1, 15, 2, 16], "texture": "#3"},
				"east": {"uv": [1, 15, 2, 16], "texture": "#3"},
				"south": {"uv": [1, 15, 2, 16], "texture": "#3"},
				"west": {"uv": [1, 15, 2, 16], "texture": "#3"},
				"up": {"uv": [1, 15, 2, 16], "texture": "#3"},
				"down": {"uv": [1, 15, 2, 16], "texture": "#3"}
			}
		},
		{
			"name": "hexadecagon",
			"from": [5.80233, 19.625, 7.00625],
			"to": [6.19767, 20.375, 8.99375],
			"rotation": {"angle": -45, "axis": "y", "origin": [6, 20, 8]},
			"faces": {
				"north": {"uv": [1, 15, 2, 16], "texture": "#3"},
				"east": {"uv": [1, 15, 2, 16], "texture": "#3"},
				"south": {"uv": [1, 15, 2, 16], "texture": "#3"},
				"west": {"uv": [1, 15, 2, 16], "texture": "#3"},
				"up": {"uv": [1, 15, 2, 16], "texture": "#3"},
				"down": {"uv": [1, 15, 2, 16], "texture": "#3"}
			}
		},
		{
			"name": "hexadecagon",
			"from": [5.80233, 19.625, 7.00625],
			"to": [6.19767, 20.375, 8.99375],
			"rotation": {"angle": -22.5, "axis": "y", "origin": [6, 20, 8]},
			"faces": {
				"north": {"uv": [1, 15, 2, 16], "texture": "#3"},
				"east": {"uv": [1, 15, 2, 16], "texture": "#3"},
				"south": {"uv": [1, 15, 2, 16], "texture": "#3"},
				"west": {"uv": [1, 15, 2, 16], "texture": "#3"},
				"up": {"uv": [1, 15, 2, 16], "texture": "#3"},
				"down": {"uv": [1, 15, 2, 16], "texture": "#3"}
			}
		},
		{
			"name": "hexadecagon",
			"from": [5.80233, 19.625, 7.00625],
			"to": [6.19767, 20.375, 8.99375],
			"rotation": {"angle": 0, "axis": "y", "origin": [6, 20, 8]},
			"faces": {
				"north": {"uv": [1, 15, 2, 16], "texture": "#3"},
				"east": {"uv": [1, 15, 2, 16], "texture": "#3"},
				"south": {"uv": [1, 15, 2, 16], "texture": "#3"},
				"west": {"uv": [1, 15, 2, 16], "texture": "#3"},
				"up": {"uv": [1, 15, 2, 16], "texture": "#3"},
				"down": {"uv": [1, 15, 2, 16], "texture": "#3"}
			}
		},
		{
			"name": "hexadecagon",
			"from": [5.80233, 19.625, 7.00625],
			"to": [6.19767, 20.375, 8.99375],
			"rotation": {"angle": 22.5, "axis": "y", "origin": [6, 20, 8]},
			"faces": {
				"north": {"uv": [1, 15, 2, 16], "texture": "#3"},
				"east": {"uv": [1, 15, 2, 16], "texture": "#3"},
				"south": {"uv": [1, 15, 2, 16], "texture": "#3"},
				"west": {"uv": [1, 15, 2, 16], "texture": "#3"},
				"up": {"uv": [1, 15, 2, 16], "texture": "#3"},
				"down": {"uv": [1, 15, 2, 16], "texture": "#3"}
			}
		},
		{
			"name": "hexadecagon",
			"from": [5.80233, 19.625, 7.00625],
			"to": [6.19767, 20.375, 8.99375],
			"rotation": {"angle": 45, "axis": "y", "origin": [6, 20, 8]},
			"faces": {
				"north": {"uv": [1, 15, 2, 16], "texture": "#3"},
				"east": {"uv": [1, 15, 2, 16], "texture": "#3"},
				"south": {"uv": [1, 15, 2, 16], "texture": "#3"},
				"west": {"uv": [1, 15, 2, 16], "texture": "#3"},
				"up": {"uv": [1, 15, 2, 16], "texture": "#3"},
				"down": {"uv": [1, 15, 2, 16], "texture": "#3"}
			}
		},
		{
			"name": "hexadecagon",
			"from": [5.00625, 19.625, 7.80233],
			"to": [6.99375, 20.375, 8.19767],
			"rotation": {"angle": -22.5, "axis": "y", "origin": [6, 20, 8]},
			"faces": {
				"north": {"uv": [1, 15, 2, 16], "texture": "#3"},
				"east": {"uv": [1, 15, 2, 16], "texture": "#3"},
				"south": {"uv": [1, 15, 2, 16], "texture": "#3"},
				"west": {"uv": [1, 15, 2, 16], "texture": "#3"},
				"up": {"uv": [1, 15, 2, 16], "texture": "#3"},
				"down": {"uv": [1, 15, 2, 16], "texture": "#3"}
			}
		},
		{
			"name": "hexadecagon",
			"from": [5.00625, 19.625, 7.80233],
			"to": [6.99375, 20.375, 8.19767],
			"rotation": {"angle": 0, "axis": "y", "origin": [6, 20, 8]},
			"faces": {
				"north": {"uv": [1, 15, 2, 16], "texture": "#3"},
				"east": {"uv": [1, 15, 2, 16], "texture": "#3"},
				"south": {"uv": [1, 15, 2, 16], "texture": "#3"},
				"west": {"uv": [1, 15, 2, 16], "texture": "#3"},
				"up": {"uv": [1, 15, 2, 16], "texture": "#3"},
				"down": {"uv": [1, 15, 2, 16], "texture": "#3"}
			}
		},
		{
			"name": "hexadecagon",
			"from": [5.00625, 19.625, 7.80233],
			"to": [6.99375, 20.375, 8.19767],
			"rotation": {"angle": 22.5, "axis": "y", "origin": [6, 20, 8]},
			"faces": {
				"north": {"uv": [1, 15, 2, 16], "texture": "#3"},
				"east": {"uv": [1, 15, 2, 16], "texture": "#3"},
				"south": {"uv": [1, 15, 2, 16], "texture": "#3"},
				"west": {"uv": [1, 15, 2, 16], "texture": "#3"},
				"up": {"uv": [1, 15, 2, 16], "texture": "#3"},
				"down": {"uv": [1, 15, 2, 16], "texture": "#3"}
			}
		},
		{
			"name": "hexadecagon",
			"from": [5.58256, 20.1875, 6.90688],
			"to": [6.01744, 21.0125, 9.09312],
			"rotation": {"angle": -45, "axis": "y", "origin": [5.8, 20.6, 8]},
			"faces": {
				"north": {"uv": [1, 15, 2, 16], "texture": "#3"},
				"east": {"uv": [1, 15, 2, 16], "texture": "#3"},
				"south": {"uv": [1, 15, 2, 16], "texture": "#3"},
				"west": {"uv": [1, 15, 2, 16], "texture": "#3"},
				"up": {"uv": [1, 15, 2, 16], "texture": "#3"},
				"down": {"uv": [1, 15, 2, 16], "texture": "#3"}
			}
		},
		{
			"name": "hexadecagon",
			"from": [5.58256, 20.1875, 6.90688],
			"to": [6.01744, 21.0125, 9.09312],
			"rotation": {"angle": -22.5, "axis": "y", "origin": [5.8, 20.6, 8]},
			"faces": {
				"north": {"uv": [1, 15, 2, 16], "texture": "#3"},
				"east": {"uv": [1, 15, 2, 16], "texture": "#3"},
				"south": {"uv": [1, 15, 2, 16], "texture": "#3"},
				"west": {"uv": [1, 15, 2, 16], "texture": "#3"},
				"up": {"uv": [1, 15, 2, 16], "texture": "#3"},
				"down": {"uv": [1, 15, 2, 16], "texture": "#3"}
			}
		},
		{
			"name": "hexadecagon",
			"from": [5.58256, 20.1875, 6.90688],
			"to": [6.01744, 21.0125, 9.09312],
			"rotation": {"angle": 0, "axis": "y", "origin": [5.8, 20.6, 8]},
			"faces": {
				"north": {"uv": [1, 15, 2, 16], "texture": "#3"},
				"east": {"uv": [1, 15, 2, 16], "texture": "#3"},
				"south": {"uv": [1, 15, 2, 16], "texture": "#3"},
				"west": {"uv": [1, 15, 2, 16], "texture": "#3"},
				"up": {"uv": [1, 15, 2, 16], "texture": "#3"},
				"down": {"uv": [1, 15, 2, 16], "texture": "#3"}
			}
		},
		{
			"name": "hexadecagon",
			"from": [5.58256, 20.1875, 6.90688],
			"to": [6.01744, 21.0125, 9.09312],
			"rotation": {"angle": 22.5, "axis": "y", "origin": [5.8, 20.6, 8]},
			"faces": {
				"north": {"uv": [1, 15, 2, 16], "texture": "#3"},
				"east": {"uv": [1, 15, 2, 16], "texture": "#3"},
				"south": {"uv": [1, 15, 2, 16], "texture": "#3"},
				"west": {"uv": [1, 15, 2, 16], "texture": "#3"},
				"up": {"uv": [1, 15, 2, 16], "texture": "#3"},
				"down": {"uv": [1, 15, 2, 16], "texture": "#3"}
			}
		},
		{
			"name": "hexadecagon",
			"from": [5.58256, 20.1875, 6.90688],
			"to": [6.01744, 21.0125, 9.09312],
			"rotation": {"angle": 45, "axis": "y", "origin": [5.8, 20.6, 8]},
			"faces": {
				"north": {"uv": [1, 15, 2, 16], "texture": "#3"},
				"east": {"uv": [1, 15, 2, 16], "texture": "#3"},
				"south": {"uv": [1, 15, 2, 16], "texture": "#3"},
				"west": {"uv": [1, 15, 2, 16], "texture": "#3"},
				"up": {"uv": [1, 15, 2, 16], "texture": "#3"},
				"down": {"uv": [1, 15, 2, 16], "texture": "#3"}
			}
		},
		{
			"name": "hexadecagon",
			"from": [4.70687, 20.1875, 7.78256],
			"to": [6.89313, 21.0125, 8.21744],
			"rotation": {"angle": -22.5, "axis": "y", "origin": [5.8, 20.6, 8]},
			"faces": {
				"north": {"uv": [1, 15, 2, 16], "texture": "#3"},
				"east": {"uv": [1, 15, 2, 16], "texture": "#3"},
				"south": {"uv": [1, 15, 2, 16], "texture": "#3"},
				"west": {"uv": [1, 15, 2, 16], "texture": "#3"},
				"up": {"uv": [1, 15, 2, 16], "texture": "#3"},
				"down": {"uv": [1, 15, 2, 16], "texture": "#3"}
			}
		},
		{
			"name": "hexadecagon",
			"from": [4.70687, 20.1875, 7.78256],
			"to": [6.89313, 21.0125, 8.21744],
			"rotation": {"angle": 0, "axis": "y", "origin": [5.8, 20.6, 8]},
			"faces": {
				"north": {"uv": [1, 15, 2, 16], "texture": "#3"},
				"east": {"uv": [1, 15, 2, 16], "texture": "#3"},
				"south": {"uv": [1, 15, 2, 16], "texture": "#3"},
				"west": {"uv": [1, 15, 2, 16], "texture": "#3"},
				"up": {"uv": [1, 15, 2, 16], "texture": "#3"},
				"down": {"uv": [1, 15, 2, 16], "texture": "#3"}
			}
		},
		{
			"name": "hexadecagon",
			"from": [4.70687, 20.1875, 7.78256],
			"to": [6.89313, 21.0125, 8.21744],
			"rotation": {"angle": 22.5, "axis": "y", "origin": [5.8, 20.6, 8]},
			"faces": {
				"north": {"uv": [1, 15, 2, 16], "texture": "#3"},
				"east": {"uv": [1, 15, 2, 16], "texture": "#3"},
				"south": {"uv": [1, 15, 2, 16], "texture": "#3"},
				"west": {"uv": [1, 15, 2, 16], "texture": "#3"},
				"up": {"uv": [1, 15, 2, 16], "texture": "#3"},
				"down": {"uv": [1, 15, 2, 16], "texture": "#3"}
			}
		}
	],
	"display": {
		"thirdperson_righthand": {
			"translation": [1.25, 1.5, 0],
			"scale": [0.9, 0.9, 0.9]
		},
		"thirdperson_lefthand": {
			"translation": [-2.5, 1.5, 0],
			"scale": [0.9, 0.9, 0.9]
		},
		"firstperson_righthand": {
			"rotation": [0, 0, -54],
			"translation": [-6.75, 0.75, 0]
		},
		"firstperson_lefthand": {
			"rotation": [0, 0, -41],
			"translation": [-8.75, 0.75, 0]
		},
		"ground": {
			"rotation": [41, 0, 0],
			"scale": [0.5, 0.5, 0.5]
		},
		"gui": {
			"rotation": [-64, 145, 90],
			"translation": [-1, 0.5, 0],
			"scale": [0.7, 0.7, 0.7]
		},
		"head": {
			"translation": [0, 0, -0.75]
		},
		"fixed": {
			"rotation": [-90, 45, 90],
			"translation": [-0.25, -1, -4]
		}
	},
	"groups": [0, 1, 2, 3, 4, 5, 6, 7, 8, 9, 10, 11, 12, 13, 14, 15, 16, 17, 18, 19, 20, 21, 22, 23, 24, 25, 26, 27, 28, 29, 30, 31, 32, 33, 34, 35, 36, 37, 38, 39, 40, 41, 42, 43, 44, 45, 46, 47, 48, 49, 50, 51, 52, 53, 54, 55, 56, 57, 58, 59, 60, 61, 62, 63, 64, 65, 66, 67, 68, 69, 70, 71, 72, 73, 74, 75, 76, 77, 78, 79, 80, 81, 82, 83, 84, 85, 86, 87, 88, 89, 90, 91, 92, 93, 94,
		{
			"name": "hexadecagon",
			"origin": [8, 8, 8],
			"children": [95, 96, 97, 98, 99, 100, 101, 102]
		},
		{
			"name": "hexadecagon",
			"origin": [8, 8, 8],
			"children": [103, 104, 105, 106, 107, 108, 109, 110]
		},
		{
			"name": "hexadecagon",
			"origin": [8, 8, 8],
			"children": [111, 112, 113, 114, 115, 116, 117, 118]
		}
	]
}