{
	"credit": "Made with Blockbench",
	"textures": {
		"0": "block/red_concrete",
		"1": "block/white_concrete_powder",
		"2": "block/brown_mushroom_block",
		"3": "block/target_top",
		"4": "block/white_stained_glass",
		"5": "block/ancient_debris_side",
		"6": "block/andesite",
		"7": "block/yellow_concrete_powder",
		"8": "custom/travis",
		"9": "block/lime_glazed_terracotta",
		"particle": "block/red_concrete"
	},
	"elements": [
		{
			"from": [4.624, 4.1, 10.6],
			"to": [4.872, 4.2, 11],
			"faces": {
				"north": {"uv": [9, 5, 11, 7], "texture": "#0"},
				"east": {"uv": [9, 5, 11, 7], "texture": "#0"},
				"south": {"uv": [9, 5, 11, 7], "texture": "#0"},
				"west": {"uv": [9, 5, 11, 7], "texture": "#0"},
				"up": {"uv": [9, 5, 11, 7], "texture": "#0"},
				"down": {"uv": [9, 5, 11, 7], "texture": "#0"}
			}
		},
		{
			"from": [4.624, 3.6, 10.6],
			"to": [4.872, 4.1, 11.4],
			"faces": {
				"north": {"uv": [9, 5, 11, 7], "texture": "#0"},
				"east": {"uv": [9, 5, 11, 7], "texture": "#0"},
				"south": {"uv": [9, 5, 11, 7], "texture": "#0"},
				"west": {"uv": [9, 5, 11, 7], "texture": "#0"},
				"up": {"uv": [9, 5, 11, 7], "texture": "#0"},
				"down": {"uv": [9, 5, 11, 7], "texture": "#0"}
			}
		},
		{
			"from": [4.624, 3.6, 11.4],
			"to": [4.872, 3.8, 11.6],
			"faces": {
				"north": {"uv": [9, 5, 11, 7], "texture": "#0"},
				"east": {"uv": [9, 5, 11, 7], "texture": "#0"},
				"south": {"uv": [9, 5, 11, 7], "texture": "#0"},
				"west": {"uv": [9, 5, 11, 7], "texture": "#0"},
				"up": {"uv": [9, 5, 11, 7], "texture": "#0"},
				"down": {"uv": [9, 5, 11, 7], "texture": "#0"}
			}
		},
		{
			"from": [4.624, 3.1, 10.6],
			"to": [4.872, 3.6, 13],
			"faces": {
				"north": {"uv": [9, 5, 11, 7], "texture": "#0"},
				"east": {"uv": [9, 5, 11, 7], "texture": "#0"},
				"south": {"uv": [9, 5, 11, 7], "texture": "#0"},
				"west": {"uv": [9, 5, 11, 7], "texture": "#0"},
				"up": {"uv": [9, 5, 11, 7], "texture": "#0"},
				"down": {"uv": [9, 5, 11, 7], "texture": "#0"}
			}
		},
		{
			"from": [4.624, 1.8, 10.8],
			"to": [4.872, 3.1, 12.8],
			"faces": {
				"north": {"uv": [9, 5, 11, 7], "texture": "#0"},
				"east": {"uv": [9, 5, 11, 7], "texture": "#0"},
				"south": {"uv": [9, 5, 11, 7], "texture": "#0"},
				"west": {"uv": [9, 5, 11, 7], "texture": "#0"},
				"up": {"uv": [9, 5, 11, 7], "texture": "#0"},
				"down": {"uv": [9, 5, 11, 7], "texture": "#0"}
			}
		},
		{
			"from": [4.624, 1.1, 11],
			"to": [4.872, 1.8, 12.6],
			"faces": {
				"north": {"uv": [9, 5, 11, 7], "texture": "#0"},
				"east": {"uv": [9, 5, 11, 7], "texture": "#0"},
				"south": {"uv": [9, 5, 11, 7], "texture": "#0"},
				"west": {"uv": [9, 5, 11, 7], "texture": "#0"},
				"up": {"uv": [9, 5, 11, 7], "texture": "#0"},
				"down": {"uv": [9, 5, 11, 7], "texture": "#0"}
			}
		},
		{
			"from": [4.624, 3.6, 12.2],
			"to": [4.872, 4.1, 13],
			"faces": {
				"north": {"uv": [9, 5, 11, 7], "texture": "#0"},
				"east": {"uv": [9, 5, 11, 7], "texture": "#0"},
				"south": {"uv": [9, 5, 11, 7], "texture": "#0"},
				"west": {"uv": [9, 5, 11, 7], "texture": "#0"},
				"up": {"uv": [9, 5, 11, 7], "texture": "#0"},
				"down": {"uv": [9, 5, 11, 7], "texture": "#0"}
			}
		},
		{
			"from": [4.624, 3.6, 12],
			"to": [4.872, 3.8, 12.2],
			"faces": {
				"north": {"uv": [9, 5, 11, 7], "texture": "#0"},
				"east": {"uv": [9, 5, 11, 7], "texture": "#0"},
				"south": {"uv": [9, 5, 11, 7], "texture": "#0"},
				"west": {"uv": [9, 5, 11, 7], "texture": "#0"},
				"up": {"uv": [9, 5, 11, 7], "texture": "#0"},
				"down": {"uv": [9, 5, 11, 7], "texture": "#0"}
			}
		},
		{
			"from": [4.624, 4.1, 12.6],
			"to": [4.872, 4.2, 13],
			"faces": {
				"north": {"uv": [9, 5, 11, 7], "texture": "#0"},
				"east": {"uv": [9, 5, 11, 7], "texture": "#0"},
				"south": {"uv": [9, 5, 11, 7], "texture": "#0"},
				"west": {"uv": [9, 5, 11, 7], "texture": "#0"},
				"up": {"uv": [9, 5, 11, 7], "texture": "#0"},
				"down": {"uv": [9, 5, 11, 7], "texture": "#0"}
			}
		},
		{
			"from": [4.872, 1.3, 11.1],
			"to": [5.492, 1.8, 12.5],
			"faces": {
				"north": {"uv": [9, 5, 11, 7], "texture": "#0"},
				"east": {"uv": [9, 5, 11, 7], "texture": "#0"},
				"south": {"uv": [9, 5, 11, 7], "texture": "#0"},
				"west": {"uv": [9, 5, 11, 7], "texture": "#0"},
				"up": {"uv": [9, 5, 11, 7], "texture": "#0"},
				"down": {"uv": [9, 5, 11, 7], "texture": "#0"}
			}
		},
		{
			"from": [5.492, 1.1, 11],
			"to": [5.74, 1.8, 12.6],
			"faces": {
				"north": {"uv": [9, 5, 11, 7], "texture": "#0"},
				"east": {"uv": [9, 5, 11, 7], "texture": "#0"},
				"south": {"uv": [9, 5, 11, 7], "texture": "#0"},
				"west": {"uv": [9, 5, 11, 7], "texture": "#0"},
				"up": {"uv": [9, 5, 11, 7], "texture": "#0"},
				"down": {"uv": [9, 5, 11, 7], "texture": "#0"}
			}
		},
		{
			"from": [5.492, 1.8, 10.8],
			"to": [5.74, 3.1, 12.8],
			"faces": {
				"north": {"uv": [9, 5, 11, 7], "texture": "#0"},
				"east": {"uv": [9, 5, 11, 7], "texture": "#0"},
				"south": {"uv": [9, 5, 11, 7], "texture": "#0"},
				"west": {"uv": [9, 5, 11, 7], "texture": "#0"},
				"up": {"uv": [9, 5, 11, 7], "texture": "#0"},
				"down": {"uv": [9, 5, 11, 7], "texture": "#0"}
			}
		},
		{
			"from": [5.5044, 1.8, 12.3],
			"to": [5.7524, 2.9, 12.5],
			"faces": {
				"north": {"uv": [11, 6, 12, 7], "texture": "#7"},
				"east": {"uv": [11, 6, 12, 7], "texture": "#7"},
				"south": {"uv": [11, 6, 12, 7], "texture": "#7"},
				"west": {"uv": [11, 6, 12, 7], "texture": "#7"},
				"up": {"uv": [11, 6, 12, 7], "texture": "#7"},
				"down": {"uv": [11, 6, 12, 7], "texture": "#7"}
			}
		},
		{
			"from": [4.6116, 1.8, 12.3],
			"to": [4.8596, 2.9, 12.5],
			"faces": {
				"north": {"uv": [11, 6, 12, 7], "texture": "#7"},
				"east": {"uv": [11, 6, 12, 7], "texture": "#7"},
				"south": {"uv": [11, 6, 12, 7], "texture": "#7"},
				"west": {"uv": [11, 6, 12, 7], "texture": "#7"},
				"up": {"uv": [11, 6, 12, 7], "texture": "#7"},
				"down": {"uv": [11, 6, 12, 7], "texture": "#7"}
			}
		},
		{
			"from": [5.5044, 1.8, 11.1],
			"to": [5.7524, 2.9, 11.3],
			"faces": {
				"north": {"uv": [11, 6, 12, 7], "texture": "#7"},
				"east": {"uv": [11, 6, 12, 7], "texture": "#7"},
				"south": {"uv": [11, 6, 12, 7], "texture": "#7"},
				"west": {"uv": [11, 6, 12, 7], "texture": "#7"},
				"up": {"uv": [11, 6, 12, 7], "texture": "#7"},
				"down": {"uv": [11, 6, 12, 7], "texture": "#7"}
			}
		},
		{
			"from": [4.6116, 1.8, 11.1],
			"to": [4.8596, 2.9, 11.3],
			"faces": {
				"north": {"uv": [11, 6, 12, 7], "texture": "#7"},
				"east": {"uv": [11, 6, 12, 7], "texture": "#7"},
				"south": {"uv": [11, 6, 12, 7], "texture": "#7"},
				"west": {"uv": [11, 6, 12, 7], "texture": "#7"},
				"up": {"uv": [11, 6, 12, 7], "texture": "#7"},
				"down": {"uv": [11, 6, 12, 7], "texture": "#7"}
			}
		},
		{
			"from": [5.5044, 1.8, 11.7],
			"to": [5.7524, 2.9, 11.9],
			"faces": {
				"north": {"uv": [11, 6, 12, 7], "texture": "#7"},
				"east": {"uv": [11, 6, 12, 7], "texture": "#7"},
				"south": {"uv": [11, 6, 12, 7], "texture": "#7"},
				"west": {"uv": [11, 6, 12, 7], "texture": "#7"},
				"up": {"uv": [11, 6, 12, 7], "texture": "#7"},
				"down": {"uv": [11, 6, 12, 7], "texture": "#7"}
			}
		},
		{
			"from": [4.6116, 1.8, 11.7],
			"to": [4.8596, 2.9, 11.9],
			"faces": {
				"north": {"uv": [11, 6, 12, 7], "texture": "#7"},
				"east": {"uv": [11, 6, 12, 7], "texture": "#7"},
				"south": {"uv": [11, 6, 12, 7], "texture": "#7"},
				"west": {"uv": [11, 6, 12, 7], "texture": "#7"},
				"up": {"uv": [11, 6, 12, 7], "texture": "#7"},
				"down": {"uv": [11, 6, 12, 7], "texture": "#7"}
			}
		},
		{
			"from": [5.5044, 2.9, 11.8],
			"to": [5.7524, 3.1, 12],
			"faces": {
				"north": {"uv": [11, 6, 12, 7], "texture": "#7"},
				"east": {"uv": [11, 6, 12, 7], "texture": "#7"},
				"south": {"uv": [11, 6, 12, 7], "texture": "#7"},
				"west": {"uv": [11, 6, 12, 7], "texture": "#7"},
				"up": {"uv": [11, 6, 12, 7], "texture": "#7"},
				"down": {"uv": [11, 6, 12, 7], "texture": "#7"}
			}
		},
		{
			"from": [4.6116, 2.9, 11.8],
			"to": [4.8596, 3.1, 12],
			"faces": {
				"north": {"uv": [11, 6, 12, 7], "texture": "#7"},
				"east": {"uv": [11, 6, 12, 7], "texture": "#7"},
				"south": {"uv": [11, 6, 12, 7], "texture": "#7"},
				"west": {"uv": [11, 6, 12, 7], "texture": "#7"},
				"up": {"uv": [11, 6, 12, 7], "texture": "#7"},
				"down": {"uv": [11, 6, 12, 7], "texture": "#7"}
			}
		},
		{
			"from": [5.5044, 2.9, 11.6],
			"to": [5.7524, 3.1, 11.8],
			"faces": {
				"north": {"uv": [11, 6, 12, 7], "texture": "#7"},
				"east": {"uv": [11, 6, 12, 7], "texture": "#7"},
				"south": {"uv": [11, 6, 12, 7], "texture": "#7"},
				"west": {"uv": [11, 6, 12, 7], "texture": "#7"},
				"up": {"uv": [11, 6, 12, 7], "texture": "#7"},
				"down": {"uv": [11, 6, 12, 7], "texture": "#7"}
			}
		},
		{
			"from": [4.6116, 2.9, 11.6],
			"to": [4.8596, 3.1, 11.8],
			"faces": {
				"north": {"uv": [11, 6, 12, 7], "texture": "#7"},
				"east": {"uv": [11, 6, 12, 7], "texture": "#7"},
				"south": {"uv": [11, 6, 12, 7], "texture": "#7"},
				"west": {"uv": [11, 6, 12, 7], "texture": "#7"},
				"up": {"uv": [11, 6, 12, 7], "texture": "#7"},
				"down": {"uv": [11, 6, 12, 7], "texture": "#7"}
			}
		},
		{
			"from": [5.5044, 2.9, 11.2],
			"to": [5.7524, 3.1, 11.4],
			"faces": {
				"north": {"uv": [11, 6, 12, 7], "texture": "#7"},
				"east": {"uv": [11, 6, 12, 7], "texture": "#7"},
				"south": {"uv": [11, 6, 12, 7], "texture": "#7"},
				"west": {"uv": [11, 6, 12, 7], "texture": "#7"},
				"up": {"uv": [11, 6, 12, 7], "texture": "#7"},
				"down": {"uv": [11, 6, 12, 7], "texture": "#7"}
			}
		},
		{
			"from": [4.6116, 2.9, 11.2],
			"to": [4.8596, 3.1, 11.4],
			"faces": {
				"north": {"uv": [11, 6, 12, 7], "texture": "#7"},
				"east": {"uv": [11, 6, 12, 7], "texture": "#7"},
				"south": {"uv": [11, 6, 12, 7], "texture": "#7"},
				"west": {"uv": [11, 6, 12, 7], "texture": "#7"},
				"up": {"uv": [11, 6, 12, 7], "texture": "#7"},
				"down": {"uv": [11, 6, 12, 7], "texture": "#7"}
			}
		},
		{
			"from": [5.5044, 2.9, 12.2],
			"to": [5.7524, 3.1, 12.4],
			"faces": {
				"north": {"uv": [11, 6, 12, 7], "texture": "#7"},
				"east": {"uv": [11, 6, 12, 7], "texture": "#7"},
				"south": {"uv": [11, 6, 12, 7], "texture": "#7"},
				"west": {"uv": [11, 6, 12, 7], "texture": "#7"},
				"up": {"uv": [11, 6, 12, 7], "texture": "#7"},
				"down": {"uv": [11, 6, 12, 7], "texture": "#7"}
			}
		},
		{
			"from": [4.6116, 2.9, 12.2],
			"to": [4.8596, 3.1, 12.4],
			"faces": {
				"north": {"uv": [11, 6, 12, 7], "texture": "#7"},
				"east": {"uv": [11, 6, 12, 7], "texture": "#7"},
				"south": {"uv": [11, 6, 12, 7], "texture": "#7"},
				"west": {"uv": [11, 6, 12, 7], "texture": "#7"},
				"up": {"uv": [11, 6, 12, 7], "texture": "#7"},
				"down": {"uv": [11, 6, 12, 7], "texture": "#7"}
			}
		},
		{
			"from": [5.5044, 3.1, 12],
			"to": [5.7524, 3.3, 12.2],
			"faces": {
				"north": {"uv": [11, 6, 12, 7], "texture": "#7"},
				"east": {"uv": [11, 6, 12, 7], "texture": "#7"},
				"south": {"uv": [11, 6, 12, 7], "texture": "#7"},
				"west": {"uv": [11, 6, 12, 7], "texture": "#7"},
				"up": {"uv": [11, 6, 12, 7], "texture": "#7"},
				"down": {"uv": [11, 6, 12, 7], "texture": "#7"}
			}
		},
		{
			"from": [4.6116, 3.1, 12],
			"to": [4.8596, 3.3, 12.2],
			"faces": {
				"north": {"uv": [11, 6, 12, 7], "texture": "#7"},
				"east": {"uv": [11, 6, 12, 7], "texture": "#7"},
				"south": {"uv": [11, 6, 12, 7], "texture": "#7"},
				"west": {"uv": [11, 6, 12, 7], "texture": "#7"},
				"up": {"uv": [11, 6, 12, 7], "texture": "#7"},
				"down": {"uv": [11, 6, 12, 7], "texture": "#7"}
			}
		},
		{
			"from": [5.5044, 3.1, 11.4],
			"to": [5.7524, 3.3, 11.6],
			"faces": {
				"north": {"uv": [11, 6, 12, 7], "texture": "#7"},
				"east": {"uv": [11, 6, 12, 7], "texture": "#7"},
				"south": {"uv": [11, 6, 12, 7], "texture": "#7"},
				"west": {"uv": [11, 6, 12, 7], "texture": "#7"},
				"up": {"uv": [11, 6, 12, 7], "texture": "#7"},
				"down": {"uv": [11, 6, 12, 7], "texture": "#7"}
			}
		},
		{
			"from": [4.6116, 3.1, 11.4],
			"to": [4.8596, 3.3, 11.6],
			"faces": {
				"north": {"uv": [11, 6, 12, 7], "texture": "#7"},
				"east": {"uv": [11, 6, 12, 7], "texture": "#7"},
				"south": {"uv": [11, 6, 12, 7], "texture": "#7"},
				"west": {"uv": [11, 6, 12, 7], "texture": "#7"},
				"up": {"uv": [11, 6, 12, 7], "texture": "#7"},
				"down": {"uv": [11, 6, 12, 7], "texture": "#7"}
			}
		},
		{
			"from": [5.492, 3.1, 10.6],
			"to": [5.74, 3.6, 13],
			"faces": {
				"north": {"uv": [9, 5, 11, 7], "texture": "#0"},
				"east": {"uv": [9, 5, 11, 7], "texture": "#0"},
				"south": {"uv": [9, 5, 11, 7], "texture": "#0"},
				"west": {"uv": [9, 5, 11, 7], "texture": "#0"},
				"up": {"uv": [9, 5, 11, 7], "texture": "#0"},
				"down": {"uv": [9, 5, 11, 7], "texture": "#0"}
			}
		},
		{
			"from": [5.492, 3.6, 12.2],
			"to": [5.74, 4.1, 13],
			"faces": {
				"north": {"uv": [9, 5, 11, 7], "texture": "#0"},
				"east": {"uv": [9, 5, 11, 7], "texture": "#0"},
				"south": {"uv": [9, 5, 11, 7], "texture": "#0"},
				"west": {"uv": [9, 5, 11, 7], "texture": "#0"},
				"up": {"uv": [9, 5, 11, 7], "texture": "#0"},
				"down": {"uv": [9, 5, 11, 7], "texture": "#0"}
			}
		},
		{
			"from": [5.492, 4.1, 12.6],
			"to": [5.74, 4.2, 13],
			"faces": {
				"north": {"uv": [9, 5, 11, 7], "texture": "#0"},
				"east": {"uv": [9, 5, 11, 7], "texture": "#0"},
				"south": {"uv": [9, 5, 11, 7], "texture": "#0"},
				"west": {"uv": [9, 5, 11, 7], "texture": "#0"},
				"up": {"uv": [9, 5, 11, 7], "texture": "#0"},
				"down": {"uv": [9, 5, 11, 7], "texture": "#0"}
			}
		},
		{
			"from": [5.492, 4.1, 10.6],
			"to": [5.74, 4.2, 11],
			"faces": {
				"north": {"uv": [9, 5, 11, 7], "texture": "#0"},
				"east": {"uv": [9, 5, 11, 7], "texture": "#0"},
				"south": {"uv": [9, 5, 11, 7], "texture": "#0"},
				"west": {"uv": [9, 5, 11, 7], "texture": "#0"},
				"up": {"uv": [9, 5, 11, 7], "texture": "#0"},
				"down": {"uv": [9, 5, 11, 7], "texture": "#0"}
			}
		},
		{
			"from": [5.492, 3.6, 10.6],
			"to": [5.74, 4.1, 11.4],
			"faces": {
				"north": {"uv": [9, 5, 11, 7], "texture": "#0"},
				"east": {"uv": [9, 5, 11, 7], "texture": "#0"},
				"south": {"uv": [9, 5, 11, 7], "texture": "#0"},
				"west": {"uv": [9, 5, 11, 7], "texture": "#0"},
				"up": {"uv": [9, 5, 11, 7], "texture": "#0"},
				"down": {"uv": [9, 5, 11, 7], "texture": "#0"}
			}
		},
		{
			"from": [5.492, 3.6, 11.4],
			"to": [5.74, 3.8, 11.6],
			"faces": {
				"north": {"uv": [9, 5, 11, 7], "texture": "#0"},
				"east": {"uv": [9, 5, 11, 7], "texture": "#0"},
				"south": {"uv": [9, 5, 11, 7], "texture": "#0"},
				"west": {"uv": [9, 5, 11, 7], "texture": "#0"},
				"up": {"uv": [9, 5, 11, 7], "texture": "#0"},
				"down": {"uv": [9, 5, 11, 7], "texture": "#0"}
			}
		},
		{
			"from": [5.492, 3.6, 12],
			"to": [5.74, 3.8, 12.2],
			"faces": {
				"north": {"uv": [9, 5, 11, 7], "texture": "#0"},
				"east": {"uv": [9, 5, 11, 7], "texture": "#0"},
				"south": {"uv": [9, 5, 11, 7], "texture": "#0"},
				"west": {"uv": [9, 5, 11, 7], "texture": "#0"},
				"up": {"uv": [9, 5, 11, 7], "texture": "#0"},
				"down": {"uv": [9, 5, 11, 7], "texture": "#0"}
			}
		},
		{
			"from": [4.624, 1.1, 11],
			"to": [4.872, 1.6, 12.6],
			"faces": {
				"north": {"uv": [9, 5, 11, 7], "texture": "#0"},
				"east": {"uv": [9, 5, 11, 7], "texture": "#0"},
				"south": {"uv": [9, 5, 11, 7], "texture": "#0"},
				"west": {"uv": [9, 5, 11, 7], "texture": "#0"},
				"up": {"uv": [9, 5, 11, 7], "texture": "#0"},
				"down": {"uv": [9, 5, 11, 7], "texture": "#0"}
			}
		},
		{
			"from": [4.872, 0.7, 12.5],
			"to": [5.492, 2.1, 13],
			"faces": {
				"north": {"uv": [9, 5, 11, 7], "texture": "#0"},
				"east": {"uv": [9, 5, 11, 7], "texture": "#0"},
				"south": {"uv": [9, 5, 11, 7], "texture": "#0"},
				"west": {"uv": [9, 5, 11, 7], "texture": "#0"},
				"up": {"uv": [9, 5, 11, 7], "texture": "#0"},
				"down": {"uv": [9, 5, 11, 7], "texture": "#0"}
			}
		},
		{
			"from": [5.272, 1.7, 12.1],
			"to": [5.492, 4.7, 12.4],
			"faces": {
				"north": {"uv": [9, 5, 11, 7], "texture": "#7"},
				"east": {"uv": [9, 5, 11, 7], "texture": "#7"},
				"south": {"uv": [9, 5, 11, 7], "texture": "#7"},
				"west": {"uv": [9, 5, 11, 7], "texture": "#7"},
				"up": {"uv": [9, 5, 11, 7], "texture": "#7"},
				"down": {"uv": [9, 5, 11, 7], "texture": "#7"}
			}
		},
		{
			"from": [5.372, 2.1, 12.2],
			"to": [5.592, 5.1, 12.5],
			"faces": {
				"north": {"uv": [9, 5, 11, 7], "texture": "#7"},
				"east": {"uv": [9, 5, 11, 7], "texture": "#7"},
				"south": {"uv": [9, 5, 11, 7], "texture": "#7"},
				"west": {"uv": [9, 5, 11, 7], "texture": "#7"},
				"up": {"uv": [9, 5, 11, 7], "texture": "#7"},
				"down": {"uv": [9, 5, 11, 7], "texture": "#7"}
			}
		},
		{
			"from": [4.872, 1.7, 12.1],
			"to": [5.092, 4.7, 12.4],
			"faces": {
				"north": {"uv": [9, 5, 11, 7], "texture": "#7"},
				"east": {"uv": [9, 5, 11, 7], "texture": "#7"},
				"south": {"uv": [9, 5, 11, 7], "texture": "#7"},
				"west": {"uv": [9, 5, 11, 7], "texture": "#7"},
				"up": {"uv": [9, 5, 11, 7], "texture": "#7"},
				"down": {"uv": [9, 5, 11, 7], "texture": "#7"}
			}
		},
		{
			"from": [4.972, 1.9, 12.2],
			"to": [5.192, 4.9, 12.5],
			"faces": {
				"north": {"uv": [9, 5, 11, 7], "texture": "#7"},
				"east": {"uv": [9, 5, 11, 7], "texture": "#7"},
				"south": {"uv": [9, 5, 11, 7], "texture": "#7"},
				"west": {"uv": [9, 5, 11, 7], "texture": "#7"},
				"up": {"uv": [9, 5, 11, 7], "texture": "#7"},
				"down": {"uv": [9, 5, 11, 7], "texture": "#7"}
			}
		},
		{
			"from": [5.372, 1.7, 11.5],
			"to": [5.592, 4.7, 11.8],
			"faces": {
				"north": {"uv": [9, 5, 11, 7], "texture": "#7"},
				"east": {"uv": [9, 5, 11, 7], "texture": "#7"},
				"south": {"uv": [9, 5, 11, 7], "texture": "#7"},
				"west": {"uv": [9, 5, 11, 7], "texture": "#7"},
				"up": {"uv": [9, 5, 11, 7], "texture": "#7"},
				"down": {"uv": [9, 5, 11, 7], "texture": "#7"}
			}
		},
		{
			"from": [5.372, 2.1, 11.6],
			"to": [5.592, 5.1, 11.9],
			"faces": {
				"north": {"uv": [9, 5, 11, 7], "texture": "#7"},
				"east": {"uv": [9, 5, 11, 7], "texture": "#7"},
				"south": {"uv": [9, 5, 11, 7], "texture": "#7"},
				"west": {"uv": [9, 5, 11, 7], "texture": "#7"},
				"up": {"uv": [9, 5, 11, 7], "texture": "#7"},
				"down": {"uv": [9, 5, 11, 7], "texture": "#7"}
			}
		},
		{
			"from": [4.772, 1.7, 11.5],
			"to": [4.992, 4.7, 11.8],
			"faces": {
				"north": {"uv": [9, 5, 11, 7], "texture": "#7"},
				"east": {"uv": [9, 5, 11, 7], "texture": "#7"},
				"south": {"uv": [9, 5, 11, 7], "texture": "#7"},
				"west": {"uv": [9, 5, 11, 7], "texture": "#7"},
				"up": {"uv": [9, 5, 11, 7], "texture": "#7"},
				"down": {"uv": [9, 5, 11, 7], "texture": "#7"}
			}
		},
		{
			"from": [4.872, 2.5, 11.6],
			"to": [5.092, 5.5, 11.9],
			"faces": {
				"north": {"uv": [9, 5, 11, 7], "texture": "#7"},
				"east": {"uv": [9, 5, 11, 7], "texture": "#7"},
				"south": {"uv": [9, 5, 11, 7], "texture": "#7"},
				"west": {"uv": [9, 5, 11, 7], "texture": "#7"},
				"up": {"uv": [9, 5, 11, 7], "texture": "#7"},
				"down": {"uv": [9, 5, 11, 7], "texture": "#7"}
			}
		},
		{
			"from": [5.072, 1.7, 11.6],
			"to": [5.292, 4.7, 11.9],
			"faces": {
				"north": {"uv": [9, 5, 11, 7], "texture": "#7"},
				"east": {"uv": [9, 5, 11, 7], "texture": "#7"},
				"south": {"uv": [9, 5, 11, 7], "texture": "#7"},
				"west": {"uv": [9, 5, 11, 7], "texture": "#7"},
				"up": {"uv": [9, 5, 11, 7], "texture": "#7"},
				"down": {"uv": [9, 5, 11, 7], "texture": "#7"}
			}
		},
		{
			"from": [5.172, 1.9, 11.7],
			"to": [5.392, 4.9, 12],
			"faces": {
				"north": {"uv": [9, 5, 11, 7], "texture": "#7"},
				"east": {"uv": [9, 5, 11, 7], "texture": "#7"},
				"south": {"uv": [9, 5, 11, 7], "texture": "#7"},
				"west": {"uv": [9, 5, 11, 7], "texture": "#7"},
				"up": {"uv": [9, 5, 11, 7], "texture": "#7"},
				"down": {"uv": [9, 5, 11, 7], "texture": "#7"}
			}
		},
		{
			"from": [5.372, 1.7, 11],
			"to": [5.592, 4.7, 11.3],
			"faces": {
				"north": {"uv": [9, 5, 11, 7], "texture": "#7"},
				"east": {"uv": [9, 5, 11, 7], "texture": "#7"},
				"south": {"uv": [9, 5, 11, 7], "texture": "#7"},
				"west": {"uv": [9, 5, 11, 7], "texture": "#7"},
				"up": {"uv": [9, 5, 11, 7], "texture": "#7"},
				"down": {"uv": [9, 5, 11, 7], "texture": "#7"}
			}
		},
		{
			"from": [5.372, 1.1, 11.8],
			"to": [5.592, 4.1, 12.1],
			"faces": {
				"north": {"uv": [9, 5, 11, 7], "texture": "#7"},
				"east": {"uv": [9, 5, 11, 7], "texture": "#7"},
				"south": {"uv": [9, 5, 11, 7], "texture": "#7"},
				"west": {"uv": [9, 5, 11, 7], "texture": "#7"},
				"up": {"uv": [9, 5, 11, 7], "texture": "#7"},
				"down": {"uv": [9, 5, 11, 7], "texture": "#7"}
			}
		},
		{
			"from": [5.372, 1.1, 12.2],
			"to": [5.592, 4.1, 12.5],
			"faces": {
				"north": {"uv": [9, 5, 11, 7], "texture": "#7"},
				"east": {"uv": [9, 5, 11, 7], "texture": "#7"},
				"south": {"uv": [9, 5, 11, 7], "texture": "#7"},
				"west": {"uv": [9, 5, 11, 7], "texture": "#7"},
				"up": {"uv": [9, 5, 11, 7], "texture": "#7"},
				"down": {"uv": [9, 5, 11, 7], "texture": "#7"}
			}
		},
		{
			"from": [5.372, 2.1, 11.1],
			"to": [5.592, 5.1, 11.4],
			"faces": {
				"north": {"uv": [9, 5, 11, 7], "texture": "#7"},
				"east": {"uv": [9, 5, 11, 7], "texture": "#7"},
				"south": {"uv": [9, 5, 11, 7], "texture": "#7"},
				"west": {"uv": [9, 5, 11, 7], "texture": "#7"},
				"up": {"uv": [9, 5, 11, 7], "texture": "#7"},
				"down": {"uv": [9, 5, 11, 7], "texture": "#7"}
			}
		},
		{
			"from": [5.372, 1.5, 11.9],
			"to": [5.592, 4.5, 12.2],
			"faces": {
				"north": {"uv": [9, 5, 11, 7], "texture": "#7"},
				"east": {"uv": [9, 5, 11, 7], "texture": "#7"},
				"south": {"uv": [9, 5, 11, 7], "texture": "#7"},
				"west": {"uv": [9, 5, 11, 7], "texture": "#7"},
				"up": {"uv": [9, 5, 11, 7], "texture": "#7"},
				"down": {"uv": [9, 5, 11, 7], "texture": "#7"}
			}
		},
		{
			"from": [5.372, 1.5, 12.3],
			"to": [5.592, 4.5, 12.6],
			"faces": {
				"north": {"uv": [9, 5, 11, 7], "texture": "#7"},
				"east": {"uv": [9, 5, 11, 7], "texture": "#7"},
				"south": {"uv": [9, 5, 11, 7], "texture": "#7"},
				"west": {"uv": [9, 5, 11, 7], "texture": "#7"},
				"up": {"uv": [9, 5, 11, 7], "texture": "#7"},
				"down": {"uv": [9, 5, 11, 7], "texture": "#7"}
			}
		},
		{
			"from": [4.772, 1.7, 11],
			"to": [4.992, 4.7, 11.3],
			"faces": {
				"north": {"uv": [9, 5, 11, 7], "texture": "#7"},
				"east": {"uv": [9, 5, 11, 7], "texture": "#7"},
				"south": {"uv": [9, 5, 11, 7], "texture": "#7"},
				"west": {"uv": [9, 5, 11, 7], "texture": "#7"},
				"up": {"uv": [9, 5, 11, 7], "texture": "#7"},
				"down": {"uv": [9, 5, 11, 7], "texture": "#7"}
			}
		},
		{
			"from": [4.772, 1.1, 11.8],
			"to": [4.992, 4.1, 12.1],
			"faces": {
				"north": {"uv": [9, 5, 11, 7], "texture": "#7"},
				"east": {"uv": [9, 5, 11, 7], "texture": "#7"},
				"south": {"uv": [9, 5, 11, 7], "texture": "#7"},
				"west": {"uv": [9, 5, 11, 7], "texture": "#7"},
				"up": {"uv": [9, 5, 11, 7], "texture": "#7"},
				"down": {"uv": [9, 5, 11, 7], "texture": "#7"}
			}
		},
		{
			"from": [4.772, 1.1, 12.2],
			"to": [4.992, 4.1, 12.5],
			"faces": {
				"north": {"uv": [9, 5, 11, 7], "texture": "#7"},
				"east": {"uv": [9, 5, 11, 7], "texture": "#7"},
				"south": {"uv": [9, 5, 11, 7], "texture": "#7"},
				"west": {"uv": [9, 5, 11, 7], "texture": "#7"},
				"up": {"uv": [9, 5, 11, 7], "texture": "#7"},
				"down": {"uv": [9, 5, 11, 7], "texture": "#7"}
			}
		},
		{
			"from": [4.872, 2, 11.1],
			"to": [5.092, 5, 11.4],
			"faces": {
				"north": {"uv": [9, 5, 11, 7], "texture": "#7"},
				"east": {"uv": [9, 5, 11, 7], "texture": "#7"},
				"south": {"uv": [9, 5, 11, 7], "texture": "#7"},
				"west": {"uv": [9, 5, 11, 7], "texture": "#7"},
				"up": {"uv": [9, 5, 11, 7], "texture": "#7"},
				"down": {"uv": [9, 5, 11, 7], "texture": "#7"}
			}
		},
		{
			"from": [4.872, 1.4, 11.9],
			"to": [5.092, 4.4, 12.2],
			"faces": {
				"north": {"uv": [9, 5, 11, 7], "texture": "#7"},
				"east": {"uv": [9, 5, 11, 7], "texture": "#7"},
				"south": {"uv": [9, 5, 11, 7], "texture": "#7"},
				"west": {"uv": [9, 5, 11, 7], "texture": "#7"},
				"up": {"uv": [9, 5, 11, 7], "texture": "#7"},
				"down": {"uv": [9, 5, 11, 7], "texture": "#7"}
			}
		},
		{
			"from": [4.872, 1.4, 12.3],
			"to": [5.092, 4.4, 12.6],
			"faces": {
				"north": {"uv": [9, 5, 11, 7], "texture": "#7"},
				"east": {"uv": [9, 5, 11, 7], "texture": "#7"},
				"south": {"uv": [9, 5, 11, 7], "texture": "#7"},
				"west": {"uv": [9, 5, 11, 7], "texture": "#7"},
				"up": {"uv": [9, 5, 11, 7], "texture": "#7"},
				"down": {"uv": [9, 5, 11, 7], "texture": "#7"}
			}
		},
		{
			"from": [5.072, 1.7, 11.1],
			"to": [5.292, 4.7, 11.4],
			"faces": {
				"north": {"uv": [9, 5, 11, 7], "texture": "#7"},
				"east": {"uv": [9, 5, 11, 7], "texture": "#7"},
				"south": {"uv": [9, 5, 11, 7], "texture": "#7"},
				"west": {"uv": [9, 5, 11, 7], "texture": "#7"},
				"up": {"uv": [9, 5, 11, 7], "texture": "#7"},
				"down": {"uv": [9, 5, 11, 7], "texture": "#7"}
			}
		},
		{
			"from": [5.072, 2, 10.7],
			"to": [5.292, 5, 11],
			"faces": {
				"north": {"uv": [9, 5, 11, 7], "texture": "#7"},
				"east": {"uv": [9, 5, 11, 7], "texture": "#7"},
				"south": {"uv": [9, 5, 11, 7], "texture": "#7"},
				"west": {"uv": [9, 5, 11, 7], "texture": "#7"},
				"up": {"uv": [9, 5, 11, 7], "texture": "#7"},
				"down": {"uv": [9, 5, 11, 7], "texture": "#7"}
			}
		},
		{
			"from": [5.072, 1.1, 11.9],
			"to": [5.292, 4.1, 12.2],
			"faces": {
				"north": {"uv": [9, 5, 11, 7], "texture": "#7"},
				"east": {"uv": [9, 5, 11, 7], "texture": "#7"},
				"south": {"uv": [9, 5, 11, 7], "texture": "#7"},
				"west": {"uv": [9, 5, 11, 7], "texture": "#7"},
				"up": {"uv": [9, 5, 11, 7], "texture": "#7"},
				"down": {"uv": [9, 5, 11, 7], "texture": "#7"}
			}
		},
		{
			"from": [5.072, 1.1, 12.3],
			"to": [5.292, 4.1, 12.6],
			"faces": {
				"north": {"uv": [9, 5, 11, 7], "texture": "#7"},
				"east": {"uv": [9, 5, 11, 7], "texture": "#7"},
				"south": {"uv": [9, 5, 11, 7], "texture": "#7"},
				"west": {"uv": [9, 5, 11, 7], "texture": "#7"},
				"up": {"uv": [9, 5, 11, 7], "texture": "#7"},
				"down": {"uv": [9, 5, 11, 7], "texture": "#7"}
			}
		},
		{
			"from": [5.172, 2.1, 11.2],
			"to": [5.392, 5.1, 11.5],
			"faces": {
				"north": {"uv": [9, 5, 11, 7], "texture": "#7"},
				"east": {"uv": [9, 5, 11, 7], "texture": "#7"},
				"south": {"uv": [9, 5, 11, 7], "texture": "#7"},
				"west": {"uv": [9, 5, 11, 7], "texture": "#7"},
				"up": {"uv": [9, 5, 11, 7], "texture": "#7"},
				"down": {"uv": [9, 5, 11, 7], "texture": "#7"}
			}
		},
		{
			"from": [5.172, 1.5, 12],
			"to": [5.392, 4.5, 12.3],
			"faces": {
				"north": {"uv": [9, 5, 11, 7], "texture": "#7"},
				"east": {"uv": [9, 5, 11, 7], "texture": "#7"},
				"south": {"uv": [9, 5, 11, 7], "texture": "#7"},
				"west": {"uv": [9, 5, 11, 7], "texture": "#7"},
				"up": {"uv": [9, 5, 11, 7], "texture": "#7"},
				"down": {"uv": [9, 5, 11, 7], "texture": "#7"}
			}
		},
		{
			"from": [5.172, 1.8, 12.5],
			"to": [5.392, 4.8, 12.8],
			"faces": {
				"north": {"uv": [9, 5, 11, 7], "texture": "#7"},
				"east": {"uv": [9, 5, 11, 7], "texture": "#7"},
				"south": {"uv": [9, 5, 11, 7], "texture": "#7"},
				"west": {"uv": [9, 5, 11, 7], "texture": "#7"},
				"up": {"uv": [9, 5, 11, 7], "texture": "#7"},
				"down": {"uv": [9, 5, 11, 7], "texture": "#7"}
			}
		},
		{
			"from": [4.872, 1.7, 12.6],
			"to": [5.492, 3.1, 13.1],
			"faces": {
				"north": {"uv": [9, 5, 11, 7], "texture": "#0"},
				"east": {"uv": [9, 5, 11, 7], "texture": "#0"},
				"south": {"uv": [9, 5, 11, 7], "texture": "#0"},
				"west": {"uv": [9, 5, 11, 7], "texture": "#0"},
				"up": {"uv": [9, 5, 11, 7], "texture": "#0"},
				"down": {"uv": [9, 5, 11, 7], "texture": "#0"}
			}
		},
		{
			"from": [4.872, 2.8, 12.7],
			"to": [5.492, 4.2, 13.2],
			"faces": {
				"north": {"uv": [9, 5, 11, 7], "texture": "#0"},
				"east": {"uv": [9, 5, 11, 7], "texture": "#0"},
				"south": {"uv": [9, 5, 11, 7], "texture": "#0"},
				"west": {"uv": [9, 5, 11, 7], "texture": "#0"},
				"up": {"uv": [9, 5, 11, 7], "texture": "#0"},
				"down": {"uv": [9, 5, 11, 7], "texture": "#0"}
			}
		},
		{
			"from": [4.872, 2.8, 10.4],
			"to": [5.492, 4.2, 10.9],
			"faces": {
				"north": {"uv": [9, 5, 11, 7], "texture": "#0"},
				"east": {"uv": [9, 5, 11, 7], "texture": "#0"},
				"south": {"uv": [9, 5, 11, 7], "texture": "#0"},
				"west": {"uv": [9, 5, 11, 7], "texture": "#0"},
				"up": {"uv": [9, 5, 11, 7], "texture": "#0"},
				"down": {"uv": [9, 5, 11, 7], "texture": "#0"}
			}
		},
		{
			"from": [4.872, 1.7, 10.5],
			"to": [5.492, 3.1, 11],
			"faces": {
				"north": {"uv": [9, 5, 11, 7], "texture": "#0"},
				"east": {"uv": [9, 5, 11, 7], "texture": "#0"},
				"south": {"uv": [9, 5, 11, 7], "texture": "#0"},
				"west": {"uv": [9, 5, 11, 7], "texture": "#0"},
				"up": {"uv": [9, 5, 11, 7], "texture": "#0"},
				"down": {"uv": [9, 5, 11, 7], "texture": "#0"}
			}
		},
		{
			"from": [4.872, 0.7, 10.6],
			"to": [5.492, 2.1, 11.1],
			"faces": {
				"north": {"uv": [9, 5, 11, 7], "texture": "#0"},
				"east": {"uv": [9, 5, 11, 7], "texture": "#0"},
				"south": {"uv": [9, 5, 11, 7], "texture": "#0"},
				"west": {"uv": [9, 5, 11, 7], "texture": "#0"},
				"up": {"uv": [9, 5, 11, 7], "texture": "#0"},
				"down": {"uv": [9, 5, 11, 7], "texture": "#0"}
			}
		},
		{
			"from": [10.4, 2.6, 2.2],
			"to": [12.8, 3, 4.7],
			"faces": {
				"north": {"uv": [9, 5, 15, 10], "texture": "#2"},
				"east": {"uv": [9, 5, 15, 10], "texture": "#2"},
				"south": {"uv": [9, 5, 15, 10], "texture": "#2"},
				"west": {"uv": [9, 5, 15, 10], "texture": "#2"},
				"up": {"uv": [9, 5, 15, 10], "texture": "#2"},
				"down": {"uv": [9, 5, 15, 10], "texture": "#2"}
			}
		},
		{
			"from": [10.3, 0.9, 2.1],
			"to": [12.9, 1.3, 4.8],
			"faces": {
				"north": {"uv": [9, 5, 15, 10], "texture": "#7"},
				"east": {"uv": [9, 5, 15, 10], "texture": "#7"},
				"south": {"uv": [9, 5, 15, 10], "texture": "#7"},
				"west": {"uv": [9, 5, 15, 10], "texture": "#7"},
				"up": {"uv": [9, 5, 15, 10], "texture": "#7"},
				"down": {"uv": [9, 5, 15, 10], "texture": "#7"}
			}
		},
		{
			"from": [11.1, 1.6, 2],
			"to": [12.2, 1.8, 2.1],
			"faces": {
				"north": {"uv": [9, 5, 15, 10], "texture": "#7"},
				"east": {"uv": [9, 5, 15, 10], "texture": "#7"},
				"south": {"uv": [9, 5, 15, 10], "texture": "#7"},
				"west": {"uv": [9, 5, 15, 10], "texture": "#7"},
				"up": {"uv": [9, 5, 15, 10], "texture": "#7"},
				"down": {"uv": [9, 5, 15, 10], "texture": "#7"}
			}
		},
		{
			"from": [11.1, 1.6, 4.8],
			"to": [12.2, 1.8, 4.9],
			"faces": {
				"north": {"uv": [9, 5, 15, 10], "texture": "#7"},
				"east": {"uv": [9, 5, 15, 10], "texture": "#7"},
				"south": {"uv": [9, 5, 15, 10], "texture": "#7"},
				"west": {"uv": [9, 5, 15, 10], "texture": "#7"},
				"up": {"uv": [9, 5, 15, 10], "texture": "#7"},
				"down": {"uv": [9, 5, 15, 10], "texture": "#7"}
			}
		},
		{
			"from": [11.4, 1.4, 2],
			"to": [11.7, 1.6, 2.1],
			"faces": {
				"north": {"uv": [9, 5, 15, 10], "texture": "#7"},
				"east": {"uv": [9, 5, 15, 10], "texture": "#7"},
				"south": {"uv": [9, 5, 15, 10], "texture": "#7"},
				"west": {"uv": [9, 5, 15, 10], "texture": "#7"},
				"up": {"uv": [9, 5, 15, 10], "texture": "#7"},
				"down": {"uv": [9, 5, 15, 10], "texture": "#7"}
			}
		},
		{
			"from": [11.8, 1.4, 4.8],
			"to": [12.1, 1.6, 4.9],
			"faces": {
				"north": {"uv": [9, 5, 15, 10], "texture": "#7"},
				"east": {"uv": [9, 5, 15, 10], "texture": "#7"},
				"south": {"uv": [9, 5, 15, 10], "texture": "#7"},
				"west": {"uv": [9, 5, 15, 10], "texture": "#7"},
				"up": {"uv": [9, 5, 15, 10], "texture": "#7"},
				"down": {"uv": [9, 5, 15, 10], "texture": "#7"}
			}
		},
		{
			"from": [10.3, 1.7, 2.1],
			"to": [12.9, 1.8, 4.8],
			"faces": {
				"north": {"uv": [9, 5, 15, 10], "texture": "#7"},
				"east": {"uv": [9, 5, 15, 10], "texture": "#7"},
				"south": {"uv": [9, 5, 15, 10], "texture": "#7"},
				"west": {"uv": [9, 5, 15, 10], "texture": "#7"},
				"up": {"uv": [9, 5, 15, 10], "texture": "#7"},
				"down": {"uv": [9, 5, 15, 10], "texture": "#7"}
			}
		},
		{
			"from": [10.2, 1.8, 3.7],
			"to": [11.1, 1.9, 4.9],
			"faces": {
				"north": {"uv": [9, 5, 15, 10], "texture": "#0"},
				"east": {"uv": [9, 5, 15, 10], "texture": "#0"},
				"south": {"uv": [9, 5, 15, 10], "texture": "#0"},
				"west": {"uv": [9, 5, 15, 10], "texture": "#0"},
				"up": {"uv": [9, 5, 15, 10], "texture": "#0"},
				"down": {"uv": [9, 5, 15, 10], "texture": "#0"}
			}
		},
		{
			"from": [10.1, 1.7, 2.1],
			"to": [13.1, 2, 5],
			"faces": {
				"north": {"uv": [5, 1, 11, 3], "texture": "#9"},
				"east": {"uv": [5, 1, 11, 3], "texture": "#9"},
				"south": {"uv": [5, 1, 11, 3], "texture": "#9"},
				"west": {"uv": [5, 1, 11, 3], "texture": "#9"},
				"up": {"uv": [5, 1, 11, 3], "texture": "#9"},
				"down": {"uv": [5, 1, 11, 3], "texture": "#9"}
			}
		},
		{
			"from": [9.9, 1.8, 1.9],
			"to": [13.2, 1.9, 4.9],
			"faces": {
				"north": {"uv": [5, 1, 11, 3], "texture": "#9"},
				"east": {"uv": [5, 1, 11, 3], "texture": "#9"},
				"south": {"uv": [5, 1, 11, 3], "texture": "#9"},
				"west": {"uv": [5, 1, 11, 3], "texture": "#9"},
				"up": {"uv": [5, 1, 11, 3], "texture": "#9"},
				"down": {"uv": [5, 1, 11, 3], "texture": "#9"}
			}
		},
		{
			"from": [11.6, 1.8, 4.4],
			"to": [12.5, 1.9, 5.2],
			"faces": {
				"north": {"uv": [9, 5, 15, 10], "texture": "#0"},
				"east": {"uv": [9, 5, 15, 10], "texture": "#0"},
				"south": {"uv": [9, 5, 15, 10], "texture": "#0"},
				"west": {"uv": [9, 5, 15, 10], "texture": "#0"},
				"up": {"uv": [9, 5, 15, 10], "texture": "#0"},
				"down": {"uv": [9, 5, 15, 10], "texture": "#0"}
			}
		},
		{
			"from": [12.4, 1.8, 3.5],
			"to": [13.3, 2, 4.3],
			"faces": {
				"north": {"uv": [9, 5, 15, 10], "texture": "#0"},
				"east": {"uv": [9, 5, 15, 10], "texture": "#0"},
				"south": {"uv": [9, 5, 15, 10], "texture": "#0"},
				"west": {"uv": [9, 5, 15, 10], "texture": "#0"},
				"up": {"uv": [9, 5, 15, 10], "texture": "#0"},
				"down": {"uv": [9, 5, 15, 10], "texture": "#0"}
			}
		},
		{
			"from": [12, 1.8, 2.2],
			"to": [12.9, 1.9, 3],
			"faces": {
				"north": {"uv": [9, 5, 15, 10], "texture": "#0"},
				"east": {"uv": [9, 5, 15, 10], "texture": "#0"},
				"south": {"uv": [9, 5, 15, 10], "texture": "#0"},
				"west": {"uv": [9, 5, 15, 10], "texture": "#0"},
				"up": {"uv": [9, 5, 15, 10], "texture": "#0"},
				"down": {"uv": [9, 5, 15, 10], "texture": "#0"}
			}
		},
		{
			"from": [10.6, 1.8, 2.1],
			"to": [11.5, 1.9, 2.9],
			"faces": {
				"north": {"uv": [9, 5, 15, 10], "texture": "#0"},
				"east": {"uv": [9, 5, 15, 10], "texture": "#0"},
				"south": {"uv": [9, 5, 15, 10], "texture": "#0"},
				"west": {"uv": [9, 5, 15, 10], "texture": "#0"},
				"up": {"uv": [9, 5, 15, 10], "texture": "#0"},
				"down": {"uv": [9, 5, 15, 10], "texture": "#0"}
			}
		},
		{
			"from": [10.1, 1.3, 2.1],
			"to": [12.9, 1.7, 4.8],
			"faces": {
				"north": {"uv": [8, 4, 10, 6], "texture": "#5"},
				"east": {"uv": [8, 4, 10, 6], "texture": "#5"},
				"south": {"uv": [8, 4, 10, 6], "texture": "#5"},
				"west": {"uv": [8, 4, 10, 6], "texture": "#5"},
				"up": {"uv": [8, 4, 10, 6], "texture": "#5"},
				"down": {"uv": [8, 4, 10, 6], "texture": "#5"}
			}
		},
		{
			"from": [12.6, 0.7, 3.8],
			"to": [12.9, 0.9, 4.8],
			"faces": {
				"north": {"uv": [9, 5, 15, 10], "texture": "#7"},
				"east": {"uv": [9, 5, 15, 10], "texture": "#7"},
				"south": {"uv": [9, 5, 15, 10], "texture": "#7"},
				"west": {"uv": [9, 5, 15, 10], "texture": "#7"},
				"up": {"uv": [9, 5, 15, 10], "texture": "#7"},
				"down": {"uv": [9, 5, 15, 10], "texture": "#7"}
			}
		},
		{
			"from": [12.9, 0.7, 3],
			"to": [13.2, 1.3, 4],
			"faces": {
				"north": {"uv": [9, 5, 15, 10], "texture": "#7"},
				"east": {"uv": [9, 5, 15, 10], "texture": "#7"},
				"south": {"uv": [9, 5, 15, 10], "texture": "#7"},
				"west": {"uv": [9, 5, 15, 10], "texture": "#7"},
				"up": {"uv": [9, 5, 15, 10], "texture": "#7"},
				"down": {"uv": [9, 5, 15, 10], "texture": "#7"}
			}
		},
		{
			"from": [12.9, 1.5, 3],
			"to": [13, 1.8, 4],
			"faces": {
				"north": {"uv": [9, 5, 15, 10], "texture": "#7"},
				"east": {"uv": [9, 5, 15, 10], "texture": "#7"},
				"south": {"uv": [9, 5, 15, 10], "texture": "#7"},
				"west": {"uv": [9, 5, 15, 10], "texture": "#7"},
				"up": {"uv": [9, 5, 15, 10], "texture": "#7"},
				"down": {"uv": [9, 5, 15, 10], "texture": "#7"}
			}
		},
		{
			"from": [12.9, 0.9, 4],
			"to": [13.2, 1.3, 4.2],
			"faces": {
				"north": {"uv": [9, 5, 13, 7], "texture": "#7"},
				"east": {"uv": [9, 5, 13, 7], "texture": "#7"},
				"south": {"uv": [9, 5, 13, 7], "texture": "#7"},
				"west": {"uv": [9, 5, 13, 7], "texture": "#7"},
				"up": {"uv": [9, 5, 13, 7], "texture": "#7"},
				"down": {"uv": [9, 5, 13, 7], "texture": "#7"}
			}
		},
		{
			"from": [12.9, 1.7, 4],
			"to": [13, 1.8, 4.2],
			"faces": {
				"north": {"uv": [9, 5, 13, 7], "texture": "#7"},
				"east": {"uv": [9, 5, 13, 7], "texture": "#7"},
				"south": {"uv": [9, 5, 13, 7], "texture": "#7"},
				"west": {"uv": [9, 5, 13, 7], "texture": "#7"},
				"up": {"uv": [9, 5, 13, 7], "texture": "#7"},
				"down": {"uv": [9, 5, 13, 7], "texture": "#7"}
			}
		},
		{
			"from": [10.1, 2, 2.2],
			"to": [13.1, 2.6, 4.7],
			"faces": {
				"north": {"uv": [9, 5, 15, 10], "texture": "#2"},
				"east": {"uv": [9, 5, 15, 10], "texture": "#2"},
				"south": {"uv": [9, 5, 15, 10], "texture": "#2"},
				"west": {"uv": [9, 5, 15, 10], "texture": "#2"},
				"up": {"uv": [9, 5, 15, 10], "texture": "#2"},
				"down": {"uv": [9, 5, 15, 10], "texture": "#2"}
			}
		},
		{
			"from": [10.4, 2, 1.9],
			"to": [12.8, 2.6, 5],
			"faces": {
				"north": {"uv": [9, 5, 15, 10], "texture": "#2"},
				"east": {"uv": [9, 5, 15, 10], "texture": "#2"},
				"south": {"uv": [9, 5, 15, 10], "texture": "#2"},
				"west": {"uv": [9, 5, 15, 10], "texture": "#2"},
				"up": {"uv": [9, 5, 15, 10], "texture": "#2"},
				"down": {"uv": [9, 5, 15, 10], "texture": "#2"}
			}
		},
		{
			"from": [10.4, 0.6, 1.9],
			"to": [12.8, 1.2, 5],
			"faces": {
				"north": {"uv": [9, 5, 15, 10], "texture": "#2"},
				"east": {"uv": [9, 5, 15, 10], "texture": "#2"},
				"south": {"uv": [9, 5, 15, 10], "texture": "#2"},
				"west": {"uv": [9, 5, 15, 10], "texture": "#2"},
				"up": {"uv": [9, 5, 15, 10], "texture": "#2"},
				"down": {"uv": [9, 5, 15, 10], "texture": "#2"}
			}
		},
		{
			"from": [10.1, 0.6, 2.2],
			"to": [13.1, 1.2, 4.7],
			"faces": {
				"north": {"uv": [9, 5, 15, 10], "texture": "#2"},
				"east": {"uv": [9, 5, 15, 10], "texture": "#2"},
				"south": {"uv": [9, 5, 15, 10], "texture": "#2"},
				"west": {"uv": [9, 5, 15, 10], "texture": "#2"},
				"up": {"uv": [9, 5, 15, 10], "texture": "#2"},
				"down": {"uv": [9, 5, 15, 10], "texture": "#2"}
			}
		},
		{
			"from": [9.9, 0.6, 6.7],
			"to": [10.3, 1.8, 7.1],
			"rotation": {"angle": 0, "axis": "y", "origin": [-1, 0, -1]},
			"faces": {
				"north": {"uv": [7, 13, 8, 16], "texture": "#8"},
				"east": {"uv": [7, 13, 8, 16], "texture": "#8"},
				"south": {"uv": [7, 13, 8, 16], "texture": "#8"},
				"west": {"uv": [7, 13, 8, 16], "texture": "#8"},
				"up": {"uv": [5, 12, 6, 13], "texture": "#8"},
				"down": {"uv": [6, 12, 7, 13], "texture": "#8"}
			}
		},
		{
			"from": [9.9, 1.8, 6.7],
			"to": [10.3, 3, 7.5],
			"rotation": {"angle": 0, "axis": "y", "origin": [-1, 0, -1]},
			"faces": {
				"north": {"uv": [7, 5, 8, 8], "texture": "#8"},
				"east": {"uv": [5, 5, 7, 8], "texture": "#8"},
				"south": {"uv": [4, 5, 5, 8], "texture": "#8"},
				"west": {"uv": [8, 5, 10, 8], "texture": "#8"},
				"up": {"uv": [5, 4, 6.75, 5], "texture": "#8"},
				"down": {"uv": [7, 4, 8.75, 5], "texture": "#8"}
			}
		},
		{
			"from": [9.89, 1.8, 6.69],
			"to": [10.31, 3, 7.51],
			"rotation": {"angle": 0, "axis": "y", "origin": [-1, 0, -1]},
			"faces": {
				"north": {"uv": [7.75, 8, 8.75, 11.75], "texture": "#8"},
				"east": {"uv": [5, 8, 7, 11.75], "texture": "#8"},
				"south": {"uv": [4, 8, 5, 11.75], "texture": "#8"},
				"west": {"uv": [8.25, 8, 9.75, 11.75], "texture": "#8"},
				"up": {"uv": [5, 4, 6.75, 5], "texture": "#8"},
				"down": {"uv": [7, 4, 8.75, 5], "texture": "#8"}
			}
		},
		{
			"from": [9.7, 3, 6.7],
			"to": [10.5, 3.8, 7.5],
			"rotation": {"angle": 0, "axis": "y", "origin": [-1, 0, -1]},
			"faces": {
				"north": {"uv": [4, 2, 6, 4], "texture": "#8"},
				"east": {"uv": [2, 2, 4, 4], "texture": "#8"},
				"south": {"uv": [0, 2, 2, 4], "texture": "#8"},
				"west": {"uv": [11.75, 1.75, 13.75, 3.75], "texture": "#8"},
				"up": {"uv": [2, 0, 4, 2], "texture": "#8"},
				"down": {"uv": [4, 0, 6, 2], "texture": "#8"}
			}
		},
		{
			"from": [9.71, 2.99, 6.69],
			"to": [10.53, 3.81, 7.51],
			"rotation": {"angle": 0, "axis": "y", "origin": [-1, 0, -1]},
			"faces": {
				"north": {"uv": [11.75, 2, 13.75, 4], "texture": "#8"},
				"east": {"uv": [10, 2, 12, 4], "texture": "#8"},
				"south": {"uv": [8, 2, 10, 4], "texture": "#8"},
				"west": {"uv": [6, 2, 8, 4], "texture": "#8"},
				"up": {"uv": [10, 0, 12, 2], "texture": "#8"},
				"down": {"uv": [4, 0, 6, 2], "texture": "#8"}
			}
		},
		{
			"from": [9.9, 0.6, 7.1],
			"to": [10.3, 1.8, 7.5],
			"rotation": {"angle": 0, "axis": "y", "origin": [-1, 0, -1]},
			"faces": {
				"north": {"uv": [7, 13, 8, 16], "texture": "#8"},
				"east": {"uv": [7, 13, 8, 16], "texture": "#8"},
				"south": {"uv": [7, 13, 8, 16], "texture": "#8"},
				"west": {"uv": [7, 13, 8, 16], "texture": "#8"},
				"up": {"uv": [5, 12, 6, 13], "texture": "#8"},
				"down": {"uv": [6, 12, 7, 13], "texture": "#8"}
			}
		},
		{
			"from": [9.9, 1.8, 7.5],
			"to": [10.3, 3, 7.8],
			"rotation": {"angle": 22.5, "axis": "z", "origin": [10.1, 2.4, 7.65]},
			"faces": {
				"north": {"uv": [12.25, 5, 13.25, 8], "texture": "#8"},
				"east": {"uv": [11, 5, 12, 8], "texture": "#8"},
				"south": {"uv": [10, 5, 11, 8], "texture": "#8"},
				"west": {"uv": [12.5, 5, 13.5, 8], "texture": "#8"},
				"up": {"uv": [11, 4, 11.75, 5], "texture": "#8"},
				"down": {"uv": [11.75, 4, 12.5, 5], "texture": "#8"}
			}
		},
		{
			"from": [9.8, 2.6, 6.4],
			"to": [11, 3, 6.7],
			"rotation": {"angle": -22.5, "axis": "z", "origin": [10.1, 2.4, 7.65]},
			"faces": {
				"north": {"uv": [12.25, 5, 13.25, 8], "rotation": 90, "texture": "#8"},
				"east": {"uv": [11.75, 4, 12.5, 5], "rotation": 270, "texture": "#8"},
				"south": {"uv": [10, 5, 11, 8], "rotation": 270, "texture": "#8"},
				"west": {"uv": [11, 4, 11.75, 5], "rotation": 270, "texture": "#8"},
				"up": {"uv": [11, 5, 12, 8], "rotation": 270, "texture": "#8"},
				"down": {"uv": [12.5, 5, 13.5, 8], "rotation": 270, "texture": "#8"}
			}
		},
		{
			"from": [2.5, 0.5, 0.1],
			"to": [13.5, 0.6, 15.6],
			"faces": {
				"north": {"uv": [9, 5, 11, 7], "texture": "#1"},
				"east": {"uv": [9, 5, 11, 7], "texture": "#1"},
				"south": {"uv": [9, 5, 11, 7], "texture": "#1"},
				"west": {"uv": [9, 5, 11, 7], "texture": "#1"},
				"up": {"uv": [9, 5, 11, 7], "texture": "#1"},
				"down": {"uv": [9, 5, 11, 7], "texture": "#1"}
			}
		},
		{
			"from": [2.5, 0, -0.5],
			"to": [13.5, 0.5, 16.5],
			"faces": {
				"north": {"uv": [0, 0, 11, 0.5], "texture": "#0"},
				"east": {"uv": [0, 0, 16, 0.5], "texture": "#0"},
				"south": {"uv": [0, 0, 11, 0.5], "texture": "#0"},
				"west": {"uv": [0, 0, 16, 0.5], "texture": "#0"},
				"up": {"uv": [0, 0, 11, 16], "texture": "#0"},
				"down": {"uv": [0, 0, 11, 16], "texture": "#0"}
			}
		},
		{
			"from": [13.5, 0, 0.5],
			"to": [14.5, 0.5, 15.5],
			"faces": {
				"north": {"uv": [0, 0, 1, 0.5], "texture": "#0"},
				"east": {"uv": [0, 0, 15, 0.5], "texture": "#0"},
				"south": {"uv": [0, 0, 1, 0.5], "texture": "#0"},
				"west": {"uv": [0, 0, 15, 0.5], "texture": "#0"},
				"up": {"uv": [0, 0, 1, 15], "texture": "#0"},
				"down": {"uv": [0, 0, 1, 15], "texture": "#0"}
			}
		},
		{
			"from": [1.5, 0, 0.5],
			"to": [2.5, 0.5, 15.5],
			"faces": {
				"north": {"uv": [0, 0, 1, 0.5], "texture": "#0"},
				"east": {"uv": [0, 0, 15, 0.5], "texture": "#0"},
				"south": {"uv": [0, 0, 1, 0.5], "texture": "#0"},
				"west": {"uv": [0, 0, 15, 0.5], "texture": "#0"},
				"up": {"uv": [0, 0, 1, 15], "texture": "#0"},
				"down": {"uv": [0, 0, 1, 15], "texture": "#0"}
			}
		},
		{
			"from": [14.5, 0.5, 0.5],
			"to": [15, 1.1, 15.5],
			"faces": {
				"north": {"uv": [0, 0, 0.5, 0.6], "texture": "#0"},
				"east": {"uv": [0, 0, 15, 0.6], "texture": "#0"},
				"south": {"uv": [0, 0, 0.5, 0.6], "texture": "#0"},
				"west": {"uv": [0, 0, 15, 0.6], "texture": "#0"},
				"up": {"uv": [0, 0, 0.5, 15], "texture": "#0"},
				"down": {"uv": [0, 0, 0.5, 15], "texture": "#0"}
			}
		},
		{
			"from": [1, 0.5, 0.5],
			"to": [1.5, 1.1, 15.5],
			"faces": {
				"north": {"uv": [0, 0, 0.5, 0.6], "texture": "#0"},
				"east": {"uv": [0, 0, 15, 0.6], "texture": "#0"},
				"south": {"uv": [0, 0, 0.5, 0.6], "texture": "#0"},
				"west": {"uv": [0, 0, 15, 0.6], "texture": "#0"},
				"up": {"uv": [0, 0, 0.5, 15], "texture": "#0"},
				"down": {"uv": [0, 0, 0.5, 15], "texture": "#0"}
			}
		},
		{
			"from": [2.5, 0.5, -1],
			"to": [13.5, 1.1, -0.5],
			"faces": {
				"north": {"uv": [0, 0, 11, 0.6], "texture": "#0"},
				"east": {"uv": [0, 0, 0.5, 0.6], "texture": "#0"},
				"south": {"uv": [0, 0, 11, 0.6], "texture": "#0"},
				"west": {"uv": [0, 0, 0.5, 0.6], "texture": "#0"},
				"up": {"uv": [0, 0, 11, 0.5], "texture": "#0"},
				"down": {"uv": [0, 0, 11, 0.5], "texture": "#0"}
			}
		},
		{
			"from": [2.5, 0.5, 16.5],
			"to": [13.5, 1.1, 17],
			"faces": {
				"north": {"uv": [0, 0, 11, 0.6], "texture": "#0"},
				"east": {"uv": [0, 0, 0.5, 0.6], "texture": "#0"},
				"south": {"uv": [0, 0, 11, 0.6], "texture": "#0"},
				"west": {"uv": [0, 0, 0.5, 0.6], "texture": "#0"},
				"up": {"uv": [0, 0, 11, 0.5], "texture": "#0"},
				"down": {"uv": [0, 0, 11, 0.5], "texture": "#0"}
			}
		},
		{
			"from": [14, 0.5, 15.5],
			"to": [14.5, 1.1, 16],
			"faces": {
				"north": {"uv": [0, 0, 0.5, 0.6], "texture": "#0"},
				"east": {"uv": [0, 0, 0.5, 0.6], "texture": "#0"},
				"south": {"uv": [0, 0, 0.5, 0.6], "texture": "#0"},
				"west": {"uv": [0, 0, 0.5, 0.6], "texture": "#0"},
				"up": {"uv": [0, 0, 0.5, 0.5], "texture": "#0"},
				"down": {"uv": [0, 0, 0.5, 0.5], "texture": "#0"}
			}
		},
		{
			"from": [1.5, 0.5, 15.5],
			"to": [2, 1.1, 16],
			"faces": {
				"north": {"uv": [0, 0, 0.5, 0.6], "texture": "#0"},
				"east": {"uv": [0, 0, 0.5, 0.6], "texture": "#0"},
				"south": {"uv": [0, 0, 0.5, 0.6], "texture": "#0"},
				"west": {"uv": [0, 0, 0.5, 0.6], "texture": "#0"},
				"up": {"uv": [0, 0, 0.5, 0.5], "texture": "#0"},
				"down": {"uv": [0, 0, 0.5, 0.5], "texture": "#0"}
			}
		},
		{
			"from": [1.5, 0.5, 0],
			"to": [2, 1.1, 0.5],
			"faces": {
				"north": {"uv": [0, 0, 0.5, 0.6], "texture": "#0"},
				"east": {"uv": [0, 0, 0.5, 0.6], "texture": "#0"},
				"south": {"uv": [0, 0, 0.5, 0.6], "texture": "#0"},
				"west": {"uv": [0, 0, 0.5, 0.6], "texture": "#0"},
				"up": {"uv": [0, 0, 0.5, 0.5], "texture": "#0"},
				"down": {"uv": [0, 0, 0.5, 0.5], "texture": "#0"}
			}
		},
		{
			"from": [14, 0.5, 0],
			"to": [14.5, 1.1, 0.5],
			"faces": {
				"north": {"uv": [0, 0, 0.5, 0.6], "texture": "#0"},
				"east": {"uv": [0, 0, 0.5, 0.6], "texture": "#0"},
				"south": {"uv": [0, 0, 0.5, 0.6], "texture": "#0"},
				"west": {"uv": [0, 0, 0.5, 0.6], "texture": "#0"},
				"up": {"uv": [0, 0, 0.5, 0.5], "texture": "#0"},
				"down": {"uv": [0, 0, 0.5, 0.5], "texture": "#0"}
			}
		},
		{
			"from": [13.5, 0.5, -0.5],
			"to": [14, 1.1, 0],
			"faces": {
				"north": {"uv": [0, 0, 0.5, 0.6], "texture": "#0"},
				"east": {"uv": [0, 0, 0.5, 0.6], "texture": "#0"},
				"south": {"uv": [0, 0, 0.5, 0.6], "texture": "#0"},
				"west": {"uv": [0, 0, 0.5, 0.6], "texture": "#0"},
				"up": {"uv": [0, 0, 0.5, 0.5], "texture": "#0"},
				"down": {"uv": [0, 0, 0.5, 0.5], "texture": "#0"}
			}
		},
		{
			"from": [2, 0.5, -0.5],
			"to": [2.5, 1.1, 0],
			"faces": {
				"north": {"uv": [0, 0, 0.5, 0.6], "texture": "#0"},
				"east": {"uv": [0, 0, 0.5, 0.6], "texture": "#0"},
				"south": {"uv": [0, 0, 0.5, 0.6], "texture": "#0"},
				"west": {"uv": [0, 0, 0.5, 0.6], "texture": "#0"},
				"up": {"uv": [0, 0, 0.5, 0.5], "texture": "#0"},
				"down": {"uv": [0, 0, 0.5, 0.5], "texture": "#0"}
			}
		},
		{
			"from": [2, 0.5, 16],
			"to": [2.5, 1.1, 16.5],
			"faces": {
				"north": {"uv": [0, 0, 0.5, 0.6], "texture": "#0"},
				"east": {"uv": [0, 0, 0.5, 0.6], "texture": "#0"},
				"south": {"uv": [0, 0, 0.5, 0.6], "texture": "#0"},
				"west": {"uv": [0, 0, 0.5, 0.6], "texture": "#0"},
				"up": {"uv": [0, 0, 0.5, 0.5], "texture": "#0"},
				"down": {"uv": [0, 0, 0.5, 0.5], "texture": "#0"}
			}
		},
		{
			"from": [13.5, 0.5, 16],
			"to": [14, 1.1, 16.5],
			"faces": {
				"north": {"uv": [0, 0, 0.5, 0.6], "texture": "#0"},
				"east": {"uv": [0, 0, 0.5, 0.6], "texture": "#0"},
				"south": {"uv": [0, 0, 0.5, 0.6], "texture": "#0"},
				"west": {"uv": [0, 0, 0.5, 0.6], "texture": "#0"},
				"up": {"uv": [0, 0, 0.5, 0.5], "texture": "#0"},
				"down": {"uv": [0, 0, 0.5, 0.5], "texture": "#0"}
			}
		},
		{
			"from": [2, 0, 15.5],
			"to": [2.5, 0.5, 16],
			"faces": {
				"north": {"uv": [0, 0, 0.5, 0.5], "texture": "#0"},
				"east": {"uv": [0, 0, 0.5, 0.5], "texture": "#0"},
				"south": {"uv": [0, 0, 0.5, 0.5], "texture": "#0"},
				"west": {"uv": [0, 0, 0.5, 0.5], "texture": "#0"},
				"up": {"uv": [0, 0, 0.5, 0.5], "texture": "#0"},
				"down": {"uv": [0, 0, 0.5, 0.5], "texture": "#0"}
			}
		},
		{
			"from": [13.5, 0, 15.5],
			"to": [14, 0.5, 16],
			"faces": {
				"north": {"uv": [0, 0, 0.5, 0.5], "texture": "#0"},
				"east": {"uv": [0, 0, 0.5, 0.5], "texture": "#0"},
				"south": {"uv": [0, 0, 0.5, 0.5], "texture": "#0"},
				"west": {"uv": [0, 0, 0.5, 0.5], "texture": "#0"},
				"up": {"uv": [0, 0, 0.5, 0.5], "texture": "#0"},
				"down": {"uv": [0, 0, 0.5, 0.5], "texture": "#0"}
			}
		},
		{
			"from": [13.5, 0, 0],
			"to": [14, 0.5, 0.5],
			"faces": {
				"north": {"uv": [0, 0, 0.5, 0.5], "texture": "#0"},
				"east": {"uv": [0, 0, 0.5, 0.5], "texture": "#0"},
				"south": {"uv": [0, 0, 0.5, 0.5], "texture": "#0"},
				"west": {"uv": [0, 0, 0.5, 0.5], "texture": "#0"},
				"up": {"uv": [0, 0, 0.5, 0.5], "texture": "#0"},
				"down": {"uv": [0, 0, 0.5, 0.5], "texture": "#0"}
			}
		},
		{
			"from": [2, 0, 0],
			"to": [2.5, 0.5, 0.5],
			"faces": {
				"north": {"uv": [0, 0, 0.5, 0.5], "texture": "#0"},
				"east": {"uv": [0, 0, 0.5, 0.5], "texture": "#0"},
				"south": {"uv": [0, 0, 0.5, 0.5], "texture": "#0"},
				"west": {"uv": [0, 0, 0.5, 0.5], "texture": "#0"},
				"up": {"uv": [0, 0, 0.5, 0.5], "texture": "#0"},
				"down": {"uv": [0, 0, 0.5, 0.5], "texture": "#0"}
			}
		},
		{
			"from": [2.5, 1.1, -1.4],
			"to": [13.5, 1.5, -0.9],
			"faces": {
				"north": {"uv": [0, 0, 11, 0.4], "texture": "#0"},
				"east": {"uv": [0, 0, 0.5, 0.4], "texture": "#0"},
				"south": {"uv": [0, 0, 11, 0.4], "texture": "#0"},
				"west": {"uv": [0, 0, 0.5, 0.4], "texture": "#0"},
				"up": {"uv": [0, 0, 11, 0.5], "texture": "#0"},
				"down": {"uv": [0, 0, 11, 0.5], "texture": "#0"}
			}
		},
		{
			"from": [2.5, 1.1, 16.9],
			"to": [13.5, 1.5, 17.4],
			"faces": {
				"north": {"uv": [0, 0, 11, 0.4], "texture": "#0"},
				"east": {"uv": [0, 0, 0.5, 0.4], "texture": "#0"},
				"south": {"uv": [0, 0, 11, 0.4], "texture": "#0"},
				"west": {"uv": [0, 0, 0.5, 0.4], "texture": "#0"},
				"up": {"uv": [0, 0, 11, 0.5], "texture": "#0"},
				"down": {"uv": [0, 0, 11, 0.5], "texture": "#0"}
			}
		},
		{
			"from": [14.9, 1.1, 0.5],
			"to": [15.4, 1.5, 15.5],
			"faces": {
				"north": {"uv": [0, 0, 0.5, 0.4], "texture": "#0"},
				"east": {"uv": [0, 0, 15, 0.4], "texture": "#0"},
				"south": {"uv": [0, 0, 0.5, 0.4], "texture": "#0"},
				"west": {"uv": [0, 0, 15, 0.4], "texture": "#0"},
				"up": {"uv": [0, 0, 0.5, 15], "texture": "#0"},
				"down": {"uv": [0, 0, 0.5, 15], "texture": "#0"}
			}
		},
		{
			"from": [0.6, 1.1, 0.5],
			"to": [1.1, 1.5, 15.5],
			"faces": {
				"north": {"uv": [0, 0, 0.5, 0.4], "texture": "#0"},
				"east": {"uv": [0, 0, 15, 0.4], "texture": "#0"},
				"south": {"uv": [0, 0, 0.5, 0.4], "texture": "#0"},
				"west": {"uv": [0, 0, 15, 0.4], "texture": "#0"},
				"up": {"uv": [0, 0, 0.5, 15], "texture": "#0"},
				"down": {"uv": [0, 0, 0.5, 15], "texture": "#0"}
			}
		},
		{
			"from": [1, 1.1, 15.5],
			"to": [1.5, 1.5, 16],
			"faces": {
				"north": {"uv": [0, 0, 0.5, 0.4], "texture": "#0"},
				"east": {"uv": [0, 0, 0.5, 0.4], "texture": "#0"},
				"south": {"uv": [0, 0, 0.5, 0.4], "texture": "#0"},
				"west": {"uv": [0, 0, 0.5, 0.4], "texture": "#0"},
				"up": {"uv": [0, 0, 0.5, 0.5], "texture": "#0"},
				"down": {"uv": [0, 0, 0.5, 0.5], "texture": "#0"}
			}
		},
		{
			"from": [2, 1.1, 16.5],
			"to": [2.5, 1.5, 17],
			"faces": {
				"north": {"uv": [0, 0, 0.5, 0.4], "texture": "#0"},
				"east": {"uv": [0, 0, 0.5, 0.4], "texture": "#0"},
				"south": {"uv": [0, 0, 0.5, 0.4], "texture": "#0"},
				"west": {"uv": [0, 0, 0.5, 0.4], "texture": "#0"},
				"up": {"uv": [0, 0, 0.5, 0.5], "texture": "#0"},
				"down": {"uv": [0, 0, 0.5, 0.5], "texture": "#0"}
			}
		},
		{
			"from": [1.5, 1.1, 16],
			"to": [2, 1.5, 16.5],
			"faces": {
				"north": {"uv": [0, 0, 0.5, 0.4], "texture": "#0"},
				"east": {"uv": [0, 0, 0.5, 0.4], "texture": "#0"},
				"south": {"uv": [0, 0, 0.5, 0.4], "texture": "#0"},
				"west": {"uv": [0, 0, 0.5, 0.4], "texture": "#0"},
				"up": {"uv": [0, 0, 0.5, 0.5], "texture": "#0"},
				"down": {"uv": [0, 0, 0.5, 0.5], "texture": "#0"}
			}
		},
		{
			"from": [14, 1.1, -0.5],
			"to": [14.5, 1.5, 0],
			"faces": {
				"north": {"uv": [0, 0, 0.5, 0.4], "texture": "#0"},
				"east": {"uv": [0, 0, 0.5, 0.4], "texture": "#0"},
				"south": {"uv": [0, 0, 0.5, 0.4], "texture": "#0"},
				"west": {"uv": [0, 0, 0.5, 0.4], "texture": "#0"},
				"up": {"uv": [0, 0, 0.5, 0.5], "texture": "#0"},
				"down": {"uv": [0, 0, 0.5, 0.5], "texture": "#0"}
			}
		},
		{
			"from": [14.5, 1.1, 0],
			"to": [15, 1.5, 0.5],
			"faces": {
				"north": {"uv": [0, 0, 0.5, 0.4], "texture": "#0"},
				"east": {"uv": [0, 0, 0.5, 0.4], "texture": "#0"},
				"south": {"uv": [0, 0, 0.5, 0.4], "texture": "#0"},
				"west": {"uv": [0, 0, 0.5, 0.4], "texture": "#0"},
				"up": {"uv": [0, 0, 0.5, 0.5], "texture": "#0"},
				"down": {"uv": [0, 0, 0.5, 0.5], "texture": "#0"}
			}
		},
		{
			"from": [13.5, 1.1, -1],
			"to": [14, 1.5, -0.5],
			"faces": {
				"north": {"uv": [0, 0, 0.5, 0.4], "texture": "#0"},
				"east": {"uv": [0, 0, 0.5, 0.4], "texture": "#0"},
				"south": {"uv": [0, 0, 0.5, 0.4], "texture": "#0"},
				"west": {"uv": [0, 0, 0.5, 0.4], "texture": "#0"},
				"up": {"uv": [0, 0, 0.5, 0.5], "texture": "#0"},
				"down": {"uv": [0, 0, 0.5, 0.5], "texture": "#0"}
			}
		},
		{
			"from": [1.5, 1.1, -0.5],
			"to": [2, 1.5, 0],
			"faces": {
				"north": {"uv": [0, 0, 0.5, 0.4], "texture": "#0"},
				"east": {"uv": [0, 0, 0.5, 0.4], "texture": "#0"},
				"south": {"uv": [0, 0, 0.5, 0.4], "texture": "#0"},
				"west": {"uv": [0, 0, 0.5, 0.4], "texture": "#0"},
				"up": {"uv": [0, 0, 0.5, 0.5], "texture": "#0"},
				"down": {"uv": [0, 0, 0.5, 0.5], "texture": "#0"}
			}
		},
		{
			"from": [1, 1.1, 0],
			"to": [1.5, 1.5, 0.5],
			"faces": {
				"north": {"uv": [0, 0, 0.5, 0.4], "texture": "#0"},
				"east": {"uv": [0, 0, 0.5, 0.4], "texture": "#0"},
				"south": {"uv": [0, 0, 0.5, 0.4], "texture": "#0"},
				"west": {"uv": [0, 0, 0.5, 0.4], "texture": "#0"},
				"up": {"uv": [0, 0, 0.5, 0.5], "texture": "#0"},
				"down": {"uv": [0, 0, 0.5, 0.5], "texture": "#0"}
			}
		},
		{
			"from": [2, 1.1, -1],
			"to": [2.5, 1.5, -0.5],
			"faces": {
				"north": {"uv": [0, 0, 0.5, 0.4], "texture": "#0"},
				"east": {"uv": [0, 0, 0.5, 0.4], "texture": "#0"},
				"south": {"uv": [0, 0, 0.5, 0.4], "texture": "#0"},
				"west": {"uv": [0, 0, 0.5, 0.4], "texture": "#0"},
				"up": {"uv": [0, 0, 0.5, 0.5], "texture": "#0"},
				"down": {"uv": [0, 0, 0.5, 0.5], "texture": "#0"}
			}
		},
		{
			"from": [14.4, 1.1, 15.5],
			"to": [14.9, 1.5, 16],
			"faces": {
				"north": {"uv": [0, 0, 0.5, 0.4], "texture": "#0"},
				"east": {"uv": [0, 0, 0.5, 0.4], "texture": "#0"},
				"south": {"uv": [0, 0, 0.5, 0.4], "texture": "#0"},
				"west": {"uv": [0, 0, 0.5, 0.4], "texture": "#0"},
				"up": {"uv": [0, 0, 0.5, 0.5], "texture": "#0"},
				"down": {"uv": [0, 0, 0.5, 0.5], "texture": "#0"}
			}
		},
		{
			"from": [14, 1.1, 16],
			"to": [14.5, 1.5, 16.5],
			"faces": {
				"north": {"uv": [0, 0, 0.5, 0.4], "texture": "#0"},
				"east": {"uv": [0, 0, 0.5, 0.4], "texture": "#0"},
				"south": {"uv": [0, 0, 0.5, 0.4], "texture": "#0"},
				"west": {"uv": [0, 0, 0.5, 0.4], "texture": "#0"},
				"up": {"uv": [0, 0, 0.5, 0.5], "texture": "#0"},
				"down": {"uv": [0, 0, 0.5, 0.5], "texture": "#0"}
			}
		},
		{
			"from": [13.5, 1.1, 16.5],
			"to": [14, 1.5, 17],
			"faces": {
				"north": {"uv": [0, 0, 0.5, 0.4], "texture": "#0"},
				"east": {"uv": [0, 0, 0.5, 0.4], "texture": "#0"},
				"south": {"uv": [0, 0, 0.5, 0.4], "texture": "#0"},
				"west": {"uv": [0, 0, 0.5, 0.4], "texture": "#0"},
				"up": {"uv": [0, 0, 0.5, 0.5], "texture": "#0"},
				"down": {"uv": [0, 0, 0.5, 0.5], "texture": "#0"}
			}
		},
		{
			"name": "Napkin",
			"from": [3.4, 0.7, 9],
			"to": [7.5, 0.8, 13.5],
			"rotation": {"angle": -22.5, "axis": "y", "origin": [5, 0.65, 13.35]},
			"faces": {
				"north": {"uv": [3, 6, 14, 11], "texture": "#2"},
				"east": {"uv": [3, 6, 14, 11], "texture": "#2"},
				"south": {"uv": [3, 6, 14, 11], "texture": "#2"},
				"west": {"uv": [3, 6, 14, 11], "texture": "#2"},
				"up": {"uv": [3, 6, 14, 11], "texture": "#2"},
				"down": {"uv": [3, 6, 14, 11], "texture": "#2"}
			}
		},
		{
			"name": "Napkin",
			"from": [5.8, 0.8, 9],
			"to": [7.1, 0.9, 13.5],
			"rotation": {"angle": -22.5, "axis": "y", "origin": [5, 0.65, 13.35]},
			"faces": {
				"north": {"uv": [3, 6, 14, 11], "texture": "#2"},
				"east": {"uv": [3, 6, 14, 11], "texture": "#2"},
				"south": {"uv": [3, 6, 14, 11], "texture": "#2"},
				"west": {"uv": [3, 6, 14, 11], "texture": "#2"},
				"up": {"uv": [3, 6, 14, 11], "texture": "#2"},
				"down": {"uv": [3, 6, 14, 11], "texture": "#2"}
			}
		},
		{
			"name": "Napkin",
			"from": [2.8, 0.6, 9],
			"to": [7.8, 0.7, 13.5],
			"rotation": {"angle": -22.5, "axis": "y", "origin": [5, 0.65, 13.35]},
			"faces": {
				"north": {"uv": [3, 6, 14, 11], "texture": "#2"},
				"east": {"uv": [3, 6, 14, 11], "texture": "#2"},
				"south": {"uv": [3, 6, 14, 11], "texture": "#2"},
				"west": {"uv": [3, 6, 14, 11], "texture": "#2"},
				"up": {"uv": [3, 6, 14, 11], "texture": "#2"},
				"down": {"uv": [3, 6, 14, 11], "texture": "#2"}
			}
		},
		{
			"from": [4, 0.6, 1.4],
			"to": [5, 3.3, 1.9],
			"faces": {
				"north": {"uv": [11, 6, 12, 7], "texture": "#1"},
				"east": {"uv": [11, 6, 12, 7], "texture": "#1"},
				"south": {"uv": [11, 6, 12, 7], "texture": "#1"},
				"west": {"uv": [11, 6, 12, 7], "texture": "#1"},
				"up": {"uv": [11, 6, 12, 7], "texture": "#1"},
				"down": {"uv": [11, 6, 12, 7], "texture": "#1"}
			}
		},
		{
			"from": [4, 0.6, 3.3],
			"to": [5, 3.3, 3.8],
			"faces": {
				"north": {"uv": [11, 6, 12, 7], "texture": "#1"},
				"east": {"uv": [11, 6, 12, 7], "texture": "#1"},
				"south": {"uv": [11, 6, 12, 7], "texture": "#1"},
				"west": {"uv": [11, 6, 12, 7], "texture": "#1"},
				"up": {"uv": [11, 6, 12, 7], "texture": "#1"},
				"down": {"uv": [11, 6, 12, 7], "texture": "#1"}
			}
		},
		{
			"from": [5, 0.6, 3.1],
			"to": [5.5, 3.3, 3.6],
			"faces": {
				"north": {"uv": [11, 6, 12, 7], "texture": "#1"},
				"east": {"uv": [12, 6, 13, 7], "texture": "#7"},
				"south": {"uv": [12, 6, 13, 7], "texture": "#7"},
				"west": {"uv": [11, 6, 12, 7], "texture": "#1"},
				"up": {"uv": [11, 6, 12, 7], "texture": "#1"},
				"down": {"uv": [11, 6, 12, 7], "texture": "#1"}
			}
		},
		{
			"from": [5.3, 0.6, 2.3],
			"to": [5.8, 3.3, 2.8],
			"faces": {
				"north": {"uv": [12, 6, 13, 7], "texture": "#7"},
				"east": {"uv": [12, 6, 13, 7], "texture": "#7"},
				"south": {"uv": [12, 6, 13, 7], "texture": "#7"},
				"west": {"uv": [12, 6, 13, 7], "texture": "#7"},
				"up": {"uv": [12, 6, 13, 7], "texture": "#7"},
				"down": {"uv": [12, 6, 13, 7], "texture": "#7"}
			}
		},
		{
			"from": [5.3, 3.2, 2.7],
			"to": [5.81, 5.2, 3.2],
			"faces": {
				"north": {"uv": [12, 6, 13, 7], "texture": "#7"},
				"east": {"uv": [12, 6, 13, 7], "texture": "#7"},
				"south": {"uv": [12, 6, 13, 7], "texture": "#7"},
				"west": {"uv": [12, 6, 13, 7], "texture": "#7"},
				"up": {"uv": [12, 6, 13, 7], "texture": "#7"},
				"down": {"uv": [12, 6, 13, 7], "texture": "#7"}
			}
		},
		{
			"from": [5.3, 3.2, 2],
			"to": [5.81, 5.2, 2.5],
			"faces": {
				"north": {"uv": [12, 6, 13, 7], "texture": "#7"},
				"east": {"uv": [12, 6, 13, 7], "texture": "#7"},
				"south": {"uv": [12, 6, 13, 7], "texture": "#7"},
				"west": {"uv": [12, 6, 13, 7], "texture": "#7"},
				"up": {"uv": [12, 6, 13, 7], "texture": "#7"},
				"down": {"uv": [12, 6, 13, 7], "texture": "#7"}
			}
		},
		{
			"from": [5.2, 0.6, 2.1],
			"to": [5.7, 3.3, 3.1],
			"faces": {
				"north": {"uv": [11, 6, 12, 7], "texture": "#1"},
				"east": {"uv": [11, 6, 12, 7], "texture": "#1"},
				"south": {"uv": [11, 6, 12, 7], "texture": "#1"},
				"west": {"uv": [11, 6, 12, 7], "texture": "#1"},
				"up": {"uv": [11, 6, 12, 7], "texture": "#1"},
				"down": {"uv": [11, 6, 12, 7], "texture": "#1"}
			}
		},
		{
			"from": [5, 0.6, 1.6],
			"to": [5.5, 3.3, 2.1],
			"faces": {
				"north": {"uv": [12, 6, 13, 7], "texture": "#7"},
				"east": {"uv": [12, 6, 13, 7], "texture": "#7"},
				"south": {"uv": [12, 6, 13, 7], "texture": "#7"},
				"west": {"uv": [12, 6, 13, 7], "texture": "#7"},
				"up": {"uv": [12, 6, 13, 7], "texture": "#7"},
				"down": {"uv": [12, 6, 13, 7], "texture": "#7"}
			}
		},
		{
			"from": [3.3, 0.6, 2.1],
			"to": [3.8, 3.3, 3.1],
			"faces": {
				"north": {"uv": [11, 6, 12, 7], "texture": "#1"},
				"east": {"uv": [11, 6, 12, 7], "texture": "#1"},
				"south": {"uv": [11, 6, 12, 7], "texture": "#1"},
				"west": {"uv": [11, 6, 12, 7], "texture": "#1"},
				"up": {"uv": [11, 6, 12, 7], "texture": "#1"},
				"down": {"uv": [11, 6, 12, 7], "texture": "#1"}
			}
		},
		{
			"from": [3.5, 0.6, 1.6],
			"to": [4, 3.3, 2.1],
			"faces": {
				"north": {"uv": [11, 6, 12, 7], "texture": "#1"},
				"east": {"uv": [11, 6, 12, 7], "texture": "#1"},
				"south": {"uv": [11, 6, 12, 7], "texture": "#1"},
				"west": {"uv": [11, 6, 12, 7], "texture": "#1"},
				"up": {"uv": [11, 6, 12, 7], "texture": "#1"},
				"down": {"uv": [11, 6, 12, 7], "texture": "#1"}
			}
		},
		{
			"from": [3.5, 0.6, 3.1],
			"to": [4, 3.3, 3.6],
			"faces": {
				"north": {"uv": [11, 6, 12, 7], "texture": "#1"},
				"east": {"uv": [11, 6, 12, 7], "texture": "#1"},
				"south": {"uv": [11, 6, 12, 7], "texture": "#1"},
				"west": {"uv": [11, 6, 12, 7], "texture": "#1"},
				"up": {"uv": [11, 6, 12, 7], "texture": "#1"},
				"down": {"uv": [11, 6, 12, 7], "texture": "#1"}
			}
		},
		{
			"from": [3.4, 3.3, 3.1],
			"to": [4, 6, 3.7],
			"faces": {
				"north": {"uv": [11, 6, 12, 7], "texture": "#1"},
				"east": {"uv": [11, 6, 12, 7], "texture": "#1"},
				"south": {"uv": [11, 6, 12, 7], "texture": "#1"},
				"west": {"uv": [11, 6, 12, 7], "texture": "#1"},
				"up": {"uv": [11, 6, 12, 7], "texture": "#1"},
				"down": {"uv": [11, 6, 12, 7], "texture": "#1"}
			}
		},
		{
			"from": [3.4, 3.3, 1.5],
			"to": [4, 6, 2.1],
			"faces": {
				"north": {"uv": [11, 6, 12, 7], "texture": "#1"},
				"east": {"uv": [11, 6, 12, 7], "texture": "#1"},
				"south": {"uv": [11, 6, 12, 7], "texture": "#1"},
				"west": {"uv": [11, 6, 12, 7], "texture": "#1"},
				"up": {"uv": [11, 6, 12, 7], "texture": "#1"},
				"down": {"uv": [11, 6, 12, 7], "texture": "#1"}
			}
		},
		{
			"from": [3, 6, 1.7],
			"to": [3.3, 6.1, 3.5],
			"faces": {
				"north": {"uv": [15, 8, 16, 9], "texture": "#4"},
				"east": {"uv": [15, 8, 16, 9], "texture": "#4"},
				"south": {"uv": [15, 8, 16, 9], "texture": "#4"},
				"west": {"uv": [15, 8, 16, 9], "texture": "#4"},
				"up": {"uv": [15, 8, 16, 9], "texture": "#4"},
				"down": {"uv": [15, 8, 16, 9], "texture": "#4"}
			}
		},
		{
			"from": [3.3, 6, 1.4],
			"to": [5.7, 6.2, 3.8],
			"faces": {
				"north": {"uv": [15, 8, 16, 9], "texture": "#4"},
				"east": {"uv": [15, 8, 16, 9], "texture": "#4"},
				"south": {"uv": [15, 8, 16, 9], "texture": "#4"},
				"west": {"uv": [15, 8, 16, 9], "texture": "#4"},
				"up": {"uv": [15, 8, 16, 9], "texture": "#4"},
				"down": {"uv": [15, 8, 16, 9], "texture": "#4"}
			}
		},
		{
			"from": [3.6, 6, 1.1],
			"to": [5.4, 6.1, 1.4],
			"faces": {
				"north": {"uv": [15, 8, 16, 9], "texture": "#4"},
				"east": {"uv": [15, 8, 16, 9], "texture": "#4"},
				"south": {"uv": [15, 8, 16, 9], "texture": "#4"},
				"west": {"uv": [15, 8, 16, 9], "texture": "#4"},
				"up": {"uv": [15, 8, 16, 9], "texture": "#4"},
				"down": {"uv": [15, 8, 16, 9], "texture": "#4"}
			}
		},
		{
			"from": [5.7, 6, 1.7],
			"to": [6, 6.1, 3.5],
			"faces": {
				"north": {"uv": [15, 8, 16, 9], "texture": "#4"},
				"east": {"uv": [15, 8, 16, 9], "texture": "#4"},
				"south": {"uv": [15, 8, 16, 9], "texture": "#4"},
				"west": {"uv": [15, 8, 16, 9], "texture": "#4"},
				"up": {"uv": [15, 8, 16, 9], "texture": "#4"},
				"down": {"uv": [15, 8, 16, 9], "texture": "#4"}
			}
		},
		{
			"from": [3.6, 6, 3.8],
			"to": [5.4, 6.1, 4.1],
			"faces": {
				"north": {"uv": [15, 8, 16, 9], "texture": "#4"},
				"east": {"uv": [15, 8, 16, 9], "texture": "#4"},
				"south": {"uv": [15, 8, 16, 9], "texture": "#4"},
				"west": {"uv": [15, 8, 16, 9], "texture": "#4"},
				"up": {"uv": [15, 8, 16, 9], "texture": "#4"},
				"down": {"uv": [15, 8, 16, 9], "texture": "#4"}
			}
		},
		{
			"from": [3.2, 3.3, 2.1],
			"to": [3.8, 6, 3.1],
			"faces": {
				"north": {"uv": [11, 6, 12, 7], "texture": "#1"},
				"east": {"uv": [11, 6, 12, 7], "texture": "#1"},
				"south": {"uv": [11, 6, 12, 7], "texture": "#1"},
				"west": {"uv": [11, 6, 12, 7], "texture": "#1"},
				"up": {"uv": [11, 6, 12, 7], "texture": "#1"},
				"down": {"uv": [11, 6, 12, 7], "texture": "#1"}
			}
		},
		{
			"from": [5, 3.3, 1.5],
			"to": [5.6, 6, 2.1],
			"faces": {
				"north": {"uv": [11, 6, 12, 7], "texture": "#1"},
				"east": {"uv": [11, 6, 12, 7], "texture": "#1"},
				"south": {"uv": [11, 6, 12, 7], "texture": "#1"},
				"west": {"uv": [11, 6, 12, 7], "texture": "#1"},
				"up": {"uv": [11, 6, 12, 7], "texture": "#1"},
				"down": {"uv": [11, 6, 12, 7], "texture": "#1"}
			}
		},
		{
			"from": [5.2, 3.3, 2.1],
			"to": [5.8, 6, 3.1],
			"faces": {
				"north": {"uv": [11, 6, 12, 7], "texture": "#1"},
				"east": {"uv": [11, 6, 12, 7], "texture": "#1"},
				"south": {"uv": [11, 6, 12, 7], "texture": "#1"},
				"west": {"uv": [11, 6, 12, 7], "texture": "#1"},
				"up": {"uv": [11, 6, 12, 7], "texture": "#1"},
				"down": {"uv": [11, 6, 12, 7], "texture": "#1"}
			}
		},
		{
			"from": [5, 3.3, 3.1],
			"to": [5.6, 6, 3.7],
			"faces": {
				"north": {"uv": [11, 6, 12, 7], "texture": "#1"},
				"east": {"uv": [11, 6, 12, 7], "texture": "#1"},
				"south": {"uv": [11, 6, 12, 7], "texture": "#1"},
				"west": {"uv": [11, 6, 12, 7], "texture": "#1"},
				"up": {"uv": [11, 6, 12, 7], "texture": "#1"},
				"down": {"uv": [11, 6, 12, 7], "texture": "#1"}
			}
		},
		{
			"from": [3.8, 4.6, 1.9],
			"to": [5.2, 5.7, 3.3],
			"faces": {
				"north": {"uv": [11, 2, 12, 3], "texture": "#2"},
				"east": {"uv": [11, 2, 12, 3], "texture": "#2"},
				"south": {"uv": [11, 2, 12, 3], "texture": "#2"},
				"west": {"uv": [11, 2, 12, 3], "texture": "#2"},
				"up": {"uv": [11, 2, 12, 3], "texture": "#2"},
				"down": {"uv": [11, 2, 12, 3], "texture": "#2"}
			}
		},
		{
			"from": [4, 3.3, 3.3],
			"to": [5, 6, 3.9],
			"faces": {
				"north": {"uv": [11, 6, 12, 7], "texture": "#1"},
				"east": {"uv": [11, 6, 12, 7], "texture": "#1"},
				"south": {"uv": [11, 6, 12, 7], "texture": "#1"},
				"west": {"uv": [11, 6, 12, 7], "texture": "#1"},
				"up": {"uv": [11, 6, 12, 7], "texture": "#1"},
				"down": {"uv": [11, 6, 12, 7], "texture": "#1"}
			}
		},
		{
			"from": [4.4, 3.3, 2.4],
			"to": [4.6, 8, 2.6],
			"faces": {
				"north": {"uv": [10, 6, 12, 7], "texture": "#3"},
				"east": {"uv": [10, 6, 12, 7], "texture": "#3"},
				"south": {"uv": [10, 6, 12, 7], "texture": "#3"},
				"west": {"uv": [10, 6, 12, 7], "texture": "#3"},
				"up": {"uv": [1, 1, 2, 2], "texture": "#2"},
				"down": {"uv": [10, 6, 12, 7], "texture": "#3"}
			}
		},
		{
			"from": [4, 3.3, 1.3],
			"to": [5, 6, 1.9],
			"faces": {
				"north": {"uv": [11, 6, 12, 7], "texture": "#1"},
				"east": {"uv": [11, 6, 12, 7], "texture": "#1"},
				"south": {"uv": [11, 6, 12, 7], "texture": "#1"},
				"west": {"uv": [11, 6, 12, 7], "texture": "#1"},
				"up": {"uv": [11, 6, 12, 7], "texture": "#1"},
				"down": {"uv": [11, 6, 12, 7], "texture": "#1"}
			}
		},
		{
			"from": [10, 0.6, 13],
			"to": [11.1, 1.51, 15],
			"rotation": {"angle": -45, "axis": "y", "origin": [11.55, 0.65, 14.6]},
			"faces": {
				"north": {"uv": [9, 5, 11, 7], "texture": "#1"},
				"east": {"uv": [9, 5, 11, 7], "texture": "#1"},
				"south": {"uv": [9, 5, 11, 7], "texture": "#1"},
				"west": {"uv": [9, 5, 11, 7], "texture": "#1"},
				"up": {"uv": [2, 0, 13, 16], "texture": "#5"},
				"down": {"uv": [9, 5, 11, 7], "texture": "#1"}
			}
		},
		{
			"from": [9.9, 1.4, 12.9],
			"to": [11.2, 1.5, 15.1],
			"rotation": {"angle": -45, "axis": "y", "origin": [11.55, 0.65, 14.6]},
			"faces": {
				"north": {"uv": [9, 5, 11, 7], "texture": "#1"},
				"east": {"uv": [9, 5, 11, 7], "texture": "#1"},
				"south": {"uv": [9, 5, 11, 7], "texture": "#1"},
				"west": {"uv": [9, 5, 11, 7], "texture": "#1"},
				"up": {"uv": [9, 5, 11, 7], "texture": "#1"},
				"down": {"uv": [9, 5, 11, 7], "texture": "#1"}
			}
		},
		{
			"from": [9.9, 1.5, 14.3],
			"to": [11.2, 1.6, 15.1],
			"rotation": {"angle": -45, "axis": "y", "origin": [11.55, 0.65, 14.6]},
			"faces": {
				"north": {"uv": [12, 6, 14, 8], "texture": "#6"},
				"east": {"uv": [9, 5, 11, 7], "texture": "#0"},
				"south": {"uv": [9, 5, 11, 7], "texture": "#0"},
				"west": {"uv": [9, 5, 11, 7], "texture": "#0"},
				"up": {"uv": [9, 5, 11, 7], "texture": "#0"},
				"down": {"uv": [12, 6, 14, 8], "texture": "#6"}
			}
		},
		{
			"from": [9.9, 1.6, 13.9],
			"to": [11.2, 1.7, 14.6],
			"rotation": {"angle": -45, "axis": "y", "origin": [11.55, 0.65, 14.6]},
			"faces": {
				"north": {"uv": [12, 6, 14, 8], "texture": "#6"},
				"east": {"uv": [9, 5, 11, 7], "texture": "#0"},
				"south": {"uv": [9, 5, 11, 7], "texture": "#0"},
				"west": {"uv": [9, 5, 11, 7], "texture": "#0"},
				"up": {"uv": [9, 5, 11, 7], "texture": "#0"},
				"down": {"uv": [12, 6, 14, 8], "texture": "#6"}
			}
		},
		{
			"from": [9.9, 1.7, 13.8],
			"to": [11.2, 1.8, 14.3],
			"rotation": {"angle": -45, "axis": "y", "origin": [11.55, 0.65, 14.6]},
			"faces": {
				"north": {"uv": [12, 6, 14, 8], "texture": "#6"},
				"east": {"uv": [9, 5, 11, 7], "texture": "#0"},
				"south": {"uv": [9, 5, 11, 7], "texture": "#0"},
				"west": {"uv": [9, 5, 11, 7], "texture": "#0"},
				"up": {"uv": [9, 5, 11, 7], "texture": "#0"},
				"down": {"uv": [12, 6, 14, 8], "texture": "#6"}
			}
		},
		{
			"from": [9.9, 1.8, 13.5],
			"to": [11.2, 1.9, 14],
			"rotation": {"angle": -45, "axis": "y", "origin": [11.55, 0.65, 14.6]},
			"faces": {
				"north": {"uv": [12, 6, 14, 8], "texture": "#6"},
				"east": {"uv": [9, 5, 11, 7], "texture": "#0"},
				"south": {"uv": [9, 5, 11, 7], "texture": "#0"},
				"west": {"uv": [9, 5, 11, 7], "texture": "#0"},
				"up": {"uv": [9, 5, 11, 7], "texture": "#0"},
				"down": {"uv": [12, 6, 14, 8], "texture": "#6"}
			}
		},
		{
			"from": [9.9, 1.9, 13.4],
			"to": [11.2, 2, 13.7],
			"rotation": {"angle": -45, "axis": "y", "origin": [11.55, 0.65, 14.6]},
			"faces": {
				"north": {"uv": [12, 6, 14, 8], "texture": "#6"},
				"east": {"uv": [9, 5, 11, 7], "texture": "#0"},
				"south": {"uv": [9, 5, 11, 7], "texture": "#0"},
				"west": {"uv": [9, 5, 11, 7], "texture": "#0"},
				"up": {"uv": [12, 6, 14, 8], "texture": "#6"},
				"down": {"uv": [9, 5, 11, 7], "texture": "#1"}
			}
		},
		{
			"from": [9.9, 2, 13.6],
			"to": [11.2, 2.1, 13.9],
			"rotation": {"angle": -45, "axis": "y", "origin": [11.55, 0.65, 14.6]},
			"faces": {
				"north": {"uv": [12, 6, 14, 8], "texture": "#6"},
				"east": {"uv": [9, 5, 11, 7], "texture": "#0"},
				"south": {"uv": [9, 5, 11, 7], "texture": "#0"},
				"west": {"uv": [9, 5, 11, 7], "texture": "#0"},
				"up": {"uv": [12, 6, 14, 8], "texture": "#6"},
				"down": {"uv": [9, 5, 11, 7], "texture": "#0"}
			}
		}
	],
	"display": {
		"thirdperson_righthand": {
			"rotation": [20, 35, 0],
			"translation": [-0.5, 8, -3],
			"scale": [0.7, 0.7, 0.8]
		},
		"thirdperson_lefthand": {
			"rotation": [20, 35, 0],
			"translation": [-0.5, 8, -3],
			"scale": [0.7, 0.7, 0.8]
		},
		"firstperson_righthand": {
			"rotation": [0, -118, 0],
			"translation": [-3, 7.25, -0.5],
			"scale": [0.7, 0.7, 0.7]
		},
		"firstperson_lefthand": {
			"rotation": [0, -118, 0],
			"translation": [-3, 7.25, -0.5],
			"scale": [0.7, 0.7, 0.7]
		},
		"ground": {
			"translation": [0, 4, 0]
		},
		"head": {
			"rotation": [0, 90, 0],
			"translation": [0, 5.75, 0],
			"scale": [1.5, 1.5, 1.5]
		},
		"fixed": {
			"rotation": [0, 90, -90],
			"translation": [-0.75, 0, -11],
			"scale": [1.5, 1.5, 1.5]
		}
	},
	"groups": [
		{
			"name": "Frys",
			"origin": [0, 0, 0],
			"children": [0, 1, 2, 3, 4, 5, 6, 7, 8, 9, 10, 11, 12, 13, 14, 15, 16, 17, 18, 19, 20, 21, 22, 23, 24, 25, 26, 27, 28, 29, 30, 31, 32, 33, 34, 35, 36, 37, 38, 39, 40, 41, 42, 43, 44, 45, 46, 47, 48, 49, 50, 51, 52, 53, 54, 55, 56, 57, 58, 59, 60, 61, 62, 63, 64, 65, 66, 67, 68, 69, 70, 71, 72]
		},
		{
			"name": "Burger",
			"origin": [0, 0, 0],
			"children": [73, 74, 75, 76, 77, 78, 79, 80, 81, 82, 83, 84, 85, 86, 87, 88, 89, 90, 91, 92, 93, 94, 95, 96]
		},
		{
			"name": "Travi",
			"origin": [0, 0, 0],
			"children": [97, 98, 99, 100, 101, 102, 103, 104]
		},
		{
			"name": "Plate",
			"origin": [0, 0, 0],
			"children": [105, 106, 107, 108, 109, 110, 111, 112, 113, 114, 115, 116, 117, 118, 119, 120, 121, 122, 123, 124, 125, 126, 127, 128, 129, 130, 131, 132, 133, 134, 135, 136, 137, 138, 139, 140]
		},
		{
			"name": "Frys",
			"origin": [5, 0.65, 13.35],
			"children": [141, 142, 143]
		},
		{
			"name": "Cup",
			"origin": [0, 0, 0],
			"children": [144, 145, 146, 147, 148, 149, 150, 151, 152, 153, 154, 155, 156,
				{
					"name": "group",
					"origin": [0, 0, 0],
					"children": [157, 158, 159, 160, 161]
				}, 162, 163, 164, 165, 166, 167, 168, 169]
		},
		{
			"name": "Sause",
			"origin": [0, 0, 0],
			"children": [170, 171, 172, 173, 174, 175, 176, 177]
		}
	]
}