{
	"credit": "Made with Blockbench",
	"textures": {
		"0": "block/green_terracotta",
		"1": "block/lime_terracotta",
		"2": "block/coarse_dirt",
		"3": "block/white_concrete",
		"4": "block/red_mushroom_block",
		"particle": "block/green_terracotta"
	},
	"elements": [
		{
			"from": [4.3, 6, 8.7],
			"to": [11.7, 8, 9],
			"rotation": {"angle": 0, "axis": "y", "origin": [13, 14, 16]},
			"faces": {
				"north": {"uv": [0, 0, 7.4, 2], "texture": "#0"},
				"east": {"uv": [0, 0, 0.3, 2], "texture": "#0"},
				"south": {"uv": [0, 0, 7.4, 2], "texture": "#0"},
				"west": {"uv": [0, 0, 0.3, 2], "texture": "#0"},
				"up": {"uv": [0, 0, 7.4, 0.3], "texture": "#0"},
				"down": {"uv": [0, 0, 7.4, 0.3], "texture": "#0"}
			}
		},
		{
			"from": [5, 0, 9],
			"to": [11, 6, 12.6],
			"rotation": {"angle": 0, "axis": "y", "origin": [13, 8, 17]},
			"faces": {
				"north": {"uv": [0, 0, 6, 6], "texture": "#0"},
				"east": {"uv": [0, 0, 3.6, 6], "texture": "#0"},
				"south": {"uv": [0, 0, 6, 6], "texture": "#0"},
				"west": {"uv": [0, 0, 3.6, 6], "texture": "#0"},
				"up": {"uv": [0, 0, 6, 3.6], "texture": "#0"},
				"down": {"uv": [0, 0, 6, 3.6], "texture": "#0"}
			}
		},
		{
			"from": [3.8, 6, 9],
			"to": [12.2, 8, 12.6],
			"rotation": {"angle": 0, "axis": "y", "origin": [13, 14, 17]},
			"faces": {
				"north": {"uv": [0, 0, 8.4, 2], "texture": "#0"},
				"east": {"uv": [0, 0, 3.6, 2], "texture": "#0"},
				"south": {"uv": [0, 0, 8.4, 2], "texture": "#0"},
				"west": {"uv": [0, 0, 3.6, 2], "texture": "#0"},
				"up": {"uv": [0, 0, 8.4, 3.6], "texture": "#0"},
				"down": {"uv": [0, 0, 8.4, 3.6], "texture": "#0"}
			}
		},
		{
			"from": [4.5, 8, 8.9],
			"to": [11.7, 8.1, 12.4],
			"rotation": {"angle": 0, "axis": "y", "origin": [13, 16, 17]},
			"faces": {
				"north": {"uv": [0, 0, 7.2, 0.1], "texture": "#2"},
				"east": {"uv": [0, 0, 1.1, 0.1], "texture": "#2"},
				"south": {"uv": [0, 0, 7.2, 0.1], "texture": "#2"},
				"west": {"uv": [0, 0, 1.1, 0.1], "texture": "#2"},
				"up": {"uv": [0, 0, 15, 7], "texture": "#2"},
				"down": {"uv": [0, 0, 7.2, 1.1], "texture": "#2"}
			}
		},
		{
			"from": [7.3, 8.1, 10],
			"to": [8.7, 11.1, 11],
			"rotation": {"angle": 0, "axis": "y", "origin": [13.5, 16.1, 18]},
			"faces": {
				"north": {"uv": [0, 0, 1.4, 3], "texture": "#1"},
				"east": {"uv": [0, 0, 1, 3], "texture": "#1"},
				"south": {"uv": [0, 0, 1.4, 3], "texture": "#1"},
				"west": {"uv": [0, 0, 1, 3], "texture": "#1"},
				"up": {"uv": [0, 0, 1.4, 1], "texture": "#1"},
				"down": {"uv": [0, 0, 1.4, 1], "texture": "#1"}
			}
		},
		{
			"from": [6.7, 11.1, 9.7],
			"to": [8.1, 14.1, 10.7],
			"rotation": {"angle": 0, "axis": "y", "origin": [12.9, 19.1, 17.7]},
			"faces": {
				"north": {"uv": [0, 0, 1.4, 3], "texture": "#1"},
				"east": {"uv": [0, 0, 1, 3], "texture": "#1"},
				"south": {"uv": [0, 0, 1.4, 3], "texture": "#1"},
				"west": {"uv": [0, 0, 1, 3], "texture": "#1"},
				"up": {"uv": [0, 0, 1.4, 1], "texture": "#1"},
				"down": {"uv": [0, 0, 1.4, 1], "texture": "#1"}
			}
		},
		{
			"from": [12.58783, 16.98764, 10.1],
			"to": [13.78783, 17.48764, 10.3],
			"rotation": {"angle": -45, "axis": "z", "origin": [5.58783, 23.48764, 18.1]},
			"faces": {
				"north": {"uv": [0, 0, 0.5, 1.2], "rotation": 90, "texture": "#1"},
				"east": {"uv": [0, 0, 0.5, 0.2], "rotation": 270, "texture": "#1"},
				"south": {"uv": [0, 0, 0.5, 1.2], "rotation": 270, "texture": "#1"},
				"west": {"uv": [0, 0, 0.5, 0.2], "rotation": 270, "texture": "#1"},
				"up": {"uv": [0, 0, 0.2, 1.2], "rotation": 270, "texture": "#1"},
				"down": {"uv": [0, 0, 0.2, 1.2], "rotation": 270, "texture": "#1"}
			}
		},
		{
			"from": [11.85, 4.08764, 10.1],
			"to": [12.25, 5.28764, 10.3],
			"rotation": {"angle": -45, "axis": "z", "origin": [18.28783, 12.08764, 18.1]},
			"faces": {
				"north": {"uv": [0, 0, 0.4, 1.2], "texture": "#1"},
				"east": {"uv": [0, 0, 0.2, 1.2], "texture": "#1"},
				"south": {"uv": [0, 0, 0.4, 1.2], "texture": "#1"},
				"west": {"uv": [0, 0, 0.2, 1.2], "texture": "#1"},
				"up": {"uv": [0, 0, 0.4, 0.2], "texture": "#1"},
				"down": {"uv": [0, 0, 0.4, 0.2], "texture": "#1"}
			}
		},
		{
			"from": [3.87645, 4.8939, 10.1],
			"to": [4.22645, 6.3939, 10.29],
			"rotation": {"angle": 45, "axis": "z", "origin": [-3.72355, 12.3939, 18.1]},
			"faces": {
				"north": {"uv": [0, 0, 1.5, 0.35], "rotation": 90, "texture": "#1"},
				"east": {"uv": [0, 0, 1.5, 0.19], "rotation": 270, "texture": "#1"},
				"south": {"uv": [0, 0, 1.5, 0.35], "rotation": 270, "texture": "#1"},
				"west": {"uv": [0, 0, 1.5, 0.19], "rotation": 270, "texture": "#1"},
				"up": {"uv": [0, 0, 0.19, 0.35], "rotation": 270, "texture": "#1"},
				"down": {"uv": [0, 0, 0.19, 0.35], "rotation": 270, "texture": "#1"}
			}
		},
		{
			"from": [15.87645, 13.8939, 10.1],
			"to": [16.32645, 15.9939, 10.29],
			"rotation": {"angle": -45, "axis": "z", "origin": [8.27645, 21.3939, 18.1]},
			"faces": {
				"north": {"uv": [0, 0, 2.1, 0.45], "rotation": 90, "texture": "#1"},
				"east": {"uv": [0, 0, 2.1, 0.19], "rotation": 270, "texture": "#1"},
				"south": {"uv": [0, 0, 2.1, 0.45], "rotation": 270, "texture": "#1"},
				"west": {"uv": [0, 0, 2.1, 0.19], "rotation": 270, "texture": "#1"},
				"up": {"uv": [0, 0, 0.19, 0.45], "rotation": 270, "texture": "#1"},
				"down": {"uv": [0, 0, 0.19, 0.45], "rotation": 270, "texture": "#1"}
			}
		},
		{
			"from": [8.16173, 16.40761, 10.1],
			"to": [9.16173, 16.90761, 10.3],
			"rotation": {"angle": -22.5, "axis": "z", "origin": [1.16173, 22.80761, 17.7]},
			"faces": {
				"north": {"uv": [0, 0, 0.5, 1], "rotation": 90, "texture": "#1"},
				"east": {"uv": [0, 0, 0.5, 0.2], "rotation": 270, "texture": "#1"},
				"south": {"uv": [0, 0, 0.5, 1], "rotation": 270, "texture": "#1"},
				"west": {"uv": [0, 0, 0.5, 0.2], "rotation": 270, "texture": "#1"},
				"up": {"uv": [0, 0, 0.2, 1], "rotation": 270, "texture": "#1"},
				"down": {"uv": [0, 0, 0.2, 1], "rotation": 270, "texture": "#1"}
			}
		},
		{
			"from": [7.18322, 8.19094, 10.1],
			"to": [8.18322, 8.69094, 10.3],
			"rotation": {"angle": 22.5, "axis": "z", "origin": [0.18322, 14.59094, 17.7]},
			"faces": {
				"north": {"uv": [0, 0, 0.5, 1], "rotation": 90, "texture": "#1"},
				"east": {"uv": [0, 0, 0.5, 0.2], "rotation": 270, "texture": "#1"},
				"south": {"uv": [0, 0, 0.5, 1], "rotation": 270, "texture": "#1"},
				"west": {"uv": [0, 0, 0.5, 0.2], "rotation": 270, "texture": "#1"},
				"up": {"uv": [0, 0, 0.2, 1], "rotation": 270, "texture": "#1"},
				"down": {"uv": [0, 0, 0.2, 1], "rotation": 270, "texture": "#1"}
			}
		},
		{
			"from": [-1.63827, 15.70761, 10.1],
			"to": [-1.13827, 16.70761, 10.3],
			"rotation": {"angle": 45, "axis": "z", "origin": [4.76173, 23.70761, 17.7]},
			"faces": {
				"north": {"uv": [0, 0, 0.5, 1], "texture": "#1"},
				"east": {"uv": [0, 0, 0.2, 1], "texture": "#1"},
				"south": {"uv": [0, 0, 0.5, 1], "texture": "#1"},
				"west": {"uv": [0, 0, 0.2, 1], "texture": "#1"},
				"up": {"uv": [0, 0, 0.5, 0.2], "texture": "#1"},
				"down": {"uv": [0, 0, 0.5, 0.2], "texture": "#1"}
			}
		},
		{
			"from": [7.6, 14.1, 9.6],
			"to": [8.7, 17.1, 10.6],
			"rotation": {"angle": 0, "axis": "y", "origin": [13.5, 22.1, 17.6]},
			"faces": {
				"north": {"uv": [0, 0, 1.1, 3], "texture": "#1"},
				"east": {"uv": [0, 0, 1, 3], "texture": "#1"},
				"south": {"uv": [0, 0, 1.1, 3], "texture": "#1"},
				"west": {"uv": [0, 0, 1, 3], "texture": "#1"},
				"up": {"uv": [0, 0, 1.1, 1], "texture": "#1"},
				"down": {"uv": [0, 0, 1.1, 1], "texture": "#1"}
			}
		},
		{
			"from": [1.6, 9.1, 10.1],
			"to": [2.7, 11.1, 10.9],
			"rotation": {"angle": 45, "axis": "z", "origin": [7.5, 17.1, 18]},
			"faces": {
				"north": {"uv": [0, 0, 1.1, 2], "texture": "#1"},
				"east": {"uv": [0, 0, 0.8, 2], "texture": "#1"},
				"south": {"uv": [0, 0, 1.1, 2], "texture": "#1"},
				"west": {"uv": [0, 0, 0.8, 2], "texture": "#1"},
				"up": {"uv": [0, 0, 1.1, 0.8], "texture": "#1"},
				"down": {"uv": [0, 0, 1.1, 0.8], "texture": "#1"}
			}
		},
		{
			"from": [0.3, 12.1, 10.1],
			"to": [1.4, 13.3, 10.7],
			"rotation": {"angle": 45, "axis": "z", "origin": [6.2, 20.1, 18]},
			"faces": {
				"north": {"uv": [0, 0, 1.1, 1.2], "texture": "#1"},
				"east": {"uv": [0, 0, 0.6, 1.2], "texture": "#1"},
				"south": {"uv": [0, 0, 1.1, 1.2], "texture": "#1"},
				"west": {"uv": [0, 0, 0.6, 1.2], "texture": "#1"},
				"up": {"uv": [0, 0, 1.1, 0.6], "texture": "#1"},
				"down": {"uv": [0, 0, 1.1, 0.6], "texture": "#1"}
			}
		},
		{
			"from": [0.35, 15, 9.69],
			"to": [1.73, 16.2, 10.39],
			"rotation": {"angle": 45, "axis": "z", "origin": [6.2, 23, 17.68]},
			"faces": {
				"north": {"uv": [0, 0, 1.38, 1.2], "texture": "#1"},
				"east": {"uv": [0, 0, 0.7, 1.2], "texture": "#1"},
				"south": {"uv": [0, 0, 1.38, 1.2], "texture": "#1"},
				"west": {"uv": [0, 0, 0.7, 1.2], "texture": "#1"},
				"up": {"uv": [0, 0, 1.38, 0.7], "texture": "#1"},
				"down": {"uv": [0, 0, 1.38, 0.7], "texture": "#1"}
			}
		},
		{
			"from": [6, 18, 4],
			"to": [10, 19, 5],
			"rotation": {"angle": 0, "axis": "y", "origin": [14, 26, 12]},
			"faces": {
				"north": {"uv": [0, 0, 4, 1], "texture": "#3"},
				"east": {"uv": [0, 0, 1, 1], "texture": "#3"},
				"south": {"uv": [0, 0, 4, 1], "texture": "#3"},
				"west": {"uv": [0, 0, 1, 1], "texture": "#3"},
				"up": {"uv": [0, 0, 4, 1], "texture": "#3"},
				"down": {"uv": [0, 0, 4, 1], "texture": "#3"}
			}
		},
		{
			"from": [6, 18.3, 3.3],
			"to": [10, 19.3, 4.3],
			"rotation": {"angle": 0, "axis": "y", "origin": [14, 26.3, 11.3]},
			"faces": {
				"north": {"uv": [0, 0, 4, 1], "texture": "#3"},
				"east": {"uv": [0, 0, 1, 1], "texture": "#3"},
				"south": {"uv": [0, 0, 4, 1], "texture": "#3"},
				"west": {"uv": [0, 0, 1, 1], "texture": "#3"},
				"up": {"uv": [0, 0, 4, 1], "texture": "#3"},
				"down": {"uv": [0, 0, 4, 1], "texture": "#3"}
			}
		},
		{
			"from": [6, 18, 4],
			"to": [10, 19, 5],
			"rotation": {"angle": 0, "axis": "y", "origin": [14, 26, 12]},
			"faces": {
				"north": {"uv": [0, 0, 4, 1], "texture": "#3"},
				"east": {"uv": [0, 0, 1, 1], "texture": "#3"},
				"south": {"uv": [0, 0, 4, 1], "texture": "#3"},
				"west": {"uv": [0, 0, 1, 1], "texture": "#3"},
				"up": {"uv": [0, 0, 4, 1], "texture": "#3"},
				"down": {"uv": [0, 0, 4, 1], "texture": "#3"}
			}
		},
		{
			"from": [10, 19, 4.8],
			"to": [11.2, 20.3, 7.7],
			"rotation": {"angle": 0, "axis": "y", "origin": [15, 27, 13]},
			"faces": {
				"north": {"uv": [0, 0, 1.2, 1.3], "texture": "#3"},
				"east": {"uv": [0, 0, 2.9, 1.3], "texture": "#3"},
				"south": {"uv": [0, 0, 1.2, 1.3], "texture": "#3"},
				"west": {"uv": [0, 0, 2.9, 1.3], "texture": "#3"},
				"up": {"uv": [0, 0, 1.2, 2.9], "texture": "#3"},
				"down": {"uv": [0, 0, 1.2, 2.9], "texture": "#3"}
			}
		},
		{
			"from": [4.8, 19, 4.8],
			"to": [6, 20.3, 7.7],
			"rotation": {"angle": 0, "axis": "y", "origin": [9.8, 27, 13]},
			"faces": {
				"north": {"uv": [0, 0, 1.2, 1.3], "texture": "#3"},
				"east": {"uv": [0, 0, 2.9, 1.3], "texture": "#3"},
				"south": {"uv": [0, 0, 1.2, 1.3], "texture": "#3"},
				"west": {"uv": [0, 0, 2.9, 1.3], "texture": "#3"},
				"up": {"uv": [0, 0, 1.2, 2.9], "texture": "#3"},
				"down": {"uv": [0, 0, 1.2, 2.9], "texture": "#3"}
			}
		},
		{
			"from": [11, 20, 6.1],
			"to": [12, 21, 7.5],
			"rotation": {"angle": 0, "axis": "y", "origin": [16, 28, 14.5]},
			"faces": {
				"north": {"uv": [0, 0, 1, 1], "texture": "#3"},
				"east": {"uv": [0, 0, 1.4, 1], "texture": "#3"},
				"south": {"uv": [0, 0, 1, 1], "texture": "#3"},
				"west": {"uv": [0, 0, 1.4, 1], "texture": "#3"},
				"up": {"uv": [0, 0, 1, 1.4], "texture": "#3"},
				"down": {"uv": [0, 0, 1, 1.4], "texture": "#3"}
			}
		},
		{
			"from": [4, 20, 6.1],
			"to": [5, 21.1, 7.5],
			"rotation": {"angle": 0, "axis": "y", "origin": [9, 28, 14.5]},
			"faces": {
				"north": {"uv": [0, 0, 1, 1.1], "texture": "#3"},
				"east": {"uv": [0, 0, 1.4, 1.1], "texture": "#3"},
				"south": {"uv": [0, 0, 1, 1.1], "texture": "#3"},
				"west": {"uv": [0, 0, 1.4, 1.1], "texture": "#3"},
				"up": {"uv": [0, 0, 1, 1.4], "texture": "#3"},
				"down": {"uv": [0, 0, 1, 1.4], "texture": "#3"}
			}
		},
		{
			"from": [11.4, 21, 7.1],
			"to": [12.4, 22.3, 8.5],
			"rotation": {"angle": 0, "axis": "y", "origin": [16.4, 29, 15.5]},
			"faces": {
				"north": {"uv": [0, 0, 1, 1.3], "texture": "#3"},
				"east": {"uv": [0, 0, 1.4, 1.3], "texture": "#3"},
				"south": {"uv": [0, 0, 1, 1.3], "texture": "#3"},
				"west": {"uv": [0, 0, 1.4, 1.3], "texture": "#3"},
				"up": {"uv": [0, 0, 1, 1.4], "texture": "#3"},
				"down": {"uv": [0, 0, 1, 1.4], "texture": "#3"}
			}
		},
		{
			"from": [3.6, 21, 7.1],
			"to": [4.6, 22.3, 8.5],
			"rotation": {"angle": 0, "axis": "y", "origin": [8.6, 29, 15.5]},
			"faces": {
				"north": {"uv": [0, 0, 1, 1.3], "texture": "#3"},
				"east": {"uv": [0, 0, 1.4, 1.3], "texture": "#3"},
				"south": {"uv": [0, 0, 1, 1.3], "texture": "#3"},
				"west": {"uv": [0, 0, 1.4, 1.3], "texture": "#3"},
				"up": {"uv": [0, 0, 1, 1.4], "texture": "#3"},
				"down": {"uv": [0, 0, 1, 1.4], "texture": "#3"}
			}
		},
		{
			"from": [11.4, 25, 6.9],
			"to": [12.4, 27, 8.5],
			"rotation": {"angle": 0, "axis": "y", "origin": [16.4, 33, 15.5]},
			"faces": {
				"north": {"uv": [0, 0, 1, 2], "texture": "#3"},
				"east": {"uv": [0, 0, 1.6, 2], "texture": "#3"},
				"south": {"uv": [0, 0, 1, 2], "texture": "#3"},
				"west": {"uv": [0, 0, 1.6, 2], "texture": "#3"},
				"up": {"uv": [0, 0, 1, 1.6], "texture": "#3"},
				"down": {"uv": [0, 0, 1, 1.6], "texture": "#3"}
			}
		},
		{
			"from": [11.4, 27, 5.5],
			"to": [12.4, 28.2, 7.5],
			"rotation": {"angle": 0, "axis": "y", "origin": [16.4, 35, 14.5]},
			"faces": {
				"north": {"uv": [0, 0, 1, 1.2], "texture": "#3"},
				"east": {"uv": [0, 0, 2, 1.2], "texture": "#3"},
				"south": {"uv": [0, 0, 1, 1.2], "texture": "#3"},
				"west": {"uv": [0, 0, 2, 1.2], "texture": "#3"},
				"up": {"uv": [0, 0, 1, 2], "texture": "#3"},
				"down": {"uv": [0, 0, 1, 2], "texture": "#3"}
			}
		},
		{
			"from": [10.4, 28, 5],
			"to": [11.4, 29, 6.5],
			"rotation": {"angle": 0, "axis": "y", "origin": [15.4, 36, 13.5]},
			"faces": {
				"north": {"uv": [0, 0, 1, 1], "texture": "#3"},
				"east": {"uv": [0, 0, 1.5, 1], "texture": "#3"},
				"south": {"uv": [0, 0, 1, 1], "texture": "#3"},
				"west": {"uv": [0, 0, 1.5, 1], "texture": "#3"},
				"up": {"uv": [0, 0, 1, 1.5], "texture": "#3"},
				"down": {"uv": [0, 0, 1, 1.5], "texture": "#3"}
			}
		},
		{
			"from": [5.6, 28.4, 4.5],
			"to": [10.4, 30.1, 5.5],
			"rotation": {"angle": 0, "axis": "y", "origin": [14.4, 36.4, 12.5]},
			"faces": {
				"north": {"uv": [0, 0, 4.8, 1.7], "texture": "#3"},
				"east": {"uv": [0, 0, 1, 1.7], "texture": "#3"},
				"south": {"uv": [0, 0, 4.8, 1.7], "texture": "#3"},
				"west": {"uv": [0, 0, 1, 1.7], "texture": "#3"},
				"up": {"uv": [0, 0, 4.8, 1], "texture": "#3"},
				"down": {"uv": [0, 0, 4.8, 1], "texture": "#3"}
			}
		},
		{
			"from": [3.6, 27, 5.7],
			"to": [4.6, 28, 7.5],
			"rotation": {"angle": 0, "axis": "y", "origin": [8.6, 35, 14.5]},
			"faces": {
				"north": {"uv": [0, 0, 1, 1], "texture": "#3"},
				"east": {"uv": [0, 0, 1.8, 1], "texture": "#3"},
				"south": {"uv": [0, 0, 1, 1], "texture": "#3"},
				"west": {"uv": [0, 0, 1.8, 1], "texture": "#3"},
				"up": {"uv": [0, 0, 1, 1.8], "texture": "#3"},
				"down": {"uv": [0, 0, 1, 1.8], "texture": "#3"}
			}
		},
		{
			"from": [4.6, 28, 4.9],
			"to": [5.6, 29, 6.5],
			"rotation": {"angle": 0, "axis": "y", "origin": [9.6, 36, 13.5]},
			"faces": {
				"north": {"uv": [0, 0, 1, 1], "texture": "#3"},
				"east": {"uv": [0, 0, 1.6, 1], "texture": "#3"},
				"south": {"uv": [0, 0, 1, 1], "texture": "#3"},
				"west": {"uv": [0, 0, 1.6, 1], "texture": "#3"},
				"up": {"uv": [0, 0, 1, 1.6], "texture": "#3"},
				"down": {"uv": [0, 0, 1, 1.6], "texture": "#3"}
			}
		},
		{
			"from": [3.6, 25, 7],
			"to": [4.6, 27, 8.5],
			"rotation": {"angle": 0, "axis": "y", "origin": [8.6, 33, 15.5]},
			"faces": {
				"north": {"uv": [0, 0, 1, 2], "texture": "#3"},
				"east": {"uv": [0, 0, 1.5, 2], "texture": "#3"},
				"south": {"uv": [0, 0, 1, 2], "texture": "#3"},
				"west": {"uv": [0, 0, 1.5, 2], "texture": "#3"},
				"up": {"uv": [0, 0, 1, 1.5], "texture": "#3"},
				"down": {"uv": [0, 0, 1, 1.5], "texture": "#3"}
			}
		},
		{
			"from": [3.6, 22, 7.9],
			"to": [4.6, 25, 9.5],
			"rotation": {"angle": 0, "axis": "y", "origin": [8.6, 30, 16.5]},
			"faces": {
				"north": {"uv": [0, 0, 1, 3], "texture": "#3"},
				"east": {"uv": [0, 0, 1.6, 3], "texture": "#3"},
				"south": {"uv": [0, 0, 1, 3], "texture": "#3"},
				"west": {"uv": [0, 0, 1.6, 3], "texture": "#3"},
				"up": {"uv": [0, 0, 1, 1.6], "texture": "#3"},
				"down": {"uv": [0, 0, 1, 1.6], "texture": "#3"}
			}
		},
		{
			"from": [11.4, 22, 8.1],
			"to": [12.4, 25, 9.5],
			"rotation": {"angle": 0, "axis": "y", "origin": [16.4, 30, 16.5]},
			"faces": {
				"north": {"uv": [0, 0, 1, 3], "texture": "#3"},
				"east": {"uv": [0, 0, 1.4, 3], "texture": "#3"},
				"south": {"uv": [0, 0, 1, 3], "texture": "#3"},
				"west": {"uv": [0, 0, 1.4, 3], "texture": "#3"},
				"up": {"uv": [0, 0, 1, 1.4], "texture": "#3"},
				"down": {"uv": [0, 0, 1, 1.4], "texture": "#3"}
			}
		},
		{
			"from": [6, 18, 5],
			"to": [10, 19, 6.5],
			"rotation": {"angle": 0, "axis": "y", "origin": [11, 26, 13]},
			"faces": {
				"north": {"uv": [0, 0, 4, 1], "texture": "#3"},
				"east": {"uv": [0, 0, 1.5, 1], "texture": "#3"},
				"south": {"uv": [0, 0, 4, 1], "texture": "#3"},
				"west": {"uv": [0, 0, 1.5, 1], "texture": "#3"},
				"up": {"uv": [0, 0, 4, 1.5], "texture": "#3"},
				"down": {"uv": [0, 0, 4, 1.5], "texture": "#3"}
			}
		},
		{
			"from": [10, 19, 6.5],
			"to": [11, 20, 7.5],
			"rotation": {"angle": 0, "axis": "y", "origin": [12, 27, 14.5]},
			"faces": {
				"north": {"uv": [0, 0, 1, 1], "texture": "#3"},
				"east": {"uv": [0, 0, 1, 1], "texture": "#3"},
				"south": {"uv": [0, 0, 1, 1], "texture": "#3"},
				"west": {"uv": [0, 0, 1, 1], "texture": "#3"},
				"up": {"uv": [0, 0, 1, 1], "texture": "#3"},
				"down": {"uv": [0, 0, 1, 1], "texture": "#3"}
			}
		},
		{
			"from": [5, 19, 6.5],
			"to": [6, 20, 7.5],
			"rotation": {"angle": 0, "axis": "y", "origin": [7, 27, 14.5]},
			"faces": {
				"north": {"uv": [0, 0, 1, 1], "texture": "#3"},
				"east": {"uv": [0, 0, 1, 1], "texture": "#3"},
				"south": {"uv": [0, 0, 1, 1], "texture": "#3"},
				"west": {"uv": [0, 0, 1, 1], "texture": "#3"},
				"up": {"uv": [0, 0, 1, 1], "texture": "#3"},
				"down": {"uv": [0, 0, 1, 1], "texture": "#3"}
			}
		},
		{
			"from": [6, 18, 6.5],
			"to": [10, 19.3, 7.5],
			"rotation": {"angle": 0, "axis": "y", "origin": [8, 26, 14.5]},
			"faces": {
				"north": {"uv": [0, 0, 4, 1.3], "texture": "#3"},
				"east": {"uv": [0, 0, 1, 1.3], "texture": "#3"},
				"south": {"uv": [0, 0, 4, 1.3], "texture": "#3"},
				"west": {"uv": [0, 0, 1, 1.3], "texture": "#3"},
				"up": {"uv": [0, 0, 4, 1], "texture": "#3"},
				"down": {"uv": [0, 0, 4, 1], "texture": "#3"}
			}
		},
		{
			"from": [8.6, 19.3, 7.5],
			"to": [11.4, 20.4, 8.5],
			"rotation": {"angle": 0, "axis": "y", "origin": [8, 27, 15.5]},
			"faces": {
				"north": {"uv": [0, 0, 2.8, 1.1], "texture": "#3"},
				"east": {"uv": [0, 0, 1, 1.1], "texture": "#3"},
				"south": {"uv": [0, 0, 2.8, 1.1], "texture": "#3"},
				"west": {"uv": [0, 0, 1, 1.1], "texture": "#3"},
				"up": {"uv": [0, 0, 2.8, 1], "texture": "#3"},
				"down": {"uv": [0, 0, 2.8, 1], "texture": "#3"}
			}
		},
		{
			"from": [7.2, 18, 7.5],
			"to": [7.3, 20.4, 8.5],
			"rotation": {"angle": 0, "axis": "y", "origin": [5.2, 27, 15.5]},
			"faces": {
				"north": {"uv": [0, 0, 0.1, 2.4], "texture": "#3"},
				"east": {"uv": [0, 0, 1, 2.4], "texture": "#3"},
				"south": {"uv": [0, 0, 0.1, 2.4], "texture": "#3"},
				"west": {"uv": [0, 0, 1, 2.4], "texture": "#3"},
				"up": {"uv": [0, 0, 0.1, 1], "texture": "#3"},
				"down": {"uv": [0, 0, 0.1, 1], "texture": "#3"}
			}
		},
		{
			"from": [7.3, 18, 7.5],
			"to": [8.5, 18.1, 8.5],
			"rotation": {"angle": 0, "axis": "y", "origin": [5.3, 27, 15.5]},
			"faces": {
				"north": {"uv": [0, 0, 1.2, 0.1], "texture": "#3"},
				"east": {"uv": [0, 0, 1, 0.1], "texture": "#3"},
				"south": {"uv": [0, 0, 1.2, 0.1], "texture": "#3"},
				"west": {"uv": [0, 0, 1, 0.1], "texture": "#3"},
				"up": {"uv": [0, 0, 1.2, 1], "texture": "#3"},
				"down": {"uv": [0, 0, 1.2, 1], "texture": "#3"}
			}
		},
		{
			"from": [7.3, 18, 8.5],
			"to": [8.5, 20.4, 8.5],
			"rotation": {"angle": 0, "axis": "y", "origin": [6.4, 27, 15.5]},
			"faces": {
				"north": {"uv": [0, 0, 1.2, 2.4], "texture": "#3"},
				"east": {"uv": [0, 0, 0, 2.4], "texture": "#3"},
				"south": {"uv": [0, 0, 1.2, 2.4], "texture": "#3"},
				"west": {"uv": [0, 0, 0, 2.4], "texture": "#3"},
				"up": {"uv": [0, 0, 1.2, 0], "texture": "#3"},
				"down": {"uv": [0, 0, 1.2, 0], "texture": "#3"}
			}
		},
		{
			"from": [8.5, 18, 7.5],
			"to": [8.6, 20.4, 8.5],
			"rotation": {"angle": 0, "axis": "y", "origin": [6.5, 27, 15.5]},
			"faces": {
				"north": {"uv": [0, 0, 0.1, 2.4], "texture": "#3"},
				"east": {"uv": [0, 0, 1, 2.4], "texture": "#3"},
				"south": {"uv": [0, 0, 0.1, 2.4], "texture": "#3"},
				"west": {"uv": [0, 0, 1, 2.4], "texture": "#3"},
				"up": {"uv": [0, 0, 0.1, 1], "texture": "#3"},
				"down": {"uv": [0, 0, 0.1, 1], "texture": "#3"}
			}
		},
		{
			"from": [4.8, 19.3, 7.5],
			"to": [7.2, 20.4, 8.5],
			"rotation": {"angle": 0, "axis": "y", "origin": [4.3, 27, 15.5]},
			"faces": {
				"north": {"uv": [0, 0, 2.4, 1.1], "texture": "#3"},
				"east": {"uv": [0, 0, 1, 1.1], "texture": "#3"},
				"south": {"uv": [0, 0, 2.4, 1.1], "texture": "#3"},
				"west": {"uv": [0, 0, 1, 1.1], "texture": "#3"},
				"up": {"uv": [0, 0, 2.4, 1], "texture": "#3"},
				"down": {"uv": [0, 0, 2.4, 1], "texture": "#3"}
			}
		},
		{
			"from": [4.6, 20.4, 8],
			"to": [11.4, 21, 9.5],
			"rotation": {"angle": 0, "axis": "y", "origin": [8, 27.6, 16]},
			"faces": {
				"north": {"uv": [0, 0, 6.8, 0.6], "texture": "#3"},
				"east": {"uv": [0, 0, 1.5, 0.6], "texture": "#3"},
				"south": {"uv": [0, 0, 6.8, 0.6], "texture": "#3"},
				"west": {"uv": [0, 0, 1.5, 0.6], "texture": "#3"},
				"up": {"uv": [0, 0, 6.8, 1.5], "texture": "#3"},
				"down": {"uv": [0, 0, 6.8, 1.5], "texture": "#3"}
			}
		},
		{
			"from": [4.6, 21, 8.5],
			"to": [11.4, 22, 9.5],
			"rotation": {"angle": 0, "axis": "y", "origin": [8, 28.2, 16.5]},
			"faces": {
				"north": {"uv": [0, 0, 6.8, 1], "texture": "#3"},
				"east": {"uv": [0, 0, 1, 1], "texture": "#3"},
				"south": {"uv": [0, 0, 6.8, 1], "texture": "#3"},
				"west": {"uv": [0, 0, 1, 1], "texture": "#3"},
				"up": {"uv": [0, 0, 6.8, 1], "texture": "#3"},
				"down": {"uv": [0, 0, 6.8, 1], "texture": "#3"}
			}
		},
		{
			"from": [4.6, 22, 9.1],
			"to": [11.4, 23, 10.1],
			"rotation": {"angle": 0, "axis": "y", "origin": [8, 29.2, 17.1]},
			"faces": {
				"north": {"uv": [0, 0, 6.8, 1], "texture": "#3"},
				"east": {"uv": [0, 0, 1, 1], "texture": "#3"},
				"south": {"uv": [0, 0, 6.8, 1], "texture": "#3"},
				"west": {"uv": [0, 0, 1, 1], "texture": "#3"},
				"up": {"uv": [0, 0, 6.8, 1], "texture": "#3"},
				"down": {"uv": [0, 0, 6.8, 1], "texture": "#3"}
			}
		},
		{
			"from": [4.6, 24.3, 9.1],
			"to": [11.4, 25.3, 10.1],
			"rotation": {"angle": 0, "axis": "y", "origin": [8, 31.5, 17.1]},
			"faces": {
				"north": {"uv": [0, 0, 6.8, 1], "texture": "#3"},
				"east": {"uv": [0, 0, 1, 1], "texture": "#3"},
				"south": {"uv": [0, 0, 6.8, 1], "texture": "#3"},
				"west": {"uv": [0, 0, 1, 1], "texture": "#3"},
				"up": {"uv": [0, 0, 6.8, 1], "texture": "#3"},
				"down": {"uv": [0, 0, 6.8, 1], "texture": "#3"}
			}
		},
		{
			"from": [4.6, 25, 8.5],
			"to": [11.4, 27, 9.5],
			"rotation": {"angle": 0, "axis": "y", "origin": [8, 32.2, 16.5]},
			"faces": {
				"north": {"uv": [0, 0, 6.8, 2], "texture": "#3"},
				"east": {"uv": [0, 0, 1, 2], "texture": "#3"},
				"south": {"uv": [0, 0, 6.8, 2], "texture": "#3"},
				"west": {"uv": [0, 0, 1, 2], "texture": "#3"},
				"up": {"uv": [0, 0, 6.8, 1], "texture": "#3"},
				"down": {"uv": [0, 0, 6.8, 1], "texture": "#3"}
			}
		},
		{
			"from": [10.1, 25.7, 8.1],
			"to": [11.4, 27, 8.5],
			"rotation": {"angle": 0, "axis": "y", "origin": [8, 32.2, 16.1]},
			"faces": {
				"north": {"uv": [0, 0, 1.3, 1.3], "texture": "#3"},
				"east": {"uv": [0, 0, 0.4, 1.3], "texture": "#3"},
				"south": {"uv": [0, 0, 1.3, 1.3], "texture": "#3"},
				"west": {"uv": [0, 0, 0.4, 1.3], "texture": "#3"},
				"up": {"uv": [0, 0, 1.3, 0.4], "texture": "#3"},
				"down": {"uv": [0, 0, 1.3, 0.4], "texture": "#3"}
			}
		},
		{
			"from": [4.6, 25.7, 8.1],
			"to": [5.9, 27, 8.5],
			"rotation": {"angle": 0, "axis": "y", "origin": [2.5, 32.2, 16.1]},
			"faces": {
				"north": {"uv": [0, 0, 1.3, 1.3], "texture": "#3"},
				"east": {"uv": [0, 0, 0.4, 1.3], "texture": "#3"},
				"south": {"uv": [0, 0, 1.3, 1.3], "texture": "#3"},
				"west": {"uv": [0, 0, 0.4, 1.3], "texture": "#3"},
				"up": {"uv": [0, 0, 1.3, 0.4], "texture": "#3"},
				"down": {"uv": [0, 0, 1.3, 0.4], "texture": "#3"}
			}
		},
		{
			"from": [4.6, 27, 7.5],
			"to": [11.4, 28, 8.5],
			"rotation": {"angle": 0, "axis": "y", "origin": [8, 34.2, 15.5]},
			"faces": {
				"north": {"uv": [0, 0, 6.8, 1], "texture": "#3"},
				"east": {"uv": [0, 0, 1, 1], "texture": "#3"},
				"south": {"uv": [0, 0, 6.8, 1], "texture": "#3"},
				"west": {"uv": [0, 0, 1, 1], "texture": "#3"},
				"up": {"uv": [0, 0, 6.8, 1], "texture": "#3"},
				"down": {"uv": [0, 0, 6.8, 1], "texture": "#3"}
			}
		},
		{
			"from": [4.6, 28, 6.5],
			"to": [11.4, 29, 7.5],
			"rotation": {"angle": 0, "axis": "y", "origin": [8, 35.2, 14.5]},
			"faces": {
				"north": {"uv": [0, 0, 6.8, 1], "texture": "#3"},
				"east": {"uv": [0, 0, 1, 1], "texture": "#3"},
				"south": {"uv": [0, 0, 6.8, 1], "texture": "#3"},
				"west": {"uv": [0, 0, 1, 1], "texture": "#3"},
				"up": {"uv": [0, 0, 6.8, 1], "texture": "#3"},
				"down": {"uv": [0, 0, 6.8, 1], "texture": "#3"}
			}
		},
		{
			"from": [5.6, 28.3, 5.6],
			"to": [10.4, 29.3, 6.6],
			"rotation": {"angle": 0, "axis": "y", "origin": [8, 36.2, 13.6]},
			"faces": {
				"north": {"uv": [0, 0, 4.8, 1], "texture": "#3"},
				"east": {"uv": [0, 0, 1, 1], "texture": "#3"},
				"south": {"uv": [0, 0, 4.8, 1], "texture": "#3"},
				"west": {"uv": [0, 0, 1, 1], "texture": "#3"},
				"up": {"uv": [0, 0, 4.8, 1], "texture": "#3"},
				"down": {"uv": [0, 0, 4.8, 1], "texture": "#3"}
			}
		},
		{
			"from": [4.6, 23, 9.4],
			"to": [11.4, 24.3, 10.4],
			"rotation": {"angle": 0, "axis": "y", "origin": [8, 30.2, 17.4]},
			"faces": {
				"north": {"uv": [0, 0, 6.8, 1.3], "texture": "#3"},
				"east": {"uv": [0, 0, 1, 1.3], "texture": "#3"},
				"south": {"uv": [0, 0, 6.8, 1.3], "texture": "#3"},
				"west": {"uv": [0, 0, 1, 1.3], "texture": "#3"},
				"up": {"uv": [0, 0, 6.8, 1], "texture": "#3"},
				"down": {"uv": [0, 0, 6.8, 1], "texture": "#3"}
			}
		},
		{
			"from": [4.6, 20.4, 7.5],
			"to": [5.3, 21, 8],
			"rotation": {"angle": 0, "axis": "y", "origin": [1.9, 27.6, 16]},
			"faces": {
				"north": {"uv": [0, 0, 0.7, 0.6], "texture": "#3"},
				"east": {"uv": [0, 0, 0.5, 0.6], "texture": "#3"},
				"south": {"uv": [0, 0, 0.7, 0.6], "texture": "#3"},
				"west": {"uv": [0, 0, 0.5, 0.6], "texture": "#3"},
				"up": {"uv": [0, 0, 0.7, 0.5], "texture": "#3"},
				"down": {"uv": [0, 0, 0.7, 0.5], "texture": "#3"}
			}
		},
		{
			"from": [10.7, 20.4, 7.5],
			"to": [11.4, 21, 8],
			"rotation": {"angle": 0, "axis": "y", "origin": [8, 27.6, 16]},
			"faces": {
				"north": {"uv": [0, 0, 0.7, 0.6], "texture": "#3"},
				"east": {"uv": [0, 0, 0.5, 0.6], "texture": "#3"},
				"south": {"uv": [0, 0, 0.7, 0.6], "texture": "#3"},
				"west": {"uv": [0, 0, 0.5, 0.6], "texture": "#3"},
				"up": {"uv": [0, 0, 0.7, 0.5], "texture": "#3"},
				"down": {"uv": [0, 0, 0.7, 0.5], "texture": "#3"}
			}
		},
		{
			"from": [5.7, 18, 3],
			"to": [10.3, 19, 4],
			"rotation": {"angle": 0, "axis": "y", "origin": [18.4, 26, 11]},
			"faces": {
				"north": {"uv": [0, 0, 4.6, 1], "texture": "#4"},
				"east": {"uv": [0, 0, 1, 1], "texture": "#4"},
				"south": {"uv": [0, 0, 4.6, 1], "texture": "#4"},
				"west": {"uv": [0, 0, 1, 1], "texture": "#4"},
				"up": {"uv": [0, 0, 4.6, 1], "texture": "#4"},
				"down": {"uv": [0, 0, 4.6, 1], "texture": "#4"}
			}
		},
		{
			"from": [5.7, 17, 3.5],
			"to": [10.3, 18, 5],
			"rotation": {"angle": 0, "axis": "y", "origin": [18.4, 25, 11.5]},
			"faces": {
				"north": {"uv": [0, 0, 4.6, 1], "texture": "#4"},
				"east": {"uv": [0, 0, 1.5, 1], "texture": "#4"},
				"south": {"uv": [0, 0, 4.6, 1], "texture": "#4"},
				"west": {"uv": [0, 0, 1.5, 1], "texture": "#4"},
				"up": {"uv": [0, 0, 4.6, 1.5], "texture": "#4"},
				"down": {"uv": [0, 0, 4.6, 1.5], "texture": "#4"}
			}
		},
		{
			"from": [10.3, 17.3, 5],
			"to": [11, 18.3, 8.8],
			"rotation": {"angle": 0, "axis": "y", "origin": [23, 25.3, 13]},
			"faces": {
				"north": {"uv": [0, 0, 0.7, 1], "texture": "#4"},
				"east": {"uv": [0, 0, 3.8, 1], "texture": "#4"},
				"south": {"uv": [0, 0, 0.7, 1], "texture": "#4"},
				"west": {"uv": [0, 0, 3.8, 1], "texture": "#4"},
				"up": {"uv": [0, 0, 0.7, 3.8], "texture": "#4"},
				"down": {"uv": [0, 0, 0.7, 3.8], "texture": "#4"}
			}
		},
		{
			"from": [5.3, 17.3, 5],
			"to": [6, 18.3, 8.8],
			"rotation": {"angle": 0, "axis": "y", "origin": [18, 25.3, 13]},
			"faces": {
				"north": {"uv": [0, 0, 0.7, 1], "texture": "#4"},
				"east": {"uv": [0, 0, 3.8, 1], "texture": "#4"},
				"south": {"uv": [0, 0, 0.7, 1], "texture": "#4"},
				"west": {"uv": [0, 0, 3.8, 1], "texture": "#4"},
				"up": {"uv": [0, 0, 0.7, 3.8], "texture": "#4"},
				"down": {"uv": [0, 0, 0.7, 3.8], "texture": "#4"}
			}
		},
		{
			"from": [10.3, 17.3, 8.8],
			"to": [11, 18.3, 10],
			"rotation": {"angle": 0, "axis": "y", "origin": [23, 25.3, 16.8]},
			"faces": {
				"north": {"uv": [0, 0, 0.7, 1], "texture": "#4"},
				"east": {"uv": [0, 0, 1.2, 1], "texture": "#4"},
				"south": {"uv": [0, 0, 0.7, 1], "texture": "#4"},
				"west": {"uv": [0, 0, 1.2, 1], "texture": "#4"},
				"up": {"uv": [0, 0, 0.7, 1.2], "texture": "#4"},
				"down": {"uv": [0, 0, 0.7, 1.2], "texture": "#4"}
			}
		},
		{
			"from": [5.3, 17.3, 8.8],
			"to": [6, 18.3, 10],
			"rotation": {"angle": 0, "axis": "y", "origin": [18, 25.3, 16.8]},
			"faces": {
				"north": {"uv": [0, 0, 0.7, 1], "texture": "#4"},
				"east": {"uv": [0, 0, 1.2, 1], "texture": "#4"},
				"south": {"uv": [0, 0, 0.7, 1], "texture": "#4"},
				"west": {"uv": [0, 0, 1.2, 1], "texture": "#4"},
				"up": {"uv": [0, 0, 0.7, 1.2], "texture": "#4"},
				"down": {"uv": [0, 0, 0.7, 1.2], "texture": "#4"}
			}
		},
		{
			"from": [11, 18.1, 8.8],
			"to": [11.7, 19.1, 10],
			"rotation": {"angle": 0, "axis": "y", "origin": [23.7, 26.1, 16.8]},
			"faces": {
				"north": {"uv": [0, 0, 0.7, 1], "texture": "#4"},
				"east": {"uv": [0, 0, 1.2, 1], "texture": "#4"},
				"south": {"uv": [0, 0, 0.7, 1], "texture": "#4"},
				"west": {"uv": [0, 0, 1.2, 1], "texture": "#4"},
				"up": {"uv": [0, 0, 0.7, 1.2], "texture": "#4"},
				"down": {"uv": [0, 0, 0.7, 1.2], "texture": "#4"}
			}
		},
		{
			"from": [4.4, 18.1, 8.8],
			"to": [5.1, 19.1, 10],
			"rotation": {"angle": 0, "axis": "y", "origin": [17.1, 26.1, 16.8]},
			"faces": {
				"north": {"uv": [0, 0, 0.7, 1], "texture": "#4"},
				"east": {"uv": [0, 0, 1.2, 1], "texture": "#4"},
				"south": {"uv": [0, 0, 0.7, 1], "texture": "#4"},
				"west": {"uv": [0, 0, 1.2, 1], "texture": "#4"},
				"up": {"uv": [0, 0, 0.7, 1.2], "texture": "#4"},
				"down": {"uv": [0, 0, 0.7, 1.2], "texture": "#4"}
			}
		},
		{
			"from": [10.3, 18.1, 9.8],
			"to": [11, 19.1, 11],
			"rotation": {"angle": 0, "axis": "y", "origin": [23, 26.1, 17.8]},
			"faces": {
				"north": {"uv": [0, 0, 0.7, 1], "texture": "#4"},
				"east": {"uv": [0, 0, 1.2, 1], "texture": "#4"},
				"south": {"uv": [0, 0, 0.7, 1], "texture": "#4"},
				"west": {"uv": [0, 0, 1.2, 1], "texture": "#4"},
				"up": {"uv": [0, 0, 0.7, 1.2], "texture": "#4"},
				"down": {"uv": [0, 0, 0.7, 1.2], "texture": "#4"}
			}
		},
		{
			"from": [5.3, 18.1, 9.8],
			"to": [6, 19.1, 11],
			"rotation": {"angle": 0, "axis": "y", "origin": [18, 26.1, 17.8]},
			"faces": {
				"north": {"uv": [0, 0, 0.7, 1], "texture": "#4"},
				"east": {"uv": [0, 0, 1.2, 1], "texture": "#4"},
				"south": {"uv": [0, 0, 0.7, 1], "texture": "#4"},
				"west": {"uv": [0, 0, 1.2, 1], "texture": "#4"},
				"up": {"uv": [0, 0, 0.7, 1.2], "texture": "#4"},
				"down": {"uv": [0, 0, 0.7, 1.2], "texture": "#4"}
			}
		},
		{
			"from": [10.3, 19.1, 10.2],
			"to": [11, 20.1, 11.4],
			"rotation": {"angle": 0, "axis": "y", "origin": [23, 27.1, 18.2]},
			"faces": {
				"north": {"uv": [0, 0, 0.7, 1], "texture": "#4"},
				"east": {"uv": [0, 0, 1.2, 1], "texture": "#4"},
				"south": {"uv": [0, 0, 0.7, 1], "texture": "#4"},
				"west": {"uv": [0, 0, 1.2, 1], "texture": "#4"},
				"up": {"uv": [0, 0, 0.7, 1.2], "texture": "#4"},
				"down": {"uv": [0, 0, 0.7, 1.2], "texture": "#4"}
			}
		},
		{
			"from": [5.3, 19.1, 10.2],
			"to": [6, 20.1, 11.4],
			"rotation": {"angle": 0, "axis": "y", "origin": [18, 27.1, 18.2]},
			"faces": {
				"north": {"uv": [0, 0, 0.7, 1], "texture": "#4"},
				"east": {"uv": [0, 0, 1.2, 1], "texture": "#4"},
				"south": {"uv": [0, 0, 0.7, 1], "texture": "#4"},
				"west": {"uv": [0, 0, 1.2, 1], "texture": "#4"},
				"up": {"uv": [0, 0, 0.7, 1.2], "texture": "#4"},
				"down": {"uv": [0, 0, 0.7, 1.2], "texture": "#4"}
			}
		},
		{
			"from": [11, 18.6, 10],
			"to": [11.7, 20.1, 10.6],
			"rotation": {"angle": 0, "axis": "y", "origin": [23.7, 27.1, 18]},
			"faces": {
				"north": {"uv": [0, 0, 0.7, 1.5], "texture": "#4"},
				"east": {"uv": [0, 0, 0.6, 1.5], "texture": "#4"},
				"south": {"uv": [0, 0, 0.7, 1.5], "texture": "#4"},
				"west": {"uv": [0, 0, 0.6, 1.5], "texture": "#4"},
				"up": {"uv": [0, 0, 0.7, 0.6], "texture": "#4"},
				"down": {"uv": [0, 0, 0.7, 0.6], "texture": "#4"}
			}
		},
		{
			"from": [4.4, 18.6, 10],
			"to": [5.1, 20.1, 10.6],
			"rotation": {"angle": 0, "axis": "y", "origin": [17.1, 27.1, 18]},
			"faces": {
				"north": {"uv": [0, 0, 0.7, 1.5], "texture": "#4"},
				"east": {"uv": [0, 0, 0.6, 1.5], "texture": "#4"},
				"south": {"uv": [0, 0, 0.7, 1.5], "texture": "#4"},
				"west": {"uv": [0, 0, 0.6, 1.5], "texture": "#4"},
				"up": {"uv": [0, 0, 0.7, 0.6], "texture": "#4"},
				"down": {"uv": [0, 0, 0.7, 0.6], "texture": "#4"}
			}
		},
		{
			"from": [10.3, 20, 11.1],
			"to": [11, 25.3, 12.3],
			"rotation": {"angle": 0, "axis": "y", "origin": [23, 28, 19.1]},
			"faces": {
				"north": {"uv": [0, 0, 0.7, 5.3], "texture": "#4"},
				"east": {"uv": [0, 0, 1.2, 5.3], "texture": "#4"},
				"south": {"uv": [0, 0, 0.7, 5.3], "texture": "#4"},
				"west": {"uv": [0, 0, 1.2, 5.3], "texture": "#4"},
				"up": {"uv": [0, 0, 0.7, 1.2], "texture": "#4"},
				"down": {"uv": [0, 0, 0.7, 1.2], "texture": "#4"}
			}
		},
		{
			"from": [5.3, 20, 11.1],
			"to": [6, 25.3, 12.3],
			"rotation": {"angle": 0, "axis": "y", "origin": [18, 28, 19.1]},
			"faces": {
				"north": {"uv": [0, 0, 0.7, 5.3], "texture": "#4"},
				"east": {"uv": [0, 0, 1.2, 5.3], "texture": "#4"},
				"south": {"uv": [0, 0, 0.7, 5.3], "texture": "#4"},
				"west": {"uv": [0, 0, 1.2, 5.3], "texture": "#4"},
				"up": {"uv": [0, 0, 0.7, 1.2], "texture": "#4"},
				"down": {"uv": [0, 0, 0.7, 1.2], "texture": "#4"}
			}
		},
		{
			"from": [10.3, 25.2, 10.5],
			"to": [11, 27.4, 11.7],
			"rotation": {"angle": 0, "axis": "y", "origin": [23, 33.2, 18.5]},
			"faces": {
				"north": {"uv": [0, 0, 0.7, 2.2], "texture": "#4"},
				"east": {"uv": [0, 0, 1.2, 2.2], "texture": "#4"},
				"south": {"uv": [0, 0, 0.7, 2.2], "texture": "#4"},
				"west": {"uv": [0, 0, 1.2, 2.2], "texture": "#4"},
				"up": {"uv": [0, 0, 0.7, 1.2], "texture": "#4"},
				"down": {"uv": [0, 0, 0.7, 1.2], "texture": "#4"}
			}
		},
		{
			"from": [5.3, 25.2, 10.5],
			"to": [6, 27.4, 11.7],
			"rotation": {"angle": 0, "axis": "y", "origin": [18, 33.2, 18.5]},
			"faces": {
				"north": {"uv": [0, 0, 0.7, 2.2], "texture": "#4"},
				"east": {"uv": [0, 0, 1.2, 2.2], "texture": "#4"},
				"south": {"uv": [0, 0, 0.7, 2.2], "texture": "#4"},
				"west": {"uv": [0, 0, 1.2, 2.2], "texture": "#4"},
				"up": {"uv": [0, 0, 0.7, 1.2], "texture": "#4"},
				"down": {"uv": [0, 0, 0.7, 1.2], "texture": "#4"}
			}
		},
		{
			"from": [10.3, 27.4, 9.6],
			"to": [11, 28.9, 10.8],
			"rotation": {"angle": 0, "axis": "y", "origin": [23, 35.4, 17.6]},
			"faces": {
				"north": {"uv": [0, 0, 0.7, 1.5], "texture": "#4"},
				"east": {"uv": [0, 0, 1.2, 1.5], "texture": "#4"},
				"south": {"uv": [0, 0, 0.7, 1.5], "texture": "#4"},
				"west": {"uv": [0, 0, 1.2, 1.5], "texture": "#4"},
				"up": {"uv": [0, 0, 0.7, 1.2], "texture": "#4"},
				"down": {"uv": [0, 0, 0.7, 1.2], "texture": "#4"}
			}
		},
		{
			"from": [5.3, 27.4, 9.6],
			"to": [6, 28.9, 10.8],
			"rotation": {"angle": 0, "axis": "y", "origin": [18, 35.4, 17.6]},
			"faces": {
				"north": {"uv": [0, 0, 0.7, 1.5], "texture": "#4"},
				"east": {"uv": [0, 0, 1.2, 1.5], "texture": "#4"},
				"south": {"uv": [0, 0, 0.7, 1.5], "texture": "#4"},
				"west": {"uv": [0, 0, 1.2, 1.5], "texture": "#4"},
				"up": {"uv": [0, 0, 0.7, 1.2], "texture": "#4"},
				"down": {"uv": [0, 0, 0.7, 1.2], "texture": "#4"}
			}
		},
		{
			"from": [10.3, 28.5, 5.2],
			"to": [11, 29.7, 9.6],
			"rotation": {"angle": 0, "axis": "y", "origin": [23, 36.5, 16.4]},
			"faces": {
				"north": {"uv": [0, 0, 0.7, 1.2], "texture": "#4"},
				"east": {"uv": [0, 0, 4.4, 1.2], "texture": "#4"},
				"south": {"uv": [0, 0, 0.7, 1.2], "texture": "#4"},
				"west": {"uv": [0, 0, 4.4, 1.2], "texture": "#4"},
				"up": {"uv": [0, 0, 0.7, 4.4], "texture": "#4"},
				"down": {"uv": [0, 0, 0.7, 4.4], "texture": "#4"}
			}
		},
		{
			"from": [5.3, 28.5, 5.2],
			"to": [6, 29.7, 9.6],
			"rotation": {"angle": 0, "axis": "y", "origin": [18, 36.5, 16.4]},
			"faces": {
				"north": {"uv": [0, 0, 0.7, 1.2], "texture": "#4"},
				"east": {"uv": [0, 0, 4.4, 1.2], "texture": "#4"},
				"south": {"uv": [0, 0, 0.7, 1.2], "texture": "#4"},
				"west": {"uv": [0, 0, 4.4, 1.2], "texture": "#4"},
				"up": {"uv": [0, 0, 0.7, 4.4], "texture": "#4"},
				"down": {"uv": [0, 0, 0.7, 4.4], "texture": "#4"}
			}
		},
		{
			"from": [11, 18.1, 5],
			"to": [11.7, 19.1, 8.8],
			"rotation": {"angle": 0, "axis": "y", "origin": [23.7, 26.1, 13]},
			"faces": {
				"north": {"uv": [0, 0, 0.7, 1], "texture": "#4"},
				"east": {"uv": [2, 3, 6, 4], "texture": "#4"},
				"south": {"uv": [0, 0, 0.7, 1], "texture": "#4"},
				"west": {"uv": [0, 0, 3.8, 1], "texture": "#4"},
				"up": {"uv": [0, 0, 0.7, 3.8], "texture": "#4"},
				"down": {"uv": [4, 2, 5, 6], "texture": "#4"}
			}
		},
		{
			"from": [4.4, 18.1, 5],
			"to": [5.1, 19.1, 8.8],
			"rotation": {"angle": 0, "axis": "y", "origin": [17.1, 26.1, 13]},
			"faces": {
				"north": {"uv": [0, 0, 0.7, 1], "texture": "#4"},
				"east": {"uv": [0, 0, 3.8, 1], "texture": "#4"},
				"south": {"uv": [0, 0, 0.7, 1], "texture": "#4"},
				"west": {"uv": [0, 0, 3.8, 1], "texture": "#4"},
				"up": {"uv": [0, 0, 0.7, 3.8], "texture": "#4"},
				"down": {"uv": [0, 0, 0.7, 3.8], "texture": "#4"}
			}
		},
		{
			"from": [10, 18, 3.8],
			"to": [11, 19, 5.1],
			"rotation": {"angle": 0, "axis": "y", "origin": [22.7, 26, 9.3]},
			"faces": {
				"north": {"uv": [0, 0, 1, 1], "texture": "#4"},
				"east": {"uv": [0, 0, 1.3, 1], "texture": "#4"},
				"south": {"uv": [0, 0, 1, 1], "texture": "#4"},
				"west": {"uv": [0, 0, 1.3, 1], "texture": "#4"},
				"up": {"uv": [0, 0, 1, 1.3], "texture": "#4"},
				"down": {"uv": [0, 0, 1, 1.3], "texture": "#4"}
			}
		},
		{
			"from": [5, 18, 3.8],
			"to": [6, 19, 5.1],
			"rotation": {"angle": 0, "axis": "y", "origin": [17.7, 26, 9.3]},
			"faces": {
				"north": {"uv": [0, 0, 1, 1], "texture": "#4"},
				"east": {"uv": [0, 0, 1.3, 1], "texture": "#4"},
				"south": {"uv": [0, 0, 1, 1], "texture": "#4"},
				"west": {"uv": [0, 0, 1.3, 1], "texture": "#4"},
				"up": {"uv": [0, 0, 1, 1.3], "texture": "#4"},
				"down": {"uv": [0, 0, 1, 1.3], "texture": "#4"}
			}
		},
		{
			"from": [10, 17.6, 4.2],
			"to": [11, 18, 5],
			"rotation": {"angle": 0, "axis": "y", "origin": [22.7, 25, 9.3]},
			"faces": {
				"north": {"uv": [0, 0, 1, 0.4], "texture": "#4"},
				"east": {"uv": [0, 0, 0.8, 0.4], "texture": "#4"},
				"south": {"uv": [0, 0, 1, 0.4], "texture": "#4"},
				"west": {"uv": [0, 0, 0.8, 0.4], "texture": "#4"},
				"up": {"uv": [0, 0, 1, 0.8], "texture": "#4"},
				"down": {"uv": [0, 0, 1, 0.8], "texture": "#4"}
			}
		},
		{
			"from": [5, 17.6, 4.2],
			"to": [6, 18, 5],
			"rotation": {"angle": 0, "axis": "y", "origin": [17.7, 25, 9.3]},
			"faces": {
				"north": {"uv": [0, 0, 1, 0.4], "texture": "#4"},
				"east": {"uv": [0, 0, 0.8, 0.4], "texture": "#4"},
				"south": {"uv": [0, 0, 1, 0.4], "texture": "#4"},
				"west": {"uv": [0, 0, 0.8, 0.4], "texture": "#4"},
				"up": {"uv": [0, 0, 1, 0.8], "texture": "#4"},
				"down": {"uv": [0, 0, 1, 0.8], "texture": "#4"}
			}
		},
		{
			"from": [10.9, 19.1, 5],
			"to": [12.1, 20.1, 10],
			"rotation": {"angle": 0, "axis": "y", "origin": [24.1, 27.1, 13]},
			"faces": {
				"north": {"uv": [0, 0, 1.2, 1], "texture": "#4"},
				"east": {"uv": [0, 0, 5, 1], "texture": "#4"},
				"south": {"uv": [0, 0, 1.2, 1], "texture": "#4"},
				"west": {"uv": [0, 0, 5, 1], "texture": "#4"},
				"up": {"uv": [0, 0, 1.2, 5], "texture": "#4"},
				"down": {"uv": [0, 0, 1.2, 5], "texture": "#4"}
			}
		},
		{
			"from": [3.6, 19.1, 5],
			"to": [4.8, 20.1, 10],
			"rotation": {"angle": 0, "axis": "y", "origin": [16.8, 27.1, 13]},
			"faces": {
				"north": {"uv": [0, 0, 1.2, 1], "texture": "#4"},
				"east": {"uv": [0, 0, 5, 1], "texture": "#4"},
				"south": {"uv": [0, 0, 1.2, 1], "texture": "#4"},
				"west": {"uv": [1, 4, 6, 5], "texture": "#4"},
				"up": {"uv": [0, 0, 1.2, 5], "texture": "#4"},
				"down": {"uv": [12, 6, 13, 11], "texture": "#4"}
			}
		},
		{
			"from": [11.9, 20, 5],
			"to": [12.6, 21, 10],
			"rotation": {"angle": 0, "axis": "y", "origin": [24.6, 28, 13]},
			"faces": {
				"north": {"uv": [0, 0, 0.7, 1], "texture": "#4"},
				"east": {"uv": [0, 0, 5, 1], "texture": "#4"},
				"south": {"uv": [0, 0, 0.7, 1], "texture": "#4"},
				"west": {"uv": [0, 0, 5, 1], "texture": "#4"},
				"up": {"uv": [0, 0, 0.7, 5], "texture": "#4"},
				"down": {"uv": [0, 0, 0.7, 5], "texture": "#4"}
			}
		},
		{
			"from": [3.6, 20, 5],
			"to": [4.3, 21, 10],
			"rotation": {"angle": 0, "axis": "y", "origin": [16.3, 28, 13]},
			"faces": {
				"north": {"uv": [0, 0, 0.7, 1], "texture": "#4"},
				"east": {"uv": [0, 0, 5, 1], "texture": "#4"},
				"south": {"uv": [0, 0, 0.7, 1], "texture": "#4"},
				"west": {"uv": [1, 4, 6, 5], "texture": "#4"},
				"up": {"uv": [0, 0, 0.7, 5], "texture": "#4"},
				"down": {"uv": [0, 0, 0.7, 5], "texture": "#4"}
			}
		},
		{
			"from": [12.2, 21, 5.5],
			"to": [12.9, 22.3, 9.2],
			"rotation": {"angle": 0, "axis": "y", "origin": [24.9, 29, 13]},
			"faces": {
				"north": {"uv": [0, 0, 0.7, 1.3], "texture": "#4"},
				"east": {"uv": [0, 0, 3.7, 1.3], "texture": "#4"},
				"south": {"uv": [0, 0, 0.7, 1.3], "texture": "#4"},
				"west": {"uv": [0, 0, 3.7, 1.3], "texture": "#4"},
				"up": {"uv": [0, 0, 0.7, 3.7], "texture": "#4"},
				"down": {"uv": [0, 0, 0.7, 3.7], "texture": "#4"}
			}
		},
		{
			"from": [3.1, 21, 5.9],
			"to": [3.8, 22.3, 9.6],
			"rotation": {"angle": 0, "axis": "y", "origin": [15.8, 29, 13.4]},
			"faces": {
				"north": {"uv": [0, 0, 0.7, 1.3], "texture": "#4"},
				"east": {"uv": [0, 0, 3.7, 1.3], "texture": "#4"},
				"south": {"uv": [0, 0, 0.7, 1.3], "texture": "#4"},
				"west": {"uv": [0, 0, 3.7, 1.3], "texture": "#4"},
				"up": {"uv": [0, 0, 0.7, 3.7], "texture": "#4"},
				"down": {"uv": [0, 0, 0.7, 3.7], "texture": "#4"}
			}
		},
		{
			"from": [12.2, 26.4, 7],
			"to": [12.9, 27.5, 9.2],
			"rotation": {"angle": 0, "axis": "y", "origin": [24.9, 33, 12.7]},
			"faces": {
				"north": {"uv": [3, 3, 4, 4], "texture": "#4"},
				"east": {"uv": [3, 4, 5, 5], "texture": "#4"},
				"south": {"uv": [4, 3, 5, 4], "texture": "#4"},
				"west": {"uv": [0, 0, 2.2, 1.1], "texture": "#4"},
				"up": {"uv": [4, 3, 5, 5], "texture": "#4"},
				"down": {"uv": [0, 0, 0.7, 2.2], "texture": "#4"}
			}
		},
		{
			"from": [3.1, 26.4, 7.3],
			"to": [3.8, 27.5, 9.6],
			"rotation": {"angle": 0, "axis": "y", "origin": [15.8, 33, 13.1]},
			"faces": {
				"north": {"uv": [0, 0, 0.7, 1.1], "texture": "#4"},
				"east": {"uv": [0, 0, 2.3, 1.1], "texture": "#4"},
				"south": {"uv": [0, 0, 0.7, 1.1], "texture": "#4"},
				"west": {"uv": [0, 0, 2.3, 1.1], "texture": "#4"},
				"up": {"uv": [0, 0, 0.7, 2.3], "texture": "#4"},
				"down": {"uv": [0, 0, 0.7, 2.3], "texture": "#4"}
			}
		},
		{
			"from": [12.2, 25.3, 7.4],
			"to": [12.9, 26.4, 9.5],
			"rotation": {"angle": 0, "axis": "y", "origin": [24.9, 31.9, 13.2]},
			"faces": {
				"north": {"uv": [0, 0, 0.7, 1.1], "texture": "#4"},
				"east": {"uv": [0, 0, 2.1, 1.1], "texture": "#4"},
				"south": {"uv": [0, 0, 0.7, 1.1], "texture": "#4"},
				"west": {"uv": [0, 0, 2.1, 1.1], "texture": "#4"},
				"up": {"uv": [0, 0, 0.7, 2.1], "texture": "#4"},
				"down": {"uv": [0, 0, 0.7, 2.1], "texture": "#4"}
			}
		},
		{
			"from": [3.1, 25.3, 7.8],
			"to": [3.8, 26.4, 9.9],
			"rotation": {"angle": 0, "axis": "y", "origin": [15.8, 31.9, 13.6]},
			"faces": {
				"north": {"uv": [0, 0, 0.7, 1.1], "texture": "#4"},
				"east": {"uv": [0, 0, 2.1, 1.1], "texture": "#4"},
				"south": {"uv": [0, 0, 0.7, 1.1], "texture": "#4"},
				"west": {"uv": [0, 0, 2.1, 1.1], "texture": "#4"},
				"up": {"uv": [0, 0, 0.7, 2.1], "texture": "#4"},
				"down": {"uv": [0, 0, 0.7, 2.1], "texture": "#4"}
			}
		},
		{
			"from": [12.2, 24.2, 8.4],
			"to": [12.9, 25.3, 9.7],
			"rotation": {"angle": 0, "axis": "y", "origin": [24.9, 30.8, 13.4]},
			"faces": {
				"north": {"uv": [0, 0, 0.7, 1.1], "texture": "#4"},
				"east": {"uv": [0, 0, 1.3, 1.1], "texture": "#4"},
				"south": {"uv": [0, 0, 0.7, 1.1], "texture": "#4"},
				"west": {"uv": [0, 0, 1.3, 1.1], "texture": "#4"},
				"up": {"uv": [0, 0, 0.7, 1.3], "texture": "#4"},
				"down": {"uv": [0, 0, 0.7, 1.3], "texture": "#4"}
			}
		},
		{
			"from": [3.1, 24.2, 8.8],
			"to": [3.8, 25.3, 10.1],
			"rotation": {"angle": 0, "axis": "y", "origin": [15.8, 30.8, 13.8]},
			"faces": {
				"north": {"uv": [0, 0, 0.7, 1.1], "texture": "#4"},
				"east": {"uv": [0, 0, 1.3, 1.1], "texture": "#4"},
				"south": {"uv": [0, 0, 0.7, 1.1], "texture": "#4"},
				"west": {"uv": [0, 0, 1.3, 1.1], "texture": "#4"},
				"up": {"uv": [0, 0, 0.7, 1.3], "texture": "#4"},
				"down": {"uv": [0, 0, 0.7, 1.3], "texture": "#4"}
			}
		},
		{
			"from": [12.2, 23.1, 8.2],
			"to": [12.9, 24.2, 9.5],
			"rotation": {"angle": 0, "axis": "y", "origin": [24.9, 29.7, 13.1]},
			"faces": {
				"north": {"uv": [0, 0, 0.7, 1.1], "texture": "#4"},
				"east": {"uv": [0, 0, 1.3, 1.1], "texture": "#4"},
				"south": {"uv": [0, 0, 0.7, 1.1], "texture": "#4"},
				"west": {"uv": [0, 0, 1.3, 1.1], "texture": "#4"},
				"up": {"uv": [0, 0, 0.7, 1.3], "texture": "#4"},
				"down": {"uv": [0, 0, 0.7, 1.3], "texture": "#4"}
			}
		},
		{
			"from": [3.1, 23.1, 8.6],
			"to": [3.8, 24.2, 9.9],
			"rotation": {"angle": 0, "axis": "y", "origin": [15.8, 29.7, 13.5]},
			"faces": {
				"north": {"uv": [0, 0, 0.7, 1.1], "texture": "#4"},
				"east": {"uv": [0, 0, 1.3, 1.1], "texture": "#4"},
				"south": {"uv": [0, 0, 0.7, 1.1], "texture": "#4"},
				"west": {"uv": [0, 0, 1.3, 1.1], "texture": "#4"},
				"up": {"uv": [0, 0, 0.7, 1.3], "texture": "#4"},
				"down": {"uv": [0, 0, 0.7, 1.3], "texture": "#4"}
			}
		},
		{
			"from": [12.2, 22.3, 7],
			"to": [12.9, 23.2, 8.2],
			"rotation": {"angle": 0, "axis": "y", "origin": [24.9, 28.9, 11.9]},
			"faces": {
				"north": {"uv": [0, 0, 0.7, 0.9], "texture": "#4"},
				"east": {"uv": [0, 0, 1.2, 0.9], "texture": "#4"},
				"south": {"uv": [0, 0, 0.7, 0.9], "texture": "#4"},
				"west": {"uv": [0, 0, 1.2, 0.9], "texture": "#4"},
				"up": {"uv": [0, 0, 0.7, 1.2], "texture": "#4"},
				"down": {"uv": [0, 0, 0.7, 1.2], "texture": "#4"}
			}
		},
		{
			"from": [3.1, 22.3, 7.4],
			"to": [3.8, 23.2, 8.6],
			"rotation": {"angle": 0, "axis": "y", "origin": [15.8, 28.9, 12.3]},
			"faces": {
				"north": {"uv": [0, 0, 0.7, 0.9], "texture": "#4"},
				"east": {"uv": [0, 0, 1.2, 0.9], "texture": "#4"},
				"south": {"uv": [0, 0, 0.7, 0.9], "texture": "#4"},
				"west": {"uv": [0, 0, 1.2, 0.9], "texture": "#4"},
				"up": {"uv": [0, 0, 0.7, 1.2], "texture": "#4"},
				"down": {"uv": [0, 0, 0.7, 1.2], "texture": "#4"}
			}
		},
		{
			"from": [12.2, 22.3, 8.2],
			"to": [12.9, 23.1, 9.4],
			"rotation": {"angle": 0, "axis": "y", "origin": [24.9, 28.9, 13.1]},
			"faces": {
				"north": {"uv": [0, 0, 0.7, 0.8], "texture": "#4"},
				"east": {"uv": [0, 0, 1.2, 0.8], "texture": "#4"},
				"south": {"uv": [0, 0, 0.7, 0.8], "texture": "#4"},
				"west": {"uv": [0, 0, 1.2, 0.8], "texture": "#4"},
				"up": {"uv": [0, 0, 0.7, 1.2], "texture": "#4"},
				"down": {"uv": [0, 0, 0.7, 1.2], "texture": "#4"}
			}
		},
		{
			"from": [3.1, 22.3, 8.6],
			"to": [3.8, 23.1, 9.8],
			"rotation": {"angle": 0, "axis": "y", "origin": [15.8, 28.9, 13.5]},
			"faces": {
				"north": {"uv": [0, 0, 0.7, 0.8], "texture": "#4"},
				"east": {"uv": [0, 0, 1.2, 0.8], "texture": "#4"},
				"south": {"uv": [0, 0, 0.7, 0.8], "texture": "#4"},
				"west": {"uv": [0, 0, 1.2, 0.8], "texture": "#4"},
				"up": {"uv": [0, 0, 0.7, 1.2], "texture": "#4"},
				"down": {"uv": [0, 0, 0.7, 1.2], "texture": "#4"}
			}
		},
		{
			"from": [12.2, 27.4, 5.9],
			"to": [12.9, 28.4, 8.5],
			"rotation": {"angle": 0, "axis": "y", "origin": [24.9, 35.1, 11.8]},
			"faces": {
				"north": {"uv": [0, 0, 0.7, 1], "texture": "#4"},
				"east": {"uv": [0, 0, 2.6, 1], "texture": "#4"},
				"south": {"uv": [0, 0, 0.7, 1], "texture": "#4"},
				"west": {"uv": [0, 0, 2.6, 1], "texture": "#4"},
				"up": {"uv": [0, 0, 0.7, 2.6], "texture": "#4"},
				"down": {"uv": [0, 0, 0.7, 2.6], "texture": "#4"}
			}
		},
		{
			"from": [3.1, 27.4, 6.3],
			"to": [3.8, 28.4, 8.9],
			"rotation": {"angle": 0, "axis": "y", "origin": [15.8, 35.1, 12.2]},
			"faces": {
				"north": {"uv": [0, 0, 0.7, 1], "texture": "#4"},
				"east": {"uv": [0, 0, 2.6, 1], "texture": "#4"},
				"south": {"uv": [0, 0, 0.7, 1], "texture": "#4"},
				"west": {"uv": [0, 0, 2.6, 1], "texture": "#4"},
				"up": {"uv": [0, 0, 0.7, 2.6], "texture": "#4"},
				"down": {"uv": [0, 0, 0.7, 2.6], "texture": "#4"}
			}
		},
		{
			"from": [12.2, 28.3, 5.5],
			"to": [12.9, 28.8, 7.6],
			"rotation": {"angle": 0, "axis": "y", "origin": [24.9, 36.3, 10.9]},
			"faces": {
				"north": {"uv": [0, 0, 0.7, 0.5], "texture": "#4"},
				"east": {"uv": [0, 0, 2.1, 0.5], "texture": "#4"},
				"south": {"uv": [0, 0, 0.7, 0.5], "texture": "#4"},
				"west": {"uv": [0, 0, 2.1, 0.5], "texture": "#4"},
				"up": {"uv": [0, 0, 0.7, 2.1], "texture": "#4"},
				"down": {"uv": [0, 0, 0.7, 2.1], "texture": "#4"}
			}
		},
		{
			"from": [3.1, 28.3, 5.9],
			"to": [3.8, 28.8, 8],
			"rotation": {"angle": 0, "axis": "y", "origin": [15.8, 36.3, 11.3]},
			"faces": {
				"north": {"uv": [0, 0, 0.7, 0.5], "texture": "#4"},
				"east": {"uv": [0, 0, 2.1, 0.5], "texture": "#4"},
				"south": {"uv": [0, 0, 0.7, 0.5], "texture": "#4"},
				"west": {"uv": [0, 0, 2.1, 0.5], "texture": "#4"},
				"up": {"uv": [0, 0, 0.7, 2.1], "texture": "#4"},
				"down": {"uv": [0, 0, 0.7, 2.1], "texture": "#4"}
			}
		},
		{
			"from": [11.9, 21, 9.2],
			"to": [12.6, 26, 10],
			"rotation": {"angle": 0, "axis": "y", "origin": [24.6, 29, 13]},
			"faces": {
				"north": {"uv": [0, 0, 0.7, 5], "texture": "#4"},
				"east": {"uv": [4, 0, 5, 5], "texture": "#4"},
				"south": {"uv": [4, 0, 5, 5], "texture": "#4"},
				"west": {"uv": [0, 0, 0.8, 5], "texture": "#4"},
				"up": {"uv": [0, 0, 0.7, 0.8], "texture": "#4"},
				"down": {"uv": [4, 3, 5, 4], "texture": "#4"}
			}
		},
		{
			"from": [3.7, 21, 9.2],
			"to": [4.4, 26, 10],
			"rotation": {"angle": 0, "axis": "y", "origin": [16.4, 29, 13]},
			"faces": {
				"north": {"uv": [0, 0, 0.7, 5], "texture": "#4"},
				"east": {"uv": [0, 0, 0.8, 5], "texture": "#4"},
				"south": {"uv": [0, 0, 0.7, 5], "texture": "#4"},
				"west": {"uv": [0, 0, 0.8, 5], "texture": "#4"},
				"up": {"uv": [0, 0, 0.7, 0.8], "texture": "#4"},
				"down": {"uv": [0, 0, 0.7, 0.8], "texture": "#4"}
			}
		},
		{
			"from": [11.9, 26.7, 7.6],
			"to": [12.6, 28.4, 8.4],
			"rotation": {"angle": 0, "axis": "y", "origin": [24.6, 33, 11.4]},
			"faces": {
				"north": {"uv": [0, 0, 0.7, 1.7], "texture": "#4"},
				"east": {"uv": [0, 0, 0.8, 1.7], "texture": "#4"},
				"south": {"uv": [0, 0, 0.7, 1.7], "texture": "#4"},
				"west": {"uv": [0, 0, 0.8, 1.7], "texture": "#4"},
				"up": {"uv": [0, 0, 0.7, 0.8], "texture": "#4"},
				"down": {"uv": [0, 0, 0.7, 0.8], "texture": "#4"}
			}
		},
		{
			"from": [3.7, 26.7, 7.6],
			"to": [4.4, 28.4, 8.4],
			"rotation": {"angle": 0, "axis": "y", "origin": [16.4, 33, 11.4]},
			"faces": {
				"north": {"uv": [0, 0, 0.7, 1.7], "texture": "#4"},
				"east": {"uv": [0, 0, 0.8, 1.7], "texture": "#4"},
				"south": {"uv": [0, 0, 0.7, 1.7], "texture": "#4"},
				"west": {"uv": [0, 0, 0.8, 1.7], "texture": "#4"},
				"up": {"uv": [0, 0, 0.7, 0.8], "texture": "#4"},
				"down": {"uv": [0, 0, 0.7, 0.8], "texture": "#4"}
			}
		},
		{
			"from": [11.9, 27.6, 6.8],
			"to": [12.6, 28.5, 7.6],
			"rotation": {"angle": 0, "axis": "y", "origin": [24.6, 33.9, 10.6]},
			"faces": {
				"north": {"uv": [0, 0, 0.7, 0.9], "texture": "#4"},
				"east": {"uv": [0, 0, 0.8, 0.9], "texture": "#4"},
				"south": {"uv": [0, 0, 0.7, 0.9], "texture": "#4"},
				"west": {"uv": [0, 0, 0.8, 0.9], "texture": "#4"},
				"up": {"uv": [0, 0, 0.7, 0.8], "texture": "#4"},
				"down": {"uv": [0, 0, 0.7, 0.8], "texture": "#4"}
			}
		},
		{
			"from": [3.7, 27.6, 6.8],
			"to": [4.4, 28.5, 7.6],
			"rotation": {"angle": 0, "axis": "y", "origin": [16.4, 33.9, 10.6]},
			"faces": {
				"north": {"uv": [0, 0, 0.7, 0.9], "texture": "#4"},
				"east": {"uv": [0, 0, 0.8, 0.9], "texture": "#4"},
				"south": {"uv": [0, 0, 0.7, 0.9], "texture": "#4"},
				"west": {"uv": [0, 0, 0.8, 0.9], "texture": "#4"},
				"up": {"uv": [0, 0, 0.7, 0.8], "texture": "#4"},
				"down": {"uv": [0, 0, 0.7, 0.8], "texture": "#4"}
			}
		},
		{
			"from": [11.9, 25.7, 8.4],
			"to": [12.6, 29, 9.2],
			"rotation": {"angle": 0, "axis": "y", "origin": [24.6, 32, 12.2]},
			"faces": {
				"north": {"uv": [0, 0, 0.7, 3.3], "texture": "#4"},
				"east": {"uv": [0, 0, 0.8, 3.3], "texture": "#4"},
				"south": {"uv": [0, 0, 0.7, 3.3], "texture": "#4"},
				"west": {"uv": [0, 0, 0.8, 3.3], "texture": "#4"},
				"up": {"uv": [0, 0, 0.7, 0.8], "texture": "#4"},
				"down": {"uv": [0, 0, 0.7, 0.8], "texture": "#4"}
			}
		},
		{
			"from": [3.7, 25.7, 8.4],
			"to": [4.4, 29, 9.2],
			"rotation": {"angle": 0, "axis": "y", "origin": [16.4, 32, 12.2]},
			"faces": {
				"north": {"uv": [0, 0, 0.7, 3.3], "texture": "#4"},
				"east": {"uv": [0, 0, 0.8, 3.3], "texture": "#4"},
				"south": {"uv": [0, 0, 0.7, 3.3], "texture": "#4"},
				"west": {"uv": [0, 0, 0.8, 3.3], "texture": "#4"},
				"up": {"uv": [0, 0, 0.7, 0.8], "texture": "#4"},
				"down": {"uv": [0, 0, 0.7, 0.8], "texture": "#4"}
			}
		},
		{
			"from": [11.9, 28.4, 7.6],
			"to": [12.6, 29.2, 8.4],
			"rotation": {"angle": 0, "axis": "y", "origin": [24.6, 32.2, 11.4]},
			"faces": {
				"north": {"uv": [0, 0, 0.7, 0.8], "texture": "#4"},
				"east": {"uv": [0, 0, 0.8, 0.8], "texture": "#4"},
				"south": {"uv": [0, 0, 0.7, 0.8], "texture": "#4"},
				"west": {"uv": [0, 0, 0.8, 0.8], "texture": "#4"},
				"up": {"uv": [0, 0, 0.7, 0.8], "texture": "#4"},
				"down": {"uv": [0, 0, 0.7, 0.8], "texture": "#4"}
			}
		},
		{
			"from": [3.7, 28.4, 7.6],
			"to": [4.4, 29.2, 8.4],
			"rotation": {"angle": 0, "axis": "y", "origin": [16.4, 32.2, 11.4]},
			"faces": {
				"north": {"uv": [0, 0, 0.7, 0.8], "texture": "#4"},
				"east": {"uv": [0, 0, 0.8, 0.8], "texture": "#4"},
				"south": {"uv": [0, 0, 0.7, 0.8], "texture": "#4"},
				"west": {"uv": [0, 0, 0.8, 0.8], "texture": "#4"},
				"up": {"uv": [0, 0, 0.7, 0.8], "texture": "#4"},
				"down": {"uv": [0, 0, 0.7, 0.8], "texture": "#4"}
			}
		},
		{
			"from": [11.9, 28.7, 5.4],
			"to": [12.6, 29.2, 7.6],
			"rotation": {"angle": 0, "axis": "y", "origin": [24.6, 32.5, 10.6]},
			"faces": {
				"north": {"uv": [0, 0, 0.7, 0.5], "texture": "#4"},
				"east": {"uv": [0, 0, 2.2, 0.5], "texture": "#4"},
				"south": {"uv": [0, 0, 0.7, 0.5], "texture": "#4"},
				"west": {"uv": [0, 0, 2.2, 0.5], "texture": "#4"},
				"up": {"uv": [0, 0, 0.7, 2.2], "texture": "#4"},
				"down": {"uv": [0, 0, 0.7, 2.2], "texture": "#4"}
			}
		},
		{
			"from": [3.7, 28.7, 5.4],
			"to": [4.4, 29.2, 7.6],
			"rotation": {"angle": 0, "axis": "y", "origin": [16.4, 32.5, 10.6]},
			"faces": {
				"north": {"uv": [0, 0, 0.7, 0.5], "texture": "#4"},
				"east": {"uv": [0, 0, 2.2, 0.5], "texture": "#4"},
				"south": {"uv": [0, 0, 0.7, 0.5], "texture": "#4"},
				"west": {"uv": [0, 0, 2.2, 0.5], "texture": "#4"},
				"up": {"uv": [0, 0, 0.7, 2.2], "texture": "#4"},
				"down": {"uv": [0, 0, 0.7, 2.2], "texture": "#4"}
			}
		},
		{
			"from": [11.9, 26, 9.2],
			"to": [12.6, 28.2, 9.7],
			"rotation": {"angle": 0, "axis": "y", "origin": [24.6, 32, 12.7]},
			"faces": {
				"north": {"uv": [0, 0, 0.7, 2.2], "texture": "#4"},
				"east": {"uv": [0, 0, 0.5, 2.2], "texture": "#4"},
				"south": {"uv": [0, 0, 0.7, 2.2], "texture": "#4"},
				"west": {"uv": [0, 0, 0.5, 2.2], "texture": "#4"},
				"up": {"uv": [0, 0, 0.7, 0.5], "texture": "#4"},
				"down": {"uv": [0, 0, 0.7, 0.5], "texture": "#4"}
			}
		},
		{
			"from": [3.7, 26, 9.2],
			"to": [4.4, 28.2, 9.7],
			"rotation": {"angle": 0, "axis": "y", "origin": [16.4, 32, 12.7]},
			"faces": {
				"north": {"uv": [0, 0, 0.7, 2.2], "texture": "#4"},
				"east": {"uv": [0, 0, 0.5, 2.2], "texture": "#4"},
				"south": {"uv": [0, 0, 0.7, 2.2], "texture": "#4"},
				"west": {"uv": [0, 0, 0.5, 2.2], "texture": "#4"},
				"up": {"uv": [0, 0, 0.7, 0.5], "texture": "#4"},
				"down": {"uv": [0, 0, 0.7, 0.5], "texture": "#4"}
			}
		},
		{
			"from": [11, 20, 9.8],
			"to": [11.9, 25.8, 11.4],
			"rotation": {"angle": 0, "axis": "y", "origin": [23.7, 28, 15.3]},
			"faces": {
				"north": {"uv": [0, 0, 0.9, 5.8], "texture": "#4"},
				"east": {"uv": [0, 0, 1.6, 5.8], "texture": "#4"},
				"south": {"uv": [0, 0, 0.9, 5.8], "texture": "#4"},
				"west": {"uv": [0, 0, 1.6, 5.8], "texture": "#4"},
				"up": {"uv": [0, 0, 0.9, 1.6], "texture": "#4"},
				"down": {"uv": [0, 0, 0.9, 1.6], "texture": "#4"}
			}
		},
		{
			"from": [4.4, 20, 9.8],
			"to": [5.3, 25.8, 11.4],
			"rotation": {"angle": 0, "axis": "y", "origin": [17.1, 28, 15.3]},
			"faces": {
				"north": {"uv": [0, 0, 0.9, 5.8], "texture": "#4"},
				"east": {"uv": [0, 0, 1.6, 5.8], "texture": "#4"},
				"south": {"uv": [0, 0, 0.9, 5.8], "texture": "#4"},
				"west": {"uv": [0, 0, 1.6, 5.8], "texture": "#4"},
				"up": {"uv": [0, 0, 0.9, 1.6], "texture": "#4"},
				"down": {"uv": [0, 0, 0.9, 1.6], "texture": "#4"}
			}
		},
		{
			"from": [11, 25.7, 9],
			"to": [11.9, 28.6, 10.6],
			"rotation": {"angle": 0, "axis": "y", "origin": [23.7, 33.7, 14.5]},
			"faces": {
				"north": {"uv": [0, 0, 0.9, 2.9], "texture": "#4"},
				"east": {"uv": [0, 0, 1.6, 2.9], "texture": "#4"},
				"south": {"uv": [0, 0, 0.9, 2.9], "texture": "#4"},
				"west": {"uv": [0, 0, 1.6, 2.9], "texture": "#4"},
				"up": {"uv": [0, 0, 0.9, 1.6], "texture": "#4"},
				"down": {"uv": [0, 0, 0.9, 1.6], "texture": "#4"}
			}
		},
		{
			"from": [4.4, 25.7, 9],
			"to": [5.3, 28.6, 10.6],
			"rotation": {"angle": 0, "axis": "y", "origin": [17.1, 33.7, 14.5]},
			"faces": {
				"north": {"uv": [0, 0, 0.9, 2.9], "texture": "#4"},
				"east": {"uv": [0, 0, 1.6, 2.9], "texture": "#4"},
				"south": {"uv": [4, 2, 5, 5], "texture": "#4"},
				"west": {"uv": [3, 2, 5, 5], "texture": "#4"},
				"up": {"uv": [0, 0, 0.9, 1.6], "texture": "#4"},
				"down": {"uv": [0, 0, 0.9, 1.6], "texture": "#4"}
			}
		},
		{
			"from": [11, 28.1, 5.6],
			"to": [11.9, 29.4, 9.4],
			"rotation": {"angle": 0, "axis": "y", "origin": [23.7, 34.9, 13.3]},
			"faces": {
				"north": {"uv": [0, 0, 0.9, 1.3], "texture": "#4"},
				"east": {"uv": [0, 0, 3.8, 1.3], "texture": "#4"},
				"south": {"uv": [0, 0, 0.9, 1.3], "texture": "#4"},
				"west": {"uv": [0, 0, 3.8, 1.3], "texture": "#4"},
				"up": {"uv": [3, 2, 4, 6], "texture": "#4"},
				"down": {"uv": [0, 0, 0.9, 3.8], "texture": "#4"}
			}
		},
		{
			"from": [4.4, 28.1, 5.6],
			"to": [5.3, 29.4, 9.4],
			"rotation": {"angle": 0, "axis": "y", "origin": [17.1, 34.9, 13.3]},
			"faces": {
				"north": {"uv": [0, 0, 0.9, 1.3], "texture": "#4"},
				"east": {"uv": [0, 0, 3.8, 1.3], "texture": "#4"},
				"south": {"uv": [0, 0, 0.9, 1.3], "texture": "#4"},
				"west": {"uv": [2, 3, 6, 4], "texture": "#4"},
				"up": {"uv": [3, 2, 4, 6], "texture": "#4"},
				"down": {"uv": [0, 0, 0.9, 3.8], "texture": "#4"}
			}
		},
		{
			"from": [11.6, 27.7, 5.7],
			"to": [12.5, 28.8, 9.4],
			"rotation": {"angle": 0, "axis": "y", "origin": [23.7, 34.3, 13.3]},
			"faces": {
				"north": {"uv": [0, 0, 0.9, 1.1], "texture": "#4"},
				"east": {"uv": [0, 0, 3.7, 1.1], "texture": "#4"},
				"south": {"uv": [0, 0, 0.9, 1.1], "texture": "#4"},
				"west": {"uv": [0, 0, 3.7, 1.1], "texture": "#4"},
				"up": {"uv": [0, 0, 0.9, 3.7], "texture": "#4"},
				"down": {"uv": [0, 0, 0.9, 3.7], "texture": "#4"}
			}
		},
		{
			"from": [3.8, 28, 5.4],
			"to": [4.6, 28.8, 9.4],
			"rotation": {"angle": 0, "axis": "y", "origin": [15.9, 34.3, 13.3]},
			"faces": {
				"north": {"uv": [0, 0, 0.8, 0.8], "texture": "#4"},
				"east": {"uv": [0, 0, 4, 0.8], "texture": "#4"},
				"south": {"uv": [0, 0, 0.8, 0.8], "texture": "#4"},
				"west": {"uv": [0, 0, 4, 0.8], "texture": "#4"},
				"up": {"uv": [0, 0, 0.8, 4], "texture": "#4"},
				"down": {"uv": [0, 0, 0.8, 4], "texture": "#4"}
			}
		},
		{
			"from": [5.7, 16.3, 5],
			"to": [10.3, 17.3, 8.8],
			"rotation": {"angle": 0, "axis": "y", "origin": [18.4, 24.3, 13]},
			"faces": {
				"north": {"uv": [0, 0, 4.6, 1], "texture": "#4"},
				"east": {"uv": [0, 0, 3.8, 1], "texture": "#4"},
				"south": {"uv": [0, 0, 4.6, 1], "texture": "#4"},
				"west": {"uv": [0, 0, 3.8, 1], "texture": "#4"},
				"up": {"uv": [0, 0, 4.6, 3.8], "texture": "#4"},
				"down": {"uv": [2, 2, 7, 6], "texture": "#4"}
			}
		},
		{
			"from": [5.7, 16.8, 7.7],
			"to": [10.3, 17.8, 10.5],
			"rotation": {"angle": 0, "axis": "y", "origin": [18.4, 24.8, 15.7]},
			"faces": {
				"north": {"uv": [0, 0, 4.6, 1], "texture": "#4"},
				"east": {"uv": [0, 0, 2.8, 1], "texture": "#4"},
				"south": {"uv": [0, 0, 4.6, 1], "texture": "#4"},
				"west": {"uv": [0, 0, 2.8, 1], "texture": "#4"},
				"up": {"uv": [0, 0, 4.6, 2.8], "texture": "#4"},
				"down": {"uv": [0, 0, 4.6, 2.8], "texture": "#4"}
			}
		},
		{
			"from": [5.7, 17.6, 9.8],
			"to": [10.3, 18.6, 11.3],
			"rotation": {"angle": 0, "axis": "y", "origin": [18.4, 25.6, 17.8]},
			"faces": {
				"north": {"uv": [0, 0, 4.6, 1], "texture": "#4"},
				"east": {"uv": [0, 0, 1.5, 1], "texture": "#4"},
				"south": {"uv": [2, 3, 7, 4], "texture": "#4"},
				"west": {"uv": [0, 0, 1.5, 1], "texture": "#4"},
				"up": {"uv": [0, 0, 4.6, 1.5], "texture": "#4"},
				"down": {"uv": [6, 12, 11, 14], "texture": "#4"}
			}
		},
		{
			"from": [5.7, 18.3, 10.4],
			"to": [10.3, 19.3, 11.7],
			"rotation": {"angle": 0, "axis": "y", "origin": [18.4, 26.3, 18.4]},
			"faces": {
				"north": {"uv": [0, 0, 4.6, 1], "texture": "#4"},
				"east": {"uv": [0, 0, 1.3, 1], "texture": "#4"},
				"south": {"uv": [0, 0, 4.6, 1], "texture": "#4"},
				"west": {"uv": [0, 0, 1.3, 1], "texture": "#4"},
				"up": {"uv": [0, 0, 4.6, 1.3], "texture": "#4"},
				"down": {"uv": [0, 0, 4.6, 1.3], "texture": "#4"}
			}
		},
		{
			"from": [5.7, 19.1, 11.2],
			"to": [10.3, 20.6, 12.5],
			"rotation": {"angle": 0, "axis": "y", "origin": [18.4, 27.1, 19.2]},
			"faces": {
				"north": {"uv": [0, 0, 4.6, 1.5], "texture": "#4"},
				"east": {"uv": [0, 0, 1.3, 1.5], "texture": "#4"},
				"south": {"uv": [0, 0, 4.6, 1.5], "texture": "#4"},
				"west": {"uv": [0, 0, 1.3, 1.5], "texture": "#4"},
				"up": {"uv": [0, 0, 4.6, 1.3], "texture": "#4"},
				"down": {"uv": [0, 0, 4.6, 1.3], "texture": "#4"}
			}
		},
		{
			"from": [5.7, 20.4, 12],
			"to": [10.3, 25.5, 13.3],
			"rotation": {"angle": 0, "axis": "y", "origin": [18.4, 28.4, 20]},
			"faces": {
				"north": {"uv": [0, 0, 4.6, 5.1], "texture": "#4"},
				"east": {"uv": [0, 0, 1.3, 5.1], "texture": "#4"},
				"south": {"uv": [1, 1, 6, 6], "texture": "#4"},
				"west": {"uv": [0, 0, 1.3, 5.1], "texture": "#4"},
				"up": {"uv": [0, 0, 4.6, 1.3], "texture": "#4"},
				"down": {"uv": [0, 0, 4.6, 1.3], "texture": "#4"}
			}
		},
		{
			"from": [5.7, 24.9, 11.4],
			"to": [10.3, 27.6, 12.7],
			"rotation": {"angle": 0, "axis": "y", "origin": [18.4, 32.9, 19.4]},
			"faces": {
				"north": {"uv": [0, 0, 4.6, 2.7], "texture": "#4"},
				"east": {"uv": [0, 0, 1.3, 2.7], "texture": "#4"},
				"south": {"uv": [2, 1, 7, 4], "texture": "#4"},
				"west": {"uv": [0, 0, 1.3, 2.7], "texture": "#4"},
				"up": {"uv": [0, 0, 4.6, 1.3], "texture": "#4"},
				"down": {"uv": [0, 0, 4.6, 1.3], "texture": "#4"}
			}
		},
		{
			"from": [5.7, 27.2, 10.7],
			"to": [10.3, 28.6, 12],
			"rotation": {"angle": 0, "axis": "y", "origin": [18.4, 35.2, 18.7]},
			"faces": {
				"north": {"uv": [0, 0, 4.6, 1.4], "texture": "#4"},
				"east": {"uv": [0, 0, 1.3, 1.4], "texture": "#4"},
				"south": {"uv": [0, 0, 4.6, 1.4], "texture": "#4"},
				"west": {"uv": [0, 0, 1.3, 1.4], "texture": "#4"},
				"up": {"uv": [0, 0, 4.6, 1.3], "texture": "#4"},
				"down": {"uv": [0, 0, 4.6, 1.3], "texture": "#4"}
			}
		},
		{
			"from": [5.7, 28.2, 9],
			"to": [10.3, 29.6, 11.3],
			"rotation": {"angle": 0, "axis": "y", "origin": [18.4, 36.2, 18]},
			"faces": {
				"north": {"uv": [0, 0, 4.6, 1.4], "texture": "#4"},
				"east": {"uv": [0, 0, 2.3, 1.4], "texture": "#4"},
				"south": {"uv": [0, 0, 4.6, 1.4], "texture": "#4"},
				"west": {"uv": [0, 0, 2.3, 1.4], "texture": "#4"},
				"up": {"uv": [0, 0, 4.6, 2.3], "texture": "#4"},
				"down": {"uv": [0, 0, 4.6, 2.3], "texture": "#4"}
			}
		},
		{
			"from": [5.7, 29.1, 4.8],
			"to": [10.3, 30, 9.8],
			"rotation": {"angle": 0, "axis": "y", "origin": [18.4, 37.1, 16.5]},
			"faces": {
				"north": {"uv": [0, 0, 4.6, 0.9], "texture": "#4"},
				"east": {"uv": [0, 0, 5, 0.9], "texture": "#4"},
				"south": {"uv": [0, 0, 4.6, 0.9], "texture": "#4"},
				"west": {"uv": [0, 0, 5, 0.9], "texture": "#4"},
				"up": {"uv": [1, 1, 6, 6], "texture": "#4"},
				"down": {"uv": [0, 0, 4.6, 5], "texture": "#4"}
			}
		}
	],
	"display": {
		"thirdperson_righthand": {
			"translation": [0, 3, -3.5]
		},
		"thirdperson_lefthand": {
			"translation": [0, 3, -3.5]
		},
		"firstperson_righthand": {
			"translation": [0, -2.5, 0]
		},
		"firstperson_lefthand": {
			"translation": [0, -2.5, 0]
		},
		"ground": {
			"scale": [0.5, 0.5, 0.6]
		},
		"gui": {
			"rotation": [25, -145, 0],
			"translation": [0, -4.25, 0],
			"scale": [0.7, 0.7, 0.7]
		},
		"head": {
			"translation": [0, -35.75, -5.25],
			"scale": [1.2, 1.2, 1.2]
		},
		"fixed": {
			"translation": [0, 0, -7.75]
		}
	},
	"groups": [
		{
			"name": "group",
			"origin": [13, 8, 17],
			"children": [0, 1, 2, 3, 4, 5, 6, 7, 8, 9, 10, 11, 12, 13, 14, 15, 16]
		},
		{
			"name": "group",
			"origin": [14, 8, 8],
			"children": [17, 18, 19, 20, 21, 22, 23, 24, 25, 26, 27, 28, 29, 30, 31, 32, 33, 34, 35, 36, 37, 38, 39, 40, 41, 42, 43, 44, 45, 46, 47, 48, 49, 50, 51, 52, 53, 54, 55, 56, 57]
		},
		{
			"name": "group",
			"origin": [14, 26, 12],
			"children": [58, 59, 60, 61, 62, 63, 64, 65, 66, 67, 68, 69, 70, 71, 72, 73, 74, 75, 76, 77, 78, 79, 80, 81, 82, 83, 84, 85, 86, 87, 88, 89, 90, 91, 92, 93, 94, 95, 96, 97, 98, 99, 100, 101, 102, 103, 104, 105, 106, 107, 108, 109, 110, 111, 112, 113, 114, 115, 116, 117, 118, 119, 120, 121, 122, 123, 124, 125, 126, 127, 128, 129, 130, 131, 132, 133, 134, 135, 136, 137, 138, 139]
		}
	]
}