{
	"credit": "Made with Blockbench",
	"textures": {
		"0": "block/iron_block",
		"1": "block/redstone_block",
		"particle": "block/iron_block"
	},
	"elements": [
		{
			"from": [5, 2.5, 4.5],
			"to": [10, 3.5, 6.5],
			"rotation": {"angle": 0, "axis": "y", "origin": [7.84774, 2.78571, 5.39809]},
			"faces": {
				"north": {"uv": [2, 1, 10, 2], "texture": "#0"},
				"east": {"uv": [2, 1, 10, 2], "texture": "#0"},
				"south": {"uv": [2, 1, 10, 2], "texture": "#0"},
				"west": {"uv": [2, 1, 10, 2], "texture": "#0"},
				"up": {"uv": [2, 1, 10, 2], "texture": "#0"},
				"down": {"uv": [2, 1, 10, 2], "texture": "#0"}
			}
		},
		{
			"from": [4.5, 2.5, 4.75],
			"to": [5, 3.25, 6.25],
			"rotation": {"angle": 0, "axis": "y", "origin": [7.84774, 2.78571, 5.39809]},
			"faces": {
				"north": {"uv": [2, 1, 10, 2], "texture": "#0"},
				"east": {"uv": [2, 1, 10, 2], "texture": "#0"},
				"south": {"uv": [2, 1, 10, 2], "texture": "#0"},
				"west": {"uv": [2, 1, 10, 2], "texture": "#0"},
				"up": {"uv": [2, 1, 10, 2], "texture": "#0"},
				"down": {"uv": [2, 1, 10, 2], "texture": "#0"}
			}
		},
		{
			"from": [3.25, 2.5, 4.75],
			"to": [3.75, 3.25, 6.25],
			"rotation": {"angle": 0, "axis": "y", "origin": [6.59774, 2.78571, 5.39809]},
			"faces": {
				"north": {"uv": [2, 1, 10, 2], "texture": "#0"},
				"east": {"uv": [2, 1, 10, 2], "texture": "#0"},
				"south": {"uv": [2, 1, 10, 2], "texture": "#0"},
				"west": {"uv": [2, 1, 10, 2], "texture": "#0"},
				"up": {"uv": [2, 1, 10, 2], "texture": "#0"},
				"down": {"uv": [2, 1, 10, 2], "texture": "#0"}
			}
		},
		{
			"from": [3.5, 2.5, 4.25],
			"to": [4.75, 3, 4.75],
			"rotation": {"angle": 0, "axis": "y", "origin": [7.84774, 2.78571, 4.14809]},
			"faces": {
				"north": {"uv": [2, 1, 10, 2], "texture": "#0"},
				"east": {"uv": [2, 1, 10, 2], "texture": "#0"},
				"south": {"uv": [2, 1, 10, 2], "texture": "#0"},
				"west": {"uv": [2, 1, 10, 2], "texture": "#0"},
				"up": {"uv": [2, 1, 10, 2], "texture": "#0"},
				"down": {"uv": [2, 1, 10, 2], "texture": "#0"}
			}
		},
		{
			"from": [10.25, 2.5, 4.25],
			"to": [11.5, 3, 4.75],
			"rotation": {"angle": 0, "axis": "y", "origin": [14.59774, 2.78571, 4.14809]},
			"faces": {
				"north": {"uv": [2, 1, 10, 2], "texture": "#0"},
				"east": {"uv": [2, 1, 10, 2], "texture": "#0"},
				"south": {"uv": [2, 1, 10, 2], "texture": "#0"},
				"west": {"uv": [2, 1, 10, 2], "texture": "#0"},
				"up": {"uv": [2, 1, 10, 2], "texture": "#0"},
				"down": {"uv": [2, 1, 10, 2], "texture": "#0"}
			}
		},
		{
			"from": [3.75, 2.5, 3.75],
			"to": [4.5, 2.75, 4.25],
			"rotation": {"angle": 0, "axis": "y", "origin": [7.84774, 2.78571, 3.64809]},
			"faces": {
				"north": {"uv": [2, 1, 10, 2], "texture": "#0"},
				"east": {"uv": [2, 1, 10, 2], "texture": "#0"},
				"south": {"uv": [2, 1, 10, 2], "texture": "#0"},
				"west": {"uv": [2, 1, 10, 2], "texture": "#0"},
				"up": {"uv": [2, 1, 10, 2], "texture": "#0"},
				"down": {"uv": [2, 1, 10, 2], "texture": "#0"}
			}
		},
		{
			"from": [10.5, 2.5, 4],
			"to": [11.25, 3, 4.25],
			"rotation": {"angle": 0, "axis": "y", "origin": [14.59774, 2.78571, 3.64809]},
			"faces": {
				"north": {"uv": [2, 1, 10, 2], "texture": "#0"},
				"east": {"uv": [2, 1, 10, 2], "texture": "#0"},
				"south": {"uv": [2, 1, 10, 2], "texture": "#0"},
				"west": {"uv": [2, 1, 10, 2], "texture": "#0"},
				"up": {"uv": [2, 1, 10, 2], "texture": "#0"},
				"down": {"uv": [2, 1, 10, 2], "texture": "#0"}
			}
		},
		{
			"from": [3.75, 2.5, 4],
			"to": [4.5, 3, 4.25],
			"rotation": {"angle": 0, "axis": "y", "origin": [7.84774, 2.78571, 3.64809]},
			"faces": {
				"north": {"uv": [2, 1, 10, 2], "texture": "#0"},
				"east": {"uv": [2, 1, 10, 2], "texture": "#0"},
				"south": {"uv": [2, 1, 10, 2], "texture": "#0"},
				"west": {"uv": [2, 1, 10, 2], "texture": "#0"},
				"up": {"uv": [2, 1, 10, 2], "texture": "#0"},
				"down": {"uv": [2, 1, 10, 2], "texture": "#0"}
			}
		},
		{
			"from": [10.5, 2.5, 3.75],
			"to": [11.25, 2.75, 4.25],
			"rotation": {"angle": 0, "axis": "y", "origin": [14.59774, 2.78571, 3.64809]},
			"faces": {
				"north": {"uv": [2, 1, 10, 2], "texture": "#0"},
				"east": {"uv": [2, 1, 10, 2], "texture": "#0"},
				"south": {"uv": [2, 1, 10, 2], "texture": "#0"},
				"west": {"uv": [2, 1, 10, 2], "texture": "#0"},
				"up": {"uv": [2, 1, 10, 2], "texture": "#0"},
				"down": {"uv": [2, 1, 10, 2], "texture": "#0"}
			}
		},
		{
			"from": [4, 2.5, 3.25],
			"to": [4.25, 2.75, 3.75],
			"rotation": {"angle": 0, "axis": "y", "origin": [7.84774, 2.78571, 3.14809]},
			"faces": {
				"north": {"uv": [2, 1, 10, 2], "texture": "#0"},
				"east": {"uv": [2, 1, 10, 2], "texture": "#0"},
				"south": {"uv": [2, 1, 10, 2], "texture": "#0"},
				"west": {"uv": [2, 1, 10, 2], "texture": "#0"},
				"up": {"uv": [2, 1, 10, 2], "texture": "#0"},
				"down": {"uv": [2, 1, 10, 2], "texture": "#0"}
			}
		},
		{
			"from": [10.75, 2.5, 3.25],
			"to": [11, 2.75, 3.75],
			"rotation": {"angle": 0, "axis": "y", "origin": [14.59774, 2.78571, 3.14809]},
			"faces": {
				"north": {"uv": [2, 1, 10, 2], "texture": "#0"},
				"east": {"uv": [2, 1, 10, 2], "texture": "#0"},
				"south": {"uv": [2, 1, 10, 2], "texture": "#0"},
				"west": {"uv": [2, 1, 10, 2], "texture": "#0"},
				"up": {"uv": [2, 1, 10, 2], "texture": "#0"},
				"down": {"uv": [2, 1, 10, 2], "texture": "#0"}
			}
		},
		{
			"from": [4, 2.5, 3.25],
			"to": [4.25, 2.75, 3.75],
			"rotation": {"angle": 0, "axis": "y", "origin": [7.84774, 2.78571, 3.14809]},
			"faces": {
				"north": {"uv": [2, 1, 10, 2], "texture": "#0"},
				"east": {"uv": [2, 1, 10, 2], "texture": "#0"},
				"south": {"uv": [2, 1, 10, 2], "texture": "#0"},
				"west": {"uv": [2, 1, 10, 2], "texture": "#0"},
				"up": {"uv": [2, 1, 10, 2], "texture": "#0"},
				"down": {"uv": [2, 1, 10, 2], "texture": "#0"}
			}
		},
		{
			"from": [11.25, 2.5, 4.75],
			"to": [11.75, 3.25, 6.25],
			"rotation": {"angle": 0, "axis": "y", "origin": [7.84774, 2.78571, 5.39809]},
			"faces": {
				"north": {"uv": [2, 1, 10, 2], "texture": "#0"},
				"east": {"uv": [2, 1, 10, 2], "texture": "#0"},
				"south": {"uv": [2, 1, 10, 2], "texture": "#0"},
				"west": {"uv": [2, 1, 10, 2], "texture": "#0"},
				"up": {"uv": [2, 1, 10, 2], "texture": "#0"},
				"down": {"uv": [2, 1, 10, 2], "texture": "#0"}
			}
		},
		{
			"from": [10, 2.5, 4.75],
			"to": [10.5, 3.25, 6.25],
			"rotation": {"angle": 0, "axis": "y", "origin": [6.59774, 2.78571, 5.39809]},
			"faces": {
				"north": {"uv": [2, 1, 10, 2], "texture": "#0"},
				"east": {"uv": [2, 1, 10, 2], "texture": "#0"},
				"south": {"uv": [2, 1, 10, 2], "texture": "#0"},
				"west": {"uv": [2, 1, 10, 2], "texture": "#0"},
				"up": {"uv": [2, 1, 10, 2], "texture": "#0"},
				"down": {"uv": [2, 1, 10, 2], "texture": "#0"}
			}
		},
		{
			"from": [11.75, 2.5, 5.25],
			"to": [13.5, 2.75, 5.5],
			"rotation": {"angle": 0, "axis": "y", "origin": [7.84774, 2.78571, 5.39809]},
			"faces": {
				"north": {"uv": [2, 1, 10, 2], "texture": "#0"},
				"east": {"uv": [2, 1, 10, 2], "texture": "#0"},
				"south": {"uv": [2, 1, 10, 2], "texture": "#0"},
				"west": {"uv": [2, 1, 10, 2], "texture": "#0"},
				"up": {"uv": [2, 1, 10, 2], "texture": "#0"},
				"down": {"uv": [2, 1, 10, 2], "texture": "#0"}
			}
		},
		{
			"from": [1.42017, 2.25, 5.06662],
			"to": [2.17017, 2.75, 5.31662],
			"rotation": {"angle": 0, "axis": "y", "origin": [7.76791, 2.53571, 5.21471]},
			"faces": {
				"north": {"uv": [2, 1, 10, 2], "texture": "#0"},
				"east": {"uv": [2, 1, 10, 2], "texture": "#0"},
				"south": {"uv": [2, 1, 10, 2], "texture": "#0"},
				"west": {"uv": [2, 1, 10, 2], "texture": "#0"},
				"up": {"uv": [2, 1, 10, 2], "texture": "#0"},
				"down": {"uv": [2, 1, 10, 2], "texture": "#0"}
			}
		},
		{
			"from": [12.82322, 2.25, 5.07322],
			"to": [13.57322, 2.75, 5.32322],
			"rotation": {"angle": 0, "axis": "y", "origin": [19.17097, 2.53571, 5.22131]},
			"faces": {
				"north": {"uv": [2, 1, 10, 2], "texture": "#0"},
				"east": {"uv": [2, 1, 10, 2], "texture": "#0"},
				"south": {"uv": [2, 1, 10, 2], "texture": "#0"},
				"west": {"uv": [2, 1, 10, 2], "texture": "#0"},
				"up": {"uv": [2, 1, 10, 2], "texture": "#0"},
				"down": {"uv": [2, 1, 10, 2], "texture": "#0"}
			}
		},
		{
			"from": [1.5, 2.25, 5.25],
			"to": [2.25, 2.75, 5.5],
			"rotation": {"angle": 0, "axis": "y", "origin": [7.84774, 2.53571, 5.39809]},
			"faces": {
				"north": {"uv": [2, 1, 10, 2], "texture": "#0"},
				"east": {"uv": [2, 1, 10, 2], "texture": "#0"},
				"south": {"uv": [2, 1, 10, 2], "texture": "#0"},
				"west": {"uv": [2, 1, 10, 2], "texture": "#0"},
				"up": {"uv": [2, 1, 10, 2], "texture": "#0"},
				"down": {"uv": [2, 1, 10, 2], "texture": "#0"}
			}
		},
		{
			"from": [12.75, 2.25, 5.25],
			"to": [13.25, 2.75, 5.75],
			"rotation": {"angle": 0, "axis": "y", "origin": [7.84774, 2.53571, 5.39809]},
			"faces": {
				"north": {"uv": [2, 1, 10, 2], "texture": "#0"},
				"east": {"uv": [2, 1, 10, 2], "texture": "#0"},
				"south": {"uv": [2, 1, 10, 2], "texture": "#0"},
				"west": {"uv": [2, 1, 10, 2], "texture": "#0"},
				"up": {"uv": [2, 1, 10, 2], "texture": "#0"},
				"down": {"uv": [2, 1, 10, 2], "texture": "#0"}
			}
		},
		{
			"from": [1.75, 2.25, 5.25],
			"to": [2.25, 2.75, 5.75],
			"rotation": {"angle": 0, "axis": "y", "origin": [7.84774, 2.53571, 5.39809]},
			"faces": {
				"north": {"uv": [2, 1, 10, 2], "texture": "#0"},
				"east": {"uv": [2, 1, 10, 2], "texture": "#0"},
				"south": {"uv": [2, 1, 10, 2], "texture": "#0"},
				"west": {"uv": [2, 1, 10, 2], "texture": "#0"},
				"up": {"uv": [2, 1, 10, 2], "texture": "#0"},
				"down": {"uv": [2, 1, 10, 2], "texture": "#0"}
			}
		},
		{
			"from": [11.75, 2.5, 5],
			"to": [12.25, 3, 6],
			"rotation": {"angle": 0, "axis": "y", "origin": [7.84774, 2.78571, 5.39809]},
			"faces": {
				"north": {"uv": [2, 1, 10, 2], "texture": "#0"},
				"east": {"uv": [2, 1, 10, 2], "texture": "#0"},
				"south": {"uv": [2, 1, 10, 2], "texture": "#0"},
				"west": {"uv": [2, 1, 10, 2], "texture": "#0"},
				"up": {"uv": [2, 1, 10, 2], "texture": "#0"},
				"down": {"uv": [2, 1, 10, 2], "texture": "#0"}
			}
		},
		{
			"from": [12.5, 2.5, 5],
			"to": [13, 3, 6],
			"rotation": {"angle": 0, "axis": "y", "origin": [7.84774, 2.78571, 5.39809]},
			"faces": {
				"north": {"uv": [2, 1, 10, 2], "texture": "#0"},
				"east": {"uv": [2, 1, 10, 2], "texture": "#0"},
				"south": {"uv": [2, 1, 10, 2], "texture": "#0"},
				"west": {"uv": [2, 1, 10, 2], "texture": "#0"},
				"up": {"uv": [2, 1, 10, 2], "texture": "#0"},
				"down": {"uv": [2, 1, 10, 2], "texture": "#0"}
			}
		},
		{
			"from": [12.25, 2.5, 5],
			"to": [12.5, 3, 5.5],
			"rotation": {"angle": 0, "axis": "y", "origin": [7.34774, 2.78571, 5.39809]},
			"faces": {
				"north": {"uv": [2, 1, 10, 2], "texture": "#0"},
				"east": {"uv": [2, 1, 10, 2], "texture": "#0"},
				"south": {"uv": [2, 1, 10, 2], "texture": "#0"},
				"west": {"uv": [2, 1, 10, 2], "texture": "#0"},
				"up": {"uv": [2, 1, 10, 2], "texture": "#0"},
				"down": {"uv": [2, 1, 10, 2], "texture": "#0"}
			}
		},
		{
			"from": [2.5, 2.5, 5],
			"to": [2.75, 3, 5.5],
			"rotation": {"angle": 0, "axis": "y", "origin": [-2.40226, 2.78571, 5.39809]},
			"faces": {
				"north": {"uv": [2, 1, 10, 2], "texture": "#0"},
				"east": {"uv": [2, 1, 10, 2], "texture": "#0"},
				"south": {"uv": [2, 1, 10, 2], "texture": "#0"},
				"west": {"uv": [2, 1, 10, 2], "texture": "#0"},
				"up": {"uv": [2, 1, 10, 2], "texture": "#0"},
				"down": {"uv": [2, 1, 10, 2], "texture": "#0"}
			}
		},
		{
			"from": [12.25, 2.5, 5.5],
			"to": [12.5, 3, 6],
			"rotation": {"angle": 0, "axis": "y", "origin": [7.34774, 2.78571, 5.89809]},
			"faces": {
				"north": {"uv": [2, 1, 10, 2], "texture": "#0"},
				"east": {"uv": [2, 1, 10, 2], "texture": "#0"},
				"south": {"uv": [2, 1, 10, 2], "texture": "#0"},
				"west": {"uv": [2, 1, 10, 2], "texture": "#0"},
				"up": {"uv": [2, 0, 16, 4], "texture": "#1"},
				"down": {"uv": [2, 1, 10, 2], "texture": "#0"}
			}
		},
		{
			"from": [11.25, 3.25, 5.5],
			"to": [11.5, 3.75, 6.25],
			"rotation": {"angle": 0, "axis": "y", "origin": [6.34774, 3.53571, 6.14809]},
			"faces": {
				"north": {"uv": [2, 1, 10, 2], "texture": "#0"},
				"east": {"uv": [2, 1, 10, 2], "texture": "#0"},
				"south": {"uv": [2, 1, 10, 2], "texture": "#0"},
				"west": {"uv": [2, 1, 10, 2], "texture": "#0"},
				"up": {"uv": [2, 1, 10, 2], "texture": "#0"},
				"down": {"uv": [2, 1, 10, 2], "texture": "#0"}
			}
		},
		{
			"from": [3.5, 3.25, 5.5],
			"to": [3.75, 3.75, 6.25],
			"rotation": {"angle": 0, "axis": "y", "origin": [-1.40226, 3.53571, 6.14809]},
			"faces": {
				"north": {"uv": [2, 1, 10, 2], "texture": "#0"},
				"east": {"uv": [2, 1, 10, 2], "texture": "#0"},
				"south": {"uv": [2, 1, 10, 2], "texture": "#0"},
				"west": {"uv": [2, 1, 10, 2], "texture": "#0"},
				"up": {"uv": [2, 1, 10, 2], "texture": "#0"},
				"down": {"uv": [2, 1, 10, 2], "texture": "#0"}
			}
		},
		{
			"from": [2.5, 2.5, 5.5],
			"to": [2.75, 3, 6],
			"rotation": {"angle": 0, "axis": "y", "origin": [-2.40226, 2.78571, 5.89809]},
			"faces": {
				"north": {"uv": [2, 1, 10, 2], "texture": "#0"},
				"east": {"uv": [2, 1, 10, 2], "texture": "#0"},
				"south": {"uv": [2, 1, 10, 2], "texture": "#0"},
				"west": {"uv": [2, 1, 10, 2], "texture": "#0"},
				"up": {"uv": [2, 0, 16, 4], "texture": "#1"},
				"down": {"uv": [2, 1, 10, 2], "texture": "#0"}
			}
		},
		{
			"from": [2.75, 2.5, 5],
			"to": [3.25, 3, 6],
			"rotation": {"angle": 0, "axis": "y", "origin": [7.84774, 2.78571, 5.39809]},
			"faces": {
				"north": {"uv": [2, 1, 10, 2], "texture": "#0"},
				"east": {"uv": [2, 1, 10, 2], "texture": "#0"},
				"south": {"uv": [2, 1, 10, 2], "texture": "#0"},
				"west": {"uv": [2, 1, 10, 2], "texture": "#0"},
				"up": {"uv": [2, 1, 10, 2], "texture": "#0"},
				"down": {"uv": [2, 1, 10, 2], "texture": "#0"}
			}
		},
		{
			"from": [2, 2.5, 5],
			"to": [2.5, 3, 6],
			"rotation": {"angle": 0, "axis": "y", "origin": [7.09774, 2.78571, 5.39809]},
			"faces": {
				"north": {"uv": [2, 1, 10, 2], "texture": "#0"},
				"east": {"uv": [2, 1, 10, 2], "texture": "#0"},
				"south": {"uv": [2, 1, 10, 2], "texture": "#0"},
				"west": {"uv": [2, 1, 10, 2], "texture": "#0"},
				"up": {"uv": [2, 1, 10, 2], "texture": "#0"},
				"down": {"uv": [2, 1, 10, 2], "texture": "#0"}
			}
		},
		{
			"from": [1.25, 2.25, 5],
			"to": [2.25, 2.5, 5.25],
			"rotation": {"angle": 0, "axis": "y", "origin": [7.84774, 2.53571, 5.39809]},
			"faces": {
				"north": {"uv": [2, 1, 10, 2], "texture": "#0"},
				"east": {"uv": [2, 1, 10, 2], "texture": "#0"},
				"south": {"uv": [2, 1, 10, 2], "texture": "#0"},
				"west": {"uv": [2, 1, 10, 2], "texture": "#0"},
				"up": {"uv": [2, 1, 10, 2], "texture": "#0"},
				"down": {"uv": [2, 1, 10, 2], "texture": "#0"}
			}
		},
		{
			"from": [12.75, 2.25, 5],
			"to": [13.75, 2.5, 5.25],
			"rotation": {"angle": 0, "axis": "y", "origin": [7.84774, 2.53571, 5.39809]},
			"faces": {
				"north": {"uv": [2, 1, 10, 2], "texture": "#0"},
				"east": {"uv": [2, 1, 10, 2], "texture": "#0"},
				"south": {"uv": [2, 1, 10, 2], "texture": "#0"},
				"west": {"uv": [2, 1, 10, 2], "texture": "#0"},
				"up": {"uv": [2, 1, 10, 2], "texture": "#0"},
				"down": {"uv": [2, 1, 10, 2], "texture": "#0"}
			}
		},
		{
			"from": [11.66656, 2.25, 1.11985],
			"to": [11.91656, 2.75, 2.18985],
			"rotation": {"angle": -45, "axis": "y", "origin": [7.84774, 2.53571, 5.39809]},
			"faces": {
				"north": {"uv": [2, 1, 10, 2], "texture": "#0"},
				"east": {"uv": [2, 1, 10, 2], "texture": "#0"},
				"south": {"uv": [2, 1, 10, 2], "texture": "#0"},
				"west": {"uv": [2, 1, 10, 2], "texture": "#0"},
				"up": {"uv": [2, 1, 10, 2], "texture": "#0"},
				"down": {"uv": [2, 1, 10, 2], "texture": "#0"}
			}
		},
		{
			"from": [3.28715, 2.25, 0.61873],
			"to": [3.53715, 2.75, 1.68873],
			"rotation": {"angle": 45, "axis": "y", "origin": [7.84774, 2.53571, 5.39809]},
			"faces": {
				"north": {"uv": [2, 1, 10, 2], "texture": "#0"},
				"east": {"uv": [2, 1, 10, 2], "texture": "#0"},
				"south": {"uv": [2, 1, 10, 2], "texture": "#0"},
				"west": {"uv": [2, 1, 10, 2], "texture": "#0"},
				"up": {"uv": [2, 1, 10, 2], "texture": "#0"},
				"down": {"uv": [2, 1, 10, 2], "texture": "#0"}
			}
		},
		{
			"from": [10.75, 3, 4.25],
			"to": [11, 3.25, 4.75],
			"rotation": {"angle": 0, "axis": "y", "origin": [14.59774, 3.28571, 4.14809]},
			"faces": {
				"north": {"uv": [1, 1, 2, 3], "texture": "#1"},
				"east": {"uv": [1, 1, 2, 3], "texture": "#1"},
				"south": {"uv": [1, 1, 2, 3], "texture": "#1"},
				"west": {"uv": [1, 1, 2, 3], "texture": "#1"},
				"up": {"uv": [1, 1, 2, 3], "texture": "#1"},
				"down": {"uv": [1, 1, 2, 3], "texture": "#1"}
			}
		},
		{
			"from": [10.75, 3.25, 4.5],
			"to": [11, 3.5, 4.75],
			"rotation": {"angle": 0, "axis": "y", "origin": [14.59774, 3.53571, 4.14809]},
			"faces": {
				"north": {"uv": [1, 1, 2, 3], "texture": "#1"},
				"east": {"uv": [1, 1, 2, 3], "texture": "#1"},
				"south": {"uv": [1, 1, 2, 3], "texture": "#1"},
				"west": {"uv": [1, 1, 2, 3], "texture": "#1"},
				"up": {"uv": [1, 1, 2, 3], "texture": "#1"},
				"down": {"uv": [1, 1, 2, 3], "texture": "#1"}
			}
		},
		{
			"from": [11, 3.5, 4.75],
			"to": [11.25, 3.75, 5],
			"rotation": {"angle": 0, "axis": "y", "origin": [14.84774, 3.78571, 4.39809]},
			"faces": {
				"north": {"uv": [1, 1, 2, 3], "texture": "#1"},
				"east": {"uv": [1, 1, 2, 3], "texture": "#1"},
				"south": {"uv": [1, 1, 2, 3], "texture": "#1"},
				"west": {"uv": [1, 1, 2, 3], "texture": "#1"},
				"up": {"uv": [1, 1, 2, 3], "texture": "#1"},
				"down": {"uv": [1, 1, 2, 3], "texture": "#1"}
			}
		},
		{
			"from": [11, 4.5, 5.25],
			"to": [11.25, 4.75, 5.5],
			"rotation": {"angle": 0, "axis": "y", "origin": [14.84774, 4.78571, 4.89809]},
			"faces": {
				"north": {"uv": [1, 1, 2, 3], "texture": "#1"},
				"east": {"uv": [1, 1, 2, 3], "texture": "#1"},
				"south": {"uv": [1, 1, 2, 3], "texture": "#1"},
				"west": {"uv": [1, 1, 2, 3], "texture": "#1"},
				"up": {"uv": [1, 1, 2, 3], "texture": "#1"},
				"down": {"uv": [1, 1, 2, 3], "texture": "#1"}
			}
		},
		{
			"from": [11, 5, 5.75],
			"to": [11.25, 5.25, 6],
			"rotation": {"angle": 0, "axis": "y", "origin": [14.84774, 5.28571, 5.39809]},
			"faces": {
				"north": {"uv": [1, 1, 2, 3], "texture": "#1"},
				"east": {"uv": [1, 1, 2, 3], "texture": "#1"},
				"south": {"uv": [1, 1, 2, 3], "texture": "#1"},
				"west": {"uv": [1, 1, 2, 3], "texture": "#1"},
				"up": {"uv": [1, 1, 2, 3], "texture": "#1"},
				"down": {"uv": [1, 1, 2, 3], "texture": "#1"}
			}
		},
		{
			"from": [10.75, 5, 5.5],
			"to": [11, 5.25, 5.75],
			"rotation": {"angle": 0, "axis": "y", "origin": [14.59774, 5.28571, 5.14809]},
			"faces": {
				"north": {"uv": [1, 1, 2, 3], "texture": "#1"},
				"east": {"uv": [1, 1, 2, 3], "texture": "#1"},
				"south": {"uv": [1, 1, 2, 3], "texture": "#1"},
				"west": {"uv": [1, 1, 2, 3], "texture": "#1"},
				"up": {"uv": [1, 1, 2, 3], "texture": "#1"},
				"down": {"uv": [1, 1, 2, 3], "texture": "#1"}
			}
		},
		{
			"from": [10.5, 5, 5.75],
			"to": [10.75, 5.25, 6],
			"rotation": {"angle": 0, "axis": "y", "origin": [14.34774, 5.28571, 5.39809]},
			"faces": {
				"north": {"uv": [1, 1, 2, 3], "texture": "#1"},
				"east": {"uv": [1, 1, 2, 3], "texture": "#1"},
				"south": {"uv": [1, 1, 2, 3], "texture": "#1"},
				"west": {"uv": [1, 1, 2, 3], "texture": "#1"},
				"up": {"uv": [1, 1, 2, 3], "texture": "#1"},
				"down": {"uv": [1, 1, 2, 3], "texture": "#1"}
			}
		},
		{
			"from": [10.5, 4.5, 5.25],
			"to": [10.75, 4.75, 5.5],
			"rotation": {"angle": 0, "axis": "y", "origin": [14.34774, 4.78571, 4.89809]},
			"faces": {
				"north": {"uv": [1, 1, 2, 3], "texture": "#1"},
				"east": {"uv": [1, 1, 2, 3], "texture": "#1"},
				"south": {"uv": [1, 1, 2, 3], "texture": "#1"},
				"west": {"uv": [1, 1, 2, 3], "texture": "#1"},
				"up": {"uv": [1, 1, 2, 3], "texture": "#1"},
				"down": {"uv": [1, 1, 2, 3], "texture": "#1"}
			}
		},
		{
			"from": [10.75, 3.5, 4.75],
			"to": [11, 4, 5],
			"rotation": {"angle": 0, "axis": "y", "origin": [14.59774, 3.78571, 4.39809]},
			"faces": {
				"north": {"uv": [1, 1, 2, 3], "texture": "#1"},
				"east": {"uv": [1, 1, 2, 3], "texture": "#1"},
				"south": {"uv": [1, 1, 2, 3], "texture": "#1"},
				"west": {"uv": [1, 1, 2, 3], "texture": "#1"},
				"up": {"uv": [1, 1, 2, 3], "texture": "#1"},
				"down": {"uv": [1, 1, 2, 3], "texture": "#1"}
			}
		},
		{
			"from": [10.75, 4, 5],
			"to": [11, 4.5, 5.25],
			"rotation": {"angle": 0, "axis": "y", "origin": [14.59774, 4.28571, 4.64809]},
			"faces": {
				"north": {"uv": [1, 1, 2, 3], "texture": "#1"},
				"east": {"uv": [1, 1, 2, 3], "texture": "#1"},
				"south": {"uv": [1, 1, 2, 3], "texture": "#1"},
				"west": {"uv": [1, 1, 2, 3], "texture": "#1"},
				"up": {"uv": [1, 1, 2, 3], "texture": "#1"},
				"down": {"uv": [1, 1, 2, 3], "texture": "#1"}
			}
		},
		{
			"from": [10.75, 4.5, 5.25],
			"to": [11, 5, 5.5],
			"rotation": {"angle": 0, "axis": "y", "origin": [14.59774, 4.78571, 4.89809]},
			"faces": {
				"north": {"uv": [1, 1, 2, 3], "texture": "#1"},
				"east": {"uv": [1, 1, 2, 3], "texture": "#1"},
				"south": {"uv": [1, 1, 2, 3], "texture": "#1"},
				"west": {"uv": [1, 1, 2, 3], "texture": "#1"},
				"up": {"uv": [1, 1, 2, 3], "texture": "#1"},
				"down": {"uv": [1, 1, 2, 3], "texture": "#1"}
			}
		},
		{
			"from": [10.5, 3.5, 4.75],
			"to": [10.75, 3.75, 5],
			"rotation": {"angle": 0, "axis": "y", "origin": [14.34774, 3.78571, 4.39809]},
			"faces": {
				"north": {"uv": [1, 1, 2, 3], "texture": "#1"},
				"east": {"uv": [1, 1, 2, 3], "texture": "#1"},
				"south": {"uv": [1, 1, 2, 3], "texture": "#1"},
				"west": {"uv": [1, 1, 2, 3], "texture": "#1"},
				"up": {"uv": [1, 1, 2, 3], "texture": "#1"},
				"down": {"uv": [1, 1, 2, 3], "texture": "#1"}
			}
		},
		{
			"from": [10.5, 3.25, 4.75],
			"to": [11.25, 3.5, 6.25],
			"rotation": {"angle": 0, "axis": "y", "origin": [14.59774, 3.53571, 4.64809]},
			"faces": {
				"north": {"uv": [1, 1, 2, 3], "texture": "#1"},
				"east": {"uv": [1, 1, 2, 3], "texture": "#1"},
				"south": {"uv": [1, 1, 2, 3], "texture": "#1"},
				"west": {"uv": [1, 1, 2, 3], "texture": "#1"},
				"up": {"uv": [1, 1, 2, 3], "texture": "#1"},
				"down": {"uv": [1, 1, 2, 3], "texture": "#1"}
			}
		},
		{
			"from": [10.5, 2.5, 4.75],
			"to": [11.25, 3.25, 6.5],
			"rotation": {"angle": 0, "axis": "y", "origin": [14.59774, 2.78571, 4.64809]},
			"faces": {
				"north": {"uv": [1, 1, 2, 3], "texture": "#1"},
				"east": {"uv": [1, 1, 2, 3], "texture": "#1"},
				"south": {"uv": [1, 1, 2, 3], "texture": "#1"},
				"west": {"uv": [1, 1, 2, 3], "texture": "#1"},
				"up": {"uv": [1, 1, 2, 3], "texture": "#1"},
				"down": {"uv": [1, 1, 2, 3], "texture": "#1"}
			}
		},
		{
			"from": [10.5, 3.5, 5],
			"to": [11.25, 4, 6.25],
			"rotation": {"angle": 0, "axis": "y", "origin": [14.59774, 3.78571, 4.64809]},
			"faces": {
				"north": {"uv": [1, 1, 2, 3], "texture": "#1"},
				"east": {"uv": [1, 1, 2, 3], "texture": "#1"},
				"south": {"uv": [1, 1, 2, 3], "texture": "#1"},
				"west": {"uv": [1, 1, 2, 3], "texture": "#1"},
				"up": {"uv": [1, 1, 2, 3], "texture": "#1"},
				"down": {"uv": [1, 1, 2, 3], "texture": "#1"}
			}
		},
		{
			"from": [10.5, 4, 5.25],
			"to": [11.25, 4.5, 6],
			"rotation": {"angle": 0, "axis": "y", "origin": [14.59774, 4.28571, 4.64809]},
			"faces": {
				"north": {"uv": [1, 1, 2, 3], "texture": "#1"},
				"east": {"uv": [1, 1, 2, 3], "texture": "#1"},
				"south": {"uv": [1, 1, 2, 3], "texture": "#1"},
				"west": {"uv": [1, 1, 2, 3], "texture": "#1"},
				"up": {"uv": [1, 1, 2, 3], "texture": "#1"},
				"down": {"uv": [1, 1, 2, 3], "texture": "#1"}
			}
		},
		{
			"from": [10.5, 4.5, 5.5],
			"to": [11.25, 5, 6],
			"rotation": {"angle": 0, "axis": "y", "origin": [14.59774, 4.78571, 4.64809]},
			"faces": {
				"north": {"uv": [1, 1, 2, 3], "texture": "#1"},
				"east": {"uv": [1, 1, 2, 3], "texture": "#1"},
				"south": {"uv": [1, 1, 2, 3], "texture": "#1"},
				"west": {"uv": [1, 1, 2, 3], "texture": "#1"},
				"up": {"uv": [1, 1, 2, 3], "texture": "#1"},
				"down": {"uv": [1, 1, 2, 3], "texture": "#1"}
			}
		},
		{
			"from": [10.75, 5, 5.75],
			"to": [11, 5.5, 6],
			"rotation": {"angle": 0, "axis": "y", "origin": [14.59774, 5.28571, 4.89809]},
			"faces": {
				"north": {"uv": [1, 1, 2, 3], "texture": "#1"},
				"east": {"uv": [1, 1, 2, 3], "texture": "#1"},
				"south": {"uv": [1, 1, 2, 3], "texture": "#1"},
				"west": {"uv": [1, 1, 2, 3], "texture": "#1"},
				"up": {"uv": [1, 1, 2, 3], "texture": "#1"},
				"down": {"uv": [1, 1, 2, 3], "texture": "#1"}
			}
		},
		{
			"from": [10.75, 4, 6],
			"to": [11, 5.75, 6.25],
			"rotation": {"angle": 0, "axis": "y", "origin": [14.59774, 5.28571, 5.14809]},
			"faces": {
				"north": {"uv": [1, 1, 2, 3], "texture": "#1"},
				"east": {"uv": [1, 1, 2, 3], "texture": "#1"},
				"south": {"uv": [1, 1, 2, 3], "texture": "#1"},
				"west": {"uv": [1, 1, 2, 3], "texture": "#1"},
				"up": {"uv": [1, 1, 2, 3], "texture": "#1"},
				"down": {"uv": [1, 1, 2, 3], "texture": "#1"}
			}
		},
		{
			"from": [11, 4, 6],
			"to": [11.25, 4.75, 6.25],
			"rotation": {"angle": 0, "axis": "y", "origin": [14.84774, 5.28571, 5.14809]},
			"faces": {
				"north": {"uv": [1, 1, 2, 3], "texture": "#1"},
				"east": {"uv": [1, 1, 2, 3], "texture": "#1"},
				"south": {"uv": [1, 1, 2, 3], "texture": "#1"},
				"west": {"uv": [1, 1, 2, 3], "texture": "#1"},
				"up": {"uv": [1, 1, 2, 3], "texture": "#1"},
				"down": {"uv": [1, 1, 2, 3], "texture": "#1"}
			}
		},
		{
			"from": [10.5, 4, 6],
			"to": [10.75, 4.75, 6.25],
			"rotation": {"angle": 0, "axis": "y", "origin": [14.34774, 5.28571, 5.14809]},
			"faces": {
				"north": {"uv": [1, 1, 2, 3], "texture": "#1"},
				"east": {"uv": [1, 1, 2, 3], "texture": "#1"},
				"south": {"uv": [1, 1, 2, 3], "texture": "#1"},
				"west": {"uv": [1, 1, 2, 3], "texture": "#1"},
				"up": {"uv": [1, 1, 2, 3], "texture": "#1"},
				"down": {"uv": [1, 1, 2, 3], "texture": "#1"}
			}
		},
		{
			"from": [4, 3, 4.25],
			"to": [4.25, 3.25, 4.75],
			"rotation": {"angle": 0, "axis": "y", "origin": [7.84774, 3.28571, 4.14809]},
			"faces": {
				"north": {"uv": [1, 1, 2, 3], "texture": "#1"},
				"east": {"uv": [1, 1, 2, 3], "texture": "#1"},
				"south": {"uv": [1, 1, 2, 3], "texture": "#1"},
				"west": {"uv": [1, 1, 2, 3], "texture": "#1"},
				"up": {"uv": [1, 1, 2, 3], "texture": "#1"},
				"down": {"uv": [1, 1, 2, 3], "texture": "#1"}
			}
		},
		{
			"from": [4, 3.25, 4.5],
			"to": [4.25, 3.5, 4.75],
			"rotation": {"angle": 0, "axis": "y", "origin": [7.84774, 3.53571, 4.14809]},
			"faces": {
				"north": {"uv": [1, 1, 2, 3], "texture": "#1"},
				"east": {"uv": [1, 1, 2, 3], "texture": "#1"},
				"south": {"uv": [1, 1, 2, 3], "texture": "#1"},
				"west": {"uv": [1, 1, 2, 3], "texture": "#1"},
				"up": {"uv": [1, 1, 2, 3], "texture": "#1"},
				"down": {"uv": [1, 1, 2, 3], "texture": "#1"}
			}
		},
		{
			"from": [4.25, 3.5, 4.75],
			"to": [4.5, 3.75, 5],
			"rotation": {"angle": 0, "axis": "y", "origin": [8.09774, 3.78571, 4.39809]},
			"faces": {
				"north": {"uv": [1, 1, 2, 3], "texture": "#1"},
				"east": {"uv": [1, 1, 2, 3], "texture": "#1"},
				"south": {"uv": [1, 1, 2, 3], "texture": "#1"},
				"west": {"uv": [1, 1, 2, 3], "texture": "#1"},
				"up": {"uv": [1, 1, 2, 3], "texture": "#1"},
				"down": {"uv": [1, 1, 2, 3], "texture": "#1"}
			}
		},
		{
			"from": [4.25, 4.5, 5.25],
			"to": [4.5, 4.75, 5.5],
			"rotation": {"angle": 0, "axis": "y", "origin": [8.09774, 4.78571, 4.89809]},
			"faces": {
				"north": {"uv": [1, 1, 2, 3], "texture": "#1"},
				"east": {"uv": [1, 1, 2, 3], "texture": "#1"},
				"south": {"uv": [1, 1, 2, 3], "texture": "#1"},
				"west": {"uv": [1, 1, 2, 3], "texture": "#1"},
				"up": {"uv": [1, 1, 2, 3], "texture": "#1"},
				"down": {"uv": [1, 1, 2, 3], "texture": "#1"}
			}
		},
		{
			"from": [4.25, 5, 5.75],
			"to": [4.5, 5.25, 6],
			"rotation": {"angle": 0, "axis": "y", "origin": [8.09774, 5.28571, 5.39809]},
			"faces": {
				"north": {"uv": [1, 1, 2, 3], "texture": "#1"},
				"east": {"uv": [1, 1, 2, 3], "texture": "#1"},
				"south": {"uv": [1, 1, 2, 3], "texture": "#1"},
				"west": {"uv": [1, 1, 2, 3], "texture": "#1"},
				"up": {"uv": [1, 1, 2, 3], "texture": "#1"},
				"down": {"uv": [1, 1, 2, 3], "texture": "#1"}
			}
		},
		{
			"from": [4, 5, 5.5],
			"to": [4.25, 5.25, 5.75],
			"rotation": {"angle": 0, "axis": "y", "origin": [7.84774, 5.28571, 5.14809]},
			"faces": {
				"north": {"uv": [1, 1, 2, 3], "texture": "#1"},
				"east": {"uv": [1, 1, 2, 3], "texture": "#1"},
				"south": {"uv": [1, 1, 2, 3], "texture": "#1"},
				"west": {"uv": [1, 1, 2, 3], "texture": "#1"},
				"up": {"uv": [1, 1, 2, 3], "texture": "#1"},
				"down": {"uv": [1, 1, 2, 3], "texture": "#1"}
			}
		},
		{
			"from": [3.75, 5, 5.75],
			"to": [4, 5.25, 6],
			"rotation": {"angle": 0, "axis": "y", "origin": [7.59774, 5.28571, 5.39809]},
			"faces": {
				"north": {"uv": [1, 1, 2, 3], "texture": "#1"},
				"east": {"uv": [1, 1, 2, 3], "texture": "#1"},
				"south": {"uv": [1, 1, 2, 3], "texture": "#1"},
				"west": {"uv": [1, 1, 2, 3], "texture": "#1"},
				"up": {"uv": [1, 1, 2, 3], "texture": "#1"},
				"down": {"uv": [1, 1, 2, 3], "texture": "#1"}
			}
		},
		{
			"from": [3.75, 4.5, 5.25],
			"to": [4, 4.75, 5.5],
			"rotation": {"angle": 0, "axis": "y", "origin": [7.59774, 4.78571, 4.89809]},
			"faces": {
				"north": {"uv": [1, 1, 2, 3], "texture": "#1"},
				"east": {"uv": [1, 1, 2, 3], "texture": "#1"},
				"south": {"uv": [1, 1, 2, 3], "texture": "#1"},
				"west": {"uv": [1, 1, 2, 3], "texture": "#1"},
				"up": {"uv": [1, 1, 2, 3], "texture": "#1"},
				"down": {"uv": [1, 1, 2, 3], "texture": "#1"}
			}
		},
		{
			"from": [4, 3.5, 4.75],
			"to": [4.25, 4, 5],
			"rotation": {"angle": 0, "axis": "y", "origin": [7.84774, 3.78571, 4.39809]},
			"faces": {
				"north": {"uv": [1, 1, 2, 3], "texture": "#1"},
				"east": {"uv": [1, 1, 2, 3], "texture": "#1"},
				"south": {"uv": [1, 1, 2, 3], "texture": "#1"},
				"west": {"uv": [1, 1, 2, 3], "texture": "#1"},
				"up": {"uv": [1, 1, 2, 3], "texture": "#1"},
				"down": {"uv": [1, 1, 2, 3], "texture": "#1"}
			}
		},
		{
			"from": [4, 4, 5],
			"to": [4.25, 4.5, 5.25],
			"rotation": {"angle": 0, "axis": "y", "origin": [7.84774, 4.28571, 4.64809]},
			"faces": {
				"north": {"uv": [1, 1, 2, 3], "texture": "#1"},
				"east": {"uv": [1, 1, 2, 3], "texture": "#1"},
				"south": {"uv": [1, 1, 2, 3], "texture": "#1"},
				"west": {"uv": [1, 1, 2, 3], "texture": "#1"},
				"up": {"uv": [1, 1, 2, 3], "texture": "#1"},
				"down": {"uv": [1, 1, 2, 3], "texture": "#1"}
			}
		},
		{
			"from": [4, 4.5, 5.25],
			"to": [4.25, 5, 5.5],
			"rotation": {"angle": 0, "axis": "y", "origin": [7.84774, 4.78571, 4.89809]},
			"faces": {
				"north": {"uv": [1, 1, 2, 3], "texture": "#1"},
				"east": {"uv": [1, 1, 2, 3], "texture": "#1"},
				"south": {"uv": [1, 1, 2, 3], "texture": "#1"},
				"west": {"uv": [1, 1, 2, 3], "texture": "#1"},
				"up": {"uv": [1, 1, 2, 3], "texture": "#1"},
				"down": {"uv": [1, 1, 2, 3], "texture": "#1"}
			}
		},
		{
			"from": [3.75, 3.5, 4.75],
			"to": [4, 3.75, 5],
			"rotation": {"angle": 0, "axis": "y", "origin": [7.59774, 3.78571, 4.39809]},
			"faces": {
				"north": {"uv": [1, 1, 2, 3], "texture": "#1"},
				"east": {"uv": [1, 1, 2, 3], "texture": "#1"},
				"south": {"uv": [1, 1, 2, 3], "texture": "#1"},
				"west": {"uv": [1, 1, 2, 3], "texture": "#1"},
				"up": {"uv": [1, 1, 2, 3], "texture": "#1"},
				"down": {"uv": [1, 1, 2, 3], "texture": "#1"}
			}
		},
		{
			"from": [3.75, 3.25, 4.75],
			"to": [4.5, 3.5, 6.25],
			"rotation": {"angle": 0, "axis": "y", "origin": [7.84774, 3.53571, 4.64809]},
			"faces": {
				"north": {"uv": [1, 1, 2, 3], "texture": "#1"},
				"east": {"uv": [1, 1, 2, 3], "texture": "#1"},
				"south": {"uv": [1, 1, 2, 3], "texture": "#1"},
				"west": {"uv": [1, 1, 2, 3], "texture": "#1"},
				"up": {"uv": [1, 1, 2, 3], "texture": "#1"},
				"down": {"uv": [1, 1, 2, 3], "texture": "#1"}
			}
		},
		{
			"from": [3.75, 2.5, 5],
			"to": [4.5, 3.25, 6.5],
			"rotation": {"angle": 0, "axis": "y", "origin": [7.84774, 3.28571, 4.89809]},
			"faces": {
				"north": {"uv": [1, 1, 2, 3], "texture": "#1"},
				"east": {"uv": [1, 1, 2, 3], "texture": "#1"},
				"south": {"uv": [1, 1, 2, 3], "texture": "#1"},
				"west": {"uv": [1, 1, 2, 3], "texture": "#1"},
				"up": {"uv": [1, 1, 2, 3], "texture": "#1"},
				"down": {"uv": [1, 1, 2, 3], "texture": "#1"}
			}
		},
		{
			"from": [3.75, 3.5, 5],
			"to": [4.5, 4, 6.25],
			"rotation": {"angle": 0, "axis": "y", "origin": [7.84774, 3.78571, 4.64809]},
			"faces": {
				"north": {"uv": [1, 1, 2, 3], "texture": "#1"},
				"east": {"uv": [1, 1, 2, 3], "texture": "#1"},
				"south": {"uv": [1, 1, 2, 3], "texture": "#1"},
				"west": {"uv": [1, 1, 2, 3], "texture": "#1"},
				"up": {"uv": [1, 1, 2, 3], "texture": "#1"},
				"down": {"uv": [1, 1, 2, 3], "texture": "#1"}
			}
		},
		{
			"from": [3.75, 4, 5.25],
			"to": [4.5, 4.5, 6],
			"rotation": {"angle": 0, "axis": "y", "origin": [7.84774, 4.28571, 4.64809]},
			"faces": {
				"north": {"uv": [1, 1, 2, 3], "texture": "#1"},
				"east": {"uv": [1, 1, 2, 3], "texture": "#1"},
				"south": {"uv": [1, 1, 2, 3], "texture": "#1"},
				"west": {"uv": [1, 1, 2, 3], "texture": "#1"},
				"up": {"uv": [1, 1, 2, 3], "texture": "#1"},
				"down": {"uv": [1, 1, 2, 3], "texture": "#1"}
			}
		},
		{
			"from": [3.75, 4.5, 5.5],
			"to": [4.5, 5, 6],
			"rotation": {"angle": 0, "axis": "y", "origin": [7.84774, 4.78571, 4.64809]},
			"faces": {
				"north": {"uv": [1, 1, 2, 3], "texture": "#1"},
				"east": {"uv": [1, 1, 2, 3], "texture": "#1"},
				"south": {"uv": [1, 1, 2, 3], "texture": "#1"},
				"west": {"uv": [1, 1, 2, 3], "texture": "#1"},
				"up": {"uv": [1, 1, 2, 3], "texture": "#1"},
				"down": {"uv": [1, 1, 2, 3], "texture": "#1"}
			}
		},
		{
			"from": [4, 5, 5.75],
			"to": [4.25, 5.5, 6],
			"rotation": {"angle": 0, "axis": "y", "origin": [7.84774, 5.28571, 4.89809]},
			"faces": {
				"north": {"uv": [1, 1, 2, 3], "texture": "#1"},
				"east": {"uv": [1, 1, 2, 3], "texture": "#1"},
				"south": {"uv": [1, 1, 2, 3], "texture": "#1"},
				"west": {"uv": [1, 1, 2, 3], "texture": "#1"},
				"up": {"uv": [1, 1, 2, 3], "texture": "#1"},
				"down": {"uv": [1, 1, 2, 3], "texture": "#1"}
			}
		},
		{
			"from": [4, 4, 6],
			"to": [4.25, 5.75, 6.25],
			"rotation": {"angle": 0, "axis": "y", "origin": [7.84774, 5.28571, 5.14809]},
			"faces": {
				"north": {"uv": [1, 1, 2, 3], "texture": "#1"},
				"east": {"uv": [1, 1, 2, 3], "texture": "#1"},
				"south": {"uv": [1, 1, 2, 3], "texture": "#1"},
				"west": {"uv": [1, 1, 2, 3], "texture": "#1"},
				"up": {"uv": [1, 1, 2, 3], "texture": "#1"},
				"down": {"uv": [1, 1, 2, 3], "texture": "#1"}
			}
		},
		{
			"from": [4, 3.25, 6.25],
			"to": [4.25, 5, 6.5],
			"rotation": {"angle": 0, "axis": "y", "origin": [7.84774, 4.53571, 5.39809]},
			"faces": {
				"north": {"uv": [1, 1, 2, 3], "texture": "#1"},
				"east": {"uv": [1, 1, 2, 3], "texture": "#1"},
				"south": {"uv": [1, 1, 2, 3], "texture": "#1"},
				"west": {"uv": [1, 1, 2, 3], "texture": "#1"},
				"up": {"uv": [1, 1, 2, 3], "texture": "#1"},
				"down": {"uv": [1, 1, 2, 3], "texture": "#1"}
			}
		},
		{
			"from": [10.75, 3.25, 6.25],
			"to": [11, 5, 6.5],
			"rotation": {"angle": 0, "axis": "y", "origin": [14.59774, 4.53571, 5.39809]},
			"faces": {
				"north": {"uv": [1, 1, 2, 3], "texture": "#1"},
				"east": {"uv": [1, 1, 2, 3], "texture": "#1"},
				"south": {"uv": [1, 1, 2, 3], "texture": "#1"},
				"west": {"uv": [1, 1, 2, 3], "texture": "#1"},
				"up": {"uv": [1, 1, 2, 3], "texture": "#1"},
				"down": {"uv": [1, 1, 2, 3], "texture": "#1"}
			}
		},
		{
			"from": [4.25, 4, 6],
			"to": [4.5, 4.75, 6.25],
			"rotation": {"angle": 0, "axis": "y", "origin": [8.09774, 5.28571, 5.14809]},
			"faces": {
				"north": {"uv": [1, 1, 2, 3], "texture": "#1"},
				"east": {"uv": [1, 1, 2, 3], "texture": "#1"},
				"south": {"uv": [1, 1, 2, 3], "texture": "#1"},
				"west": {"uv": [1, 1, 2, 3], "texture": "#1"},
				"up": {"uv": [1, 1, 2, 3], "texture": "#1"},
				"down": {"uv": [1, 1, 2, 3], "texture": "#1"}
			}
		},
		{
			"from": [3.75, 4, 6],
			"to": [4, 4.75, 6.25],
			"rotation": {"angle": 0, "axis": "y", "origin": [7.59774, 5.28571, 5.14809]},
			"faces": {
				"north": {"uv": [1, 1, 2, 3], "texture": "#1"},
				"east": {"uv": [1, 1, 2, 3], "texture": "#1"},
				"south": {"uv": [1, 1, 2, 3], "texture": "#1"},
				"west": {"uv": [1, 1, 2, 3], "texture": "#1"},
				"up": {"uv": [1, 1, 2, 3], "texture": "#1"},
				"down": {"uv": [1, 1, 2, 3], "texture": "#1"}
			}
		}
	],
	"display": {
		"thirdperson_righthand": {
			"translation": [0, 3.5, 1.25],
			"scale": [0.69, 0.69, 0.69]
		},
		"thirdperson_lefthand": {
			"translation": [0, 3.5, 1.25],
			"scale": [0.69, 0.69, 0.69]
		},
		"firstperson_righthand": {
			"translation": [0.75, 6.25, 2]
		},
		"firstperson_lefthand": {
			"translation": [0.75, 6.25, 2]
		},
		"ground": {
			"translation": [0, 6.25, 0]
		},
		"gui": {
			"rotation": [46, -133, 27],
			"translation": [-1, 11, 0],
			"scale": [2.11, 2.11, 2.11]
		},
		"head": {
			"rotation": [-5, 0, 0],
			"translation": [0.5, 12.25, -2.25],
			"scale": [0.97, 1, 1]
		},
		"fixed": {
			"translation": [0, 4.5, -3.75]
		}
	},
	"groups": [
		{
			"name": "Headband",
			"origin": [8, 8, 8],
			"children": [0, 1, 2, 3, 4, 5, 6, 7, 8, 9, 10, 11, 12, 13, 14, 15, 16, 17, 18, 19, 20, 21, 22, 23, 24, 25, 26, 27, 28, 29, 30, 31, 32, 33]
		},
		{
			"name": "Le horns",
			"origin": [8, 8, 8],
			"children": [34, 35, 36, 37, 38, 39, 40, 41, 42, 43, 44, 45, 46, 47, 48, 49, 50, 51, 52, 53, 54]
		},
		{
			"name": "Le horns",
			"origin": [8, 8, 8],
			"children": [55, 56, 57, 58, 59, 60, 61, 62, 63, 64, 65, 66, 67, 68, 69, 70, 71, 72, 73, 74, 75, 76, 77]
		}
	]
}