{
	"credit": "Made with Blockbench",
	"textures": {
		"0": "paradisu:custom/symbol",
		"particle": "paradisu:custom/symbol"
	},
	"elements": [
		{
			"from": [0, 0, 8],
			"to": [16, 16, 8.01],
			"faces": {
				"north": {"uv": [0, 12, 4, 16], "rotation": 180, "texture": "#0"},
				"south": {"uv": [0, 12, 4, 16], "rotation": 180, "texture": "#0"}
			}
		}
	],
	"display": {
		"thirdperson_righthand": {
			"translation": [0, 4.5, -0.25]
		},
		"thirdperson_lefthand": {
			"translation": [0, 4.5, -0.25]
		},
		"firstperson_righthand": {
			"translation": [0, 3.75, 2.5],
			"scale": [0.5, 0.5, 0.5]
		},
		"firstperson_lefthand": {
			"translation": [0, 3.75, 2.5],
			"scale": [0.5, 0.5, 0.5]
		},
		"gui": {
			"scale": [1.1, 1.1, 1.1]
		},
		"head": {
			"translation": [0, 0, -6.75]
		},
		"fixed": {
			"translation": [0, 0, -0.5],
			"scale": [2, 2, 2]
		}
	}
}