{
	"credit": "Made with Blockbench",
	"textures": {
		"0": "block/lime_concrete",
		"1": "block/lapis_block",
		"2": "block/yellow_concrete",
		"3": "paradisu:custom/whiteluigi",
		"4": "block/black_concrete",
		"5": "block/white_concrete",
		"particle": "block/lime_concrete"
	},
	"elements": [
		{
			"from": [6.5, 0, 4],
			"to": [9.5, 0.7, 9],
			"rotation": {"angle": 0, "axis": "y", "origin": [15.5, 8, 12]},
			"faces": {
				"north": {"uv": [0, 0, 3, 0.7], "texture": "#0"},
				"east": {"uv": [0, 0, 5, 0.7], "texture": "#0"},
				"south": {"uv": [0, 0, 3, 0.7], "texture": "#0"},
				"west": {"uv": [0, 0, 5, 0.7], "texture": "#0"},
				"up": {"uv": [0, 0, 3, 5], "texture": "#0"},
				"down": {"uv": [0, 0, 3, 5], "texture": "#0"}
			}
		},
		{
			"from": [8.7, -0.1, 7.1],
			"to": [9.2, 0.6, 8.7],
			"rotation": {"angle": 0, "axis": "y", "origin": [15.2, 7.9, 12]},
			"faces": {
				"north": {"uv": [0, 0, 0.5, 0.7], "texture": "#4"},
				"east": {"uv": [0, 0, 1.6, 0.7], "texture": "#4"},
				"south": {"uv": [0, 0, 0.5, 0.7], "texture": "#4"},
				"west": {"uv": [0, 0, 1.6, 0.7], "texture": "#4"},
				"up": {"uv": [0, 0, 0.5, 1.6], "texture": "#4"},
				"down": {"uv": [0, 0, 0.5, 1.6], "texture": "#4"}
			}
		},
		{
			"from": [8.8, -0.11, 8],
			"to": [9, 0.59, 8.6],
			"rotation": {"angle": 0, "axis": "y", "origin": [15.2, 7.9, 12]},
			"faces": {
				"north": {"uv": [0, 0, 0.2, 0.7], "texture": "#5"},
				"east": {"uv": [0, 0, 0.6, 0.7], "texture": "#5"},
				"south": {"uv": [0, 0, 0.2, 0.7], "texture": "#5"},
				"west": {"uv": [0, 0, 0.6, 0.7], "texture": "#5"},
				"up": {"uv": [0, 0, 0.2, 0.6], "texture": "#5"},
				"down": {"uv": [0, 0, 0.2, 0.6], "texture": "#5"}
			}
		},
		{
			"from": [6.8, -0.1, 7.1],
			"to": [7.3, 0.6, 8.7],
			"rotation": {"angle": 0, "axis": "y", "origin": [13.3, 7.9, 12]},
			"faces": {
				"north": {"uv": [0, 0, 0.5, 0.7], "texture": "#4"},
				"east": {"uv": [0, 0, 1.6, 0.7], "texture": "#4"},
				"south": {"uv": [0, 0, 0.5, 0.7], "texture": "#4"},
				"west": {"uv": [0, 0, 1.6, 0.7], "texture": "#4"},
				"up": {"uv": [0, 0, 0.5, 1.6], "texture": "#4"},
				"down": {"uv": [0, 0, 0.5, 1.6], "texture": "#4"}
			}
		},
		{
			"from": [7, -0.11, 8],
			"to": [7.2, 0.59, 8.6],
			"rotation": {"angle": 0, "axis": "y", "origin": [13.3, 7.9, 12]},
			"faces": {
				"north": {"uv": [0, 0, 0.2, 0.7], "texture": "#5"},
				"east": {"uv": [0, 0, 0.6, 0.7], "texture": "#5"},
				"south": {"uv": [0, 0, 0.2, 0.7], "texture": "#5"},
				"west": {"uv": [0, 0, 0.6, 0.7], "texture": "#5"},
				"up": {"uv": [0, 0, 0.2, 0.6], "texture": "#5"},
				"down": {"uv": [0, 0, 0.2, 0.6], "texture": "#5"}
			}
		},
		{
			"from": [6.5, 0, 9],
			"to": [9.5, 0.7, 12],
			"rotation": {"angle": 0, "axis": "y", "origin": [15.5, 8, 17]},
			"faces": {
				"north": {"uv": [0, 0, 3, 0.7], "texture": "#1"},
				"east": {"uv": [0, 0, 3, 0.7], "texture": "#0"},
				"south": {"uv": [0, 0, 1, 1], "texture": "#1"},
				"west": {"uv": [0, 0, 3, 0.7], "texture": "#0"},
				"up": {"uv": [0, 0, 3, 3], "texture": "#0"},
				"down": {"uv": [0, 0, 1, 1], "texture": "#1"}
			}
		},
		{
			"from": [6.5, 7.7, 4],
			"to": [9.5, 8.4, 12],
			"rotation": {"angle": 0, "axis": "y", "origin": [15.5, 15.4, 12]},
			"faces": {
				"north": {"uv": [0, 0, 3, 0.7], "texture": "#0"},
				"east": {"uv": [0, 0, 8, 0.7], "texture": "#0"},
				"south": {"uv": [0, 0, 3, 0.7], "texture": "#0"},
				"west": {"uv": [0, 0, 8, 0.7], "texture": "#0"},
				"up": {"uv": [0, 0, 3, 8], "texture": "#0"},
				"down": {"uv": [0, 0, 3, 8], "texture": "#0"}
			}
		},
		{
			"from": [6.5, 0.7, 11.3],
			"to": [9.5, 7.7, 12],
			"rotation": {"angle": 0, "axis": "y", "origin": [15.5, 14.7, 12]},
			"faces": {
				"north": {"uv": [0, 0, 3, 7], "texture": "#0"},
				"east": {"uv": [0, 0, 0.7, 7], "texture": "#0"},
				"south": {"uv": [0, 0, 1, 1], "texture": "#1"},
				"west": {"uv": [0, 0, 0.7, 7], "texture": "#0"},
				"up": {"uv": [0, 0, 3, 0.7], "texture": "#1"},
				"down": {"uv": [0, 0, 3, 0.7], "texture": "#1"}
			}
		},
		{
			"from": [6.5, 0.7, 4],
			"to": [9.5, 7.7, 4.7],
			"rotation": {"angle": 0, "axis": "y", "origin": [15.5, 14.7, 5]},
			"faces": {
				"north": {"uv": [0, 0, 3, 7], "texture": "#0"},
				"east": {"uv": [0, 0, 0.7, 7], "texture": "#0"},
				"south": {"uv": [0, 0, 3, 7], "texture": "#0"},
				"west": {"uv": [0, 0, 0.7, 7], "texture": "#0"},
				"up": {"uv": [0, 0, 3, 0.7], "texture": "#0"},
				"down": {"uv": [0, 0, 3, 0.7], "texture": "#0"}
			}
		},
		{
			"name": "hexadecagon",
			"from": [7.50272, 7.7, 5.5],
			"to": [8.49728, 8.41, 10.5],
			"rotation": {"angle": -45, "axis": "y", "origin": [8, 7.9, 8]},
			"faces": {
				"north": {"uv": [0, 0, 1, 1], "texture": "#0"},
				"east": {"uv": [0, 0, 1, 1], "texture": "#0"},
				"south": {"uv": [0, 0, 1, 1], "texture": "#0"},
				"west": {"uv": [0, 0, 1, 1], "texture": "#0"},
				"up": {"uv": [0, 0, 1, 1], "texture": "#1"},
				"down": {"uv": [0, 0, 1, 1], "texture": "#0"}
			}
		},
		{
			"name": "hexadecagon",
			"from": [7.50272, 7.7, 5.5],
			"to": [8.49728, 8.41, 10.5],
			"rotation": {"angle": -22.5, "axis": "y", "origin": [8, 7.9, 8]},
			"faces": {
				"north": {"uv": [0, 0, 1, 1], "texture": "#0"},
				"east": {"uv": [0, 0, 1, 1], "texture": "#0"},
				"south": {"uv": [0, 0, 1, 1], "texture": "#0"},
				"west": {"uv": [0, 0, 1, 1], "texture": "#0"},
				"up": {"uv": [0, 0, 1, 1], "texture": "#1"},
				"down": {"uv": [0, 0, 1, 1], "texture": "#0"}
			}
		},
		{
			"name": "hexadecagon",
			"from": [7.50272, 7.7, 5.5],
			"to": [8.49728, 8.41, 10.5],
			"rotation": {"angle": 0, "axis": "y", "origin": [8, 7.9, 8]},
			"faces": {
				"north": {"uv": [0, 0, 1, 1], "texture": "#0"},
				"east": {"uv": [0, 0, 1, 1], "texture": "#0"},
				"south": {"uv": [0, 0, 1, 1], "texture": "#0"},
				"west": {"uv": [0, 0, 1, 1], "texture": "#0"},
				"up": {"uv": [0, 0, 1, 1], "texture": "#1"},
				"down": {"uv": [0, 0, 1, 1], "texture": "#0"}
			}
		},
		{
			"name": "hexadecagon",
			"from": [5.70272, 8.41, 5.75],
			"to": [10.20272, 8.42, 10.25],
			"rotation": {"angle": 0, "axis": "y", "origin": [8, 7.9, 7.7]},
			"faces": {
				"up": {"uv": [0, 0, 16, 16], "texture": "#3"}
			}
		},
		{
			"name": "hexadecagon",
			"from": [7.50272, 7.7, 5.5],
			"to": [8.49728, 8.41, 10.5],
			"rotation": {"angle": 22.5, "axis": "y", "origin": [8, 7.9, 8]},
			"faces": {
				"north": {"uv": [0, 0, 1, 1], "texture": "#0"},
				"east": {"uv": [0, 0, 1, 1], "texture": "#0"},
				"south": {"uv": [0, 0, 1, 1], "texture": "#0"},
				"west": {"uv": [0, 0, 1, 1], "texture": "#0"},
				"up": {"uv": [0, 0, 1, 1], "texture": "#1"},
				"down": {"uv": [0, 0, 1, 1], "texture": "#0"}
			}
		},
		{
			"name": "hexadecagon",
			"from": [7.50272, 7.7, 5.5],
			"to": [8.49728, 8.41, 10.5],
			"rotation": {"angle": 45, "axis": "y", "origin": [8, 7.9, 8]},
			"faces": {
				"north": {"uv": [0, 0, 1, 1], "texture": "#0"},
				"east": {"uv": [0, 0, 1, 1], "texture": "#0"},
				"south": {"uv": [0, 0, 1, 1], "texture": "#0"},
				"west": {"uv": [0, 0, 1, 1], "texture": "#0"},
				"up": {"uv": [0, 0, 1, 1], "texture": "#1"},
				"down": {"uv": [0, 0, 1, 1], "texture": "#0"}
			}
		},
		{
			"name": "hexadecagon",
			"from": [5.5, 7.7, 7.50272],
			"to": [10.5, 8.41, 8.49728],
			"rotation": {"angle": -22.5, "axis": "y", "origin": [8, 7.9, 8]},
			"faces": {
				"north": {"uv": [0, 0, 1, 1], "texture": "#0"},
				"east": {"uv": [0, 0, 1, 1], "texture": "#0"},
				"south": {"uv": [0, 0, 1, 1], "texture": "#0"},
				"west": {"uv": [0, 0, 1, 1], "texture": "#0"},
				"up": {"uv": [0, 0, 1, 1], "texture": "#1"},
				"down": {"uv": [0, 0, 1, 1], "texture": "#0"}
			}
		},
		{
			"name": "hexadecagon",
			"from": [5.5, 7.7, 7.50272],
			"to": [10.5, 8.41, 8.49728],
			"rotation": {"angle": 0, "axis": "y", "origin": [8, 7.9, 8]},
			"faces": {
				"north": {"uv": [0, 0, 1, 1], "texture": "#0"},
				"east": {"uv": [0, 0, 1, 1], "texture": "#0"},
				"south": {"uv": [0, 0, 1, 1], "texture": "#0"},
				"west": {"uv": [0, 0, 1, 1], "texture": "#0"},
				"up": {"uv": [0, 0, 1, 1], "texture": "#1"},
				"down": {"uv": [0, 0, 1, 1], "texture": "#0"}
			}
		},
		{
			"name": "hexadecagon",
			"from": [5.5, 7.7, 7.50272],
			"to": [10.5, 8.41, 8.49728],
			"rotation": {"angle": 22.5, "axis": "y", "origin": [8, 7.9, 8]},
			"faces": {
				"north": {"uv": [0, 0, 1, 1], "texture": "#0"},
				"east": {"uv": [0, 0, 1, 1], "texture": "#0"},
				"south": {"uv": [0, 0, 1, 1], "texture": "#0"},
				"west": {"uv": [0, 0, 1, 1], "texture": "#0"},
				"up": {"uv": [0, 0, 1, 1], "texture": "#1"},
				"down": {"uv": [0, 0, 1, 1], "texture": "#0"}
			}
		},
		{
			"name": "hexadecagon",
			"from": [7.10054, 6.3, 11.5],
			"to": [7.29946, 7.3, 12.1],
			"rotation": {"angle": -45, "axis": "z", "origin": [7.2, 6.8, 11.6]},
			"faces": {
				"north": {"uv": [0, 0, 1, 1], "texture": "#2"},
				"east": {"uv": [0, 0, 1, 1], "texture": "#2"},
				"south": {"uv": [0, 0, 1, 1], "texture": "#2"},
				"west": {"uv": [0, 0, 1, 1], "texture": "#2"},
				"up": {"uv": [0, 0, 1, 1], "texture": "#2"},
				"down": {"uv": [0, 0, 1, 1], "texture": "#2"}
			}
		},
		{
			"name": "hexadecagon",
			"from": [7.10054, 6.3, 11.5],
			"to": [7.29946, 7.3, 12.1],
			"rotation": {"angle": -22.5, "axis": "z", "origin": [7.2, 6.8, 11.6]},
			"faces": {
				"north": {"uv": [0, 0, 1, 1], "texture": "#2"},
				"east": {"uv": [0, 0, 1, 1], "texture": "#2"},
				"south": {"uv": [0, 0, 1, 1], "texture": "#2"},
				"west": {"uv": [0, 0, 1, 1], "texture": "#2"},
				"up": {"uv": [0, 0, 1, 1], "texture": "#2"},
				"down": {"uv": [0, 0, 1, 1], "texture": "#2"}
			}
		},
		{
			"name": "hexadecagon",
			"from": [7.10054, 6.3, 11.5],
			"to": [7.29946, 7.3, 12.1],
			"rotation": {"angle": 0, "axis": "z", "origin": [7.2, 6.8, 11.6]},
			"faces": {
				"north": {"uv": [0, 0, 1, 1], "texture": "#2"},
				"east": {"uv": [0, 0, 1, 1], "texture": "#2"},
				"south": {"uv": [0, 0, 1, 1], "texture": "#2"},
				"west": {"uv": [0, 0, 1, 1], "texture": "#2"},
				"up": {"uv": [0, 0, 1, 1], "texture": "#2"},
				"down": {"uv": [0, 0, 1, 1], "texture": "#2"}
			}
		},
		{
			"name": "hexadecagon",
			"from": [7.10054, 6.3, 11.5],
			"to": [7.29946, 7.3, 12.1],
			"rotation": {"angle": 22.5, "axis": "z", "origin": [7.2, 6.8, 11.6]},
			"faces": {
				"north": {"uv": [0, 0, 1, 1], "texture": "#2"},
				"east": {"uv": [0, 0, 1, 1], "texture": "#2"},
				"south": {"uv": [0, 0, 1, 1], "texture": "#2"},
				"west": {"uv": [0, 0, 1, 1], "texture": "#2"},
				"up": {"uv": [0, 0, 1, 1], "texture": "#2"},
				"down": {"uv": [0, 0, 1, 1], "texture": "#2"}
			}
		},
		{
			"name": "hexadecagon",
			"from": [7.10054, 6.3, 11.5],
			"to": [7.29946, 7.3, 12.1],
			"rotation": {"angle": 45, "axis": "z", "origin": [7.2, 6.8, 11.6]},
			"faces": {
				"north": {"uv": [0, 0, 1, 1], "texture": "#2"},
				"east": {"uv": [0, 0, 1, 1], "texture": "#2"},
				"south": {"uv": [0, 0, 1, 1], "texture": "#2"},
				"west": {"uv": [0, 0, 1, 1], "texture": "#2"},
				"up": {"uv": [0, 0, 1, 1], "texture": "#2"},
				"down": {"uv": [0, 0, 1, 1], "texture": "#2"}
			}
		},
		{
			"name": "hexadecagon",
			"from": [6.7, 6.70054, 11.5],
			"to": [7.7, 6.89946, 12.1],
			"rotation": {"angle": -22.5, "axis": "z", "origin": [7.2, 6.8, 11.6]},
			"faces": {
				"north": {"uv": [0, 0, 1, 1], "texture": "#2"},
				"east": {"uv": [0, 0, 1, 1], "texture": "#2"},
				"south": {"uv": [0, 0, 1, 1], "texture": "#2"},
				"west": {"uv": [0, 0, 1, 1], "texture": "#2"},
				"up": {"uv": [0, 0, 1, 1], "texture": "#2"},
				"down": {"uv": [0, 0, 1, 1], "texture": "#2"}
			}
		},
		{
			"name": "hexadecagon",
			"from": [6.7, 6.70054, 11.5],
			"to": [7.7, 6.89946, 12.1],
			"rotation": {"angle": 0, "axis": "z", "origin": [7.2, 6.8, 11.6]},
			"faces": {
				"north": {"uv": [0, 0, 1, 1], "texture": "#2"},
				"east": {"uv": [0, 0, 1, 1], "texture": "#2"},
				"south": {"uv": [0, 0, 1, 1], "texture": "#2"},
				"west": {"uv": [0, 0, 1, 1], "texture": "#2"},
				"up": {"uv": [0, 0, 1, 1], "texture": "#2"},
				"down": {"uv": [0, 0, 1, 1], "texture": "#2"}
			}
		},
		{
			"name": "hexadecagon",
			"from": [6.7, 6.70054, 11.5],
			"to": [7.7, 6.89946, 12.1],
			"rotation": {"angle": 22.5, "axis": "z", "origin": [7.2, 6.8, 11.6]},
			"faces": {
				"north": {"uv": [0, 0, 1, 1], "texture": "#2"},
				"east": {"uv": [0, 0, 1, 1], "texture": "#2"},
				"south": {"uv": [0, 0, 1, 1], "texture": "#2"},
				"west": {"uv": [0, 0, 1, 1], "texture": "#2"},
				"up": {"uv": [0, 0, 1, 1], "texture": "#2"},
				"down": {"uv": [0, 0, 1, 1], "texture": "#2"}
			}
		},
		{
			"name": "hexadecagon",
			"from": [8.70054, 6.3, 11.5],
			"to": [8.89946, 7.3, 12.1],
			"rotation": {"angle": -45, "axis": "z", "origin": [8.8, 6.8, 11.6]},
			"faces": {
				"north": {"uv": [0, 0, 1, 1], "texture": "#2"},
				"east": {"uv": [0, 0, 1, 1], "texture": "#2"},
				"south": {"uv": [0, 0, 1, 1], "texture": "#2"},
				"west": {"uv": [0, 0, 1, 1], "texture": "#2"},
				"up": {"uv": [0, 0, 1, 1], "texture": "#2"},
				"down": {"uv": [0, 0, 1, 1], "texture": "#2"}
			}
		},
		{
			"name": "hexadecagon",
			"from": [8.70054, 6.3, 11.5],
			"to": [8.89946, 7.3, 12.1],
			"rotation": {"angle": -22.5, "axis": "z", "origin": [8.8, 6.8, 11.6]},
			"faces": {
				"north": {"uv": [0, 0, 1, 1], "texture": "#2"},
				"east": {"uv": [0, 0, 1, 1], "texture": "#2"},
				"south": {"uv": [0, 0, 1, 1], "texture": "#2"},
				"west": {"uv": [0, 0, 1, 1], "texture": "#2"},
				"up": {"uv": [0, 0, 1, 1], "texture": "#2"},
				"down": {"uv": [0, 0, 1, 1], "texture": "#2"}
			}
		},
		{
			"name": "hexadecagon",
			"from": [8.70054, 6.3, 11.5],
			"to": [8.89946, 7.3, 12.1],
			"rotation": {"angle": 0, "axis": "z", "origin": [8.8, 6.8, 11.6]},
			"faces": {
				"north": {"uv": [0, 0, 1, 1], "texture": "#2"},
				"east": {"uv": [0, 0, 1, 1], "texture": "#2"},
				"south": {"uv": [0, 0, 1, 1], "texture": "#2"},
				"west": {"uv": [0, 0, 1, 1], "texture": "#2"},
				"up": {"uv": [0, 0, 1, 1], "texture": "#2"},
				"down": {"uv": [0, 0, 1, 1], "texture": "#2"}
			}
		},
		{
			"name": "hexadecagon",
			"from": [8.70054, 6.3, 11.5],
			"to": [8.89946, 7.3, 12.1],
			"rotation": {"angle": 22.5, "axis": "z", "origin": [8.8, 6.8, 11.6]},
			"faces": {
				"north": {"uv": [0, 0, 1, 1], "texture": "#2"},
				"east": {"uv": [0, 0, 1, 1], "texture": "#2"},
				"south": {"uv": [0, 0, 1, 1], "texture": "#2"},
				"west": {"uv": [0, 0, 1, 1], "texture": "#2"},
				"up": {"uv": [0, 0, 1, 1], "texture": "#2"},
				"down": {"uv": [0, 0, 1, 1], "texture": "#2"}
			}
		},
		{
			"name": "hexadecagon",
			"from": [8.70054, 6.3, 11.5],
			"to": [8.89946, 7.3, 12.1],
			"rotation": {"angle": 45, "axis": "z", "origin": [8.8, 6.8, 11.6]},
			"faces": {
				"north": {"uv": [0, 0, 1, 1], "texture": "#2"},
				"east": {"uv": [0, 0, 1, 1], "texture": "#2"},
				"south": {"uv": [0, 0, 1, 1], "texture": "#2"},
				"west": {"uv": [0, 0, 1, 1], "texture": "#2"},
				"up": {"uv": [0, 0, 1, 1], "texture": "#2"},
				"down": {"uv": [0, 0, 1, 1], "texture": "#2"}
			}
		},
		{
			"name": "hexadecagon",
			"from": [8.3, 6.70054, 11.5],
			"to": [9.3, 6.89946, 12.1],
			"rotation": {"angle": -22.5, "axis": "z", "origin": [8.8, 6.8, 11.6]},
			"faces": {
				"north": {"uv": [0, 0, 1, 1], "texture": "#2"},
				"east": {"uv": [0, 0, 1, 1], "texture": "#2"},
				"south": {"uv": [0, 0, 1, 1], "texture": "#2"},
				"west": {"uv": [0, 0, 1, 1], "texture": "#2"},
				"up": {"uv": [0, 0, 1, 1], "texture": "#2"},
				"down": {"uv": [0, 0, 1, 1], "texture": "#2"}
			}
		},
		{
			"name": "hexadecagon",
			"from": [8.3, 6.70054, 11.5],
			"to": [9.3, 6.89946, 12.1],
			"rotation": {"angle": 0, "axis": "z", "origin": [8.8, 6.8, 11.6]},
			"faces": {
				"north": {"uv": [0, 0, 1, 1], "texture": "#2"},
				"east": {"uv": [0, 0, 1, 1], "texture": "#2"},
				"south": {"uv": [0, 0, 1, 1], "texture": "#2"},
				"west": {"uv": [0, 0, 1, 1], "texture": "#2"},
				"up": {"uv": [0, 0, 1, 1], "texture": "#2"},
				"down": {"uv": [0, 0, 1, 1], "texture": "#2"}
			}
		},
		{
			"name": "hexadecagon",
			"from": [8.3, 6.70054, 11.5],
			"to": [9.3, 6.89946, 12.1],
			"rotation": {"angle": 22.5, "axis": "z", "origin": [8.8, 6.8, 11.6]},
			"faces": {
				"north": {"uv": [0, 0, 1, 1], "texture": "#2"},
				"east": {"uv": [0, 0, 1, 1], "texture": "#2"},
				"south": {"uv": [0, 0, 1, 1], "texture": "#2"},
				"west": {"uv": [0, 0, 1, 1], "texture": "#2"},
				"up": {"uv": [0, 0, 1, 1], "texture": "#2"},
				"down": {"uv": [0, 0, 1, 1], "texture": "#2"}
			}
		}
	],
	"display": {
		"thirdperson_righthand": {
			"rotation": [0, -90, 0],
			"translation": [0, 0.125, 3],
			"scale": [0.6, 0.6, 0.6]
		},
		"thirdperson_lefthand": {
			"rotation": [0, -90, 0],
			"translation": [0, 0.125, 3],
			"scale": [0.6, 0.6, 0.6]
		},
		"firstperson_righthand": {
			"translation": [4.75, 1, 0],
			"scale": [0.2, 0.2, 0.2]
		},
		"firstperson_lefthand": {
			"translation": [4.75, 1, 0],
			"scale": [0.2, 0.2, 0.2]
		},
		"ground": {
			"scale": [0.5, 0.5, 0.5]
		},
		"gui": {
			"rotation": [85, 0, -12.5],
			"translation": [0.75, 0.25, 0]
		},
		"head": {
			"rotation": [-90, -180, 0],
			"translation": [0, 0, -7],
			"scale": [1.8, 1.8, 1.8]
		},
		"fixed": {
			"rotation": [90, 0, -180],
			"translation": [0, 0, -3.75],
			"scale": [1.5, 1.5, 1.5]
		}
	},
	"groups": [0, 1, 2, 3, 4, 5, 6, 7, 8,
		{
			"name": "hexadecagon",
			"origin": [8, 8, 8],
			"children": [9, 10, 11, 12, 13, 14, 15, 16, 17]
		},
		{
			"name": "hexadecagon",
			"origin": [8, 8, 8],
			"children": [18, 19, 20, 21, 22, 23, 24, 25]
		},
		{
			"name": "hexadecagon",
			"origin": [8, 8, 8],
			"children": [26, 27, 28, 29, 30, 31, 32, 33]
		}
	]
}