{
	"credit": "Made with Blockbench",
	"texture_size": [128, 128],
	"textures": {
		"1": "block/orange_terracotta",
		"2": "block/gray_concrete",
		"3": "block/light_gray_concrete",
		"4": "block/white_concrete",
		"5": "block/black_concrete",
		"6": "paradisu:custom/shuttleboosters",
		"particle": "paradisu:custom/shuttleboosters"
	},
	"elements": [
		{
			"from": [12, -9, 13],
			"to": [13, 15, 16],
			"faces": {
				"north": {"uv": [6.375, 6.375, 6.5, 9.375], "texture": "#6"},
				"east": {"uv": [6, 6.375, 6.375, 9.375], "texture": "#6"},
				"south": {"uv": [6.875, 6.375, 7, 9.375], "texture": "#6"},
				"west": {"uv": [6.5, 6.375, 6.875, 9.375], "texture": "#6"},
				"up": {"uv": [6.5, 6.375, 6.375, 6], "texture": "#6"},
				"down": {"uv": [6.625, 6, 6.5, 6.375], "texture": "#6"}
			}
		},
		{
			"from": [6, -10, 12],
			"to": [11, 19, 17],
			"faces": {
				"north": {"uv": [0.625, 0.625, 1.25, 4.25], "texture": "#6"},
				"east": {"uv": [0, 0.625, 0.625, 4.25], "texture": "#6"},
				"south": {"uv": [1.875, 0.625, 2.5, 4.25], "texture": "#6"},
				"west": {"uv": [1.25, 0.625, 1.875, 4.25], "texture": "#6"},
				"up": {"uv": [1.25, 0.625, 0.625, 0], "texture": "#6"},
				"down": {"uv": [1.875, 0, 1.25, 0.625], "texture": "#6"}
			}
		},
		{
			"from": [6, -9, 11],
			"to": [11, 17, 12],
			"faces": {
				"north": {"uv": [4.375, 0.125, 5, 3.375], "texture": "#6"},
				"east": {"uv": [4.25, 0.125, 4.375, 3.375], "texture": "#6"},
				"south": {"uv": [5.125, 0.125, 5.75, 3.375], "texture": "#6"},
				"west": {"uv": [5, 0.125, 5.125, 3.375], "texture": "#6"},
				"up": {"uv": [5, 0.125, 4.375, 0], "texture": "#6"},
				"down": {"uv": [5.625, 0, 5, 0.125], "texture": "#6"}
			}
		},
		{
			"from": [6, -9, 17],
			"to": [11, 17, 18],
			"faces": {
				"north": {"uv": [0.125, 4.375, 0.75, 7.625], "texture": "#6"},
				"east": {"uv": [0, 4.375, 0.125, 7.625], "texture": "#6"},
				"south": {"uv": [0.875, 4.375, 1.5, 7.625], "texture": "#6"},
				"west": {"uv": [0.75, 4.375, 0.875, 7.625], "texture": "#6"},
				"up": {"uv": [0.75, 4.375, 0.125, 4.25], "texture": "#6"},
				"down": {"uv": [1.375, 4.25, 0.75, 4.375], "texture": "#6"}
			}
		},
		{
			"from": [11, -9, 12],
			"to": [12, 17, 17],
			"faces": {
				"north": {"uv": [4, 3.875, 4.125, 7.125], "texture": "#6"},
				"east": {"uv": [3.375, 3.875, 4, 7.125], "texture": "#6"},
				"south": {"uv": [4.75, 3.875, 4.875, 7.125], "texture": "#6"},
				"west": {"uv": [4.125, 3.875, 4.75, 7.125], "texture": "#6"},
				"up": {"uv": [4.125, 3.875, 4, 3.25], "texture": "#6"},
				"down": {"uv": [4.25, 3.25, 4.125, 3.875], "texture": "#6"}
			}
		},
		{
			"from": [5, -9, 12],
			"to": [6, 17, 17],
			"faces": {
				"north": {"uv": [3.125, 0.625, 3.25, 3.875], "texture": "#6"},
				"east": {"uv": [2.5, 0.625, 3.125, 3.875], "texture": "#6"},
				"south": {"uv": [3.875, 0.625, 4, 3.875], "texture": "#6"},
				"west": {"uv": [3.25, 0.625, 3.875, 3.875], "texture": "#6"},
				"up": {"uv": [3.25, 0.625, 3.125, 0], "texture": "#6"},
				"down": {"uv": [3.375, 0, 3.25, 0.625], "texture": "#6"}
			}
		},
		{
			"from": [7, -9, 18],
			"to": [10, 15, 19],
			"faces": {
				"north": {"uv": [6.75, 3.375, 7.125, 6.375], "texture": "#6"},
				"east": {"uv": [6.625, 3.375, 6.75, 6.375], "texture": "#6"},
				"south": {"uv": [7.25, 3.375, 7.625, 6.375], "texture": "#6"},
				"west": {"uv": [7.125, 3.375, 7.25, 6.375], "texture": "#6"},
				"up": {"uv": [7.125, 3.375, 6.75, 3.25], "texture": "#6"},
				"down": {"uv": [7.5, 3.25, 7.125, 3.375], "texture": "#6"}
			}
		},
		{
			"from": [7, -9, 10],
			"to": [10, 15, 11],
			"faces": {
				"north": {"uv": [5, 6.5, 5.375, 9.5], "texture": "#6"},
				"east": {"uv": [4.875, 6.5, 5, 9.5], "texture": "#6"},
				"south": {"uv": [5.5, 6.5, 5.875, 9.5], "texture": "#6"},
				"west": {"uv": [5.375, 6.5, 5.5, 9.5], "texture": "#6"},
				"up": {"uv": [5.375, 6.5, 5, 6.375], "texture": "#6"},
				"down": {"uv": [5.75, 6.375, 5.375, 6.5], "texture": "#6"}
			}
		},
		{
			"from": [4, -9, 13],
			"to": [5, 15, 16],
			"faces": {
				"north": {"uv": [6.125, 0.375, 6.25, 3.375], "texture": "#6"},
				"east": {"uv": [5.75, 0.375, 6.125, 3.375], "texture": "#6"},
				"south": {"uv": [6.625, 0.375, 6.75, 3.375], "texture": "#6"},
				"west": {"uv": [6.25, 0.375, 6.625, 3.375], "texture": "#6"},
				"up": {"uv": [6.25, 0.375, 6.125, 0], "texture": "#6"},
				"down": {"uv": [6.375, 0, 6.25, 0.375], "texture": "#6"}
			}
		},
		{
			"from": [13, 5, 14],
			"to": [14, 6, 15],
			"faces": {
				"north": {"uv": [8.125, 8.5, 8.25, 8.625], "texture": "#6"},
				"east": {"uv": [8, 8.5, 8.125, 8.625], "texture": "#6"},
				"south": {"uv": [8.375, 8.5, 8.5, 8.625], "texture": "#6"},
				"west": {"uv": [8.25, 8.5, 8.375, 8.625], "texture": "#6"},
				"up": {"uv": [8.25, 8.5, 8.125, 8.375], "texture": "#6"},
				"down": {"uv": [8.375, 8.375, 8.25, 8.5], "texture": "#6"}
			}
		},
		{
			"from": [3, 5, 14],
			"to": [4, 6, 15],
			"faces": {
				"north": {"uv": [7.625, 8.5, 7.75, 8.625], "texture": "#6"},
				"east": {"uv": [7.5, 8.5, 7.625, 8.625], "texture": "#6"},
				"south": {"uv": [7.875, 8.5, 8, 8.625], "texture": "#6"},
				"west": {"uv": [7.75, 8.5, 7.875, 8.625], "texture": "#6"},
				"up": {"uv": [7.75, 8.5, 7.625, 8.375], "texture": "#6"},
				"down": {"uv": [7.875, 8.375, 7.75, 8.5], "texture": "#6"}
			}
		},
		{
			"from": [3, -8, 14],
			"to": [4, -7, 15],
			"faces": {
				"north": {"uv": [2.625, 8.5, 2.75, 8.625], "texture": "#6"},
				"east": {"uv": [2.5, 8.5, 2.625, 8.625], "texture": "#6"},
				"south": {"uv": [2.875, 8.5, 3, 8.625], "texture": "#6"},
				"west": {"uv": [2.75, 8.5, 2.875, 8.625], "texture": "#6"},
				"up": {"uv": [2.75, 8.5, 2.625, 8.375], "texture": "#6"},
				"down": {"uv": [2.875, 8.375, 2.75, 8.5], "texture": "#6"}
			}
		},
		{
			"from": [13, -8, 14],
			"to": [14, -7, 15],
			"faces": {
				"north": {"uv": [8.5, 0.625, 8.625, 0.75], "texture": "#6"},
				"east": {"uv": [8.375, 0.625, 8.5, 0.75], "texture": "#6"},
				"south": {"uv": [8.75, 0.625, 8.875, 0.75], "texture": "#6"},
				"west": {"uv": [8.625, 0.625, 8.75, 0.75], "texture": "#6"},
				"up": {"uv": [8.625, 0.625, 8.5, 0.5], "texture": "#6"},
				"down": {"uv": [8.75, 0.5, 8.625, 0.625], "texture": "#6"}
			}
		},
		{
			"from": [5, 17, 13],
			"to": [6, 19, 16],
			"faces": {
				"north": {"uv": [7.875, 7.875, 8, 8.125], "texture": "#6"},
				"east": {"uv": [7.5, 7.875, 7.875, 8.125], "texture": "#6"},
				"south": {"uv": [8.375, 7.875, 8.5, 8.125], "texture": "#6"},
				"west": {"uv": [8, 7.875, 8.375, 8.125], "texture": "#6"},
				"up": {"uv": [8, 7.875, 7.875, 7.5], "texture": "#6"},
				"down": {"uv": [8.125, 7.5, 8, 7.875], "texture": "#6"}
			}
		},
		{
			"from": [7, 17, 11],
			"to": [10, 19, 12],
			"faces": {
				"north": {"uv": [7.75, 5.75, 8.125, 6], "texture": "#6"},
				"east": {"uv": [7.625, 5.75, 7.75, 6], "texture": "#6"},
				"south": {"uv": [8.25, 5.75, 8.625, 6], "texture": "#6"},
				"west": {"uv": [8.125, 5.75, 8.25, 6], "texture": "#6"},
				"up": {"uv": [8.125, 5.75, 7.75, 5.625], "texture": "#6"},
				"down": {"uv": [8.5, 5.625, 8.125, 5.75], "texture": "#6"}
			}
		},
		{
			"from": [11, 17, 13],
			"to": [12, 19, 16],
			"faces": {
				"north": {"uv": [2.25, 0.375, 2.375, 0.625], "texture": "#6"},
				"east": {"uv": [1.875, 0.375, 2.25, 0.625], "texture": "#6"},
				"south": {"uv": [2.75, 0.375, 2.875, 0.625], "texture": "#6"},
				"west": {"uv": [2.375, 0.375, 2.75, 0.625], "texture": "#6"},
				"up": {"uv": [2.375, 0.375, 2.25, 0], "texture": "#6"},
				"down": {"uv": [2.5, 0, 2.375, 0.375], "texture": "#6"}
			}
		},
		{
			"from": [7, 17, 17],
			"to": [10, 19, 18],
			"faces": {
				"north": {"uv": [4.375, 3.5, 4.75, 3.75], "texture": "#6"},
				"east": {"uv": [4.25, 3.5, 4.375, 3.75], "texture": "#6"},
				"south": {"uv": [4.875, 3.5, 5.25, 3.75], "texture": "#6"},
				"west": {"uv": [4.75, 3.5, 4.875, 3.75], "texture": "#6"},
				"up": {"uv": [4.75, 3.5, 4.375, 3.375], "texture": "#6"},
				"down": {"uv": [5.125, 3.375, 4.75, 3.5], "texture": "#6"}
			}
		},
		{
			"from": [4, 15, 14],
			"to": [5, 16, 15],
			"faces": {
				"north": {"uv": [0.625, 8.5, 0.75, 8.625], "texture": "#6"},
				"east": {"uv": [0.5, 8.5, 0.625, 8.625], "texture": "#6"},
				"south": {"uv": [0.875, 8.5, 1, 8.625], "texture": "#6"},
				"west": {"uv": [0.75, 8.5, 0.875, 8.625], "texture": "#6"},
				"up": {"uv": [0.75, 8.5, 0.625, 8.375], "texture": "#6"},
				"down": {"uv": [0.875, 8.375, 0.75, 8.5], "texture": "#6"}
			}
		},
		{
			"from": [12, 15, 14],
			"to": [13, 16, 15],
			"faces": {
				"north": {"uv": [8.5, 0.125, 8.625, 0.25], "texture": "#6"},
				"east": {"uv": [8.375, 0.125, 8.5, 0.25], "texture": "#6"},
				"south": {"uv": [8.75, 0.125, 8.875, 0.25], "texture": "#6"},
				"west": {"uv": [8.625, 0.125, 8.75, 0.25], "texture": "#6"},
				"up": {"uv": [8.625, 0.125, 8.5, 0], "texture": "#6"},
				"down": {"uv": [8.75, 0, 8.625, 0.125], "texture": "#6"}
			}
		},
		{
			"from": [8, 15, 18],
			"to": [9, 16, 19],
			"faces": {
				"north": {"uv": [0.125, 8.5, 0.25, 8.625], "texture": "#6"},
				"east": {"uv": [0, 8.5, 0.125, 8.625], "texture": "#6"},
				"south": {"uv": [0.375, 8.5, 0.5, 8.625], "texture": "#6"},
				"west": {"uv": [0.25, 8.5, 0.375, 8.625], "texture": "#6"},
				"up": {"uv": [0.25, 8.5, 0.125, 8.375], "texture": "#6"},
				"down": {"uv": [0.375, 8.375, 0.25, 8.5], "texture": "#6"}
			}
		},
		{
			"from": [8, 15, 10],
			"to": [9, 16, 11],
			"faces": {
				"north": {"uv": [8.375, 5.25, 8.5, 5.375], "texture": "#6"},
				"east": {"uv": [8.25, 5.25, 8.375, 5.375], "texture": "#6"},
				"south": {"uv": [8.625, 5.25, 8.75, 5.375], "texture": "#6"},
				"west": {"uv": [8.5, 5.25, 8.625, 5.375], "texture": "#6"},
				"up": {"uv": [8.5, 5.25, 8.375, 5.125], "texture": "#6"},
				"down": {"uv": [8.625, 5.125, 8.5, 5.25], "texture": "#6"}
			}
		},
		{
			"from": [7, 19, 12],
			"to": [10, 20, 13],
			"faces": {
				"north": {"uv": [8, 2.875, 8.375, 3], "texture": "#6"},
				"east": {"uv": [7.875, 2.875, 8, 3], "texture": "#6"},
				"south": {"uv": [8.5, 2.875, 8.875, 3], "texture": "#6"},
				"west": {"uv": [8.375, 2.875, 8.5, 3], "texture": "#6"},
				"up": {"uv": [8.375, 2.875, 8, 2.75], "texture": "#6"},
				"down": {"uv": [8.75, 2.75, 8.375, 2.875], "texture": "#6"}
			}
		},
		{
			"from": [7, 19, 16],
			"to": [10, 20, 17],
			"faces": {
				"north": {"uv": [8, 2.625, 8.375, 2.75], "texture": "#6"},
				"east": {"uv": [7.875, 2.625, 8, 2.75], "texture": "#6"},
				"south": {"uv": [8.5, 2.625, 8.875, 2.75], "texture": "#6"},
				"west": {"uv": [8.375, 2.625, 8.5, 2.75], "texture": "#6"},
				"up": {"uv": [8.375, 2.625, 8, 2.5], "texture": "#6"},
				"down": {"uv": [8.75, 2.5, 8.375, 2.625], "texture": "#6"}
			}
		},
		{
			"from": [10, 19, 13],
			"to": [11, 20, 16],
			"faces": {
				"north": {"uv": [8.125, 0.875, 8.25, 1], "texture": "#6"},
				"east": {"uv": [7.75, 0.875, 8.125, 1], "texture": "#6"},
				"south": {"uv": [8.625, 0.875, 8.75, 1], "texture": "#6"},
				"west": {"uv": [8.25, 0.875, 8.625, 1], "texture": "#6"},
				"up": {"uv": [8.25, 0.875, 8.125, 0.5], "texture": "#6"},
				"down": {"uv": [8.375, 0.5, 8.25, 0.875], "texture": "#6"}
			}
		},
		{
			"from": [6, 19, 13],
			"to": [7, 20, 16],
			"faces": {
				"north": {"uv": [8.125, 0.375, 8.25, 0.5], "texture": "#6"},
				"east": {"uv": [7.75, 0.375, 8.125, 0.5], "texture": "#6"},
				"south": {"uv": [8.625, 0.375, 8.75, 0.5], "texture": "#6"},
				"west": {"uv": [8.25, 0.375, 8.625, 0.5], "texture": "#6"},
				"up": {"uv": [8.25, 0.375, 8.125, 0], "texture": "#6"},
				"down": {"uv": [8.375, 0, 8.25, 0.375], "texture": "#6"}
			}
		},
		{
			"from": [8, 20, 14],
			"to": [9, 21, 15],
			"faces": {
				"north": {"uv": [8.375, 4.75, 8.5, 4.875], "texture": "#6"},
				"east": {"uv": [8.25, 4.75, 8.375, 4.875], "texture": "#6"},
				"south": {"uv": [8.625, 4.75, 8.75, 4.875], "texture": "#6"},
				"west": {"uv": [8.5, 4.75, 8.625, 4.875], "texture": "#6"},
				"up": {"uv": [8.5, 4.75, 8.375, 4.625], "texture": "#6"},
				"down": {"uv": [8.625, 4.625, 8.5, 4.75], "texture": "#6"}
			}
		},
		{
			"from": [7, 20, 14],
			"to": [8, 21, 15],
			"faces": {
				"north": {"uv": [8.375, 4.25, 8.5, 4.375], "texture": "#6"},
				"east": {"uv": [8.25, 4.25, 8.375, 4.375], "texture": "#6"},
				"south": {"uv": [8.625, 4.25, 8.75, 4.375], "texture": "#6"},
				"west": {"uv": [8.5, 4.25, 8.625, 4.375], "texture": "#6"},
				"up": {"uv": [8.5, 4.25, 8.375, 4.125], "texture": "#6"},
				"down": {"uv": [8.625, 4.125, 8.5, 4.25], "texture": "#6"}
			}
		},
		{
			"from": [9, 20, 14],
			"to": [10, 21, 15],
			"faces": {
				"north": {"uv": [8.375, 3.75, 8.5, 3.875], "texture": "#6"},
				"east": {"uv": [8.25, 3.75, 8.375, 3.875], "texture": "#6"},
				"south": {"uv": [8.625, 3.75, 8.75, 3.875], "texture": "#6"},
				"west": {"uv": [8.5, 3.75, 8.625, 3.875], "texture": "#6"},
				"up": {"uv": [8.5, 3.75, 8.375, 3.625], "texture": "#6"},
				"down": {"uv": [8.625, 3.625, 8.5, 3.75], "texture": "#6"}
			}
		},
		{
			"from": [8, 20, 13],
			"to": [9, 21, 14],
			"faces": {
				"north": {"uv": [8.375, 3.375, 8.5, 3.5], "texture": "#6"},
				"east": {"uv": [8.25, 3.375, 8.375, 3.5], "texture": "#6"},
				"south": {"uv": [8.625, 3.375, 8.75, 3.5], "texture": "#6"},
				"west": {"uv": [8.5, 3.375, 8.625, 3.5], "texture": "#6"},
				"up": {"uv": [8.5, 3.375, 8.375, 3.25], "texture": "#6"},
				"down": {"uv": [8.625, 3.25, 8.5, 3.375], "texture": "#6"}
			}
		},
		{
			"from": [8, 20, 15],
			"to": [9, 21, 16],
			"faces": {
				"north": {"uv": [8.375, 3.125, 8.5, 3.25], "texture": "#6"},
				"east": {"uv": [8.25, 3.125, 8.375, 3.25], "texture": "#6"},
				"south": {"uv": [8.625, 3.125, 8.75, 3.25], "texture": "#6"},
				"west": {"uv": [8.5, 3.125, 8.625, 3.25], "texture": "#6"},
				"up": {"uv": [8.5, 3.125, 8.375, 3], "texture": "#6"},
				"down": {"uv": [8.625, 3, 8.5, 3.125], "texture": "#6"}
			}
		},
		{
			"from": [7, 19, 13],
			"to": [10, 20, 16],
			"faces": {
				"north": {"uv": [7.875, 7.375, 8.25, 7.5], "texture": "#6"},
				"east": {"uv": [7.5, 7.375, 7.875, 7.5], "texture": "#6"},
				"south": {"uv": [8.625, 7.375, 9, 7.5], "texture": "#6"},
				"west": {"uv": [8.25, 7.375, 8.625, 7.5], "texture": "#6"},
				"up": {"uv": [8.25, 7.375, 7.875, 7], "texture": "#6"},
				"down": {"uv": [8.625, 7, 8.25, 7.375], "texture": "#6"}
			}
		},
		{
			"from": [7, -10, 11],
			"to": [10, -9, 12],
			"faces": {
				"north": {"uv": [7.875, 2.375, 8.25, 2.5], "texture": "#6"},
				"east": {"uv": [7.75, 2.375, 7.875, 2.5], "texture": "#6"},
				"south": {"uv": [8.375, 2.375, 8.75, 2.5], "texture": "#6"},
				"west": {"uv": [8.25, 2.375, 8.375, 2.5], "texture": "#6"},
				"up": {"uv": [8.25, 2.375, 7.875, 2.25], "texture": "#6"},
				"down": {"uv": [8.625, 2.25, 8.25, 2.375], "texture": "#6"}
			}
		},
		{
			"from": [7, -10, 17],
			"to": [10, -9, 18],
			"faces": {
				"north": {"uv": [7.875, 2.125, 8.25, 2.25], "texture": "#6"},
				"east": {"uv": [7.75, 2.125, 7.875, 2.25], "texture": "#6"},
				"south": {"uv": [8.375, 2.125, 8.75, 2.25], "texture": "#6"},
				"west": {"uv": [8.25, 2.125, 8.375, 2.25], "texture": "#6"},
				"up": {"uv": [8.25, 2.125, 7.875, 2], "texture": "#6"},
				"down": {"uv": [8.625, 2, 8.25, 2.125], "texture": "#6"}
			}
		},
		{
			"from": [5, -10, 13],
			"to": [6, -9, 16],
			"faces": {
				"north": {"uv": [8, 5.5, 8.125, 5.625], "texture": "#6"},
				"east": {"uv": [7.625, 5.5, 8, 5.625], "texture": "#6"},
				"south": {"uv": [8.5, 5.5, 8.625, 5.625], "texture": "#6"},
				"west": {"uv": [8.125, 5.5, 8.5, 5.625], "texture": "#6"},
				"up": {"uv": [8.125, 5.5, 8, 5.125], "texture": "#6"},
				"down": {"uv": [8.25, 5.125, 8.125, 5.5], "texture": "#6"}
			}
		},
		{
			"from": [11, -10, 13],
			"to": [12, -9, 16],
			"faces": {
				"north": {"uv": [8, 5, 8.125, 5.125], "texture": "#6"},
				"east": {"uv": [7.625, 5, 8, 5.125], "texture": "#6"},
				"south": {"uv": [8.5, 5, 8.625, 5.125], "texture": "#6"},
				"west": {"uv": [8.125, 5, 8.5, 5.125], "texture": "#6"},
				"up": {"uv": [8.125, 5, 8, 4.625], "texture": "#6"},
				"down": {"uv": [8.25, 4.625, 8.125, 5], "texture": "#6"}
			}
		},
		{
			"from": [7, -11, 13],
			"to": [10, -10, 16],
			"faces": {
				"north": {"uv": [7.875, 6.875, 8.25, 7], "texture": "#6"},
				"east": {"uv": [7.5, 6.875, 7.875, 7], "texture": "#6"},
				"south": {"uv": [8.625, 6.875, 9, 7], "texture": "#6"},
				"west": {"uv": [8.25, 6.875, 8.625, 7], "texture": "#6"},
				"up": {"uv": [8.25, 6.875, 7.875, 6.5], "texture": "#6"},
				"down": {"uv": [8.625, 6.5, 8.25, 6.875], "texture": "#6"}
			}
		},
		{
			"from": [17, -15, 14],
			"to": [18, -13, 15],
			"faces": {
				"north": {"uv": [2.625, 7.375, 2.75, 7.625], "texture": "#6"},
				"east": {"uv": [2.5, 7.375, 2.625, 7.625], "texture": "#6"},
				"south": {"uv": [2.875, 7.375, 3, 7.625], "texture": "#6"},
				"west": {"uv": [2.75, 7.375, 2.875, 7.625], "texture": "#6"},
				"up": {"uv": [2.75, 7.375, 2.625, 7.25], "texture": "#6"},
				"down": {"uv": [2.875, 7.25, 2.75, 7.375], "texture": "#6"}
			}
		},
		{
			"from": [16, -14, 14],
			"to": [17, -13, 15],
			"faces": {
				"north": {"uv": [1, 8.375, 1.125, 8.5], "texture": "#6"},
				"east": {"uv": [0.875, 8.375, 1, 8.5], "texture": "#6"},
				"south": {"uv": [1.25, 8.375, 1.375, 8.5], "texture": "#6"},
				"west": {"uv": [1.125, 8.375, 1.25, 8.5], "texture": "#6"},
				"up": {"uv": [1.125, 8.375, 1, 8.25], "texture": "#6"},
				"down": {"uv": [1.25, 8.25, 1.125, 8.375], "texture": "#6"}
			}
		},
		{
			"from": [16, -15, 15],
			"to": [17, -13, 16],
			"faces": {
				"north": {"uv": [6.125, 3.5, 6.25, 3.75], "texture": "#6"},
				"east": {"uv": [6, 3.5, 6.125, 3.75], "texture": "#6"},
				"south": {"uv": [6.375, 3.5, 6.5, 3.75], "texture": "#6"},
				"west": {"uv": [6.25, 3.5, 6.375, 3.75], "texture": "#6"},
				"up": {"uv": [6.25, 3.5, 6.125, 3.375], "texture": "#6"},
				"down": {"uv": [6.375, 3.375, 6.25, 3.5], "texture": "#6"}
			}
		},
		{
			"from": [16, -15, 13],
			"to": [17, -13, 14],
			"faces": {
				"north": {"uv": [3, 4.25, 3.125, 4.5], "texture": "#6"},
				"east": {"uv": [2.875, 4.25, 3, 4.5], "texture": "#6"},
				"south": {"uv": [3.25, 4.25, 3.375, 4.5], "texture": "#6"},
				"west": {"uv": [3.125, 4.25, 3.25, 4.5], "texture": "#6"},
				"up": {"uv": [3.125, 4.25, 3, 4.125], "texture": "#6"},
				"down": {"uv": [3.25, 4.125, 3.125, 4.25], "texture": "#6"}
			}
		},
		{
			"from": [15, -15, 14],
			"to": [16, -13, 15],
			"faces": {
				"north": {"uv": [2.625, 4, 2.75, 4.25], "texture": "#6"},
				"east": {"uv": [2.5, 4, 2.625, 4.25], "texture": "#6"},
				"south": {"uv": [2.875, 4, 3, 4.25], "texture": "#6"},
				"west": {"uv": [2.75, 4, 2.875, 4.25], "texture": "#6"},
				"up": {"uv": [2.75, 4, 2.625, 3.875], "texture": "#6"},
				"down": {"uv": [2.875, 3.875, 2.75, 4], "texture": "#6"}
			}
		},
		{
			"from": [15, -13, 13],
			"to": [18, -12, 16],
			"faces": {
				"north": {"uv": [7.75, 6.375, 8.125, 6.5], "texture": "#6"},
				"east": {"uv": [7.375, 6.375, 7.75, 6.5], "texture": "#6"},
				"south": {"uv": [8.5, 6.375, 8.875, 6.5], "texture": "#6"},
				"west": {"uv": [8.125, 6.375, 8.5, 6.5], "texture": "#6"},
				"up": {"uv": [8.125, 6.375, 7.75, 6], "texture": "#6"},
				"down": {"uv": [8.5, 6, 8.125, 6.375], "texture": "#6"}
			}
		},
		{
			"from": [16, -12, 12],
			"to": [17, 8, 13],
			"faces": {
				"north": {"uv": [2.125, 7.375, 2.25, 9.875], "texture": "#6"},
				"east": {"uv": [2, 7.375, 2.125, 9.875], "texture": "#6"},
				"south": {"uv": [2.375, 7.375, 2.5, 9.875], "texture": "#6"},
				"west": {"uv": [2.25, 7.375, 2.375, 9.875], "texture": "#6"},
				"up": {"uv": [2.25, 7.375, 2.125, 7.25], "texture": "#6"},
				"down": {"uv": [2.375, 7.25, 2.25, 7.375], "texture": "#6"}
			}
		},
		{
			"from": [15, -12, 13],
			"to": [18, 9, 16],
			"faces": {
				"north": {"uv": [5.25, 3.75, 5.625, 6.375], "texture": "#6"},
				"east": {"uv": [4.875, 3.75, 5.25, 6.375], "texture": "#6"},
				"south": {"uv": [6, 3.75, 6.375, 6.375], "texture": "#6"},
				"west": {"uv": [5.625, 3.75, 6, 6.375], "texture": "#6"},
				"up": {"uv": [5.625, 3.75, 5.25, 3.375], "texture": "#6"},
				"down": {"uv": [6, 3.375, 5.625, 3.75], "texture": "#6"}
			}
		},
		{
			"from": [14, -12, 14],
			"to": [15, 8, 15],
			"faces": {
				"north": {"uv": [1.625, 7.375, 1.75, 9.875], "texture": "#6"},
				"east": {"uv": [1.5, 7.375, 1.625, 9.875], "texture": "#6"},
				"south": {"uv": [1.875, 7.375, 2, 9.875], "texture": "#6"},
				"west": {"uv": [1.75, 7.375, 1.875, 9.875], "texture": "#6"},
				"up": {"uv": [1.75, 7.375, 1.625, 7.25], "texture": "#6"},
				"down": {"uv": [1.875, 7.25, 1.75, 7.375], "texture": "#6"}
			}
		},
		{
			"from": [16, -12, 16],
			"to": [17, 8, 17],
			"faces": {
				"north": {"uv": [7.375, 0.125, 7.5, 2.625], "texture": "#6"},
				"east": {"uv": [7.25, 0.125, 7.375, 2.625], "texture": "#6"},
				"south": {"uv": [7.625, 0.125, 7.75, 2.625], "texture": "#6"},
				"west": {"uv": [7.5, 0.125, 7.625, 2.625], "texture": "#6"},
				"up": {"uv": [7.5, 0.125, 7.375, 0], "texture": "#6"},
				"down": {"uv": [7.625, 0, 7.5, 0.125], "texture": "#6"}
			}
		},
		{
			"from": [18, -12, 14],
			"to": [19, 8, 15],
			"faces": {
				"north": {"uv": [4.125, 7.25, 4.25, 9.75], "texture": "#6"},
				"east": {"uv": [4, 7.25, 4.125, 9.75], "texture": "#6"},
				"south": {"uv": [4.375, 7.25, 4.5, 9.75], "texture": "#6"},
				"west": {"uv": [4.25, 7.25, 4.375, 9.75], "texture": "#6"},
				"up": {"uv": [4.25, 7.25, 4.125, 7.125], "texture": "#6"},
				"down": {"uv": [4.375, 7.125, 4.25, 7.25], "texture": "#6"}
			}
		},
		{
			"from": [15, -13, 12],
			"to": [18, -12, 13],
			"faces": {
				"north": {"uv": [7.875, 1.875, 8.25, 2], "texture": "#6"},
				"east": {"uv": [7.75, 1.875, 7.875, 2], "texture": "#6"},
				"south": {"uv": [8.375, 1.875, 8.75, 2], "texture": "#6"},
				"west": {"uv": [8.25, 1.875, 8.375, 2], "texture": "#6"},
				"up": {"uv": [8.25, 1.875, 7.875, 1.75], "texture": "#6"},
				"down": {"uv": [8.625, 1.75, 8.25, 1.875], "texture": "#6"}
			}
		},
		{
			"from": [14, -13, 13],
			"to": [15, -12, 16],
			"faces": {
				"north": {"uv": [8, 4.5, 8.125, 4.625], "texture": "#6"},
				"east": {"uv": [7.625, 4.5, 8, 4.625], "texture": "#6"},
				"south": {"uv": [8.5, 4.5, 8.625, 4.625], "texture": "#6"},
				"west": {"uv": [8.125, 4.5, 8.5, 4.625], "texture": "#6"},
				"up": {"uv": [8.125, 4.5, 8, 4.125], "texture": "#6"},
				"down": {"uv": [8.25, 4.125, 8.125, 4.5], "texture": "#6"}
			}
		},
		{
			"from": [18, -13, 13],
			"to": [19, -12, 16],
			"faces": {
				"north": {"uv": [8, 4, 8.125, 4.125], "texture": "#6"},
				"east": {"uv": [7.625, 4, 8, 4.125], "texture": "#6"},
				"south": {"uv": [8.5, 4, 8.625, 4.125], "texture": "#6"},
				"west": {"uv": [8.125, 4, 8.5, 4.125], "texture": "#6"},
				"up": {"uv": [8.125, 4, 8, 3.625], "texture": "#6"},
				"down": {"uv": [8.25, 3.625, 8.125, 4], "texture": "#6"}
			}
		},
		{
			"from": [15, -13, 16],
			"to": [18, -12, 17],
			"faces": {
				"north": {"uv": [7.875, 1.625, 8.25, 1.75], "texture": "#6"},
				"east": {"uv": [7.75, 1.625, 7.875, 1.75], "texture": "#6"},
				"south": {"uv": [8.375, 1.625, 8.75, 1.75], "texture": "#6"},
				"west": {"uv": [8.25, 1.625, 8.375, 1.75], "texture": "#6"},
				"up": {"uv": [8.25, 1.625, 7.875, 1.5], "texture": "#6"},
				"down": {"uv": [8.625, 1.5, 8.25, 1.625], "texture": "#6"}
			}
		},
		{
			"from": [16, 9, 14],
			"to": [17, 10, 15],
			"faces": {
				"north": {"uv": [8.125, 8.25, 8.25, 8.375], "texture": "#6"},
				"east": {"uv": [8, 8.25, 8.125, 8.375], "texture": "#6"},
				"south": {"uv": [8.375, 8.25, 8.5, 8.375], "texture": "#6"},
				"west": {"uv": [8.25, 8.25, 8.375, 8.375], "texture": "#6"},
				"up": {"uv": [8.25, 8.25, 8.125, 8.125], "texture": "#6"},
				"down": {"uv": [8.375, 8.125, 8.25, 8.25], "texture": "#6"}
			}
		},
		{
			"from": [16, 10, 14],
			"to": [17, 11, 15],
			"faces": {
				"north": {"uv": [8.25, 7.625, 8.375, 7.75], "texture": "#6"},
				"east": {"uv": [8.125, 7.625, 8.25, 7.75], "texture": "#6"},
				"south": {"uv": [8.5, 7.625, 8.625, 7.75], "texture": "#6"},
				"west": {"uv": [8.375, 7.625, 8.5, 7.75], "texture": "#6"},
				"up": {"uv": [8.375, 7.625, 8.25, 7.5], "texture": "#6"},
				"down": {"uv": [8.5, 7.5, 8.375, 7.625], "texture": "#6"}
			}
		},
		{
			"from": [15, 9, 14],
			"to": [16, 10, 15],
			"faces": {
				"north": {"uv": [7.625, 8.25, 7.75, 8.375], "texture": "#6"},
				"east": {"uv": [7.5, 8.25, 7.625, 8.375], "texture": "#6"},
				"south": {"uv": [7.875, 8.25, 8, 8.375], "texture": "#6"},
				"west": {"uv": [7.75, 8.25, 7.875, 8.375], "texture": "#6"},
				"up": {"uv": [7.75, 8.25, 7.625, 8.125], "texture": "#6"},
				"down": {"uv": [7.875, 8.125, 7.75, 8.25], "texture": "#6"}
			}
		},
		{
			"from": [17, 9, 14],
			"to": [18, 10, 15],
			"faces": {
				"north": {"uv": [2.625, 8.25, 2.75, 8.375], "texture": "#6"},
				"east": {"uv": [2.5, 8.25, 2.625, 8.375], "texture": "#6"},
				"south": {"uv": [2.875, 8.25, 3, 8.375], "texture": "#6"},
				"west": {"uv": [2.75, 8.25, 2.875, 8.375], "texture": "#6"},
				"up": {"uv": [2.75, 8.25, 2.625, 8.125], "texture": "#6"},
				"down": {"uv": [2.875, 8.125, 2.75, 8.25], "texture": "#6"}
			}
		},
		{
			"from": [16, 9, 13],
			"to": [17, 10, 14],
			"faces": {
				"north": {"uv": [0.625, 8.25, 0.75, 8.375], "texture": "#6"},
				"east": {"uv": [0.5, 8.25, 0.625, 8.375], "texture": "#6"},
				"south": {"uv": [0.875, 8.25, 1, 8.375], "texture": "#6"},
				"west": {"uv": [0.75, 8.25, 0.875, 8.375], "texture": "#6"},
				"up": {"uv": [0.75, 8.25, 0.625, 8.125], "texture": "#6"},
				"down": {"uv": [0.875, 8.125, 0.75, 8.25], "texture": "#6"}
			}
		},
		{
			"from": [16, 9, 15],
			"to": [17, 10, 16],
			"faces": {
				"north": {"uv": [0.125, 8.25, 0.25, 8.375], "texture": "#6"},
				"east": {"uv": [0, 8.25, 0.125, 8.375], "texture": "#6"},
				"south": {"uv": [0.375, 8.25, 0.5, 8.375], "texture": "#6"},
				"west": {"uv": [0.25, 8.25, 0.375, 8.375], "texture": "#6"},
				"up": {"uv": [0.25, 8.25, 0.125, 8.125], "texture": "#6"},
				"down": {"uv": [0.375, 8.125, 0.25, 8.25], "texture": "#6"}
			}
		},
		{
			"from": [1, -15, 14],
			"to": [2, -13, 15],
			"faces": {
				"north": {"uv": [3.875, 0.375, 4, 0.625], "texture": "#6"},
				"east": {"uv": [3.75, 0.375, 3.875, 0.625], "texture": "#6"},
				"south": {"uv": [4.125, 0.375, 4.25, 0.625], "texture": "#6"},
				"west": {"uv": [4, 0.375, 4.125, 0.625], "texture": "#6"},
				"up": {"uv": [4, 0.375, 3.875, 0.25], "texture": "#6"},
				"down": {"uv": [4.125, 0.25, 4, 0.375], "texture": "#6"}
			}
		},
		{
			"from": [0, -15, 13],
			"to": [1, -13, 14],
			"faces": {
				"north": {"uv": [3.5, 0.125, 3.625, 0.375], "texture": "#6"},
				"east": {"uv": [3.375, 0.125, 3.5, 0.375], "texture": "#6"},
				"south": {"uv": [3.75, 0.125, 3.875, 0.375], "texture": "#6"},
				"west": {"uv": [3.625, 0.125, 3.75, 0.375], "texture": "#6"},
				"up": {"uv": [3.625, 0.125, 3.5, 0], "texture": "#6"},
				"down": {"uv": [3.75, 0, 3.625, 0.125], "texture": "#6"}
			}
		},
		{
			"from": [-1, -15, 14],
			"to": [0, -13, 15],
			"faces": {
				"north": {"uv": [2.625, 0.125, 2.75, 0.375], "texture": "#6"},
				"east": {"uv": [2.5, 0.125, 2.625, 0.375], "texture": "#6"},
				"south": {"uv": [2.875, 0.125, 3, 0.375], "texture": "#6"},
				"west": {"uv": [2.75, 0.125, 2.875, 0.375], "texture": "#6"},
				"up": {"uv": [2.75, 0.125, 2.625, 0], "texture": "#6"},
				"down": {"uv": [2.875, 0, 2.75, 0.125], "texture": "#6"}
			}
		},
		{
			"from": [0, -14, 14],
			"to": [1, -13, 15],
			"faces": {
				"north": {"uv": [1, 8.125, 1.125, 8.25], "texture": "#6"},
				"east": {"uv": [0.875, 8.125, 1, 8.25], "texture": "#6"},
				"south": {"uv": [1.25, 8.125, 1.375, 8.25], "texture": "#6"},
				"west": {"uv": [1.125, 8.125, 1.25, 8.25], "texture": "#6"},
				"up": {"uv": [1.125, 8.125, 1, 8], "texture": "#6"},
				"down": {"uv": [1.25, 8, 1.125, 8.125], "texture": "#6"}
			}
		},
		{
			"from": [0, -15, 15],
			"to": [1, -13, 16],
			"faces": {
				"north": {"uv": [0.125, 0.125, 0.25, 0.375], "texture": "#6"},
				"east": {"uv": [0, 0.125, 0.125, 0.375], "texture": "#6"},
				"south": {"uv": [0.375, 0.125, 0.5, 0.375], "texture": "#6"},
				"west": {"uv": [0.25, 0.125, 0.375, 0.375], "texture": "#6"},
				"up": {"uv": [0.25, 0.125, 0.125, 0], "texture": "#6"},
				"down": {"uv": [0.375, 0, 0.25, 0.125], "texture": "#6"}
			}
		},
		{
			"from": [-1, -13, 13],
			"to": [2, -12, 16],
			"faces": {
				"north": {"uv": [7.125, 3, 7.5, 3.125], "texture": "#6"},
				"east": {"uv": [6.75, 3, 7.125, 3.125], "texture": "#6"},
				"south": {"uv": [7.875, 3, 8.25, 3.125], "texture": "#6"},
				"west": {"uv": [7.5, 3, 7.875, 3.125], "texture": "#6"},
				"up": {"uv": [7.5, 3, 7.125, 2.625], "texture": "#6"},
				"down": {"uv": [7.875, 2.625, 7.5, 3], "texture": "#6"}
			}
		},
		{
			"from": [-2, -13, 13],
			"to": [-1, -12, 16],
			"faces": {
				"north": {"uv": [8, 3.5, 8.125, 3.625], "texture": "#6"},
				"east": {"uv": [7.625, 3.5, 8, 3.625], "texture": "#6"},
				"south": {"uv": [8.5, 3.5, 8.625, 3.625], "texture": "#6"},
				"west": {"uv": [8.125, 3.5, 8.5, 3.625], "texture": "#6"},
				"up": {"uv": [8.125, 3.5, 8, 3.125], "texture": "#6"},
				"down": {"uv": [8.25, 3.125, 8.125, 3.5], "texture": "#6"}
			}
		},
		{
			"from": [-1, -13, 12],
			"to": [2, -12, 13],
			"faces": {
				"north": {"uv": [7.875, 1.375, 8.25, 1.5], "texture": "#6"},
				"east": {"uv": [7.75, 1.375, 7.875, 1.5], "texture": "#6"},
				"south": {"uv": [8.375, 1.375, 8.75, 1.5], "texture": "#6"},
				"west": {"uv": [8.25, 1.375, 8.375, 1.5], "texture": "#6"},
				"up": {"uv": [8.25, 1.375, 7.875, 1.25], "texture": "#6"},
				"down": {"uv": [8.625, 1.25, 8.25, 1.375], "texture": "#6"}
			}
		},
		{
			"from": [-1, -13, 16],
			"to": [2, -12, 17],
			"faces": {
				"north": {"uv": [7.875, 1.125, 8.25, 1.25], "texture": "#6"},
				"east": {"uv": [7.75, 1.125, 7.875, 1.25], "texture": "#6"},
				"south": {"uv": [8.375, 1.125, 8.75, 1.25], "texture": "#6"},
				"west": {"uv": [8.25, 1.125, 8.375, 1.25], "texture": "#6"},
				"up": {"uv": [8.25, 1.125, 7.875, 1], "texture": "#6"},
				"down": {"uv": [8.625, 1, 8.25, 1.125], "texture": "#6"}
			}
		},
		{
			"from": [2, -13, 13],
			"to": [3, -12, 16],
			"faces": {
				"north": {"uv": [0.375, 8, 0.5, 8.125], "texture": "#6"},
				"east": {"uv": [0, 8, 0.375, 8.125], "texture": "#6"},
				"south": {"uv": [0.875, 8, 1, 8.125], "texture": "#6"},
				"west": {"uv": [0.5, 8, 0.875, 8.125], "texture": "#6"},
				"up": {"uv": [0.5, 8, 0.375, 7.625], "texture": "#6"},
				"down": {"uv": [0.625, 7.625, 0.5, 8], "texture": "#6"}
			}
		},
		{
			"from": [-1, -12, 13],
			"to": [2, 9, 16],
			"faces": {
				"north": {"uv": [1.875, 4.625, 2.25, 7.25], "texture": "#6"},
				"east": {"uv": [1.5, 4.625, 1.875, 7.25], "texture": "#6"},
				"south": {"uv": [2.625, 4.625, 3, 7.25], "texture": "#6"},
				"west": {"uv": [2.25, 4.625, 2.625, 7.25], "texture": "#6"},
				"up": {"uv": [2.25, 4.625, 1.875, 4.25], "texture": "#6"},
				"down": {"uv": [2.625, 4.25, 2.25, 4.625], "texture": "#6"}
			}
		},
		{
			"from": [0, -12, 12],
			"to": [1, 8, 13],
			"faces": {
				"north": {"uv": [3.625, 7.25, 3.75, 9.75], "texture": "#6"},
				"east": {"uv": [3.5, 7.25, 3.625, 9.75], "texture": "#6"},
				"south": {"uv": [3.875, 7.25, 4, 9.75], "texture": "#6"},
				"west": {"uv": [3.75, 7.25, 3.875, 9.75], "texture": "#6"},
				"up": {"uv": [3.75, 7.25, 3.625, 7.125], "texture": "#6"},
				"down": {"uv": [3.875, 7.125, 3.75, 7.25], "texture": "#6"}
			}
		},
		{
			"from": [0, -12, 16],
			"to": [1, 8, 17],
			"faces": {
				"north": {"uv": [7.125, 6.5, 7.25, 9], "texture": "#6"},
				"east": {"uv": [7, 6.5, 7.125, 9], "texture": "#6"},
				"south": {"uv": [7.375, 6.5, 7.5, 9], "texture": "#6"},
				"west": {"uv": [7.25, 6.5, 7.375, 9], "texture": "#6"},
				"up": {"uv": [7.25, 6.5, 7.125, 6.375], "texture": "#6"},
				"down": {"uv": [7.375, 6.375, 7.25, 6.5], "texture": "#6"}
			}
		},
		{
			"from": [-2, -12, 14],
			"to": [-1, 8, 15],
			"faces": {
				"north": {"uv": [3.125, 7.125, 3.25, 9.625], "texture": "#6"},
				"east": {"uv": [3, 7.125, 3.125, 9.625], "texture": "#6"},
				"south": {"uv": [3.375, 7.125, 3.5, 9.625], "texture": "#6"},
				"west": {"uv": [3.25, 7.125, 3.375, 9.625], "texture": "#6"},
				"up": {"uv": [3.25, 7.125, 3.125, 7], "texture": "#6"},
				"down": {"uv": [3.375, 7, 3.25, 7.125], "texture": "#6"}
			}
		},
		{
			"from": [2, -12, 14],
			"to": [3, 8, 15],
			"faces": {
				"north": {"uv": [6.875, 0.125, 7, 2.625], "texture": "#6"},
				"east": {"uv": [6.75, 0.125, 6.875, 2.625], "texture": "#6"},
				"south": {"uv": [7.125, 0.125, 7.25, 2.625], "texture": "#6"},
				"west": {"uv": [7, 0.125, 7.125, 2.625], "texture": "#6"},
				"up": {"uv": [7, 0.125, 6.875, 0], "texture": "#6"},
				"down": {"uv": [7.125, 0, 7, 0.125], "texture": "#6"}
			}
		},
		{
			"from": [0, 9, 14],
			"to": [1, 10, 15],
			"faces": {
				"north": {"uv": [2.625, 8, 2.75, 8.125], "texture": "#6"},
				"east": {"uv": [2.5, 8, 2.625, 8.125], "texture": "#6"},
				"south": {"uv": [2.875, 8, 3, 8.125], "texture": "#6"},
				"west": {"uv": [2.75, 8, 2.875, 8.125], "texture": "#6"},
				"up": {"uv": [2.75, 8, 2.625, 7.875], "texture": "#6"},
				"down": {"uv": [2.875, 7.875, 2.75, 8], "texture": "#6"}
			}
		},
		{
			"from": [1, 9, 14],
			"to": [2, 10, 15],
			"faces": {
				"north": {"uv": [1.125, 7.875, 1.25, 8], "texture": "#6"},
				"east": {"uv": [1, 7.875, 1.125, 8], "texture": "#6"},
				"south": {"uv": [1.375, 7.875, 1.5, 8], "texture": "#6"},
				"west": {"uv": [1.25, 7.875, 1.375, 8], "texture": "#6"},
				"up": {"uv": [1.25, 7.875, 1.125, 7.75], "texture": "#6"},
				"down": {"uv": [1.375, 7.75, 1.25, 7.875], "texture": "#6"}
			}
		},
		{
			"from": [-1, 9, 14],
			"to": [0, 10, 15],
			"faces": {
				"north": {"uv": [2.625, 7.75, 2.75, 7.875], "texture": "#6"},
				"east": {"uv": [2.5, 7.75, 2.625, 7.875], "texture": "#6"},
				"south": {"uv": [2.875, 7.75, 3, 7.875], "texture": "#6"},
				"west": {"uv": [2.75, 7.75, 2.875, 7.875], "texture": "#6"},
				"up": {"uv": [2.75, 7.75, 2.625, 7.625], "texture": "#6"},
				"down": {"uv": [2.875, 7.625, 2.75, 7.75], "texture": "#6"}
			}
		},
		{
			"from": [0, 9, 13],
			"to": [1, 10, 14],
			"faces": {
				"north": {"uv": [0.75, 7.75, 0.875, 7.875], "texture": "#6"},
				"east": {"uv": [0.625, 7.75, 0.75, 7.875], "texture": "#6"},
				"south": {"uv": [1, 7.75, 1.125, 7.875], "texture": "#6"},
				"west": {"uv": [0.875, 7.75, 1, 7.875], "texture": "#6"},
				"up": {"uv": [0.875, 7.75, 0.75, 7.625], "texture": "#6"},
				"down": {"uv": [1, 7.625, 0.875, 7.75], "texture": "#6"}
			}
		},
		{
			"from": [0, 9, 15],
			"to": [1, 10, 16],
			"faces": {
				"north": {"uv": [7.625, 3.25, 7.75, 3.375], "texture": "#6"},
				"east": {"uv": [7.5, 3.25, 7.625, 3.375], "texture": "#6"},
				"south": {"uv": [7.875, 3.25, 8, 3.375], "texture": "#6"},
				"west": {"uv": [7.75, 3.25, 7.875, 3.375], "texture": "#6"},
				"up": {"uv": [7.75, 3.25, 7.625, 3.125], "texture": "#6"},
				"down": {"uv": [7.875, 3.125, 7.75, 3.25], "texture": "#6"}
			}
		},
		{
			"from": [0, 10, 14],
			"to": [1, 11, 15],
			"faces": {
				"north": {"uv": [0.125, 0.5, 0.25, 0.625], "texture": "#6"},
				"east": {"uv": [0, 0.5, 0.125, 0.625], "texture": "#6"},
				"south": {"uv": [0.375, 0.5, 0.5, 0.625], "texture": "#6"},
				"west": {"uv": [0.25, 0.5, 0.375, 0.625], "texture": "#6"},
				"up": {"uv": [0.25, 0.5, 0.125, 0.375], "texture": "#6"},
				"down": {"uv": [0.375, 0.375, 0.25, 0.5], "texture": "#6"}
			}
		},
		{
			"from": [8, 6, 9],
			"to": [9, 8, 10],
			"faces": {
				"north": {"uv": [0.125, 0.125, 0.25, 0.375], "texture": "#5"},
				"east": {"uv": [0, 0.125, 0.125, 0.375], "texture": "#5"},
				"south": {"uv": [0.375, 0.125, 0.5, 0.375], "texture": "#5"},
				"west": {"uv": [0.25, 0.125, 0.375, 0.375], "texture": "#5"},
				"up": {"uv": [0.25, 0.125, 0.125, 0], "texture": "#5"},
				"down": {"uv": [0.375, 0, 0.25, 0.125], "texture": "#5"}
			}
		},
		{
			"from": [8, 5, 8],
			"to": [9, 7, 9],
			"faces": {
				"north": {"uv": [0.125, 0.125, 0.25, 0.375], "texture": "#5"},
				"east": {"uv": [0, 0.125, 0.125, 0.375], "texture": "#5"},
				"south": {"uv": [0.375, 0.125, 0.5, 0.375], "texture": "#5"},
				"west": {"uv": [0.25, 0.125, 0.375, 0.375], "texture": "#5"},
				"up": {"uv": [0.25, 0.125, 0.125, 0], "texture": "#5"},
				"down": {"uv": [0.375, 0, 0.25, 0.125], "texture": "#5"}
			}
		},
		{
			"from": [8, 1, 9],
			"to": [9, 3, 10],
			"faces": {
				"north": {"uv": [0.125, 0.125, 0.25, 0.375], "texture": "#5"},
				"east": {"uv": [0, 0.125, 0.125, 0.375], "texture": "#5"},
				"south": {"uv": [0.375, 0.125, 0.5, 0.375], "texture": "#5"},
				"west": {"uv": [0.25, 0.125, 0.375, 0.375], "texture": "#5"},
				"up": {"uv": [0.25, 0.125, 0.125, 0], "texture": "#5"},
				"down": {"uv": [0.375, 0, 0.25, 0.125], "texture": "#5"}
			}
		},
		{
			"from": [8, 0, 8],
			"to": [9, 2, 9],
			"faces": {
				"north": {"uv": [0.125, 0.125, 0.25, 0.375], "texture": "#5"},
				"east": {"uv": [0, 0.125, 0.125, 0.375], "texture": "#5"},
				"south": {"uv": [0.375, 0.125, 0.5, 0.375], "texture": "#5"},
				"west": {"uv": [0.25, 0.125, 0.375, 0.375], "texture": "#5"},
				"up": {"uv": [0.25, 0.125, 0.125, 0], "texture": "#5"},
				"down": {"uv": [0.375, 0, 0.25, 0.125], "texture": "#5"}
			}
		},
		{
			"from": [8, -4, 9],
			"to": [9, -2, 10],
			"faces": {
				"north": {"uv": [0.125, 0.125, 0.25, 0.375], "texture": "#5"},
				"east": {"uv": [0, 0.125, 0.125, 0.375], "texture": "#5"},
				"south": {"uv": [0.375, 0.125, 0.5, 0.375], "texture": "#5"},
				"west": {"uv": [0.25, 0.125, 0.375, 0.375], "texture": "#5"},
				"up": {"uv": [0.25, 0.125, 0.125, 0], "texture": "#5"},
				"down": {"uv": [0.375, 0, 0.25, 0.125], "texture": "#5"}
			}
		},
		{
			"from": [8, -5, 8],
			"to": [9, -3, 9],
			"faces": {
				"north": {"uv": [0.125, 0.125, 0.25, 0.375], "texture": "#5"},
				"east": {"uv": [0, 0.125, 0.125, 0.375], "texture": "#5"},
				"south": {"uv": [0.375, 0.125, 0.5, 0.375], "texture": "#5"},
				"west": {"uv": [0.25, 0.125, 0.375, 0.375], "texture": "#5"},
				"up": {"uv": [0.25, 0.125, 0.125, 0], "texture": "#5"},
				"down": {"uv": [0.375, 0, 0.25, 0.125], "texture": "#5"}
			}
		},
		{
			"from": [0, -7, 5],
			"to": [1, -6, 6],
			"faces": {
				"north": {"uv": [0.125, 0.125, 0.25, 0.25], "texture": "#4"},
				"east": {"uv": [0, 0.125, 0.125, 0.25], "texture": "#4"},
				"south": {"uv": [0.375, 0.125, 0.5, 0.25], "texture": "#4"},
				"west": {"uv": [0.25, 0.125, 0.375, 0.25], "texture": "#4"},
				"up": {"uv": [0.25, 0.125, 0.125, 0], "texture": "#4"},
				"down": {"uv": [0.375, 0, 0.25, 0.125], "texture": "#4"}
			}
		},
		{
			"from": [-4, -11, 6],
			"to": [-1, -9, 7],
			"faces": {
				"north": {"uv": [0.125, 0.125, 0.5, 0.375], "texture": "#2"},
				"east": {"uv": [0, 0.125, 0.125, 0.375], "texture": "#2"},
				"south": {"uv": [0.625, 0.125, 1, 0.375], "texture": "#2"},
				"west": {"uv": [0.5, 0.125, 0.625, 0.375], "texture": "#2"},
				"up": {"uv": [0.5, 0.125, 0.125, 0], "texture": "#2"},
				"down": {"uv": [0.875, 0, 0.5, 0.125], "texture": "#2"}
			}
		},
		{
			"from": [-3, -9, 6],
			"to": [-1, -7, 7],
			"faces": {
				"north": {"uv": [0.125, 0.125, 0.375, 0.375], "texture": "#2"},
				"east": {"uv": [0, 0.125, 0.125, 0.375], "texture": "#2"},
				"south": {"uv": [0.5, 0.125, 0.75, 0.375], "texture": "#2"},
				"west": {"uv": [0.375, 0.125, 0.5, 0.375], "texture": "#2"},
				"up": {"uv": [0.375, 0.125, 0.125, 0], "texture": "#2"},
				"down": {"uv": [0.625, 0, 0.375, 0.125], "texture": "#2"}
			}
		},
		{
			"from": [-2, -7, 6],
			"to": [-1, -6, 7],
			"faces": {
				"north": {"uv": [0.125, 0.125, 0.25, 0.25], "texture": "#2"},
				"east": {"uv": [0, 0.125, 0.125, 0.25], "texture": "#2"},
				"south": {"uv": [0.375, 0.125, 0.5, 0.25], "texture": "#2"},
				"west": {"uv": [0.25, 0.125, 0.375, 0.25], "texture": "#2"},
				"up": {"uv": [0.25, 0.125, 0.125, 0], "texture": "#2"},
				"down": {"uv": [0.375, 0, 0.25, 0.125], "texture": "#2"}
			}
		},
		{
			"from": [-1, -12, 6],
			"to": [18, -5, 7],
			"faces": {
				"north": {"uv": [0.125, 0.125, 2.5, 1], "texture": "#2"},
				"east": {"uv": [0, 0.125, 0.125, 1], "texture": "#2"},
				"south": {"uv": [2.625, 0.125, 5, 1], "texture": "#2"},
				"west": {"uv": [2.5, 0.125, 2.625, 1], "texture": "#2"},
				"up": {"uv": [2.5, 0.125, 0.125, 0], "texture": "#2"},
				"down": {"uv": [4.875, 0, 2.5, 0.125], "texture": "#2"}
			}
		},
		{
			"from": [0, -5, 6],
			"to": [17, -4, 7],
			"faces": {
				"north": {"uv": [0.125, 0.125, 2.25, 0.25], "texture": "#2"},
				"east": {"uv": [0, 0.125, 0.125, 0.25], "texture": "#2"},
				"south": {"uv": [2.375, 0.125, 4.5, 0.25], "texture": "#2"},
				"west": {"uv": [2.25, 0.125, 2.375, 0.25], "texture": "#2"},
				"up": {"uv": [2.25, 0.125, 0.125, 0], "texture": "#2"},
				"down": {"uv": [4.375, 0, 2.25, 0.125], "texture": "#2"}
			}
		},
		{
			"from": [1, -4, 6],
			"to": [16, -3, 7],
			"faces": {
				"north": {"uv": [0.125, 0.125, 2, 0.25], "texture": "#2"},
				"east": {"uv": [0, 0.125, 0.125, 0.25], "texture": "#2"},
				"south": {"uv": [2.125, 0.125, 4, 0.25], "texture": "#2"},
				"west": {"uv": [2, 0.125, 2.125, 0.25], "texture": "#2"},
				"up": {"uv": [2, 0.125, 0.125, 0], "texture": "#2"},
				"down": {"uv": [3.875, 0, 2, 0.125], "texture": "#2"}
			}
		},
		{
			"from": [2, -3, 6],
			"to": [15, -1, 7],
			"faces": {
				"north": {"uv": [0.125, 0.125, 1.75, 0.375], "texture": "#2"},
				"east": {"uv": [0, 0.125, 0.125, 0.375], "texture": "#2"},
				"south": {"uv": [1.875, 0.125, 3.5, 0.375], "texture": "#2"},
				"west": {"uv": [1.75, 0.125, 1.875, 0.375], "texture": "#2"},
				"up": {"uv": [1.75, 0.125, 0.125, 0], "texture": "#2"},
				"down": {"uv": [3.375, 0, 1.75, 0.125], "texture": "#2"}
			}
		},
		{
			"from": [4, 1, 6],
			"to": [13, 4, 7],
			"faces": {
				"north": {"uv": [0.125, 0.125, 1.25, 0.5], "texture": "#2"},
				"east": {"uv": [0, 0.125, 0.125, 0.5], "texture": "#2"},
				"south": {"uv": [1.375, 0.125, 2.5, 0.5], "texture": "#2"},
				"west": {"uv": [1.25, 0.125, 1.375, 0.5], "texture": "#2"},
				"up": {"uv": [1.25, 0.125, 0.125, 0], "texture": "#2"},
				"down": {"uv": [2.375, 0, 1.25, 0.125], "texture": "#2"}
			}
		},
		{
			"from": [3, -1, 6],
			"to": [14, 1, 7],
			"faces": {
				"north": {"uv": [0.125, 0.125, 1.5, 0.375], "texture": "#2"},
				"east": {"uv": [0, 0.125, 0.125, 0.375], "texture": "#2"},
				"south": {"uv": [1.625, 0.125, 3, 0.375], "texture": "#2"},
				"west": {"uv": [1.5, 0.125, 1.625, 0.375], "texture": "#2"},
				"up": {"uv": [1.5, 0.125, 0.125, 0], "texture": "#2"},
				"down": {"uv": [2.875, 0, 1.5, 0.125], "texture": "#2"}
			}
		},
		{
			"from": [5, 4, 6],
			"to": [12, 12, 7],
			"faces": {
				"north": {"uv": [0.125, 0.125, 1, 1.125], "texture": "#2"},
				"east": {"uv": [0, 0.125, 0.125, 1.125], "texture": "#2"},
				"south": {"uv": [1.125, 0.125, 2, 1.125], "texture": "#2"},
				"west": {"uv": [1, 0.125, 1.125, 1.125], "texture": "#2"},
				"up": {"uv": [1, 0.125, 0.125, 0], "texture": "#2"},
				"down": {"uv": [1.875, 0, 1, 0.125], "texture": "#2"}
			}
		},
		{
			"from": [6, 12, 6],
			"to": [11, 14, 7],
			"faces": {
				"north": {"uv": [0.125, 0.125, 0.75, 0.375], "texture": "#2"},
				"east": {"uv": [0, 0.125, 0.125, 0.375], "texture": "#2"},
				"south": {"uv": [0.875, 0.125, 1.5, 0.375], "texture": "#2"},
				"west": {"uv": [0.75, 0.125, 0.875, 0.375], "texture": "#2"},
				"up": {"uv": [0.75, 0.125, 0.125, 0], "texture": "#2"},
				"down": {"uv": [1.375, 0, 0.75, 0.125], "texture": "#2"}
			}
		},
		{
			"from": [7, 14, 6],
			"to": [10, 15, 7],
			"faces": {
				"north": {"uv": [0.125, 0.125, 0.5, 0.25], "texture": "#2"},
				"east": {"uv": [0, 0.125, 0.125, 0.25], "texture": "#2"},
				"south": {"uv": [0.625, 0.125, 1, 0.25], "texture": "#2"},
				"west": {"uv": [0.5, 0.125, 0.625, 0.25], "texture": "#2"},
				"up": {"uv": [0.5, 0.125, 0.125, 0], "texture": "#2"},
				"down": {"uv": [0.875, 0, 0.5, 0.125], "texture": "#2"}
			}
		},
		{
			"from": [18, -9, 6],
			"to": [20, -7, 7],
			"faces": {
				"north": {"uv": [0.125, 0.125, 0.375, 0.375], "texture": "#2"},
				"east": {"uv": [0, 0.125, 0.125, 0.375], "texture": "#2"},
				"south": {"uv": [0.5, 0.125, 0.75, 0.375], "texture": "#2"},
				"west": {"uv": [0.375, 0.125, 0.5, 0.375], "texture": "#2"},
				"up": {"uv": [0.375, 0.125, 0.125, 0], "texture": "#2"},
				"down": {"uv": [0.625, 0, 0.375, 0.125], "texture": "#2"}
			}
		},
		{
			"from": [18, -7, 6],
			"to": [19, -6, 7],
			"faces": {
				"north": {"uv": [0.125, 0.125, 0.25, 0.25], "texture": "#2"},
				"east": {"uv": [0, 0.125, 0.125, 0.25], "texture": "#2"},
				"south": {"uv": [0.375, 0.125, 0.5, 0.25], "texture": "#2"},
				"west": {"uv": [0.25, 0.125, 0.375, 0.25], "texture": "#2"},
				"up": {"uv": [0.25, 0.125, 0.125, 0], "texture": "#2"},
				"down": {"uv": [0.375, 0, 0.25, 0.125], "texture": "#2"}
			}
		},
		{
			"from": [18, -11, 6],
			"to": [21, -9, 7],
			"faces": {
				"north": {"uv": [0.125, 0.125, 0.5, 0.375], "texture": "#2"},
				"east": {"uv": [0, 0.125, 0.125, 0.375], "texture": "#2"},
				"south": {"uv": [0.625, 0.125, 1, 0.375], "texture": "#2"},
				"west": {"uv": [0.5, 0.125, 0.625, 0.375], "texture": "#2"},
				"up": {"uv": [0.5, 0.125, 0.125, 0], "texture": "#2"},
				"down": {"uv": [0.875, 0, 0.5, 0.125], "texture": "#2"}
			}
		},
		{
			"from": [5, -15, 4],
			"to": [6, -13, 5],
			"faces": {
				"north": {"uv": [0.125, 0.125, 0.25, 0.375], "texture": "#2"},
				"east": {"uv": [0, 0.125, 0.125, 0.375], "texture": "#2"},
				"south": {"uv": [0.375, 0.125, 0.5, 0.375], "texture": "#2"},
				"west": {"uv": [0.25, 0.125, 0.375, 0.375], "texture": "#2"},
				"up": {"uv": [0.25, 0.125, 0.125, 0], "texture": "#2"},
				"down": {"uv": [0.375, 0, 0.25, 0.125], "texture": "#2"}
			}
		},
		{
			"from": [9, -15, 4],
			"to": [10, -13, 5],
			"faces": {
				"north": {"uv": [0.125, 0.125, 0.25, 0.375], "texture": "#2"},
				"east": {"uv": [0, 0.125, 0.125, 0.375], "texture": "#2"},
				"south": {"uv": [0.375, 0.125, 0.5, 0.375], "texture": "#2"},
				"west": {"uv": [0.25, 0.125, 0.375, 0.375], "texture": "#2"},
				"up": {"uv": [0.25, 0.125, 0.125, 0], "texture": "#2"},
				"down": {"uv": [0.375, 0, 0.25, 0.125], "texture": "#2"}
			}
		},
		{
			"from": [7, -15, 2],
			"to": [8, -13, 3],
			"faces": {
				"north": {"uv": [0.125, 0.125, 0.25, 0.375], "texture": "#2"},
				"east": {"uv": [0, 0.125, 0.125, 0.375], "texture": "#2"},
				"south": {"uv": [0.375, 0.125, 0.5, 0.375], "texture": "#2"},
				"west": {"uv": [0.25, 0.125, 0.375, 0.375], "texture": "#2"},
				"up": {"uv": [0.25, 0.125, 0.125, 0], "texture": "#2"},
				"down": {"uv": [0.375, 0, 0.25, 0.125], "texture": "#2"}
			}
		},
		{
			"from": [7, -15, 4],
			"to": [8, -13, 5],
			"faces": {
				"north": {"uv": [0.125, 0.125, 0.25, 0.375], "texture": "#2"},
				"east": {"uv": [0, 0.125, 0.125, 0.375], "texture": "#2"},
				"south": {"uv": [0.375, 0.125, 0.5, 0.375], "texture": "#2"},
				"west": {"uv": [0.25, 0.125, 0.375, 0.375], "texture": "#2"},
				"up": {"uv": [0.25, 0.125, 0.125, 0], "texture": "#2"},
				"down": {"uv": [0.375, 0, 0.25, 0.125], "texture": "#2"}
			}
		},
		{
			"from": [11, -15, 4],
			"to": [12, -13, 5],
			"faces": {
				"north": {"uv": [0.125, 0.125, 0.25, 0.375], "texture": "#2"},
				"east": {"uv": [0, 0.125, 0.125, 0.375], "texture": "#2"},
				"south": {"uv": [0.375, 0.125, 0.5, 0.375], "texture": "#2"},
				"west": {"uv": [0.25, 0.125, 0.375, 0.375], "texture": "#2"},
				"up": {"uv": [0.25, 0.125, 0.125, 0], "texture": "#2"},
				"down": {"uv": [0.375, 0, 0.25, 0.125], "texture": "#2"}
			}
		},
		{
			"from": [9, -15, 2],
			"to": [10, -13, 3],
			"faces": {
				"north": {"uv": [0.125, 0.125, 0.25, 0.375], "texture": "#2"},
				"east": {"uv": [0, 0.125, 0.125, 0.375], "texture": "#2"},
				"south": {"uv": [0.375, 0.125, 0.5, 0.375], "texture": "#2"},
				"west": {"uv": [0.25, 0.125, 0.375, 0.375], "texture": "#2"},
				"up": {"uv": [0.25, 0.125, 0.125, 0], "texture": "#2"},
				"down": {"uv": [0.375, 0, 0.25, 0.125], "texture": "#2"}
			}
		},
		{
			"from": [6, -15, 5],
			"to": [7, -13, 6],
			"faces": {
				"north": {"uv": [0.125, 0.125, 0.25, 0.375], "texture": "#2"},
				"east": {"uv": [0, 0.125, 0.125, 0.375], "texture": "#2"},
				"south": {"uv": [0.375, 0.125, 0.5, 0.375], "texture": "#2"},
				"west": {"uv": [0.25, 0.125, 0.375, 0.375], "texture": "#2"},
				"up": {"uv": [0.25, 0.125, 0.125, 0], "texture": "#2"},
				"down": {"uv": [0.375, 0, 0.25, 0.125], "texture": "#2"}
			}
		},
		{
			"from": [10, -15, 5],
			"to": [11, -13, 6],
			"faces": {
				"north": {"uv": [0.125, 0.125, 0.25, 0.375], "texture": "#2"},
				"east": {"uv": [0, 0.125, 0.125, 0.375], "texture": "#2"},
				"south": {"uv": [0.375, 0.125, 0.5, 0.375], "texture": "#2"},
				"west": {"uv": [0.25, 0.125, 0.375, 0.375], "texture": "#2"},
				"up": {"uv": [0.25, 0.125, 0.125, 0], "texture": "#2"},
				"down": {"uv": [0.375, 0, 0.25, 0.125], "texture": "#2"}
			}
		},
		{
			"from": [8, -15, 3],
			"to": [9, -13, 4],
			"faces": {
				"north": {"uv": [0.125, 0.125, 0.25, 0.375], "texture": "#2"},
				"east": {"uv": [0, 0.125, 0.125, 0.375], "texture": "#2"},
				"south": {"uv": [0.375, 0.125, 0.5, 0.375], "texture": "#2"},
				"west": {"uv": [0.25, 0.125, 0.375, 0.375], "texture": "#2"},
				"up": {"uv": [0.25, 0.125, 0.125, 0], "texture": "#2"},
				"down": {"uv": [0.375, 0, 0.25, 0.125], "texture": "#2"}
			}
		},
		{
			"from": [6, -15, 3],
			"to": [7, -13, 4],
			"faces": {
				"north": {"uv": [0.125, 0.125, 0.25, 0.375], "texture": "#2"},
				"east": {"uv": [0, 0.125, 0.125, 0.375], "texture": "#2"},
				"south": {"uv": [0.375, 0.125, 0.5, 0.375], "texture": "#2"},
				"west": {"uv": [0.25, 0.125, 0.375, 0.375], "texture": "#2"},
				"up": {"uv": [0.25, 0.125, 0.125, 0], "texture": "#2"},
				"down": {"uv": [0.375, 0, 0.25, 0.125], "texture": "#2"}
			}
		},
		{
			"from": [10, -15, 3],
			"to": [11, -13, 4],
			"faces": {
				"north": {"uv": [0.125, 0.125, 0.25, 0.375], "texture": "#2"},
				"east": {"uv": [0, 0.125, 0.125, 0.375], "texture": "#2"},
				"south": {"uv": [0.375, 0.125, 0.5, 0.375], "texture": "#2"},
				"west": {"uv": [0.25, 0.125, 0.375, 0.375], "texture": "#2"},
				"up": {"uv": [0.25, 0.125, 0.125, 0], "texture": "#2"},
				"down": {"uv": [0.375, 0, 0.25, 0.125], "texture": "#2"}
			}
		},
		{
			"from": [8, -15, 1],
			"to": [9, -13, 2],
			"faces": {
				"north": {"uv": [0.125, 0.125, 0.25, 0.375], "texture": "#2"},
				"east": {"uv": [0, 0.125, 0.125, 0.375], "texture": "#2"},
				"south": {"uv": [0.375, 0.125, 0.5, 0.375], "texture": "#2"},
				"west": {"uv": [0.25, 0.125, 0.375, 0.375], "texture": "#2"},
				"up": {"uv": [0.25, 0.125, 0.125, 0], "texture": "#2"},
				"down": {"uv": [0.375, 0, 0.25, 0.125], "texture": "#2"}
			}
		},
		{
			"from": [8, -14, 2],
			"to": [9, -13, 3],
			"faces": {
				"north": {"uv": [0.125, 0.125, 0.25, 0.25], "texture": "#1"},
				"east": {"uv": [0, 0.125, 0.125, 0.25], "texture": "#1"},
				"south": {"uv": [0.375, 0.125, 0.5, 0.25], "texture": "#1"},
				"west": {"uv": [0.25, 0.125, 0.375, 0.25], "texture": "#1"},
				"up": {"uv": [0.25, 0.125, 0.125, 0], "texture": "#1"},
				"down": {"uv": [0.375, 0, 0.25, 0.125], "texture": "#1"}
			}
		},
		{
			"from": [6, -14, 4],
			"to": [7, -13, 5],
			"faces": {
				"north": {"uv": [0.125, 0.125, 0.25, 0.25], "texture": "#1"},
				"east": {"uv": [0, 0.125, 0.125, 0.25], "texture": "#1"},
				"south": {"uv": [0.375, 0.125, 0.5, 0.25], "texture": "#1"},
				"west": {"uv": [0.25, 0.125, 0.375, 0.25], "texture": "#1"},
				"up": {"uv": [0.25, 0.125, 0.125, 0], "texture": "#1"},
				"down": {"uv": [0.375, 0, 0.25, 0.125], "texture": "#1"}
			}
		},
		{
			"from": [10, -14, 4],
			"to": [11, -13, 5],
			"faces": {
				"north": {"uv": [0.125, 0.125, 0.25, 0.25], "texture": "#1"},
				"east": {"uv": [0, 0.125, 0.125, 0.25], "texture": "#1"},
				"south": {"uv": [0.375, 0.125, 0.5, 0.25], "texture": "#1"},
				"west": {"uv": [0.25, 0.125, 0.375, 0.25], "texture": "#1"},
				"up": {"uv": [0.25, 0.125, 0.125, 0], "texture": "#1"},
				"down": {"uv": [0.375, 0, 0.25, 0.125], "texture": "#1"}
			}
		},
		{
			"from": [6, -12, 0],
			"to": [11, -9, 6],
			"faces": {
				"north": {"uv": [0.75, 0.75, 1.375, 1.125], "texture": "#4"},
				"east": {"uv": [0, 0.75, 0.75, 1.125], "texture": "#4"},
				"south": {"uv": [2.125, 0.75, 2.75, 1.125], "texture": "#4"},
				"west": {"uv": [1.375, 0.75, 2.125, 1.125], "texture": "#4"},
				"up": {"uv": [1.375, 0.75, 0.75, 0], "texture": "#4"},
				"down": {"uv": [2, 0, 1.375, 0.75], "texture": "#4"}
			}
		},
		{
			"from": [5, -13, 0],
			"to": [12, -12, 6],
			"faces": {
				"north": {"uv": [0.75, 0.75, 1.625, 0.875], "texture": "#3"},
				"east": {"uv": [0, 0.75, 0.75, 0.875], "texture": "#3"},
				"south": {"uv": [2.375, 0.75, 3.25, 0.875], "texture": "#3"},
				"west": {"uv": [1.625, 0.75, 2.375, 0.875], "texture": "#3"},
				"up": {"uv": [1.625, 0.75, 0.75, 0], "texture": "#3"},
				"down": {"uv": [2.5, 0, 1.625, 0.75], "texture": "#3"}
			}
		},
		{
			"from": [11, -14, 1],
			"to": [12, -13, 2],
			"faces": {
				"north": {"uv": [0.125, 0.125, 0.25, 0.25], "texture": "#2"},
				"east": {"uv": [0, 0.125, 0.125, 0.25], "texture": "#2"},
				"south": {"uv": [0.375, 0.125, 0.5, 0.25], "texture": "#2"},
				"west": {"uv": [0.25, 0.125, 0.375, 0.25], "texture": "#2"},
				"up": {"uv": [0.25, 0.125, 0.125, 0], "texture": "#2"},
				"down": {"uv": [0.375, 0, 0.25, 0.125], "texture": "#2"}
			}
		},
		{
			"from": [5, -14, 1],
			"to": [6, -13, 2],
			"faces": {
				"north": {"uv": [0.125, 0.125, 0.25, 0.25], "texture": "#2"},
				"east": {"uv": [0, 0.125, 0.125, 0.25], "texture": "#2"},
				"south": {"uv": [0.375, 0.125, 0.5, 0.25], "texture": "#2"},
				"west": {"uv": [0.25, 0.125, 0.375, 0.25], "texture": "#2"},
				"up": {"uv": [0.25, 0.125, 0.125, 0], "texture": "#2"},
				"down": {"uv": [0.375, 0, 0.25, 0.125], "texture": "#2"}
			}
		},
		{
			"from": [11, -12, 1],
			"to": [13, -9, 6],
			"faces": {
				"north": {"uv": [0.625, 0.625, 0.875, 1], "texture": "#4"},
				"east": {"uv": [0, 0.625, 0.625, 1], "texture": "#4"},
				"south": {"uv": [1.5, 0.625, 1.75, 1], "texture": "#4"},
				"west": {"uv": [0.875, 0.625, 1.5, 1], "texture": "#4"},
				"up": {"uv": [0.875, 0.625, 0.625, 0], "texture": "#4"},
				"down": {"uv": [1.125, 0, 0.875, 0.625], "texture": "#4"}
			}
		},
		{
			"from": [12, -13, 1],
			"to": [13, -12, 6],
			"faces": {
				"north": {"uv": [0.625, 0.625, 0.75, 0.75], "texture": "#3"},
				"east": {"uv": [0, 0.625, 0.625, 0.75], "texture": "#3"},
				"south": {"uv": [1.375, 0.625, 1.5, 0.75], "texture": "#3"},
				"west": {"uv": [0.75, 0.625, 1.375, 0.75], "texture": "#3"},
				"up": {"uv": [0.75, 0.625, 0.625, 0], "texture": "#3"},
				"down": {"uv": [0.875, 0, 0.75, 0.625], "texture": "#3"}
			}
		},
		{
			"from": [4, -12, 1],
			"to": [6, -9, 6],
			"faces": {
				"north": {"uv": [0.625, 0.625, 0.875, 1], "texture": "#4"},
				"east": {"uv": [0, 0.625, 0.625, 1], "texture": "#4"},
				"south": {"uv": [1.5, 0.625, 1.75, 1], "texture": "#4"},
				"west": {"uv": [0.875, 0.625, 1.5, 1], "texture": "#4"},
				"up": {"uv": [0.875, 0.625, 0.625, 0], "texture": "#4"},
				"down": {"uv": [1.125, 0, 0.875, 0.625], "texture": "#4"}
			}
		},
		{
			"from": [4, -13, 1],
			"to": [5, -12, 6],
			"faces": {
				"north": {"uv": [0.625, 0.625, 0.75, 0.75], "texture": "#3"},
				"east": {"uv": [0, 0.625, 0.625, 0.75], "texture": "#3"},
				"south": {"uv": [1.375, 0.625, 1.5, 0.75], "texture": "#3"},
				"west": {"uv": [0.75, 0.625, 1.375, 0.75], "texture": "#3"},
				"up": {"uv": [0.75, 0.625, 0.625, 0], "texture": "#3"},
				"down": {"uv": [0.875, 0, 0.75, 0.625], "texture": "#3"}
			}
		},
		{
			"from": [6, -11, 7],
			"to": [11, 7, 8],
			"faces": {
				"north": {"uv": [0.125, 0.125, 0.75, 2.375], "texture": "#2"},
				"east": {"uv": [0, 0.125, 0.125, 2.375], "texture": "#2"},
				"south": {"uv": [0.875, 0.125, 1.5, 2.375], "texture": "#2"},
				"west": {"uv": [0.75, 0.125, 0.875, 2.375], "texture": "#2"},
				"up": {"uv": [0.75, 0.125, 0.125, 0], "texture": "#2"},
				"down": {"uv": [1.375, 0, 0.75, 0.125], "texture": "#2"}
			}
		},
		{
			"from": [11, -9, 7],
			"to": [15, -5, 8],
			"faces": {
				"north": {"uv": [0.125, 0.125, 0.625, 0.625], "texture": "#2"},
				"east": {"uv": [0, 0.125, 0.125, 0.625], "texture": "#2"},
				"south": {"uv": [0.75, 0.125, 1.25, 0.625], "texture": "#2"},
				"west": {"uv": [0.625, 0.125, 0.75, 0.625], "texture": "#2"},
				"up": {"uv": [0.625, 0.125, 0.125, 0], "texture": "#2"},
				"down": {"uv": [1.125, 0, 0.625, 0.125], "texture": "#2"}
			}
		},
		{
			"from": [2, -9, 7],
			"to": [6, -5, 8],
			"faces": {
				"north": {"uv": [0.125, 0.125, 0.625, 0.625], "texture": "#2"},
				"east": {"uv": [0, 0.125, 0.125, 0.625], "texture": "#2"},
				"south": {"uv": [0.75, 0.125, 1.25, 0.625], "texture": "#2"},
				"west": {"uv": [0.625, 0.125, 0.75, 0.625], "texture": "#2"},
				"up": {"uv": [0.625, 0.125, 0.125, 0], "texture": "#2"},
				"down": {"uv": [1.125, 0, 0.625, 0.125], "texture": "#2"}
			}
		},
		{
			"from": [4, -10, 7],
			"to": [6, -9, 8],
			"faces": {
				"north": {"uv": [0.125, 0.125, 0.375, 0.25], "texture": "#2"},
				"east": {"uv": [0, 0.125, 0.125, 0.25], "texture": "#2"},
				"south": {"uv": [0.5, 0.125, 0.75, 0.25], "texture": "#2"},
				"west": {"uv": [0.375, 0.125, 0.5, 0.25], "texture": "#2"},
				"up": {"uv": [0.375, 0.125, 0.125, 0], "texture": "#2"},
				"down": {"uv": [0.625, 0, 0.375, 0.125], "texture": "#2"}
			}
		},
		{
			"from": [4, -4, 7],
			"to": [6, -3, 8],
			"faces": {
				"north": {"uv": [0.125, 0.125, 0.375, 0.25], "texture": "#2"},
				"east": {"uv": [0, 0.125, 0.125, 0.25], "texture": "#2"},
				"south": {"uv": [0.5, 0.125, 0.75, 0.25], "texture": "#2"},
				"west": {"uv": [0.375, 0.125, 0.5, 0.25], "texture": "#2"},
				"up": {"uv": [0.375, 0.125, 0.125, 0], "texture": "#2"},
				"down": {"uv": [0.625, 0, 0.375, 0.125], "texture": "#2"}
			}
		},
		{
			"from": [11, -4, 7],
			"to": [13, -3, 8],
			"faces": {
				"north": {"uv": [0.125, 0.125, 0.375, 0.25], "texture": "#2"},
				"east": {"uv": [0, 0.125, 0.125, 0.25], "texture": "#2"},
				"south": {"uv": [0.5, 0.125, 0.75, 0.25], "texture": "#2"},
				"west": {"uv": [0.375, 0.125, 0.5, 0.25], "texture": "#2"},
				"up": {"uv": [0.375, 0.125, 0.125, 0], "texture": "#2"},
				"down": {"uv": [0.625, 0, 0.375, 0.125], "texture": "#2"}
			}
		},
		{
			"from": [11, -3, 7],
			"to": [12, -2, 8],
			"faces": {
				"north": {"uv": [0.125, 0.125, 0.25, 0.25], "texture": "#2"},
				"east": {"uv": [0, 0.125, 0.125, 0.25], "texture": "#2"},
				"south": {"uv": [0.375, 0.125, 0.5, 0.25], "texture": "#2"},
				"west": {"uv": [0.25, 0.125, 0.375, 0.25], "texture": "#2"},
				"up": {"uv": [0.25, 0.125, 0.125, 0], "texture": "#2"},
				"down": {"uv": [0.375, 0, 0.25, 0.125], "texture": "#2"}
			}
		},
		{
			"from": [5, -3, 7],
			"to": [6, -2, 8],
			"faces": {
				"north": {"uv": [0.125, 0.125, 0.25, 0.25], "texture": "#2"},
				"east": {"uv": [0, 0.125, 0.125, 0.25], "texture": "#2"},
				"south": {"uv": [0.375, 0.125, 0.5, 0.25], "texture": "#2"},
				"west": {"uv": [0.25, 0.125, 0.375, 0.25], "texture": "#2"},
				"up": {"uv": [0.25, 0.125, 0.125, 0], "texture": "#2"},
				"down": {"uv": [0.375, 0, 0.25, 0.125], "texture": "#2"}
			}
		},
		{
			"from": [11, -10, 7],
			"to": [13, -9, 8],
			"faces": {
				"north": {"uv": [0.125, 0.125, 0.375, 0.25], "texture": "#2"},
				"east": {"uv": [0, 0.125, 0.125, 0.25], "texture": "#2"},
				"south": {"uv": [0.5, 0.125, 0.75, 0.25], "texture": "#2"},
				"west": {"uv": [0.375, 0.125, 0.5, 0.25], "texture": "#2"},
				"up": {"uv": [0.375, 0.125, 0.125, 0], "texture": "#2"},
				"down": {"uv": [0.625, 0, 0.375, 0.125], "texture": "#2"}
			}
		},
		{
			"from": [11, -5, 7],
			"to": [14, -4, 8],
			"faces": {
				"north": {"uv": [0.125, 0.125, 0.5, 0.25], "texture": "#2"},
				"east": {"uv": [0, 0.125, 0.125, 0.25], "texture": "#2"},
				"south": {"uv": [0.625, 0.125, 1, 0.25], "texture": "#2"},
				"west": {"uv": [0.5, 0.125, 0.625, 0.25], "texture": "#2"},
				"up": {"uv": [0.5, 0.125, 0.125, 0], "texture": "#2"},
				"down": {"uv": [0.875, 0, 0.5, 0.125], "texture": "#2"}
			}
		},
		{
			"from": [3, -5, 7],
			"to": [6, -4, 8],
			"faces": {
				"north": {"uv": [0.125, 0.125, 0.5, 0.25], "texture": "#2"},
				"east": {"uv": [0, 0.125, 0.125, 0.25], "texture": "#2"},
				"south": {"uv": [0.625, 0.125, 1, 0.25], "texture": "#2"},
				"west": {"uv": [0.5, 0.125, 0.625, 0.25], "texture": "#2"},
				"up": {"uv": [0.5, 0.125, 0.125, 0], "texture": "#2"},
				"down": {"uv": [0.875, 0, 0.5, 0.125], "texture": "#2"}
			}
		},
		{
			"from": [7, 7, 7],
			"to": [10, 10, 8],
			"faces": {
				"north": {"uv": [0.125, 0.125, 0.5, 0.5], "texture": "#2"},
				"east": {"uv": [0, 0.125, 0.125, 0.5], "texture": "#2"},
				"south": {"uv": [0.625, 0.125, 1, 0.5], "texture": "#2"},
				"west": {"uv": [0.5, 0.125, 0.625, 0.5], "texture": "#2"},
				"up": {"uv": [0.5, 0.125, 0.125, 0], "texture": "#2"},
				"down": {"uv": [0.875, 0, 0.5, 0.125], "texture": "#2"}
			}
		},
		{
			"from": [8, 10, 7],
			"to": [9, 11, 8],
			"faces": {
				"north": {"uv": [0.125, 0.125, 0.25, 0.25], "texture": "#2"},
				"east": {"uv": [0, 0.125, 0.125, 0.25], "texture": "#2"},
				"south": {"uv": [0.375, 0.125, 0.5, 0.25], "texture": "#2"},
				"west": {"uv": [0.25, 0.125, 0.375, 0.25], "texture": "#2"},
				"up": {"uv": [0.25, 0.125, 0.125, 0], "texture": "#2"},
				"down": {"uv": [0.375, 0, 0.25, 0.125], "texture": "#2"}
			}
		},
		{
			"from": [5, -9, 4],
			"to": [12, 11, 6],
			"faces": {
				"north": {"uv": [0.25, 0.25, 1.125, 2.75], "texture": "#4"},
				"east": {"uv": [0, 0.25, 0.25, 2.75], "texture": "#4"},
				"south": {"uv": [1.375, 0.25, 2.25, 2.75], "texture": "#4"},
				"west": {"uv": [1.125, 0.25, 1.375, 2.75], "texture": "#4"},
				"up": {"uv": [1.125, 0.25, 0.25, 0], "texture": "#4"},
				"down": {"uv": [2, 0, 1.125, 0.25], "texture": "#4"}
			}
		},
		{
			"from": [6, -9, 3],
			"to": [11, 11, 4],
			"faces": {
				"north": {"uv": [0.125, 0.125, 0.75, 2.625], "texture": "#4"},
				"east": {"uv": [0, 0.125, 0.125, 2.625], "texture": "#4"},
				"south": {"uv": [0.875, 0.125, 1.5, 2.625], "texture": "#4"},
				"west": {"uv": [0.75, 0.125, 0.875, 2.625], "texture": "#4"},
				"up": {"uv": [0.75, 0.125, 0.125, 0], "texture": "#4"},
				"down": {"uv": [1.375, 0, 0.75, 0.125], "texture": "#4"}
			}
		},
		{
			"from": [7, -9, 2],
			"to": [10, 10, 3],
			"faces": {
				"north": {"uv": [0.125, 0.125, 0.5, 2.5], "texture": "#4"},
				"east": {"uv": [0, 0.125, 0.125, 2.5], "texture": "#4"},
				"south": {"uv": [0.625, 0.125, 1, 2.5], "texture": "#4"},
				"west": {"uv": [0.5, 0.125, 0.625, 2.5], "texture": "#4"},
				"up": {"uv": [0.5, 0.125, 0.125, 0], "texture": "#4"},
				"down": {"uv": [0.875, 0, 0.5, 0.125], "texture": "#4"}
			}
		},
		{
			"from": [7, 10, 2],
			"to": [10, 11, 3],
			"faces": {
				"north": {"uv": [0.125, 0.125, 0.5, 0.25], "texture": "#2"},
				"east": {"uv": [0, 0.125, 0.125, 0.25], "texture": "#2"},
				"south": {"uv": [0.625, 0.125, 1, 0.25], "texture": "#2"},
				"west": {"uv": [0.5, 0.125, 0.625, 0.25], "texture": "#2"},
				"up": {"uv": [0.5, 0.125, 0.125, 0], "texture": "#2"},
				"down": {"uv": [0.875, 0, 0.5, 0.125], "texture": "#2"}
			}
		},
		{
			"from": [8, 11, 2],
			"to": [9, 12, 3],
			"faces": {
				"north": {"uv": [0.125, 0.125, 0.25, 0.25], "texture": "#2"},
				"east": {"uv": [0, 0.125, 0.125, 0.25], "texture": "#2"},
				"south": {"uv": [0.375, 0.125, 0.5, 0.25], "texture": "#2"},
				"west": {"uv": [0.25, 0.125, 0.375, 0.25], "texture": "#2"},
				"up": {"uv": [0.25, 0.125, 0.125, 0], "texture": "#2"},
				"down": {"uv": [0.375, 0, 0.25, 0.125], "texture": "#2"}
			}
		},
		{
			"from": [5, -9, 3],
			"to": [6, 3, 4],
			"faces": {
				"north": {"uv": [0.125, 0.125, 0.25, 1.625], "texture": "#4"},
				"east": {"uv": [0, 0.125, 0.125, 1.625], "texture": "#4"},
				"south": {"uv": [0.375, 0.125, 0.5, 1.625], "texture": "#4"},
				"west": {"uv": [0.25, 0.125, 0.375, 1.625], "texture": "#4"},
				"up": {"uv": [0.25, 0.125, 0.125, 0], "texture": "#4"},
				"down": {"uv": [0.375, 0, 0.25, 0.125], "texture": "#4"}
			}
		},
		{
			"from": [6, -9, 2],
			"to": [7, 0, 3],
			"faces": {
				"north": {"uv": [0.125, 0.125, 0.25, 1.25], "texture": "#4"},
				"east": {"uv": [0, 0.125, 0.125, 1.25], "texture": "#4"},
				"south": {"uv": [0.375, 0.125, 0.5, 1.25], "texture": "#4"},
				"west": {"uv": [0.25, 0.125, 0.375, 1.25], "texture": "#4"},
				"up": {"uv": [0.25, 0.125, 0.125, 0], "texture": "#4"},
				"down": {"uv": [0.375, 0, 0.25, 0.125], "texture": "#4"}
			}
		},
		{
			"from": [11, -9, 3],
			"to": [12, 3, 4],
			"faces": {
				"north": {"uv": [0.125, 0.125, 0.25, 1.625], "texture": "#4"},
				"east": {"uv": [0, 0.125, 0.125, 1.625], "texture": "#4"},
				"south": {"uv": [0.375, 0.125, 0.5, 1.625], "texture": "#4"},
				"west": {"uv": [0.25, 0.125, 0.375, 1.625], "texture": "#4"},
				"up": {"uv": [0.25, 0.125, 0.125, 0], "texture": "#4"},
				"down": {"uv": [0.375, 0, 0.25, 0.125], "texture": "#4"}
			}
		},
		{
			"from": [10, -9, 2],
			"to": [11, 0, 3],
			"faces": {
				"north": {"uv": [0.125, 0.125, 0.25, 1.25], "texture": "#4"},
				"east": {"uv": [0, 0.125, 0.125, 1.25], "texture": "#4"},
				"south": {"uv": [0.375, 0.125, 0.5, 1.25], "texture": "#4"},
				"west": {"uv": [0.25, 0.125, 0.375, 1.25], "texture": "#4"},
				"up": {"uv": [0.25, 0.125, 0.125, 0], "texture": "#4"},
				"down": {"uv": [0.375, 0, 0.25, 0.125], "texture": "#4"}
			}
		},
		{
			"from": [4, -9, 5],
			"to": [5, 1, 6],
			"faces": {
				"north": {"uv": [0.125, 0.125, 0.25, 1.375], "texture": "#4"},
				"east": {"uv": [0, 0.125, 0.125, 1.375], "texture": "#4"},
				"south": {"uv": [0.375, 0.125, 0.5, 1.375], "texture": "#4"},
				"west": {"uv": [0.25, 0.125, 0.375, 1.375], "texture": "#4"},
				"up": {"uv": [0.25, 0.125, 0.125, 0], "texture": "#4"},
				"down": {"uv": [0.375, 0, 0.25, 0.125], "texture": "#4"}
			}
		},
		{
			"from": [12, -9, 5],
			"to": [13, 1, 6],
			"faces": {
				"north": {"uv": [0.125, 0.125, 0.25, 1.375], "texture": "#4"},
				"east": {"uv": [0, 0.125, 0.125, 1.375], "texture": "#4"},
				"south": {"uv": [0.375, 0.125, 0.5, 1.375], "texture": "#4"},
				"west": {"uv": [0.25, 0.125, 0.375, 1.375], "texture": "#4"},
				"up": {"uv": [0.25, 0.125, 0.125, 0], "texture": "#4"},
				"down": {"uv": [0.375, 0, 0.25, 0.125], "texture": "#4"}
			}
		},
		{
			"from": [4, -9, 4],
			"to": [5, -1, 5],
			"faces": {
				"north": {"uv": [0.125, 0.125, 0.25, 1.125], "texture": "#4"},
				"east": {"uv": [0, 0.125, 0.125, 1.125], "texture": "#4"},
				"south": {"uv": [0.375, 0.125, 0.5, 1.125], "texture": "#4"},
				"west": {"uv": [0.25, 0.125, 0.375, 1.125], "texture": "#4"},
				"up": {"uv": [0.25, 0.125, 0.125, 0], "texture": "#4"},
				"down": {"uv": [0.375, 0, 0.25, 0.125], "texture": "#4"}
			}
		},
		{
			"from": [4, -9, 4],
			"to": [5, -1, 5],
			"color": 2,
			"faces": {
				"north": {"uv": [0.125, 0.125, 0.25, 1.125], "texture": "#missing"},
				"east": {"uv": [0, 0.125, 0.125, 1.125], "texture": "#missing"},
				"south": {"uv": [0.375, 0.125, 0.5, 1.125], "texture": "#missing"},
				"west": {"uv": [0.25, 0.125, 0.375, 1.125], "texture": "#missing"},
				"up": {"uv": [0.25, 0.125, 0.125, 0], "texture": "#missing"},
				"down": {"uv": [0.375, 0, 0.25, 0.125], "texture": "#missing"}
			}
		},
		{
			"from": [12, -9, 4],
			"to": [13, -1, 5],
			"faces": {
				"north": {"uv": [0.125, 0.125, 0.25, 1.125], "texture": "#4"},
				"east": {"uv": [0, 0.125, 0.125, 1.125], "texture": "#4"},
				"south": {"uv": [0.375, 0.125, 0.5, 1.125], "texture": "#4"},
				"west": {"uv": [0.25, 0.125, 0.375, 1.125], "texture": "#4"},
				"up": {"uv": [0.25, 0.125, 0.125, 0], "texture": "#4"},
				"down": {"uv": [0.375, 0, 0.25, 0.125], "texture": "#4"}
			}
		},
		{
			"from": [12, -9, 3],
			"to": [13, -2, 4],
			"faces": {
				"north": {"uv": [0.125, 0.125, 0.25, 1], "texture": "#4"},
				"east": {"uv": [0, 0.125, 0.125, 1], "texture": "#4"},
				"south": {"uv": [0.375, 0.125, 0.5, 1], "texture": "#4"},
				"west": {"uv": [0.25, 0.125, 0.375, 1], "texture": "#4"},
				"up": {"uv": [0.25, 0.125, 0.125, 0], "texture": "#4"},
				"down": {"uv": [0.375, 0, 0.25, 0.125], "texture": "#4"}
			}
		},
		{
			"from": [4, -9, 3],
			"to": [5, -2, 4],
			"faces": {
				"north": {"uv": [0.125, 0.125, 0.25, 1], "texture": "#4"},
				"east": {"uv": [0, 0.125, 0.125, 1], "texture": "#4"},
				"south": {"uv": [0.375, 0.125, 0.5, 1], "texture": "#4"},
				"west": {"uv": [0.25, 0.125, 0.375, 1], "texture": "#4"},
				"up": {"uv": [0.25, 0.125, 0.125, 0], "texture": "#4"},
				"down": {"uv": [0.375, 0, 0.25, 0.125], "texture": "#4"}
			}
		},
		{
			"from": [11, -9, 2],
			"to": [12, -4, 3],
			"faces": {
				"north": {"uv": [0.125, 0.125, 0.25, 0.75], "texture": "#4"},
				"east": {"uv": [0, 0.125, 0.125, 0.75], "texture": "#4"},
				"south": {"uv": [0.375, 0.125, 0.5, 0.75], "texture": "#4"},
				"west": {"uv": [0.25, 0.125, 0.375, 0.75], "texture": "#4"},
				"up": {"uv": [0.25, 0.125, 0.125, 0], "texture": "#4"},
				"down": {"uv": [0.375, 0, 0.25, 0.125], "texture": "#4"}
			}
		},
		{
			"from": [5, -9, 2],
			"to": [6, -4, 3],
			"faces": {
				"north": {"uv": [0.125, 0.125, 0.25, 0.75], "texture": "#4"},
				"east": {"uv": [0, 0.125, 0.125, 0.75], "texture": "#4"},
				"south": {"uv": [0.375, 0.125, 0.5, 0.75], "texture": "#4"},
				"west": {"uv": [0.25, 0.125, 0.375, 0.75], "texture": "#4"},
				"up": {"uv": [0.25, 0.125, 0.125, 0], "texture": "#4"},
				"down": {"uv": [0.375, 0, 0.25, 0.125], "texture": "#4"}
			}
		},
		{
			"from": [6, 11, 4],
			"to": [11, 13, 6],
			"faces": {
				"north": {"uv": [0.25, 0.25, 0.875, 0.5], "texture": "#4"},
				"east": {"uv": [0, 0.25, 0.25, 0.5], "texture": "#4"},
				"south": {"uv": [1.125, 0.25, 1.75, 0.5], "texture": "#4"},
				"west": {"uv": [0.875, 0.25, 1.125, 0.5], "texture": "#4"},
				"up": {"uv": [0.875, 0.25, 0.25, 0], "texture": "#4"},
				"down": {"uv": [1.5, 0, 0.875, 0.25], "texture": "#4"}
			}
		},
		{
			"from": [7, 11, 3],
			"to": [10, 13, 4],
			"faces": {
				"north": {"uv": [0.125, 0.125, 0.5, 0.375], "texture": "#4"},
				"east": {"uv": [0, 0.125, 0.125, 0.375], "texture": "#4"},
				"south": {"uv": [0.625, 0.125, 1, 0.375], "texture": "#4"},
				"west": {"uv": [0.5, 0.125, 0.625, 0.375], "texture": "#4"},
				"up": {"uv": [0.5, 0.125, 0.125, 0], "texture": "#4"},
				"down": {"uv": [0.875, 0, 0.5, 0.125], "texture": "#4"}
			}
		},
		{
			"from": [7, 13, 4],
			"to": [10, 14, 6],
			"faces": {
				"north": {"uv": [0.25, 0.25, 0.625, 0.375], "texture": "#2"},
				"east": {"uv": [0, 0.25, 0.25, 0.375], "texture": "#2"},
				"south": {"uv": [0.875, 0.25, 1.25, 0.375], "texture": "#2"},
				"west": {"uv": [0.625, 0.25, 0.875, 0.375], "texture": "#2"},
				"up": {"uv": [0.625, 0.25, 0.25, 0], "texture": "#2"},
				"down": {"uv": [1, 0, 0.625, 0.25], "texture": "#2"}
			}
		},
		{
			"from": [5, 11, 5],
			"to": [6, 12, 6],
			"faces": {
				"north": {"uv": [0.125, 0.125, 0.25, 0.25], "texture": "#4"},
				"east": {"uv": [0, 0.125, 0.125, 0.25], "texture": "#4"},
				"south": {"uv": [0.375, 0.125, 0.5, 0.25], "texture": "#4"},
				"west": {"uv": [0.25, 0.125, 0.375, 0.25], "texture": "#4"},
				"up": {"uv": [0.25, 0.125, 0.125, 0], "texture": "#4"},
				"down": {"uv": [0.375, 0, 0.25, 0.125], "texture": "#4"}
			}
		},
		{
			"from": [6, 13, 5],
			"to": [7, 14, 6],
			"faces": {
				"north": {"uv": [0.125, 0.125, 0.25, 0.25], "texture": "#2"},
				"east": {"uv": [0, 0.125, 0.125, 0.25], "texture": "#2"},
				"south": {"uv": [0.375, 0.125, 0.5, 0.25], "texture": "#2"},
				"west": {"uv": [0.25, 0.125, 0.375, 0.25], "texture": "#2"},
				"up": {"uv": [0.25, 0.125, 0.125, 0], "texture": "#2"},
				"down": {"uv": [0.375, 0, 0.25, 0.125], "texture": "#2"}
			}
		},
		{
			"from": [10, 13, 5],
			"to": [11, 14, 6],
			"faces": {
				"north": {"uv": [0.125, 0.125, 0.25, 0.25], "texture": "#2"},
				"east": {"uv": [0, 0.125, 0.125, 0.25], "texture": "#2"},
				"south": {"uv": [0.375, 0.125, 0.5, 0.25], "texture": "#2"},
				"west": {"uv": [0.25, 0.125, 0.375, 0.25], "texture": "#2"},
				"up": {"uv": [0.25, 0.125, 0.125, 0], "texture": "#2"},
				"down": {"uv": [0.375, 0, 0.25, 0.125], "texture": "#2"}
			}
		},
		{
			"from": [8, 14, 5],
			"to": [9, 15, 6],
			"faces": {
				"north": {"uv": [0.125, 0.125, 0.25, 0.25], "texture": "#2"},
				"east": {"uv": [0, 0.125, 0.125, 0.25], "texture": "#2"},
				"south": {"uv": [0.375, 0.125, 0.5, 0.25], "texture": "#2"},
				"west": {"uv": [0.25, 0.125, 0.375, 0.25], "texture": "#2"},
				"up": {"uv": [0.25, 0.125, 0.125, 0], "texture": "#2"},
				"down": {"uv": [0.375, 0, 0.25, 0.125], "texture": "#2"}
			}
		},
		{
			"from": [11, 11, 5],
			"to": [12, 12, 6],
			"faces": {
				"north": {"uv": [0.125, 0.125, 0.25, 0.25], "texture": "#4"},
				"east": {"uv": [0, 0.125, 0.125, 0.25], "texture": "#4"},
				"south": {"uv": [0.375, 0.125, 0.5, 0.25], "texture": "#4"},
				"west": {"uv": [0.25, 0.125, 0.375, 0.25], "texture": "#4"},
				"up": {"uv": [0.25, 0.125, 0.125, 0], "texture": "#4"},
				"down": {"uv": [0.375, 0, 0.25, 0.125], "texture": "#4"}
			}
		},
		{
			"from": [6, -9, 1],
			"to": [11, -5, 2],
			"faces": {
				"north": {"uv": [0.125, 0.125, 0.75, 0.625], "texture": "#4"},
				"east": {"uv": [0, 0.125, 0.125, 0.625], "texture": "#4"},
				"south": {"uv": [0.875, 0.125, 1.5, 0.625], "texture": "#4"},
				"west": {"uv": [0.75, 0.125, 0.875, 0.625], "texture": "#4"},
				"up": {"uv": [0.75, 0.125, 0.125, 0], "texture": "#4"},
				"down": {"uv": [1.375, 0, 0.75, 0.125], "texture": "#4"}
			}
		},
		{
			"from": [7, -5, 1],
			"to": [10, 2, 2],
			"faces": {
				"north": {"uv": [0.125, 0.125, 0.5, 1], "texture": "#4"},
				"east": {"uv": [0, 0.125, 0.125, 1], "texture": "#4"},
				"south": {"uv": [0.625, 0.125, 1, 1], "texture": "#4"},
				"west": {"uv": [0.5, 0.125, 0.625, 1], "texture": "#4"},
				"up": {"uv": [0.5, 0.125, 0.125, 0], "texture": "#4"},
				"down": {"uv": [0.875, 0, 0.5, 0.125], "texture": "#4"}
			}
		},
		{
			"from": [7, -9, 0],
			"to": [10, -5, 1],
			"faces": {
				"north": {"uv": [0.125, 0.125, 0.5, 0.625], "texture": "#4"},
				"east": {"uv": [0, 0.125, 0.125, 0.625], "texture": "#4"},
				"south": {"uv": [0.625, 0.125, 1, 0.625], "texture": "#4"},
				"west": {"uv": [0.5, 0.125, 0.625, 0.625], "texture": "#4"},
				"up": {"uv": [0.5, 0.125, 0.125, 0], "texture": "#4"},
				"down": {"uv": [0.875, 0, 0.5, 0.125], "texture": "#4"}
			}
		},
		{
			"from": [8, 2, 1],
			"to": [9, 9, 2],
			"faces": {
				"north": {"uv": [0.125, 0.125, 0.25, 1], "texture": "#4"},
				"east": {"uv": [0, 0.125, 0.125, 1], "texture": "#4"},
				"south": {"uv": [0.375, 0.125, 0.5, 1], "texture": "#4"},
				"west": {"uv": [0.25, 0.125, 0.375, 1], "texture": "#4"},
				"up": {"uv": [0.25, 0.125, 0.125, 0], "texture": "#4"},
				"down": {"uv": [0.375, 0, 0.25, 0.125], "texture": "#4"}
			}
		},
		{
			"from": [8, -5, 0],
			"to": [9, 2, 1],
			"faces": {
				"north": {"uv": [0.125, 0.125, 0.25, 1], "texture": "#4"},
				"east": {"uv": [0, 0.125, 0.125, 1], "texture": "#4"},
				"south": {"uv": [0.375, 0.125, 0.5, 1], "texture": "#4"},
				"west": {"uv": [0.25, 0.125, 0.375, 1], "texture": "#4"},
				"up": {"uv": [0.25, 0.125, 0.125, 0], "texture": "#4"},
				"down": {"uv": [0.375, 0, 0.25, 0.125], "texture": "#4"}
			}
		},
		{
			"from": [-2, -10, 5],
			"to": [4, -9, 6],
			"faces": {
				"north": {"uv": [0.125, 0.125, 0.875, 0.25], "texture": "#4"},
				"east": {"uv": [0, 0.125, 0.125, 0.25], "texture": "#4"},
				"south": {"uv": [1, 0.125, 1.75, 0.25], "texture": "#4"},
				"west": {"uv": [0.875, 0.125, 1, 0.25], "texture": "#4"},
				"up": {"uv": [0.875, 0.125, 0.125, 0], "texture": "#4"},
				"down": {"uv": [1.625, 0, 0.875, 0.125], "texture": "#4"}
			}
		},
		{
			"from": [13, -10, 5],
			"to": [19, -9, 6],
			"faces": {
				"north": {"uv": [0.125, 0.125, 0.875, 0.25], "texture": "#4"},
				"east": {"uv": [0, 0.125, 0.125, 0.25], "texture": "#4"},
				"south": {"uv": [1, 0.125, 1.75, 0.25], "texture": "#4"},
				"west": {"uv": [0.875, 0.125, 1, 0.25], "texture": "#4"},
				"up": {"uv": [0.875, 0.125, 0.125, 0], "texture": "#4"},
				"down": {"uv": [1.625, 0, 0.875, 0.125], "texture": "#4"}
			}
		},
		{
			"from": [13, -9, 5],
			"to": [18, -7, 6],
			"faces": {
				"north": {"uv": [0.125, 0.125, 0.75, 0.375], "texture": "#4"},
				"east": {"uv": [0, 0.125, 0.125, 0.375], "texture": "#4"},
				"south": {"uv": [0.875, 0.125, 1.5, 0.375], "texture": "#4"},
				"west": {"uv": [0.75, 0.125, 0.875, 0.375], "texture": "#4"},
				"up": {"uv": [0.75, 0.125, 0.125, 0], "texture": "#4"},
				"down": {"uv": [1.375, 0, 0.75, 0.125], "texture": "#4"}
			}
		},
		{
			"from": [-1, -9, 5],
			"to": [4, -7, 6],
			"faces": {
				"north": {"uv": [0.125, 0.125, 0.75, 0.375], "texture": "#4"},
				"east": {"uv": [0, 0.125, 0.125, 0.375], "texture": "#4"},
				"south": {"uv": [0.875, 0.125, 1.5, 0.375], "texture": "#4"},
				"west": {"uv": [0.75, 0.125, 0.875, 0.375], "texture": "#4"},
				"up": {"uv": [0.75, 0.125, 0.125, 0], "texture": "#4"},
				"down": {"uv": [1.375, 0, 0.75, 0.125], "texture": "#4"}
			}
		},
		{
			"from": [2, -7, 5],
			"to": [4, -4, 6],
			"faces": {
				"north": {"uv": [0.125, 0.125, 0.375, 0.5], "texture": "#4"},
				"east": {"uv": [0, 0.125, 0.125, 0.5], "texture": "#4"},
				"south": {"uv": [0.5, 0.125, 0.75, 0.5], "texture": "#4"},
				"west": {"uv": [0.375, 0.125, 0.5, 0.5], "texture": "#4"},
				"up": {"uv": [0.375, 0.125, 0.125, 0], "texture": "#4"},
				"down": {"uv": [0.625, 0, 0.375, 0.125], "texture": "#4"}
			}
		},
		{
			"from": [13, -7, 5],
			"to": [15, -4, 6],
			"faces": {
				"north": {"uv": [0.125, 0.125, 0.375, 0.5], "texture": "#4"},
				"east": {"uv": [0, 0.125, 0.125, 0.5], "texture": "#4"},
				"south": {"uv": [0.5, 0.125, 0.75, 0.5], "texture": "#4"},
				"west": {"uv": [0.375, 0.125, 0.5, 0.5], "texture": "#4"},
				"up": {"uv": [0.375, 0.125, 0.125, 0], "texture": "#4"},
				"down": {"uv": [0.625, 0, 0.375, 0.125], "texture": "#4"}
			}
		},
		{
			"from": [13, -4, 5],
			"to": [14, -2, 6],
			"faces": {
				"north": {"uv": [0.125, 0.125, 0.25, 0.375], "texture": "#4"},
				"east": {"uv": [0, 0.125, 0.125, 0.375], "texture": "#4"},
				"south": {"uv": [0.375, 0.125, 0.5, 0.375], "texture": "#4"},
				"west": {"uv": [0.25, 0.125, 0.375, 0.375], "texture": "#4"},
				"up": {"uv": [0.25, 0.125, 0.125, 0], "texture": "#4"},
				"down": {"uv": [0.375, 0, 0.25, 0.125], "texture": "#4"}
			}
		},
		{
			"from": [3, -4, 5],
			"to": [4, -2, 6],
			"faces": {
				"north": {"uv": [0.125, 0.125, 0.25, 0.375], "texture": "#4"},
				"east": {"uv": [0, 0.125, 0.125, 0.375], "texture": "#4"},
				"south": {"uv": [0.375, 0.125, 0.5, 0.375], "texture": "#4"},
				"west": {"uv": [0.25, 0.125, 0.375, 0.375], "texture": "#4"},
				"up": {"uv": [0.25, 0.125, 0.125, 0], "texture": "#4"},
				"down": {"uv": [0.375, 0, 0.25, 0.125], "texture": "#4"}
			}
		},
		{
			"from": [1, -7, 5],
			"to": [2, -5, 6],
			"faces": {
				"north": {"uv": [0.125, 0.125, 0.25, 0.375], "texture": "#4"},
				"east": {"uv": [0, 0.125, 0.125, 0.375], "texture": "#4"},
				"south": {"uv": [0.375, 0.125, 0.5, 0.375], "texture": "#4"},
				"west": {"uv": [0.25, 0.125, 0.375, 0.375], "texture": "#4"},
				"up": {"uv": [0.25, 0.125, 0.125, 0], "texture": "#4"},
				"down": {"uv": [0.375, 0, 0.25, 0.125], "texture": "#4"}
			}
		},
		{
			"from": [15, -7, 5],
			"to": [16, -5, 6],
			"faces": {
				"north": {"uv": [0.125, 0.125, 0.25, 0.375], "texture": "#4"},
				"east": {"uv": [0, 0.125, 0.125, 0.375], "texture": "#4"},
				"south": {"uv": [0.375, 0.125, 0.5, 0.375], "texture": "#4"},
				"west": {"uv": [0.25, 0.125, 0.375, 0.375], "texture": "#4"},
				"up": {"uv": [0.25, 0.125, 0.125, 0], "texture": "#4"},
				"down": {"uv": [0.375, 0, 0.25, 0.125], "texture": "#4"}
			}
		},
		{
			"from": [16, -7, 5],
			"to": [17, -6, 6],
			"faces": {
				"north": {"uv": [0.125, 0.125, 0.25, 0.25], "texture": "#4"},
				"east": {"uv": [0, 0.125, 0.125, 0.25], "texture": "#4"},
				"south": {"uv": [0.375, 0.125, 0.5, 0.25], "texture": "#4"},
				"west": {"uv": [0.25, 0.125, 0.375, 0.25], "texture": "#4"},
				"up": {"uv": [0.25, 0.125, 0.125, 0], "texture": "#4"},
				"down": {"uv": [0.375, 0, 0.25, 0.125], "texture": "#4"}
			}
		},
		{
			"from": [2, -3, 6],
			"to": [15, -2, 7],
			"faces": {
				"north": {"uv": [0.125, 0.125, 1.75, 0.25], "texture": "#2"},
				"east": {"uv": [0, 0.125, 0.125, 0.25], "texture": "#2"},
				"south": {"uv": [1.875, 0.125, 3.5, 0.25], "texture": "#2"},
				"west": {"uv": [1.75, 0.125, 1.875, 0.25], "texture": "#2"},
				"up": {"uv": [1.75, 0.125, 0.125, 0], "texture": "#2"},
				"down": {"uv": [3.375, 0, 1.75, 0.125], "texture": "#2"}
			}
		},
		{
			"from": [5, -12, 0],
			"to": [6, -10, 1],
			"faces": {
				"north": {"uv": [0.125, 0.125, 0.25, 0.375], "texture": "#4"},
				"east": {"uv": [0, 0.125, 0.125, 0.375], "texture": "#4"},
				"south": {"uv": [0.375, 0.125, 0.5, 0.375], "texture": "#4"},
				"west": {"uv": [0.25, 0.125, 0.375, 0.375], "texture": "#4"},
				"up": {"uv": [0.25, 0.125, 0.125, 0], "texture": "#4"},
				"down": {"uv": [0.375, 0, 0.25, 0.125], "texture": "#4"}
			}
		},
		{
			"from": [11, -12, 0],
			"to": [12, -10, 1],
			"faces": {
				"north": {"uv": [0.125, 0.125, 0.25, 0.375], "texture": "#4"},
				"east": {"uv": [0, 0.125, 0.125, 0.375], "texture": "#4"},
				"south": {"uv": [0.375, 0.125, 0.5, 0.375], "texture": "#4"},
				"west": {"uv": [0.25, 0.125, 0.375, 0.375], "texture": "#4"},
				"up": {"uv": [0.25, 0.125, 0.125, 0], "texture": "#4"},
				"down": {"uv": [0.375, 0, 0.25, 0.125], "texture": "#4"}
			}
		},
		{
			"from": [12, -9, 2],
			"to": [13, -7, 3],
			"faces": {
				"north": {"uv": [0.125, 0.125, 0.25, 0.375], "texture": "#4"},
				"east": {"uv": [0, 0.125, 0.125, 0.375], "texture": "#4"},
				"south": {"uv": [0.375, 0.125, 0.5, 0.375], "texture": "#4"},
				"west": {"uv": [0.25, 0.125, 0.375, 0.375], "texture": "#4"},
				"up": {"uv": [0.25, 0.125, 0.125, 0], "texture": "#4"},
				"down": {"uv": [0.375, 0, 0.25, 0.125], "texture": "#4"}
			}
		},
		{
			"from": [4, -9, 2],
			"to": [5, -7, 3],
			"faces": {
				"north": {"uv": [0.125, 0.125, 0.25, 0.375], "texture": "#4"},
				"east": {"uv": [0, 0.125, 0.125, 0.375], "texture": "#4"},
				"south": {"uv": [0.375, 0.125, 0.5, 0.375], "texture": "#4"},
				"west": {"uv": [0.25, 0.125, 0.375, 0.375], "texture": "#4"},
				"up": {"uv": [0.25, 0.125, 0.125, 0], "texture": "#4"},
				"down": {"uv": [0.375, 0, 0.25, 0.125], "texture": "#4"}
			}
		}
	],
	"display": {
		"thirdperson_righthand": {
			"rotation": [67.5, -180, 0],
			"translation": [-5.75, -9, 11],
			"scale": [0.45, 0.45, 0.45]
		},
		"thirdperson_lefthand": {
			"rotation": [67.5, -180, 0],
			"translation": [-6.25, -9, 11],
			"scale": [0.45, 0.45, 0.45]
		},
		"firstperson_righthand": {
			"rotation": [-17.5, 60.5, -36.5],
			"translation": [1.5, 2, -0.5],
			"scale": [0.35, 0.35, 0.35]
		},
		"firstperson_lefthand": {
			"rotation": [17.5, 60.5, -36.5],
			"translation": [1.5, 2, -0.5],
			"scale": [0.36, 0.35, 0.35]
		},
		"ground": {
			"translation": [0, 8, 0],
			"scale": [0.5, 0.5, 0.5]
		},
		"gui": {
			"rotation": [-4, 154, 36],
			"translation": [1.25, 2.5, 0],
			"scale": [0.42, 0.42, 0.42]
		},
		"head": {
			"rotation": [0, -180, 0],
			"translation": [0, 15.5, 0.25],
			"scale": [0.4, 0.4, 0.4]
		},
		"fixed": {
			"translation": [0, 2.25, -4],
			"scale": [0.5, 0.5, 0.5]
		}
	},
	"groups": [
		{
			"name": "External Boosters",
			"origin": [8, 8, 8],
			"children": [
				{
					"name": "Dropoff Tank",
					"origin": [0, 0, 0],
					"children": [0, 1, 2, 3, 4, 5, 6, 7, 8, 9, 10, 11, 12, 13, 14, 15, 16, 17, 18, 19, 20, 21, 22, 23, 24, 25, 26, 27, 28, 29, 30, 31, 32, 33, 34, 35]
				},
				{
					"name": "Left Booster",
					"origin": [0, 0, 0],
					"children": [36, 37, 38, 39, 40, 41, 42, 43, 44, 45, 46, 47, 48, 49, 50, 51, 52, 53, 54, 55, 56]
				},
				{
					"name": "Right Booster",
					"origin": [0, 0, 0],
					"children": [57, 58, 59, 60, 61, 62, 63, 64, 65, 66, 67, 68, 69, 70, 71, 72, 73, 74, 75, 76, 77]
				}
			]
		},
		{
			"name": "Shuttle Body",
			"origin": [8, 8, 8],
			"children": [
				{
					"name": "Linkage",
					"origin": [0, 0, 0],
					"children": [78, 79, 80, 81, 82, 83]
				},
				{
					"name": "Body",
					"origin": [0, 0, 0],
					"children": [84, 85, 86, 87, 88, 89, 90, 91, 92, 93, 94, 95, 96, 97, 98, 99, 100, 101, 102, 103, 104, 105, 106, 107, 108, 109, 110, 111, 112, 113, 114, 115, 116, 117, 118, 119, 120, 121, 122, 123, 124, 125, 126, 127, 128, 129, 130, 131, 132, 133, 134, 135, 136, 137, 138, 139, 140, 141, 142, 143, 144, 145, 146, 147, 148, 149, 150, 151, 152, 153, 154, 155, 156, 157, 158, 159, 160, 161, 162, 163, 164, 165, 166, 167, 168, 169, 170, 171, 172, 173, 174, 175, 176, 177, 178, 179, 180, 181, 182]
				}
			]
		}
	]
}