{
	"credit": "Made with Blockbench",
	"textures": {
		"0": "block/stone",
		"particle": "block/stone"
	},
	"elements": [
		{
			"from": [6.5, 9.5, 21.25],
			"to": [10.5, 12, 25],
			"faces": {
				"north": {"uv": [0, 0, 2, 1], "texture": "#0"},
				"east": {"uv": [0, 0, 2, 1], "texture": "#0"},
				"south": {"uv": [0, 0, 2, 1], "texture": "#0"},
				"west": {"uv": [0, 0, 2, 1], "texture": "#0"},
				"up": {"uv": [0, 0, 2, 1], "texture": "#0"},
				"down": {"uv": [0, 0, 2, 1], "texture": "#0"}
			}
		},
		{
			"from": [7.5, 8, 0.25],
			"to": [11.5, 9.5, 4],
			"faces": {
				"north": {"uv": [0, 0, 2, 1], "texture": "#0"},
				"east": {"uv": [0, 0, 2, 1], "texture": "#0"},
				"south": {"uv": [0, 0, 2, 1], "texture": "#0"},
				"west": {"uv": [0, 0, 2, 1], "texture": "#0"},
				"up": {"uv": [0, 0, 2, 1], "texture": "#0"},
				"down": {"uv": [0, 0, 2, 1], "texture": "#0"}
			}
		},
		{
			"from": [7.5, 11.5, 0.25],
			"to": [11.5, 13, 4],
			"faces": {
				"north": {"uv": [0, 0, 2, 1], "texture": "#0"},
				"east": {"uv": [0, 0, 2, 1], "texture": "#0"},
				"south": {"uv": [0, 0, 2, 1], "texture": "#0"},
				"west": {"uv": [0, 0, 2, 1], "texture": "#0"},
				"up": {"uv": [0, 0, 2, 1], "texture": "#0"},
				"down": {"uv": [0, 0, 2, 1], "texture": "#0"}
			}
		},
		{
			"from": [7.5, 7.75, -0.75],
			"to": [11.5, 9.5, 0.25],
			"faces": {
				"north": {"uv": [3, 2, 3, 3], "texture": "#0"},
				"east": {"uv": [3, 2, 3, 3], "texture": "#0"},
				"south": {"uv": [3, 2, 3, 3], "texture": "#0"},
				"west": {"uv": [3, 2, 3, 3], "texture": "#0"},
				"up": {"uv": [3, 2, 3, 3], "texture": "#0"},
				"down": {"uv": [3, 2, 3, 3], "texture": "#0"}
			}
		},
		{
			"from": [6.5, 9, 20.25],
			"to": [10.5, 12.25, 21.25],
			"faces": {
				"north": {"uv": [3, 2, 3, 3], "texture": "#0"},
				"east": {"uv": [3, 2, 3, 3], "texture": "#0"},
				"south": {"uv": [3, 2, 3, 3], "texture": "#0"},
				"west": {"uv": [3, 2, 3, 3], "texture": "#0"},
				"up": {"uv": [3, 2, 3, 3], "texture": "#0"},
				"down": {"uv": [3, 2, 3, 3], "texture": "#0"}
			}
		},
		{
			"from": [7.5, 11.5, -0.75],
			"to": [11.5, 13.25, 0.25],
			"faces": {
				"north": {"uv": [3, 2, 3, 3], "texture": "#0"},
				"east": {"uv": [3, 2, 3, 3], "texture": "#0"},
				"south": {"uv": [3, 2, 3, 3], "texture": "#0"},
				"west": {"uv": [3, 2, 3, 3], "texture": "#0"},
				"up": {"uv": [3, 2, 3, 3], "texture": "#0"},
				"down": {"uv": [3, 2, 3, 3], "texture": "#0"}
			}
		},
		{
			"from": [8.5, 7.75, 4],
			"to": [11.5, 9.5, 5],
			"faces": {
				"north": {"uv": [3, 2, 3, 3], "texture": "#0"},
				"east": {"uv": [3, 2, 3, 3], "texture": "#0"},
				"south": {"uv": [3, 2, 3, 3], "texture": "#0"},
				"west": {"uv": [3, 2, 3, 3], "texture": "#0"},
				"up": {"uv": [3, 2, 3, 3], "texture": "#0"},
				"down": {"uv": [3, 2, 3, 3], "texture": "#0"}
			}
		},
		{
			"from": [6.5, 9, 25],
			"to": [10.5, 12.25, 26],
			"faces": {
				"north": {"uv": [3, 2, 3, 3], "texture": "#0"},
				"east": {"uv": [3, 2, 3, 3], "texture": "#0"},
				"south": {"uv": [3, 2, 3, 3], "texture": "#0"},
				"west": {"uv": [3, 2, 3, 3], "texture": "#0"},
				"up": {"uv": [3, 2, 3, 3], "texture": "#0"},
				"down": {"uv": [3, 2, 3, 3], "texture": "#0"}
			}
		},
		{
			"from": [8.5, 11.5, 4],
			"to": [11.5, 13.25, 5],
			"faces": {
				"north": {"uv": [3, 2, 3, 3], "texture": "#0"},
				"east": {"uv": [3, 2, 3, 3], "texture": "#0"},
				"south": {"uv": [3, 2, 3, 3], "texture": "#0"},
				"west": {"uv": [3, 2, 3, 3], "texture": "#0"},
				"up": {"uv": [3, 2, 3, 3], "texture": "#0"},
				"down": {"uv": [3, 2, 3, 3], "texture": "#0"}
			}
		},
		{
			"from": [8.5, 8.25, 5],
			"to": [10.75, 9.5, 6],
			"faces": {
				"north": {"uv": [3, 2, 3, 3], "texture": "#0"},
				"east": {"uv": [3, 2, 3, 3], "texture": "#0"},
				"south": {"uv": [3, 2, 3, 3], "texture": "#0"},
				"west": {"uv": [3, 2, 3, 3], "texture": "#0"},
				"up": {"uv": [3, 2, 3, 3], "texture": "#0"},
				"down": {"uv": [3, 2, 3, 3], "texture": "#0"}
			}
		},
		{
			"from": [8.5, 8.25, 6],
			"to": [9.5, 9.5, 6.75],
			"faces": {
				"north": {"uv": [3, 2, 3, 3], "texture": "#0"},
				"east": {"uv": [3, 2, 3, 3], "texture": "#0"},
				"south": {"uv": [3, 2, 3, 3], "texture": "#0"},
				"west": {"uv": [3, 2, 3, 3], "texture": "#0"},
				"up": {"uv": [3, 2, 3, 3], "texture": "#0"},
				"down": {"uv": [3, 2, 3, 3], "texture": "#0"}
			}
		},
		{
			"from": [8.5, 8.25, 6.75],
			"to": [9, 9.5, 7],
			"faces": {
				"north": {"uv": [3, 2, 3, 3], "texture": "#0"},
				"east": {"uv": [3, 2, 3, 3], "texture": "#0"},
				"south": {"uv": [3, 2, 3, 3], "texture": "#0"},
				"west": {"uv": [3, 2, 3, 3], "texture": "#0"},
				"up": {"uv": [3, 2, 3, 3], "texture": "#0"},
				"down": {"uv": [3, 2, 3, 3], "texture": "#0"}
			}
		},
		{
			"from": [9.5, 8.25, 6],
			"to": [10.25, 9.5, 6.5],
			"faces": {
				"north": {"uv": [3, 2, 3, 3], "texture": "#0"},
				"east": {"uv": [3, 2, 3, 3], "texture": "#0"},
				"south": {"uv": [3, 2, 3, 3], "texture": "#0"},
				"west": {"uv": [3, 2, 3, 3], "texture": "#0"},
				"up": {"uv": [3, 2, 3, 3], "texture": "#0"},
				"down": {"uv": [3, 2, 3, 3], "texture": "#0"}
			}
		},
		{
			"from": [6.5, 7.75, 0.25],
			"to": [7.5, 9.5, 4],
			"faces": {
				"north": {"uv": [3, 2, 3, 3], "texture": "#0"},
				"east": {"uv": [3, 2, 3, 3], "texture": "#0"},
				"south": {"uv": [3, 2, 3, 3], "texture": "#0"},
				"west": {"uv": [3, 2, 3, 3], "texture": "#0"},
				"up": {"uv": [3, 2, 3, 3], "texture": "#0"},
				"down": {"uv": [3, 2, 3, 3], "texture": "#0"}
			}
		},
		{
			"from": [5.5, 9, 21.25],
			"to": [6.5, 12.25, 25],
			"faces": {
				"north": {"uv": [3, 2, 3, 3], "texture": "#0"},
				"east": {"uv": [3, 2, 3, 3], "texture": "#0"},
				"south": {"uv": [3, 2, 3, 3], "texture": "#0"},
				"west": {"uv": [3, 2, 3, 3], "texture": "#0"},
				"up": {"uv": [3, 2, 3, 3], "texture": "#0"},
				"down": {"uv": [3, 2, 3, 3], "texture": "#0"}
			}
		},
		{
			"from": [6.5, 11.5, 0.25],
			"to": [7.5, 13.25, 4],
			"faces": {
				"north": {"uv": [3, 2, 3, 3], "texture": "#0"},
				"east": {"uv": [3, 2, 3, 3], "texture": "#0"},
				"south": {"uv": [3, 2, 3, 3], "texture": "#0"},
				"west": {"uv": [3, 2, 3, 3], "texture": "#0"},
				"up": {"uv": [3, 2, 3, 3], "texture": "#0"},
				"down": {"uv": [3, 2, 3, 3], "texture": "#0"}
			}
		},
		{
			"from": [5.75, 8.5, 8],
			"to": [6.75, 12.25, 18],
			"faces": {
				"north": {"uv": [3, 2, 3, 3], "texture": "#0"},
				"east": {"uv": [3, 2, 3, 3], "texture": "#0"},
				"south": {"uv": [3, 2, 3, 3], "texture": "#0"},
				"west": {"uv": [3, 2, 3, 3], "texture": "#0"},
				"up": {"uv": [3, 2, 3, 3], "texture": "#0"},
				"down": {"uv": [3, 2, 3, 3], "texture": "#0"}
			}
		},
		{
			"from": [6, 8.25, 7.75],
			"to": [8, 12.5, 8.25],
			"faces": {
				"north": {"uv": [3, 2, 3, 3], "texture": "#0"},
				"east": {"uv": [3, 2, 3, 3], "texture": "#0"},
				"south": {"uv": [3, 2, 3, 3], "texture": "#0"},
				"west": {"uv": [3, 2, 3, 3], "texture": "#0"},
				"up": {"uv": [3, 2, 3, 3], "texture": "#0"},
				"down": {"uv": [3, 2, 3, 3], "texture": "#0"}
			}
		},
		{
			"from": [6.25, 8, 7.25],
			"to": [8.25, 12.75, 7.75],
			"faces": {
				"north": {"uv": [3, 2, 3, 3], "texture": "#0"},
				"east": {"uv": [3, 2, 3, 3], "texture": "#0"},
				"south": {"uv": [3, 2, 3, 3], "texture": "#0"},
				"west": {"uv": [3, 2, 3, 3], "texture": "#0"},
				"up": {"uv": [3, 2, 3, 3], "texture": "#0"},
				"down": {"uv": [3, 2, 3, 3], "texture": "#0"}
			}
		},
		{
			"from": [5.75, 8, 18],
			"to": [6.5, 12.5, 19],
			"faces": {
				"north": {"uv": [3, 2, 3, 3], "texture": "#0"},
				"east": {"uv": [3, 2, 3, 3], "texture": "#0"},
				"south": {"uv": [3, 2, 3, 3], "texture": "#0"},
				"west": {"uv": [3, 2, 3, 3], "texture": "#0"},
				"up": {"uv": [3, 2, 3, 3], "texture": "#0"},
				"down": {"uv": [3, 2, 3, 3], "texture": "#0"}
			}
		},
		{
			"from": [5.75, 8, 20.25],
			"to": [6.5, 12.25, 21.25],
			"faces": {
				"north": {"uv": [3, 2, 3, 3], "texture": "#0"},
				"east": {"uv": [3, 2, 3, 3], "texture": "#0"},
				"south": {"uv": [3, 2, 3, 3], "texture": "#0"},
				"west": {"uv": [3, 2, 3, 3], "texture": "#0"},
				"up": {"uv": [3, 2, 3, 3], "texture": "#0"},
				"down": {"uv": [3, 2, 3, 3], "texture": "#0"}
			}
		},
		{
			"from": [6.5, 7.75, 4],
			"to": [8.5, 13, 7.25],
			"faces": {
				"north": {"uv": [3, 2, 3, 3], "texture": "#0"},
				"east": {"uv": [3, 2, 3, 3], "texture": "#0"},
				"south": {"uv": [3, 2, 3, 3], "texture": "#0"},
				"west": {"uv": [3, 2, 3, 3], "texture": "#0"},
				"up": {"uv": [3, 2, 3, 3], "texture": "#0"},
				"down": {"uv": [3, 2, 3, 3], "texture": "#0"}
			}
		},
		{
			"from": [8.5, 10.5, 8],
			"to": [9, 11.75, 12.25],
			"faces": {
				"north": {"uv": [3, 2, 3, 3], "texture": "#0"},
				"east": {"uv": [3, 2, 3, 3], "texture": "#0"},
				"south": {"uv": [3, 2, 3, 3], "texture": "#0"},
				"west": {"uv": [3, 2, 3, 3], "texture": "#0"},
				"up": {"uv": [3, 2, 3, 3], "texture": "#0"},
				"down": {"uv": [3, 2, 3, 3], "texture": "#0"}
			}
		},
		{
			"from": [8, 10.5, 7.5],
			"to": [8.5, 11.75, 8],
			"faces": {
				"north": {"uv": [3, 2, 3, 3], "texture": "#0"},
				"east": {"uv": [3, 2, 3, 3], "texture": "#0"},
				"south": {"uv": [3, 2, 3, 3], "texture": "#0"},
				"west": {"uv": [3, 2, 3, 3], "texture": "#0"},
				"up": {"uv": [3, 2, 3, 3], "texture": "#0"},
				"down": {"uv": [3, 2, 3, 3], "texture": "#0"}
			}
		},
		{
			"from": [9, 10.5, 12],
			"to": [9.5, 11.75, 16.25],
			"faces": {
				"north": {"uv": [3, 2, 3, 3], "texture": "#0"},
				"east": {"uv": [3, 2, 3, 3], "texture": "#0"},
				"south": {"uv": [3, 2, 3, 3], "texture": "#0"},
				"west": {"uv": [3, 2, 3, 3], "texture": "#0"},
				"up": {"uv": [3, 2, 3, 3], "texture": "#0"},
				"down": {"uv": [3, 2, 3, 3], "texture": "#0"}
			}
		},
		{
			"from": [6.5, 10.5, 13],
			"to": [9, 11.75, 13.5],
			"faces": {
				"north": {"uv": [3, 2, 3, 3], "texture": "#0"},
				"east": {"uv": [3, 2, 3, 3], "texture": "#0"},
				"south": {"uv": [3, 2, 3, 3], "texture": "#0"},
				"west": {"uv": [3, 2, 3, 3], "texture": "#0"},
				"up": {"uv": [3, 2, 3, 3], "texture": "#0"},
				"down": {"uv": [3, 2, 3, 3], "texture": "#0"}
			}
		},
		{
			"from": [9.5, 10.5, 16],
			"to": [10, 11.75, 20.25],
			"faces": {
				"north": {"uv": [3, 2, 3, 3], "texture": "#0"},
				"east": {"uv": [3, 2, 3, 3], "texture": "#0"},
				"south": {"uv": [3, 2, 3, 3], "texture": "#0"},
				"west": {"uv": [3, 2, 3, 3], "texture": "#0"},
				"up": {"uv": [3, 2, 3, 3], "texture": "#0"},
				"down": {"uv": [3, 2, 3, 3], "texture": "#0"}
			}
		},
		{
			"from": [10, 9.5, 20],
			"to": [10.5, 10.5, 20.25],
			"faces": {
				"north": {"uv": [3, 2, 3, 3], "texture": "#0"},
				"east": {"uv": [3, 2, 3, 3], "texture": "#0"},
				"south": {"uv": [3, 2, 3, 3], "texture": "#0"},
				"west": {"uv": [3, 2, 3, 3], "texture": "#0"},
				"up": {"uv": [3, 2, 3, 3], "texture": "#0"},
				"down": {"uv": [3, 2, 3, 3], "texture": "#0"}
			}
		},
		{
			"from": [10.75, 11, 16.75],
			"to": [11, 11.25, 22.25],
			"faces": {
				"north": {"uv": [7, 13, 8, 14], "texture": "#0"},
				"east": {"uv": [7, 13, 8, 14], "texture": "#0"},
				"south": {"uv": [7, 13, 8, 14], "texture": "#0"},
				"west": {"uv": [7, 13, 8, 14], "texture": "#0"},
				"up": {"uv": [7, 13, 8, 14], "texture": "#0"},
				"down": {"uv": [7, 13, 8, 14], "texture": "#0"}
			}
		},
		{
			"from": [11, 8.75, 11.75],
			"to": [11.25, 9.25, 17.5],
			"faces": {
				"north": {"uv": [7, 13, 8, 14], "texture": "#0"},
				"east": {"uv": [7, 13, 8, 14], "texture": "#0"},
				"south": {"uv": [7, 13, 8, 14], "texture": "#0"},
				"west": {"uv": [7, 13, 8, 14], "texture": "#0"},
				"up": {"uv": [7, 13, 8, 14], "texture": "#0"},
				"down": {"uv": [7, 13, 8, 14], "texture": "#0"}
			}
		},
		{
			"from": [10.75, 9, 9],
			"to": [11, 9.5, 12],
			"faces": {
				"north": {"uv": [7, 13, 8, 14], "texture": "#0"},
				"east": {"uv": [7, 13, 8, 14], "texture": "#0"},
				"south": {"uv": [7, 13, 8, 14], "texture": "#0"},
				"west": {"uv": [7, 13, 8, 14], "texture": "#0"},
				"up": {"uv": [7, 13, 8, 14], "texture": "#0"},
				"down": {"uv": [7, 13, 8, 14], "texture": "#0"}
			}
		},
		{
			"from": [10.5, 9.25, 6.25],
			"to": [10.75, 9.75, 9.25],
			"faces": {
				"north": {"uv": [7, 13, 8, 14], "texture": "#0"},
				"east": {"uv": [7, 13, 8, 14], "texture": "#0"},
				"south": {"uv": [7, 13, 8, 14], "texture": "#0"},
				"west": {"uv": [7, 13, 8, 14], "texture": "#0"},
				"up": {"uv": [7, 13, 8, 14], "texture": "#0"},
				"down": {"uv": [7, 13, 8, 14], "texture": "#0"}
			}
		},
		{
			"from": [10.25, 9.25, 5],
			"to": [10.5, 9.5, 6.25],
			"faces": {
				"north": {"uv": [7, 13, 8, 14], "texture": "#0"},
				"east": {"uv": [7, 13, 8, 14], "texture": "#0"},
				"south": {"uv": [7, 13, 8, 14], "texture": "#0"},
				"west": {"uv": [7, 13, 8, 14], "texture": "#0"},
				"up": {"uv": [7, 13, 8, 14], "texture": "#0"},
				"down": {"uv": [7, 13, 8, 14], "texture": "#0"}
			}
		},
		{
			"from": [10.75, 11, 5.25],
			"to": [11, 11.25, 7.75],
			"faces": {
				"north": {"uv": [7, 13, 8, 14], "texture": "#0"},
				"east": {"uv": [7, 13, 8, 14], "texture": "#0"},
				"south": {"uv": [7, 13, 8, 14], "texture": "#0"},
				"west": {"uv": [7, 13, 8, 14], "texture": "#0"},
				"up": {"uv": [7, 13, 8, 14], "texture": "#0"},
				"down": {"uv": [7, 13, 8, 14], "texture": "#0"}
			}
		},
		{
			"from": [11.75, 8.5, 24],
			"to": [12, 9, 25],
			"faces": {
				"north": {"uv": [7, 13, 8, 14], "texture": "#0"},
				"east": {"uv": [7, 13, 8, 14], "texture": "#0"},
				"south": {"uv": [7, 13, 8, 14], "texture": "#0"},
				"west": {"uv": [7, 13, 8, 14], "texture": "#0"},
				"up": {"uv": [7, 13, 8, 14], "texture": "#0"},
				"down": {"uv": [7, 13, 8, 14], "texture": "#0"}
			}
		},
		{
			"from": [12, 8.25, 25],
			"to": [12.25, 8.75, 26],
			"faces": {
				"north": {"uv": [7, 13, 8, 14], "texture": "#0"},
				"east": {"uv": [7, 13, 8, 14], "texture": "#0"},
				"south": {"uv": [7, 13, 8, 14], "texture": "#0"},
				"west": {"uv": [7, 13, 8, 14], "texture": "#0"},
				"up": {"uv": [7, 13, 8, 14], "texture": "#0"},
				"down": {"uv": [7, 13, 8, 14], "texture": "#0"}
			}
		},
		{
			"from": [10.5, 10.75, 7.5],
			"to": [11.25, 11.5, 16.75],
			"faces": {
				"north": {"uv": [1, 0, 2, 1], "texture": "#0"},
				"east": {"uv": [1, 0, 2, 1], "texture": "#0"},
				"south": {"uv": [1, 0, 2, 1], "texture": "#0"},
				"west": {"uv": [1, 0, 2, 1], "texture": "#0"},
				"up": {"uv": [1, 0, 2, 1], "texture": "#0"},
				"down": {"uv": [1, 0, 2, 1], "texture": "#0"}
			}
		},
		{
			"from": [11.25, 8.5, 20],
			"to": [12.25, 9.5, 24],
			"faces": {
				"north": {"uv": [1, 0, 2, 1], "texture": "#0"},
				"east": {"uv": [1, 0, 2, 1], "texture": "#0"},
				"south": {"uv": [1, 0, 2, 1], "texture": "#0"},
				"west": {"uv": [1, 0, 2, 1], "texture": "#0"},
				"up": {"uv": [1, 0, 2, 1], "texture": "#0"},
				"down": {"uv": [1, 0, 2, 1], "texture": "#0"}
			}
		},
		{
			"from": [10.75, 8.5, 13],
			"to": [11.75, 9.5, 17],
			"faces": {
				"north": {"uv": [1, 0, 2, 1], "texture": "#0"},
				"east": {"uv": [1, 0, 2, 1], "texture": "#0"},
				"south": {"uv": [1, 0, 2, 1], "texture": "#0"},
				"west": {"uv": [1, 0, 2, 1], "texture": "#0"},
				"up": {"uv": [1, 0, 2, 1], "texture": "#0"},
				"down": {"uv": [1, 0, 2, 1], "texture": "#0"}
			}
		},
		{
			"from": [11.25, 10.75, 8.5],
			"to": [11.5, 11.5, 16.5],
			"faces": {
				"north": {"uv": [1, 0, 2, 1], "texture": "#0"},
				"east": {"uv": [1, 0, 2, 1], "texture": "#0"},
				"south": {"uv": [1, 0, 2, 1], "texture": "#0"},
				"west": {"uv": [1, 0, 2, 1], "texture": "#0"},
				"up": {"uv": [1, 0, 2, 1], "texture": "#0"},
				"down": {"uv": [1, 0, 2, 1], "texture": "#0"}
			}
		},
		{
			"from": [11.25, 10.75, 7.5],
			"to": [11.5, 11.5, 8],
			"faces": {
				"north": {"uv": [1, 0, 2, 1], "texture": "#0"},
				"east": {"uv": [1, 0, 2, 1], "texture": "#0"},
				"south": {"uv": [1, 0, 2, 1], "texture": "#0"},
				"west": {"uv": [1, 0, 2, 1], "texture": "#0"},
				"up": {"uv": [1, 0, 2, 1], "texture": "#0"},
				"down": {"uv": [1, 0, 2, 1], "texture": "#0"}
			}
		},
		{
			"from": [10.25, 9.75, 7.5],
			"to": [10.5, 10.5, 8],
			"faces": {
				"north": {"uv": [1, 0, 2, 1], "texture": "#0"},
				"east": {"uv": [1, 0, 2, 1], "texture": "#0"},
				"south": {"uv": [1, 0, 2, 1], "texture": "#0"},
				"west": {"uv": [1, 0, 2, 1], "texture": "#0"},
				"up": {"uv": [1, 0, 2, 1], "texture": "#0"},
				"down": {"uv": [1, 0, 2, 1], "texture": "#0"}
			}
		},
		{
			"from": [12, 8.5, 20],
			"to": [12.5, 9.5, 23],
			"faces": {
				"north": {"uv": [1, 0, 2, 1], "texture": "#0"},
				"east": {"uv": [1, 0, 2, 1], "texture": "#0"},
				"south": {"uv": [1, 0, 2, 1], "texture": "#0"},
				"west": {"uv": [1, 0, 2, 1], "texture": "#0"},
				"up": {"uv": [1, 0, 2, 1], "texture": "#0"},
				"down": {"uv": [1, 0, 2, 1], "texture": "#0"}
			}
		},
		{
			"from": [11.75, 8.5, 17],
			"to": [12.25, 9.5, 20],
			"faces": {
				"north": {"uv": [1, 0, 2, 1], "texture": "#0"},
				"east": {"uv": [1, 0, 2, 1], "texture": "#0"},
				"south": {"uv": [1, 0, 2, 1], "texture": "#0"},
				"west": {"uv": [1, 0, 2, 1], "texture": "#0"},
				"up": {"uv": [1, 0, 2, 1], "texture": "#0"},
				"down": {"uv": [1, 0, 2, 1], "texture": "#0"}
			}
		},
		{
			"from": [11.5, 8.5, 14],
			"to": [12, 9.5, 17],
			"faces": {
				"north": {"uv": [1, 0, 2, 1], "texture": "#0"},
				"east": {"uv": [1, 0, 2, 1], "texture": "#0"},
				"south": {"uv": [1, 0, 2, 1], "texture": "#0"},
				"west": {"uv": [1, 0, 2, 1], "texture": "#0"},
				"up": {"uv": [1, 0, 2, 1], "texture": "#0"},
				"down": {"uv": [1, 0, 2, 1], "texture": "#0"}
			}
		},
		{
			"from": [10.25, 10.75, 8.5],
			"to": [10.5, 11.5, 16.5],
			"faces": {
				"north": {"uv": [1, 0, 2, 1], "texture": "#0"},
				"east": {"uv": [1, 0, 2, 1], "texture": "#0"},
				"south": {"uv": [1, 0, 2, 1], "texture": "#0"},
				"west": {"uv": [1, 0, 2, 1], "texture": "#0"},
				"up": {"uv": [1, 0, 2, 1], "texture": "#0"},
				"down": {"uv": [1, 0, 2, 1], "texture": "#0"}
			}
		},
		{
			"from": [11, 8.5, 20],
			"to": [11.5, 9.5, 23],
			"faces": {
				"north": {"uv": [1, 0, 2, 1], "texture": "#0"},
				"east": {"uv": [1, 0, 2, 1], "texture": "#0"},
				"south": {"uv": [1, 0, 2, 1], "texture": "#0"},
				"west": {"uv": [1, 0, 2, 1], "texture": "#0"},
				"up": {"uv": [1, 0, 2, 1], "texture": "#0"},
				"down": {"uv": [1, 0, 2, 1], "texture": "#0"}
			}
		},
		{
			"from": [10.75, 8.5, 17],
			"to": [11.25, 9.5, 20],
			"faces": {
				"north": {"uv": [1, 0, 2, 1], "texture": "#0"},
				"east": {"uv": [1, 0, 2, 1], "texture": "#0"},
				"south": {"uv": [1, 0, 2, 1], "texture": "#0"},
				"west": {"uv": [1, 0, 2, 1], "texture": "#0"},
				"up": {"uv": [1, 0, 2, 1], "texture": "#0"},
				"down": {"uv": [1, 0, 2, 1], "texture": "#0"}
			}
		},
		{
			"from": [10.5, 8.5, 14],
			"to": [11, 9.5, 17],
			"faces": {
				"north": {"uv": [1, 0, 2, 1], "texture": "#0"},
				"east": {"uv": [1, 0, 2, 1], "texture": "#0"},
				"south": {"uv": [1, 0, 2, 1], "texture": "#0"},
				"west": {"uv": [1, 0, 2, 1], "texture": "#0"},
				"up": {"uv": [1, 0, 2, 1], "texture": "#0"},
				"down": {"uv": [1, 0, 2, 1], "texture": "#0"}
			}
		},
		{
			"from": [10.5, 11.5, 8.5],
			"to": [11.25, 11.75, 16.5],
			"faces": {
				"north": {"uv": [1, 0, 2, 1], "texture": "#0"},
				"east": {"uv": [1, 0, 2, 1], "texture": "#0"},
				"south": {"uv": [1, 0, 2, 1], "texture": "#0"},
				"west": {"uv": [1, 0, 2, 1], "texture": "#0"},
				"up": {"uv": [1, 0, 2, 1], "texture": "#0"},
				"down": {"uv": [1, 0, 2, 1], "texture": "#0"}
			}
		},
		{
			"from": [10.5, 11.5, 7.5],
			"to": [11.25, 11.75, 8],
			"faces": {
				"north": {"uv": [1, 0, 2, 1], "texture": "#0"},
				"east": {"uv": [1, 0, 2, 1], "texture": "#0"},
				"south": {"uv": [1, 0, 2, 1], "texture": "#0"},
				"west": {"uv": [1, 0, 2, 1], "texture": "#0"},
				"up": {"uv": [1, 0, 2, 1], "texture": "#0"},
				"down": {"uv": [1, 0, 2, 1], "texture": "#0"}
			}
		},
		{
			"from": [10.5, 10.5, 7.5],
			"to": [11.25, 10.75, 8],
			"faces": {
				"north": {"uv": [1, 0, 2, 1], "texture": "#0"},
				"east": {"uv": [1, 0, 2, 1], "texture": "#0"},
				"south": {"uv": [1, 0, 2, 1], "texture": "#0"},
				"west": {"uv": [1, 0, 2, 1], "texture": "#0"},
				"up": {"uv": [1, 0, 2, 1], "texture": "#0"},
				"down": {"uv": [1, 0, 2, 1], "texture": "#0"}
			}
		},
		{
			"from": [11.25, 9.25, 20],
			"to": [12.25, 9.75, 23],
			"faces": {
				"north": {"uv": [1, 0, 2, 1], "texture": "#0"},
				"east": {"uv": [1, 0, 2, 1], "texture": "#0"},
				"south": {"uv": [1, 0, 2, 1], "texture": "#0"},
				"west": {"uv": [1, 0, 2, 1], "texture": "#0"},
				"up": {"uv": [1, 0, 2, 1], "texture": "#0"},
				"down": {"uv": [1, 0, 2, 1], "texture": "#0"}
			}
		},
		{
			"from": [11, 9.25, 17],
			"to": [12, 9.75, 20],
			"faces": {
				"north": {"uv": [1, 0, 2, 1], "texture": "#0"},
				"east": {"uv": [1, 0, 2, 1], "texture": "#0"},
				"south": {"uv": [1, 0, 2, 1], "texture": "#0"},
				"west": {"uv": [1, 0, 2, 1], "texture": "#0"},
				"up": {"uv": [1, 0, 2, 1], "texture": "#0"},
				"down": {"uv": [1, 0, 2, 1], "texture": "#0"}
			}
		},
		{
			"from": [10.75, 9.25, 14],
			"to": [11.75, 9.75, 17],
			"faces": {
				"north": {"uv": [1, 0, 2, 1], "texture": "#0"},
				"east": {"uv": [1, 0, 2, 1], "texture": "#0"},
				"south": {"uv": [1, 0, 2, 1], "texture": "#0"},
				"west": {"uv": [1, 0, 2, 1], "texture": "#0"},
				"up": {"uv": [1, 0, 2, 1], "texture": "#0"},
				"down": {"uv": [1, 0, 2, 1], "texture": "#0"}
			}
		},
		{
			"from": [10.5, 10.5, 8.5],
			"to": [11.25, 10.75, 16.5],
			"faces": {
				"north": {"uv": [1, 0, 2, 1], "texture": "#0"},
				"east": {"uv": [1, 0, 2, 1], "texture": "#0"},
				"south": {"uv": [1, 0, 2, 1], "texture": "#0"},
				"west": {"uv": [1, 0, 2, 1], "texture": "#0"},
				"up": {"uv": [1, 0, 2, 1], "texture": "#0"},
				"down": {"uv": [1, 0, 2, 1], "texture": "#0"}
			}
		},
		{
			"from": [11.25, 8.25, 20],
			"to": [12.25, 8.75, 23],
			"faces": {
				"north": {"uv": [1, 0, 2, 1], "texture": "#0"},
				"east": {"uv": [1, 0, 2, 1], "texture": "#0"},
				"south": {"uv": [1, 0, 2, 1], "texture": "#0"},
				"west": {"uv": [1, 0, 2, 1], "texture": "#0"},
				"up": {"uv": [1, 0, 2, 1], "texture": "#0"},
				"down": {"uv": [1, 0, 2, 1], "texture": "#0"}
			}
		},
		{
			"from": [11, 8.25, 17],
			"to": [12, 8.75, 20],
			"faces": {
				"north": {"uv": [1, 0, 2, 1], "texture": "#0"},
				"east": {"uv": [1, 0, 2, 1], "texture": "#0"},
				"south": {"uv": [1, 0, 2, 1], "texture": "#0"},
				"west": {"uv": [1, 0, 2, 1], "texture": "#0"},
				"up": {"uv": [1, 0, 2, 1], "texture": "#0"},
				"down": {"uv": [1, 0, 2, 1], "texture": "#0"}
			}
		},
		{
			"from": [10.75, 8.25, 14],
			"to": [11.75, 8.75, 17],
			"faces": {
				"north": {"uv": [1, 0, 2, 1], "texture": "#0"},
				"east": {"uv": [1, 0, 2, 1], "texture": "#0"},
				"south": {"uv": [1, 0, 2, 1], "texture": "#0"},
				"west": {"uv": [1, 0, 2, 1], "texture": "#0"},
				"up": {"uv": [1, 0, 2, 1], "texture": "#0"},
				"down": {"uv": [1, 0, 2, 1], "texture": "#0"}
			}
		},
		{
			"from": [5.75, 7.75, 19],
			"to": [6.5, 12.5, 20.25],
			"faces": {
				"north": {"uv": [3, 2, 3, 3], "texture": "#0"},
				"east": {"uv": [3, 2, 3, 3], "texture": "#0"},
				"south": {"uv": [3, 2, 3, 3], "texture": "#0"},
				"west": {"uv": [3, 2, 3, 3], "texture": "#0"},
				"up": {"uv": [3, 2, 3, 3], "texture": "#0"},
				"down": {"uv": [3, 2, 3, 3], "texture": "#0"}
			}
		},
		{
			"from": [11.5, 7.75, 0.25],
			"to": [12.5, 9.5, 4],
			"faces": {
				"north": {"uv": [3, 2, 3, 3], "texture": "#0"},
				"east": {"uv": [3, 2, 3, 3], "texture": "#0"},
				"south": {"uv": [3, 2, 3, 3], "texture": "#0"},
				"west": {"uv": [3, 2, 3, 3], "texture": "#0"},
				"up": {"uv": [3, 2, 3, 3], "texture": "#0"},
				"down": {"uv": [3, 2, 3, 3], "texture": "#0"}
			}
		},
		{
			"from": [10.5, 9, 21.25],
			"to": [11.5, 12.25, 25],
			"faces": {
				"north": {"uv": [3, 2, 3, 3], "texture": "#0"},
				"east": {"uv": [3, 2, 3, 3], "texture": "#0"},
				"south": {"uv": [3, 2, 3, 3], "texture": "#0"},
				"west": {"uv": [3, 2, 3, 3], "texture": "#0"},
				"up": {"uv": [3, 2, 3, 3], "texture": "#0"},
				"down": {"uv": [3, 2, 3, 3], "texture": "#0"}
			}
		},
		{
			"from": [11.5, 11.5, 0.25],
			"to": [12.5, 13.25, 4],
			"faces": {
				"north": {"uv": [3, 2, 3, 3], "texture": "#0"},
				"east": {"uv": [3, 2, 3, 3], "texture": "#0"},
				"south": {"uv": [3, 2, 3, 3], "texture": "#0"},
				"west": {"uv": [3, 2, 3, 3], "texture": "#0"},
				"up": {"uv": [3, 2, 3, 3], "texture": "#0"},
				"down": {"uv": [3, 2, 3, 3], "texture": "#0"}
			}
		},
		{
			"from": [8, 9, 22.75],
			"to": [9, 12.25, 23.75],
			"faces": {
				"north": {"uv": [3, 2, 3, 3], "texture": "#0"},
				"east": {"uv": [3, 2, 3, 3], "texture": "#0"},
				"south": {"uv": [3, 2, 3, 3], "texture": "#0"},
				"west": {"uv": [3, 2, 3, 3], "texture": "#0"},
				"up": {"uv": [3, 2, 3, 3], "texture": "#0"},
				"down": {"uv": [3, 2, 3, 3], "texture": "#0"}
			}
		},
		{
			"from": [9, 7.75, 1.75],
			"to": [10, 13.25, 2.75],
			"faces": {
				"north": {"uv": [3, 2, 3, 3], "texture": "#0"},
				"east": {"uv": [3, 2, 3, 3], "texture": "#0"},
				"south": {"uv": [3, 2, 3, 3], "texture": "#0"},
				"west": {"uv": [3, 2, 3, 3], "texture": "#0"},
				"up": {"uv": [3, 2, 3, 3], "texture": "#0"},
				"down": {"uv": [3, 2, 3, 3], "texture": "#0"}
			}
		},
		{
			"from": [7.75, 9, 22.25],
			"to": [9.25, 12.25, 22.5],
			"faces": {
				"north": {"uv": [3, 2, 3, 3], "texture": "#0"},
				"east": {"uv": [3, 2, 3, 3], "texture": "#0"},
				"south": {"uv": [3, 2, 3, 3], "texture": "#0"},
				"west": {"uv": [3, 2, 3, 3], "texture": "#0"},
				"up": {"uv": [3, 2, 3, 3], "texture": "#0"},
				"down": {"uv": [3, 2, 3, 3], "texture": "#0"}
			}
		},
		{
			"from": [8.75, 7.75, 1.25],
			"to": [10.25, 13.25, 1.5],
			"faces": {
				"north": {"uv": [3, 2, 3, 3], "texture": "#0"},
				"east": {"uv": [3, 2, 3, 3], "texture": "#0"},
				"south": {"uv": [3, 2, 3, 3], "texture": "#0"},
				"west": {"uv": [3, 2, 3, 3], "texture": "#0"},
				"up": {"uv": [3, 2, 3, 3], "texture": "#0"},
				"down": {"uv": [3, 2, 3, 3], "texture": "#0"}
			}
		},
		{
			"from": [7.75, 9, 24],
			"to": [9.25, 12.25, 24.25],
			"faces": {
				"north": {"uv": [3, 2, 3, 3], "texture": "#0"},
				"east": {"uv": [3, 2, 3, 3], "texture": "#0"},
				"south": {"uv": [3, 2, 3, 3], "texture": "#0"},
				"west": {"uv": [3, 2, 3, 3], "texture": "#0"},
				"up": {"uv": [3, 2, 3, 3], "texture": "#0"},
				"down": {"uv": [3, 2, 3, 3], "texture": "#0"}
			}
		},
		{
			"from": [8.75, 7.75, 3],
			"to": [10.25, 13.25, 3.25],
			"faces": {
				"north": {"uv": [3, 2, 3, 3], "texture": "#0"},
				"east": {"uv": [3, 2, 3, 3], "texture": "#0"},
				"south": {"uv": [3, 2, 3, 3], "texture": "#0"},
				"west": {"uv": [3, 2, 3, 3], "texture": "#0"},
				"up": {"uv": [3, 2, 3, 3], "texture": "#0"},
				"down": {"uv": [3, 2, 3, 3], "texture": "#0"}
			}
		},
		{
			"from": [7.5, 9, 22.5],
			"to": [7.75, 12.25, 24],
			"faces": {
				"north": {"uv": [3, 2, 3, 3], "texture": "#0"},
				"east": {"uv": [3, 2, 3, 3], "texture": "#0"},
				"south": {"uv": [3, 2, 3, 3], "texture": "#0"},
				"west": {"uv": [3, 2, 3, 3], "texture": "#0"},
				"up": {"uv": [3, 2, 3, 3], "texture": "#0"},
				"down": {"uv": [3, 2, 3, 3], "texture": "#0"}
			}
		},
		{
			"from": [8.5, 7.75, 1.5],
			"to": [8.75, 13.25, 3],
			"faces": {
				"north": {"uv": [3, 2, 3, 3], "texture": "#0"},
				"east": {"uv": [3, 2, 3, 3], "texture": "#0"},
				"south": {"uv": [3, 2, 3, 3], "texture": "#0"},
				"west": {"uv": [3, 2, 3, 3], "texture": "#0"},
				"up": {"uv": [3, 2, 3, 3], "texture": "#0"},
				"down": {"uv": [3, 2, 3, 3], "texture": "#0"}
			}
		},
		{
			"from": [9.25, 9, 22.5],
			"to": [9.5, 12.25, 24],
			"faces": {
				"north": {"uv": [3, 2, 3, 3], "texture": "#0"},
				"east": {"uv": [3, 2, 3, 3], "texture": "#0"},
				"south": {"uv": [3, 2, 3, 3], "texture": "#0"},
				"west": {"uv": [3, 2, 3, 3], "texture": "#0"},
				"up": {"uv": [3, 2, 3, 3], "texture": "#0"},
				"down": {"uv": [3, 2, 3, 3], "texture": "#0"}
			}
		},
		{
			"from": [10.25, 7.75, 1.5],
			"to": [10.5, 13.25, 3],
			"faces": {
				"north": {"uv": [3, 2, 3, 3], "texture": "#0"},
				"east": {"uv": [3, 2, 3, 3], "texture": "#0"},
				"south": {"uv": [3, 2, 3, 3], "texture": "#0"},
				"west": {"uv": [3, 2, 3, 3], "texture": "#0"},
				"up": {"uv": [3, 2, 3, 3], "texture": "#0"},
				"down": {"uv": [3, 2, 3, 3], "texture": "#0"}
			}
		}
	],
	"display": {
		"head": {
			"rotation": [-90, 0.5, 90],
			"translation": [1.5, 2.5, -3.75],
			"scale": [0.91, 0.91, 0.91]
		}
	}
}