{
	"credit": "Made with Blockbench",
	"textures": {
		"0": "block/stone",
		"particle": "block/stone"
	},
	"elements": [
		{
			"from": [7, 0.75, 13],
			"to": [8, 1.75, 14],
			"rotation": {"angle": 0, "axis": "y", "origin": [7.67659, 1.87134, 8.80793]},
			"color": 5,
			"faces": {
				"north": {"uv": [0, 0, 1, 1], "texture": "#0"},
				"east": {"uv": [0, 0, 1, 1], "texture": "#0"},
				"south": {"uv": [0, 0, 1, 1], "texture": "#0"},
				"west": {"uv": [0, 0, 1, 1], "texture": "#0"},
				"up": {"uv": [0, 0, 1, 1], "texture": "#0"},
				"down": {"uv": [0, 0, 1, 1], "texture": "#0"}
			}
		},
		{
			"from": [7, 0.5, 13],
			"to": [8, 0.75, 14],
			"rotation": {"angle": 0, "axis": "y", "origin": [7.67659, 1.87134, 8.80793]},
			"faces": {
				"north": {"uv": [0, 2, 1, 3], "texture": "#0"},
				"east": {"uv": [0, 2, 1, 3], "texture": "#0"},
				"south": {"uv": [0, 2, 1, 3], "texture": "#0"},
				"west": {"uv": [0, 2, 1, 3], "texture": "#0"},
				"up": {"uv": [0, 2, 1, 3], "texture": "#0"},
				"down": {"uv": [0, 2, 1, 3], "texture": "#0"}
			}
		},
		{
			"from": [7, 1.75, 13],
			"to": [8, 2, 14],
			"rotation": {"angle": 0, "axis": "y", "origin": [7.67659, 1.87134, 8.80793]},
			"faces": {
				"north": {"uv": [0, 2, 1, 3], "texture": "#0"},
				"east": {"uv": [0, 2, 1, 3], "texture": "#0"},
				"south": {"uv": [0, 2, 1, 3], "texture": "#0"},
				"west": {"uv": [0, 2, 1, 3], "texture": "#0"},
				"up": {"uv": [0, 2, 1, 3], "texture": "#0"},
				"down": {"uv": [0, 2, 1, 3], "texture": "#0"}
			}
		},
		{
			"from": [7.25, 2, 12.75],
			"to": [7.75, 2.75, 13.75],
			"rotation": {"angle": 0, "axis": "y", "origin": [7.67659, 1.87134, 8.80793]},
			"faces": {
				"north": {"uv": [2, 2, 3, 2.75], "texture": "#0"},
				"east": {"uv": [2, 2, 3, 2.75], "texture": "#0"},
				"south": {"uv": [2, 2, 3, 2.75], "texture": "#0"},
				"west": {"uv": [2, 2, 3, 2.75], "texture": "#0"},
				"up": {"uv": [2, 2, 3, 2.75], "texture": "#0"},
				"down": {"uv": [2, 2, 3, 2.75], "texture": "#0"}
			}
		},
		{
			"from": [7.25, 1.75, 11.5],
			"to": [7.75, 2.25, 12.25],
			"rotation": {"angle": 0, "axis": "y", "origin": [7.67659, 1.87134, 8.80793]},
			"faces": {
				"north": {"uv": [5, 0, 6, 1], "texture": "#0"},
				"east": {"uv": [5, 0, 6, 1], "texture": "#0"},
				"south": {"uv": [5, 0, 6, 1], "texture": "#0"},
				"west": {"uv": [5, 0, 6, 1], "texture": "#0"},
				"up": {"uv": [5, 0, 6, 1], "texture": "#0"},
				"down": {"uv": [5, 0, 6, 1], "texture": "#0"}
			}
		},
		{
			"from": [7.25, 2, 11.25],
			"to": [7.75, 2.25, 11.5],
			"rotation": {"angle": 0, "axis": "y", "origin": [7.67659, 1.87134, 8.80793]},
			"faces": {
				"north": {"uv": [5, 0, 6, 1], "texture": "#0"},
				"east": {"uv": [5, 0, 6, 1], "texture": "#0"},
				"south": {"uv": [5, 0, 6, 1], "texture": "#0"},
				"west": {"uv": [5, 0, 6, 1], "texture": "#0"},
				"up": {"uv": [5, 0, 6, 1], "texture": "#0"},
				"down": {"uv": [5, 0, 6, 1], "texture": "#0"}
			}
		},
		{
			"from": [7.25, 2.25, 11.75],
			"to": [7.75, 2.5, 12],
			"rotation": {"angle": 0, "axis": "y", "origin": [7.67659, 1.87134, 8.80793]},
			"faces": {
				"north": {"uv": [5, 0, 6, 1], "texture": "#0"},
				"east": {"uv": [5, 0, 6, 1], "texture": "#0"},
				"south": {"uv": [5, 0, 6, 1], "texture": "#0"},
				"west": {"uv": [5, 0, 6, 1], "texture": "#0"},
				"up": {"uv": [5, 0, 6, 1], "texture": "#0"},
				"down": {"uv": [5, 0, 6, 1], "texture": "#0"}
			}
		},
		{
			"from": [7.25, 2, 12.25],
			"to": [7.75, 2.25, 12.5],
			"rotation": {"angle": 0, "axis": "y", "origin": [7.67659, 1.87134, 8.80793]},
			"faces": {
				"north": {"uv": [5, 0, 6, 1], "texture": "#0"},
				"east": {"uv": [5, 0, 6, 1], "texture": "#0"},
				"south": {"uv": [5, 0, 6, 1], "texture": "#0"},
				"west": {"uv": [5, 0, 6, 1], "texture": "#0"},
				"up": {"uv": [5, 0, 6, 1], "texture": "#0"},
				"down": {"uv": [5, 0, 6, 1], "texture": "#0"}
			}
		},
		{
			"from": [7.25, 2.25, 10.75],
			"to": [7.75, 2.75, 11.75],
			"rotation": {"angle": 0, "axis": "y", "origin": [7.67659, 1.87134, 8.80793]},
			"faces": {
				"north": {"uv": [5, 0, 6, 1], "texture": "#0"},
				"east": {"uv": [5, 0, 6, 1], "texture": "#0"},
				"south": {"uv": [5, 0, 6, 1], "texture": "#0"},
				"west": {"uv": [5, 0, 6, 1], "texture": "#0"},
				"up": {"uv": [5, 0, 6, 1], "texture": "#0"},
				"down": {"uv": [5, 0, 6, 1], "texture": "#0"}
			}
		},
		{
			"from": [7, 2.75, 10.5],
			"to": [8, 3, 14.25],
			"rotation": {"angle": 0, "axis": "y", "origin": [7.67659, 1.87134, 8.80793]},
			"faces": {
				"north": {"uv": [1, 0, 2, 1], "texture": "#0"},
				"east": {"uv": [1, 0, 2, 1], "texture": "#0"},
				"south": {"uv": [1, 0, 2, 1], "texture": "#0"},
				"west": {"uv": [1, 0, 2, 1], "texture": "#0"},
				"up": {"uv": [1, 0, 2, 1], "texture": "#0"},
				"down": {"uv": [1, 0, 2, 1], "texture": "#0"}
			}
		},
		{
			"from": [8, 2.75, 10.75],
			"to": [8.75, 3, 14],
			"rotation": {"angle": 0, "axis": "y", "origin": [7.67659, 1.87134, 8.80793]},
			"faces": {
				"north": {"uv": [1, 0, 2, 1], "texture": "#0"},
				"east": {"uv": [1, 0, 2, 1], "texture": "#0"},
				"south": {"uv": [1, 0, 2, 1], "texture": "#0"},
				"west": {"uv": [1, 0, 2, 1], "texture": "#0"},
				"up": {"uv": [1, 0, 2, 1], "texture": "#0"},
				"down": {"uv": [1, 0, 2, 1], "texture": "#0"}
			}
		},
		{
			"from": [8.75, 2.75, 12.25],
			"to": [9, 3, 13.5],
			"rotation": {"angle": 0, "axis": "y", "origin": [7.67659, 1.87134, 8.80793]},
			"faces": {
				"north": {"uv": [1, 0, 2, 1], "texture": "#0"},
				"east": {"uv": [1, 0, 2, 1], "texture": "#0"},
				"south": {"uv": [1, 0, 2, 1], "texture": "#0"},
				"west": {"uv": [1, 0, 2, 1], "texture": "#0"},
				"up": {"uv": [1, 0, 2, 1], "texture": "#0"},
				"down": {"uv": [1, 0, 2, 1], "texture": "#0"}
			}
		},
		{
			"from": [6.25, 2.75, 10.75],
			"to": [7, 3, 14],
			"rotation": {"angle": 0, "axis": "y", "origin": [7.67659, 1.87134, 8.80793]},
			"faces": {
				"north": {"uv": [1, 0, 2, 1], "texture": "#0"},
				"east": {"uv": [1, 0, 2, 1], "texture": "#0"},
				"south": {"uv": [1, 0, 2, 1], "texture": "#0"},
				"west": {"uv": [1, 0, 2, 1], "texture": "#0"},
				"up": {"uv": [1, 0, 2, 1], "texture": "#0"},
				"down": {"uv": [1, 0, 2, 1], "texture": "#0"}
			}
		},
		{
			"from": [6, 1.75, 10.25],
			"to": [9, 2.75, 10.75],
			"rotation": {"angle": 0, "axis": "y", "origin": [7.67659, 1.87134, 8.80793]},
			"faces": {
				"north": {"uv": [0, 1, 2, 2], "texture": "#0"},
				"east": {"uv": [0, 1, 2, 2], "texture": "#0"},
				"south": {"uv": [0, 1, 2, 2], "texture": "#0"},
				"west": {"uv": [0, 1, 2, 2], "texture": "#0"},
				"up": {"uv": [0, 1, 2, 2], "texture": "#0"},
				"down": {"uv": [0, 1, 2, 2], "texture": "#0"}
			}
		},
		{
			"from": [6.75, 1.25, 9.25],
			"to": [7.5, 1.75, 10.25],
			"rotation": {"angle": 0, "axis": "y", "origin": [7.67659, 1.87134, 8.80793]},
			"faces": {
				"north": {"uv": [2, 2, 3.25, 3], "texture": "#0"},
				"east": {"uv": [2, 2, 3.25, 3], "texture": "#0"},
				"south": {"uv": [2, 2, 3.25, 3], "texture": "#0"},
				"west": {"uv": [2, 2, 3.25, 3], "texture": "#0"},
				"up": {"uv": [2, 2, 3.25, 3], "texture": "#0"},
				"down": {"uv": [2, 2, 3.25, 3], "texture": "#0"}
			}
		},
		{
			"from": [8.5, 2.5, 9.75],
			"to": [9, 3, 10.25],
			"rotation": {"angle": 0, "axis": "y", "origin": [7.67659, 1.87134, 8.80793]},
			"faces": {
				"north": {"uv": [2, 2, 4, 3], "texture": "#0"},
				"east": {"uv": [2, 2, 4, 3], "texture": "#0"},
				"south": {"uv": [2, 2, 4, 3], "texture": "#0"},
				"west": {"uv": [2, 2, 4, 3], "texture": "#0"},
				"up": {"uv": [2, 2, 4, 3], "texture": "#0"},
				"down": {"uv": [2, 2, 4, 3], "texture": "#0"}
			}
		},
		{
			"from": [8.5, 2.25, 9.25],
			"to": [9, 2.75, 9.75],
			"rotation": {"angle": 0, "axis": "y", "origin": [7.67659, 1.87134, 8.80793]},
			"faces": {
				"north": {"uv": [2, 2, 4, 3], "texture": "#0"},
				"east": {"uv": [2, 2, 4, 3], "texture": "#0"},
				"south": {"uv": [2, 2, 4, 3], "texture": "#0"},
				"west": {"uv": [2, 2, 4, 3], "texture": "#0"},
				"up": {"uv": [2, 2, 4, 3], "texture": "#0"},
				"down": {"uv": [2, 2, 4, 3], "texture": "#0"}
			}
		},
		{
			"from": [7.75, 2.5, 9.75],
			"to": [8.25, 3, 10.25],
			"rotation": {"angle": 0, "axis": "y", "origin": [7.67659, 1.87134, 8.80793]},
			"faces": {
				"north": {"uv": [2, 2, 4, 3], "texture": "#0"},
				"east": {"uv": [2, 2, 4, 3], "texture": "#0"},
				"south": {"uv": [2, 2, 4, 3], "texture": "#0"},
				"west": {"uv": [2, 2, 4, 3], "texture": "#0"},
				"up": {"uv": [2, 2, 4, 3], "texture": "#0"},
				"down": {"uv": [2, 2, 4, 3], "texture": "#0"}
			}
		},
		{
			"from": [7.75, 2.25, 9.25],
			"to": [8.25, 2.75, 9.75],
			"rotation": {"angle": 0, "axis": "y", "origin": [7.67659, 1.87134, 8.80793]},
			"faces": {
				"north": {"uv": [2, 2, 4, 3], "texture": "#0"},
				"east": {"uv": [2, 2, 4, 3], "texture": "#0"},
				"south": {"uv": [2, 2, 4, 3], "texture": "#0"},
				"west": {"uv": [2, 2, 4, 3], "texture": "#0"},
				"up": {"uv": [2, 2, 4, 3], "texture": "#0"},
				"down": {"uv": [2, 2, 4, 3], "texture": "#0"}
			}
		},
		{
			"from": [5.75, 2.5, 9.75],
			"to": [6.25, 3, 10.25],
			"rotation": {"angle": 0, "axis": "y", "origin": [7.67659, 1.87134, 8.80793]},
			"faces": {
				"north": {"uv": [2, 2, 4, 3], "texture": "#0"},
				"east": {"uv": [2, 2, 4, 3], "texture": "#0"},
				"south": {"uv": [2, 2, 4, 3], "texture": "#0"},
				"west": {"uv": [2, 2, 4, 3], "texture": "#0"},
				"up": {"uv": [2, 2, 4, 3], "texture": "#0"},
				"down": {"uv": [2, 2, 4, 3], "texture": "#0"}
			}
		},
		{
			"from": [5.5, 2.25, 9.25],
			"to": [6, 2.75, 9.75],
			"rotation": {"angle": 0, "axis": "y", "origin": [7.67659, 1.87134, 8.80793]},
			"faces": {
				"north": {"uv": [2, 2, 4, 3], "texture": "#0"},
				"east": {"uv": [2, 2, 4, 3], "texture": "#0"},
				"south": {"uv": [2, 2, 4, 3], "texture": "#0"},
				"west": {"uv": [2, 2, 4, 3], "texture": "#0"},
				"up": {"uv": [2, 2, 4, 3], "texture": "#0"},
				"down": {"uv": [2, 2, 4, 3], "texture": "#0"}
			}
		},
		{
			"from": [5.625, 2, 8.75],
			"to": [5.875, 2.5, 9.25],
			"rotation": {"angle": 0, "axis": "y", "origin": [7.67659, 1.87134, 8.80793]},
			"faces": {
				"north": {"uv": [2, 3, 4, 4], "texture": "#0"},
				"east": {"uv": [2, 3, 4, 4], "texture": "#0"},
				"south": {"uv": [2, 3, 4, 4], "texture": "#0"},
				"west": {"uv": [2, 3, 4, 4], "texture": "#0"},
				"up": {"uv": [2, 3, 4, 4], "texture": "#0"},
				"down": {"uv": [2, 3, 4, 4], "texture": "#0"}
			}
		},
		{
			"from": [5.625, 1.75, 8.25],
			"to": [5.875, 2.25, 8.75],
			"rotation": {"angle": 0, "axis": "y", "origin": [7.67659, 1.87134, 8.80793]},
			"faces": {
				"north": {"uv": [2, 3, 4, 4], "texture": "#0"},
				"east": {"uv": [2, 3, 4, 4], "texture": "#0"},
				"south": {"uv": [2, 3, 4, 4], "texture": "#0"},
				"west": {"uv": [2, 3, 4, 4], "texture": "#0"},
				"up": {"uv": [2, 3, 4, 4], "texture": "#0"},
				"down": {"uv": [2, 3, 4, 4], "texture": "#0"}
			}
		},
		{
			"from": [5.625, 1.5, 7.75],
			"to": [5.875, 2, 8.25],
			"rotation": {"angle": 0, "axis": "y", "origin": [7.67659, 1.87134, 8.80793]},
			"faces": {
				"north": {"uv": [2, 3, 4, 4], "texture": "#0"},
				"east": {"uv": [2, 3, 4, 4], "texture": "#0"},
				"south": {"uv": [2, 3, 4, 4], "texture": "#0"},
				"west": {"uv": [2, 3, 4, 4], "texture": "#0"},
				"up": {"uv": [2, 3, 4, 4], "texture": "#0"},
				"down": {"uv": [2, 3, 4, 4], "texture": "#0"}
			}
		},
		{
			"from": [5.625, 1.25, 7.25],
			"to": [5.875, 1.75, 7.75],
			"rotation": {"angle": 0, "axis": "y", "origin": [7.67659, 1.87134, 8.80793]},
			"faces": {
				"north": {"uv": [2, 3, 4, 4], "texture": "#0"},
				"east": {"uv": [2, 3, 4, 4], "texture": "#0"},
				"south": {"uv": [2, 3, 4, 4], "texture": "#0"},
				"west": {"uv": [2, 3, 4, 4], "texture": "#0"},
				"up": {"uv": [2, 3, 4, 4], "texture": "#0"},
				"down": {"uv": [2, 3, 4, 4], "texture": "#0"}
			}
		},
		{
			"from": [5.625, 1.25, 6],
			"to": [5.875, 1.75, 6.25],
			"rotation": {"angle": 0, "axis": "y", "origin": [7.67659, 1.87134, 8.80793]},
			"faces": {
				"north": {"uv": [2, 3, 4, 4], "texture": "#0"},
				"east": {"uv": [2, 3, 4, 4], "texture": "#0"},
				"south": {"uv": [2, 3, 4, 4], "texture": "#0"},
				"west": {"uv": [2, 3, 4, 4], "texture": "#0"},
				"up": {"uv": [2, 3, 4, 4], "texture": "#0"},
				"down": {"uv": [2, 3, 4, 4], "texture": "#0"}
			}
		},
		{
			"from": [5.625, 1.25, 5.75],
			"to": [5.875, 1.75, 6],
			"rotation": {"angle": 0, "axis": "y", "origin": [7.67659, 1.87134, 8.80793]},
			"faces": {
				"north": {"uv": [2, 3, 4, 4], "texture": "#0"},
				"east": {"uv": [2, 3, 4, 4], "texture": "#0"},
				"south": {"uv": [2, 3, 4, 4], "texture": "#0"},
				"west": {"uv": [2, 3, 4, 4], "texture": "#0"},
				"up": {"uv": [2, 3, 4, 4], "texture": "#0"},
				"down": {"uv": [2, 3, 4, 4], "texture": "#0"}
			}
		},
		{
			"from": [5.625, 1.25, 6.75],
			"to": [5.875, 2, 7.25],
			"rotation": {"angle": 0, "axis": "y", "origin": [7.67659, 1.87134, 8.80793]},
			"faces": {
				"north": {"uv": [2, 3, 4, 4], "texture": "#0"},
				"east": {"uv": [2, 3, 4, 4], "texture": "#0"},
				"south": {"uv": [2, 3, 4, 4], "texture": "#0"},
				"west": {"uv": [2, 3, 4, 4], "texture": "#0"},
				"up": {"uv": [2, 3, 4, 4], "texture": "#0"},
				"down": {"uv": [2, 3, 4, 4], "texture": "#0"}
			}
		},
		{
			"from": [5.875, 1.75, 7.25],
			"to": [6.375, 2, 7.5],
			"rotation": {"angle": 0, "axis": "y", "origin": [7.67659, 1.87134, 8.80793]},
			"faces": {
				"north": {"uv": [2, 3, 4, 4], "texture": "#0"},
				"east": {"uv": [2, 3, 4, 4], "texture": "#0"},
				"south": {"uv": [2, 3, 4, 4], "texture": "#0"},
				"west": {"uv": [2, 3, 4, 4], "texture": "#0"},
				"up": {"uv": [2, 3, 4, 4], "texture": "#0"},
				"down": {"uv": [2, 3, 4, 4], "texture": "#0"}
			}
		},
		{
			"from": [8.125, 1.75, 7.25],
			"to": [8.625, 2, 7.5],
			"rotation": {"angle": 0, "axis": "y", "origin": [7.67659, 1.87134, 8.80793]},
			"faces": {
				"north": {"uv": [2, 3, 4, 4], "texture": "#0"},
				"east": {"uv": [2, 3, 4, 4], "texture": "#0"},
				"south": {"uv": [2, 3, 4, 4], "texture": "#0"},
				"west": {"uv": [2, 3, 4, 4], "texture": "#0"},
				"up": {"uv": [2, 3, 4, 4], "texture": "#0"},
				"down": {"uv": [2, 3, 4, 4], "texture": "#0"}
			}
		},
		{
			"from": [7.375, 1.75, 7.25],
			"to": [7.875, 2, 7.5],
			"rotation": {"angle": 0, "axis": "y", "origin": [7.67659, 1.87134, 8.80793]},
			"faces": {
				"north": {"uv": [2, 3, 4, 4], "texture": "#0"},
				"east": {"uv": [2, 3, 4, 4], "texture": "#0"},
				"south": {"uv": [2, 3, 4, 4], "texture": "#0"},
				"west": {"uv": [2, 3, 4, 4], "texture": "#0"},
				"up": {"uv": [2, 3, 4, 4], "texture": "#0"},
				"down": {"uv": [2, 3, 4, 4], "texture": "#0"}
			}
		},
		{
			"from": [6.625, 1.75, 7.25],
			"to": [7.125, 2, 7.5],
			"rotation": {"angle": 0, "axis": "y", "origin": [7.67659, 1.87134, 8.80793]},
			"faces": {
				"north": {"uv": [2, 3, 4, 4], "texture": "#0"},
				"east": {"uv": [2, 3, 4, 4], "texture": "#0"},
				"south": {"uv": [2, 3, 4, 4], "texture": "#0"},
				"west": {"uv": [2, 3, 4, 4], "texture": "#0"},
				"up": {"uv": [2, 3, 4, 4], "texture": "#0"},
				"down": {"uv": [2, 3, 4, 4], "texture": "#0"}
			}
		},
		{
			"from": [5.6, 1.25, 6.25],
			"to": [5.9, 1.75, 6.75],
			"rotation": {"angle": 0, "axis": "y", "origin": [7.67659, 1.87134, 8.80793]},
			"faces": {
				"north": {"uv": [2, 7, 4, 8], "texture": "#0"},
				"east": {"uv": [2, 7, 4, 8], "texture": "#0"},
				"south": {"uv": [2, 7, 4, 8], "texture": "#0"},
				"west": {"uv": [2, 7, 4, 8], "texture": "#0"},
				"up": {"uv": [2, 7, 4, 8], "texture": "#0"},
				"down": {"uv": [2, 7, 4, 8], "texture": "#0"}
			}
		},
		{
			"from": [5.6, 1.34, 5.25],
			"to": [5.9, 1.84, 5.75],
			"rotation": {"angle": 0, "axis": "y", "origin": [7.67659, 1.87134, 8.80793]},
			"faces": {
				"north": {"uv": [2, 7, 4, 8], "texture": "#0"},
				"east": {"uv": [2, 7, 4, 8], "texture": "#0"},
				"south": {"uv": [2, 7, 4, 8], "texture": "#0"},
				"west": {"uv": [2, 7, 4, 8], "texture": "#0"},
				"up": {"uv": [2, 7, 4, 8], "texture": "#0"},
				"down": {"uv": [2, 7, 4, 8], "texture": "#0"}
			}
		},
		{
			"from": [8.6, 1.34, 5.5],
			"to": [8.9, 1.84, 6],
			"rotation": {"angle": 0, "axis": "y", "origin": [7.67659, 1.87134, 8.80793]},
			"faces": {
				"north": {"uv": [2, 7, 4, 8], "texture": "#0"},
				"east": {"uv": [2, 7, 4, 8], "texture": "#0"},
				"south": {"uv": [2, 7, 4, 8], "texture": "#0"},
				"west": {"uv": [2, 7, 4, 8], "texture": "#0"},
				"up": {"uv": [2, 7, 4, 8], "texture": "#0"},
				"down": {"uv": [2, 7, 4, 8], "texture": "#0"}
			}
		},
		{
			"from": [7.85, 1.34, 5.5],
			"to": [8.15, 1.84, 6],
			"rotation": {"angle": 0, "axis": "y", "origin": [7.67659, 1.87134, 8.80793]},
			"faces": {
				"north": {"uv": [2, 7, 4, 8], "texture": "#0"},
				"east": {"uv": [2, 7, 4, 8], "texture": "#0"},
				"south": {"uv": [2, 7, 4, 8], "texture": "#0"},
				"west": {"uv": [2, 7, 4, 8], "texture": "#0"},
				"up": {"uv": [2, 7, 4, 8], "texture": "#0"},
				"down": {"uv": [2, 7, 4, 8], "texture": "#0"}
			}
		},
		{
			"from": [7.1, 1.34, 5.5],
			"to": [7.4, 1.84, 6],
			"rotation": {"angle": 0, "axis": "y", "origin": [7.67659, 1.87134, 8.80793]},
			"faces": {
				"north": {"uv": [2, 7, 4, 8], "texture": "#0"},
				"east": {"uv": [2, 7, 4, 8], "texture": "#0"},
				"south": {"uv": [2, 7, 4, 8], "texture": "#0"},
				"west": {"uv": [2, 7, 4, 8], "texture": "#0"},
				"up": {"uv": [2, 7, 4, 8], "texture": "#0"},
				"down": {"uv": [2, 7, 4, 8], "texture": "#0"}
			}
		},
		{
			"from": [6.35, 1.34, 5.5],
			"to": [6.65, 1.84, 6],
			"rotation": {"angle": 0, "axis": "y", "origin": [7.67659, 1.87134, 8.80793]},
			"faces": {
				"north": {"uv": [2, 7, 4, 8], "texture": "#0"},
				"east": {"uv": [2, 7, 4, 8], "texture": "#0"},
				"south": {"uv": [2, 7, 4, 8], "texture": "#0"},
				"west": {"uv": [2, 7, 4, 8], "texture": "#0"},
				"up": {"uv": [2, 7, 4, 8], "texture": "#0"},
				"down": {"uv": [2, 7, 4, 8], "texture": "#0"}
			}
		},
		{
			"from": [7.875, 2, 8.75],
			"to": [8.125, 2.5, 9.25],
			"rotation": {"angle": 0, "axis": "y", "origin": [7.67659, 1.87134, 8.80793]},
			"faces": {
				"north": {"uv": [2, 3, 4, 4], "texture": "#0"},
				"east": {"uv": [2, 3, 4, 4], "texture": "#0"},
				"south": {"uv": [2, 3, 4, 4], "texture": "#0"},
				"west": {"uv": [2, 3, 4, 4], "texture": "#0"},
				"up": {"uv": [2, 3, 4, 4], "texture": "#0"},
				"down": {"uv": [2, 3, 4, 4], "texture": "#0"}
			}
		},
		{
			"from": [7.875, 1.75, 8.25],
			"to": [8.125, 2.25, 8.75],
			"rotation": {"angle": 0, "axis": "y", "origin": [7.67659, 1.87134, 8.80793]},
			"faces": {
				"north": {"uv": [2, 3, 4, 4], "texture": "#0"},
				"east": {"uv": [2, 3, 4, 4], "texture": "#0"},
				"south": {"uv": [2, 3, 4, 4], "texture": "#0"},
				"west": {"uv": [2, 3, 4, 4], "texture": "#0"},
				"up": {"uv": [2, 3, 4, 4], "texture": "#0"},
				"down": {"uv": [2, 3, 4, 4], "texture": "#0"}
			}
		},
		{
			"from": [7.875, 1.5, 7.75],
			"to": [8.125, 2, 8.25],
			"rotation": {"angle": 0, "axis": "y", "origin": [7.67659, 1.87134, 8.80793]},
			"faces": {
				"north": {"uv": [2, 3, 4, 4], "texture": "#0"},
				"east": {"uv": [2, 3, 4, 4], "texture": "#0"},
				"south": {"uv": [2, 3, 4, 4], "texture": "#0"},
				"west": {"uv": [2, 3, 4, 4], "texture": "#0"},
				"up": {"uv": [2, 3, 4, 4], "texture": "#0"},
				"down": {"uv": [2, 3, 4, 4], "texture": "#0"}
			}
		},
		{
			"from": [7.875, 1.25, 7.25],
			"to": [8.125, 1.75, 7.75],
			"rotation": {"angle": 0, "axis": "y", "origin": [7.67659, 1.87134, 8.80793]},
			"faces": {
				"north": {"uv": [2, 3, 4, 4], "texture": "#0"},
				"east": {"uv": [2, 3, 4, 4], "texture": "#0"},
				"south": {"uv": [2, 3, 4, 4], "texture": "#0"},
				"west": {"uv": [2, 3, 4, 4], "texture": "#0"},
				"up": {"uv": [2, 3, 4, 4], "texture": "#0"},
				"down": {"uv": [2, 3, 4, 4], "texture": "#0"}
			}
		},
		{
			"from": [7.875, 1.25, 6],
			"to": [8.125, 1.75, 6.25],
			"rotation": {"angle": 0, "axis": "y", "origin": [7.67659, 1.87134, 8.80793]},
			"faces": {
				"north": {"uv": [2, 3, 4, 4], "texture": "#0"},
				"east": {"uv": [2, 3, 4, 4], "texture": "#0"},
				"south": {"uv": [2, 3, 4, 4], "texture": "#0"},
				"west": {"uv": [2, 3, 4, 4], "texture": "#0"},
				"up": {"uv": [2, 3, 4, 4], "texture": "#0"},
				"down": {"uv": [2, 3, 4, 4], "texture": "#0"}
			}
		},
		{
			"from": [7.875, 1.25, 6.75],
			"to": [8.125, 2, 7.25],
			"rotation": {"angle": 0, "axis": "y", "origin": [7.67659, 1.87134, 8.80793]},
			"faces": {
				"north": {"uv": [2, 3, 4, 4], "texture": "#0"},
				"east": {"uv": [2, 3, 4, 4], "texture": "#0"},
				"south": {"uv": [2, 3, 4, 4], "texture": "#0"},
				"west": {"uv": [2, 3, 4, 4], "texture": "#0"},
				"up": {"uv": [2, 3, 4, 4], "texture": "#0"},
				"down": {"uv": [2, 3, 4, 4], "texture": "#0"}
			}
		},
		{
			"from": [7.85, 1.25, 6.25],
			"to": [8.15, 1.75, 6.75],
			"rotation": {"angle": 0, "axis": "y", "origin": [7.67659, 1.87134, 8.80793]},
			"faces": {
				"north": {"uv": [2, 7, 4, 8], "texture": "#0"},
				"east": {"uv": [2, 7, 4, 8], "texture": "#0"},
				"south": {"uv": [2, 7, 4, 8], "texture": "#0"},
				"west": {"uv": [2, 7, 4, 8], "texture": "#0"},
				"up": {"uv": [2, 7, 4, 8], "texture": "#0"},
				"down": {"uv": [2, 7, 4, 8], "texture": "#0"}
			}
		},
		{
			"from": [8.625, 2, 8.75],
			"to": [8.875, 2.5, 9.25],
			"rotation": {"angle": 0, "axis": "y", "origin": [7.67659, 1.87134, 8.80793]},
			"faces": {
				"north": {"uv": [2, 3, 4, 4], "texture": "#0"},
				"east": {"uv": [2, 3, 4, 4], "texture": "#0"},
				"south": {"uv": [2, 3, 4, 4], "texture": "#0"},
				"west": {"uv": [2, 3, 4, 4], "texture": "#0"},
				"up": {"uv": [2, 3, 4, 4], "texture": "#0"},
				"down": {"uv": [2, 3, 4, 4], "texture": "#0"}
			}
		},
		{
			"from": [8.625, 1.75, 8.25],
			"to": [8.875, 2.25, 8.75],
			"rotation": {"angle": 0, "axis": "y", "origin": [7.67659, 1.87134, 8.80793]},
			"faces": {
				"north": {"uv": [2, 3, 4, 4], "texture": "#0"},
				"east": {"uv": [2, 3, 4, 4], "texture": "#0"},
				"south": {"uv": [2, 3, 4, 4], "texture": "#0"},
				"west": {"uv": [2, 3, 4, 4], "texture": "#0"},
				"up": {"uv": [2, 3, 4, 4], "texture": "#0"},
				"down": {"uv": [2, 3, 4, 4], "texture": "#0"}
			}
		},
		{
			"from": [8.625, 1.5, 7.75],
			"to": [8.875, 2, 8.25],
			"rotation": {"angle": 0, "axis": "y", "origin": [7.67659, 1.87134, 8.80793]},
			"faces": {
				"north": {"uv": [2, 3, 4, 4], "texture": "#0"},
				"east": {"uv": [2, 3, 4, 4], "texture": "#0"},
				"south": {"uv": [2, 3, 4, 4], "texture": "#0"},
				"west": {"uv": [2, 3, 4, 4], "texture": "#0"},
				"up": {"uv": [2, 3, 4, 4], "texture": "#0"},
				"down": {"uv": [2, 3, 4, 4], "texture": "#0"}
			}
		},
		{
			"from": [8.625, 1.25, 7.25],
			"to": [8.875, 1.75, 7.75],
			"rotation": {"angle": 0, "axis": "y", "origin": [7.67659, 1.87134, 8.80793]},
			"faces": {
				"north": {"uv": [2, 3, 4, 4], "texture": "#0"},
				"east": {"uv": [2, 3, 4, 4], "texture": "#0"},
				"south": {"uv": [2, 3, 4, 4], "texture": "#0"},
				"west": {"uv": [2, 3, 4, 4], "texture": "#0"},
				"up": {"uv": [2, 3, 4, 4], "texture": "#0"},
				"down": {"uv": [2, 3, 4, 4], "texture": "#0"}
			}
		},
		{
			"from": [8.625, 1.25, 6],
			"to": [8.875, 1.75, 6.25],
			"rotation": {"angle": 0, "axis": "y", "origin": [7.67659, 1.87134, 8.80793]},
			"faces": {
				"north": {"uv": [2, 3, 4, 4], "texture": "#0"},
				"east": {"uv": [2, 3, 4, 4], "texture": "#0"},
				"south": {"uv": [2, 3, 4, 4], "texture": "#0"},
				"west": {"uv": [2, 3, 4, 4], "texture": "#0"},
				"up": {"uv": [2, 3, 4, 4], "texture": "#0"},
				"down": {"uv": [2, 3, 4, 4], "texture": "#0"}
			}
		},
		{
			"from": [8.625, 1.25, 6.75],
			"to": [8.875, 2, 7.25],
			"rotation": {"angle": 0, "axis": "y", "origin": [7.67659, 1.87134, 8.80793]},
			"faces": {
				"north": {"uv": [2, 3, 4, 4], "texture": "#0"},
				"east": {"uv": [2, 3, 4, 4], "texture": "#0"},
				"south": {"uv": [2, 3, 4, 4], "texture": "#0"},
				"west": {"uv": [2, 3, 4, 4], "texture": "#0"},
				"up": {"uv": [2, 3, 4, 4], "texture": "#0"},
				"down": {"uv": [2, 3, 4, 4], "texture": "#0"}
			}
		},
		{
			"from": [8.6, 1.25, 6.25],
			"to": [8.9, 1.75, 6.75],
			"rotation": {"angle": 0, "axis": "y", "origin": [7.67659, 1.87134, 8.80793]},
			"faces": {
				"north": {"uv": [2, 7, 4, 8], "texture": "#0"},
				"east": {"uv": [2, 7, 4, 8], "texture": "#0"},
				"south": {"uv": [2, 7, 4, 8], "texture": "#0"},
				"west": {"uv": [2, 7, 4, 8], "texture": "#0"},
				"up": {"uv": [2, 7, 4, 8], "texture": "#0"},
				"down": {"uv": [2, 7, 4, 8], "texture": "#0"}
			}
		},
		{
			"from": [7.125, 2, 8.75],
			"to": [7.375, 2.5, 9.25],
			"rotation": {"angle": 0, "axis": "y", "origin": [7.67659, 1.87134, 8.80793]},
			"faces": {
				"north": {"uv": [2, 3, 4, 4], "texture": "#0"},
				"east": {"uv": [2, 3, 4, 4], "texture": "#0"},
				"south": {"uv": [2, 3, 4, 4], "texture": "#0"},
				"west": {"uv": [2, 3, 4, 4], "texture": "#0"},
				"up": {"uv": [2, 3, 4, 4], "texture": "#0"},
				"down": {"uv": [2, 3, 4, 4], "texture": "#0"}
			}
		},
		{
			"from": [7.125, 1.75, 8.25],
			"to": [7.375, 2.25, 8.75],
			"rotation": {"angle": 0, "axis": "y", "origin": [7.67659, 1.87134, 8.80793]},
			"faces": {
				"north": {"uv": [2, 3, 4, 4], "texture": "#0"},
				"east": {"uv": [2, 3, 4, 4], "texture": "#0"},
				"south": {"uv": [2, 3, 4, 4], "texture": "#0"},
				"west": {"uv": [2, 3, 4, 4], "texture": "#0"},
				"up": {"uv": [2, 3, 4, 4], "texture": "#0"},
				"down": {"uv": [2, 3, 4, 4], "texture": "#0"}
			}
		},
		{
			"from": [7.125, 1.5, 7.75],
			"to": [7.375, 2, 8.25],
			"rotation": {"angle": 0, "axis": "y", "origin": [7.67659, 1.87134, 8.80793]},
			"faces": {
				"north": {"uv": [2, 3, 4, 4], "texture": "#0"},
				"east": {"uv": [2, 3, 4, 4], "texture": "#0"},
				"south": {"uv": [2, 3, 4, 4], "texture": "#0"},
				"west": {"uv": [2, 3, 4, 4], "texture": "#0"},
				"up": {"uv": [2, 3, 4, 4], "texture": "#0"},
				"down": {"uv": [2, 3, 4, 4], "texture": "#0"}
			}
		},
		{
			"from": [7.125, 1.25, 7.25],
			"to": [7.375, 1.75, 7.75],
			"rotation": {"angle": 0, "axis": "y", "origin": [7.67659, 1.87134, 8.80793]},
			"faces": {
				"north": {"uv": [2, 3, 4, 4], "texture": "#0"},
				"east": {"uv": [2, 3, 4, 4], "texture": "#0"},
				"south": {"uv": [2, 3, 4, 4], "texture": "#0"},
				"west": {"uv": [2, 3, 4, 4], "texture": "#0"},
				"up": {"uv": [2, 3, 4, 4], "texture": "#0"},
				"down": {"uv": [2, 3, 4, 4], "texture": "#0"}
			}
		},
		{
			"from": [7.125, 1.25, 6],
			"to": [7.375, 1.75, 6.25],
			"rotation": {"angle": 0, "axis": "y", "origin": [7.67659, 1.87134, 8.80793]},
			"faces": {
				"north": {"uv": [2, 3, 4, 4], "texture": "#0"},
				"east": {"uv": [2, 3, 4, 4], "texture": "#0"},
				"south": {"uv": [2, 3, 4, 4], "texture": "#0"},
				"west": {"uv": [2, 3, 4, 4], "texture": "#0"},
				"up": {"uv": [2, 3, 4, 4], "texture": "#0"},
				"down": {"uv": [2, 3, 4, 4], "texture": "#0"}
			}
		},
		{
			"from": [7.125, 1.25, 6.75],
			"to": [7.375, 2, 7.25],
			"rotation": {"angle": 0, "axis": "y", "origin": [7.67659, 1.87134, 8.80793]},
			"faces": {
				"north": {"uv": [2, 3, 4, 4], "texture": "#0"},
				"east": {"uv": [2, 3, 4, 4], "texture": "#0"},
				"south": {"uv": [2, 3, 4, 4], "texture": "#0"},
				"west": {"uv": [2, 3, 4, 4], "texture": "#0"},
				"up": {"uv": [2, 3, 4, 4], "texture": "#0"},
				"down": {"uv": [2, 3, 4, 4], "texture": "#0"}
			}
		},
		{
			"from": [7.08, 1.25, 6.25],
			"to": [7.38, 1.75, 6.75],
			"rotation": {"angle": 0, "axis": "y", "origin": [7.67659, 1.87134, 8.80793]},
			"faces": {
				"north": {"uv": [2, 7, 4, 8], "texture": "#0"},
				"east": {"uv": [2, 7, 4, 8], "texture": "#0"},
				"south": {"uv": [2, 7, 4, 8], "texture": "#0"},
				"west": {"uv": [2, 7, 4, 8], "texture": "#0"},
				"up": {"uv": [2, 7, 4, 8], "texture": "#0"},
				"down": {"uv": [2, 7, 4, 8], "texture": "#0"}
			}
		},
		{
			"from": [6.375, 2, 8.75],
			"to": [6.625, 2.5, 9.25],
			"rotation": {"angle": 0, "axis": "y", "origin": [7.67659, 1.87134, 8.80793]},
			"faces": {
				"north": {"uv": [2, 3, 4, 4], "texture": "#0"},
				"east": {"uv": [2, 3, 4, 4], "texture": "#0"},
				"south": {"uv": [2, 3, 4, 4], "texture": "#0"},
				"west": {"uv": [2, 3, 4, 4], "texture": "#0"},
				"up": {"uv": [2, 3, 4, 4], "texture": "#0"},
				"down": {"uv": [2, 3, 4, 4], "texture": "#0"}
			}
		},
		{
			"from": [6.375, 1.75, 8.25],
			"to": [6.625, 2.25, 8.75],
			"rotation": {"angle": 0, "axis": "y", "origin": [7.67659, 1.87134, 8.80793]},
			"faces": {
				"north": {"uv": [2, 3, 4, 4], "texture": "#0"},
				"east": {"uv": [2, 3, 4, 4], "texture": "#0"},
				"south": {"uv": [2, 3, 4, 4], "texture": "#0"},
				"west": {"uv": [2, 3, 4, 4], "texture": "#0"},
				"up": {"uv": [2, 3, 4, 4], "texture": "#0"},
				"down": {"uv": [2, 3, 4, 4], "texture": "#0"}
			}
		},
		{
			"from": [6.375, 1.5, 7.75],
			"to": [6.625, 2, 8.25],
			"rotation": {"angle": 0, "axis": "y", "origin": [7.67659, 1.87134, 8.80793]},
			"faces": {
				"north": {"uv": [2, 3, 4, 4], "texture": "#0"},
				"east": {"uv": [2, 3, 4, 4], "texture": "#0"},
				"south": {"uv": [2, 3, 4, 4], "texture": "#0"},
				"west": {"uv": [2, 3, 4, 4], "texture": "#0"},
				"up": {"uv": [2, 3, 4, 4], "texture": "#0"},
				"down": {"uv": [2, 3, 4, 4], "texture": "#0"}
			}
		},
		{
			"from": [6.375, 1.25, 7.25],
			"to": [6.625, 1.75, 7.75],
			"rotation": {"angle": 0, "axis": "y", "origin": [7.67659, 1.87134, 8.80793]},
			"faces": {
				"north": {"uv": [2, 3, 4, 4], "texture": "#0"},
				"east": {"uv": [2, 3, 4, 4], "texture": "#0"},
				"south": {"uv": [2, 3, 4, 4], "texture": "#0"},
				"west": {"uv": [2, 3, 4, 4], "texture": "#0"},
				"up": {"uv": [2, 3, 4, 4], "texture": "#0"},
				"down": {"uv": [2, 3, 4, 4], "texture": "#0"}
			}
		},
		{
			"from": [6.375, 1.25, 6],
			"to": [6.625, 1.75, 6.25],
			"rotation": {"angle": 0, "axis": "y", "origin": [7.67659, 1.87134, 8.80793]},
			"faces": {
				"north": {"uv": [2, 3, 4, 4], "texture": "#0"},
				"east": {"uv": [2, 3, 4, 4], "texture": "#0"},
				"south": {"uv": [2, 3, 4, 4], "texture": "#0"},
				"west": {"uv": [2, 3, 4, 4], "texture": "#0"},
				"up": {"uv": [2, 3, 4, 4], "texture": "#0"},
				"down": {"uv": [2, 3, 4, 4], "texture": "#0"}
			}
		},
		{
			"from": [6.375, 1.25, 6.75],
			"to": [6.625, 2, 7.25],
			"rotation": {"angle": 0, "axis": "y", "origin": [7.67659, 1.87134, 8.80793]},
			"faces": {
				"north": {"uv": [2, 3, 4, 4], "texture": "#0"},
				"east": {"uv": [2, 3, 4, 4], "texture": "#0"},
				"south": {"uv": [2, 3, 4, 4], "texture": "#0"},
				"west": {"uv": [2, 3, 4, 4], "texture": "#0"},
				"up": {"uv": [2, 3, 4, 4], "texture": "#0"},
				"down": {"uv": [2, 3, 4, 4], "texture": "#0"}
			}
		},
		{
			"from": [6.35, 1.25, 6.25],
			"to": [6.65, 1.75, 6.75],
			"rotation": {"angle": 0, "axis": "y", "origin": [7.67659, 1.87134, 8.80793]},
			"faces": {
				"north": {"uv": [2, 7, 4, 8], "texture": "#0"},
				"east": {"uv": [2, 7, 4, 8], "texture": "#0"},
				"south": {"uv": [2, 7, 4, 8], "texture": "#0"},
				"west": {"uv": [2, 7, 4, 8], "texture": "#0"},
				"up": {"uv": [2, 7, 4, 8], "texture": "#0"},
				"down": {"uv": [2, 7, 4, 8], "texture": "#0"}
			}
		},
		{
			"from": [7, 2.5, 9.75],
			"to": [7.5, 3, 10.25],
			"rotation": {"angle": 0, "axis": "y", "origin": [7.67659, 1.87134, 8.80793]},
			"faces": {
				"north": {"uv": [2, 2, 4, 3], "texture": "#0"},
				"east": {"uv": [2, 2, 4, 3], "texture": "#0"},
				"south": {"uv": [2, 2, 4, 3], "texture": "#0"},
				"west": {"uv": [2, 2, 4, 3], "texture": "#0"},
				"up": {"uv": [2, 2, 4, 3], "texture": "#0"},
				"down": {"uv": [2, 2, 4, 3], "texture": "#0"}
			}
		},
		{
			"from": [7, 2.25, 9.25],
			"to": [7.5, 2.75, 9.75],
			"rotation": {"angle": 0, "axis": "y", "origin": [7.67659, 1.87134, 8.80793]},
			"faces": {
				"north": {"uv": [2, 2, 4, 3], "texture": "#0"},
				"east": {"uv": [2, 2, 4, 3], "texture": "#0"},
				"south": {"uv": [2, 2, 4, 3], "texture": "#0"},
				"west": {"uv": [2, 2, 4, 3], "texture": "#0"},
				"up": {"uv": [2, 2, 4, 3], "texture": "#0"},
				"down": {"uv": [2, 2, 4, 3], "texture": "#0"}
			}
		},
		{
			"from": [6.25, 2.5, 9.75],
			"to": [6.75, 3, 10.25],
			"rotation": {"angle": 0, "axis": "y", "origin": [7.67659, 1.87134, 8.80793]},
			"faces": {
				"north": {"uv": [2, 2, 4, 3], "texture": "#0"},
				"east": {"uv": [2, 2, 4, 3], "texture": "#0"},
				"south": {"uv": [2, 2, 4, 3], "texture": "#0"},
				"west": {"uv": [2, 2, 4, 3], "texture": "#0"},
				"up": {"uv": [2, 2, 4, 3], "texture": "#0"},
				"down": {"uv": [2, 2, 4, 3], "texture": "#0"}
			}
		},
		{
			"from": [6.25, 2.25, 9.25],
			"to": [6.75, 2.75, 9.75],
			"rotation": {"angle": 0, "axis": "y", "origin": [7.67659, 1.87134, 8.80793]},
			"faces": {
				"north": {"uv": [2, 2, 4, 3], "texture": "#0"},
				"east": {"uv": [2, 2, 4, 3], "texture": "#0"},
				"south": {"uv": [2, 2, 4, 3], "texture": "#0"},
				"west": {"uv": [2, 2, 4, 3], "texture": "#0"},
				"up": {"uv": [2, 2, 4, 3], "texture": "#0"},
				"down": {"uv": [2, 2, 4, 3], "texture": "#0"}
			}
		},
		{
			"from": [6.5, 1, 7.75],
			"to": [7.25, 1.5, 9.25],
			"rotation": {"angle": 0, "axis": "y", "origin": [7.67659, 1.87134, 8.80793]},
			"faces": {
				"north": {"uv": [2, 2, 3.25, 2.25], "texture": "#0"},
				"east": {"uv": [2, 2, 3.25, 2.25], "texture": "#0"},
				"south": {"uv": [2, 2, 3.25, 2.25], "texture": "#0"},
				"west": {"uv": [2, 2, 3.25, 2.25], "texture": "#0"},
				"up": {"uv": [2, 2, 3.25, 2.25], "texture": "#0"},
				"down": {"uv": [2, 2, 3.25, 2.25], "texture": "#0"}
			}
		},
		{
			"from": [7.25, 1.25, 7.75],
			"to": [8.75, 1.5, 9.25],
			"rotation": {"angle": 0, "axis": "y", "origin": [7.67659, 1.87134, 8.80793]},
			"faces": {
				"north": {"uv": [2, 2, 3.25, 2.25], "texture": "#0"},
				"east": {"uv": [2, 2, 3.25, 2.25], "texture": "#0"},
				"south": {"uv": [2, 2, 3.25, 2.25], "texture": "#0"},
				"west": {"uv": [2, 2, 3.25, 2.25], "texture": "#0"},
				"up": {"uv": [2, 2, 3.25, 2.25], "texture": "#0"},
				"down": {"uv": [2, 2, 3.25, 2.25], "texture": "#0"}
			}
		},
		{
			"from": [5.5, 1.25, 7.75],
			"to": [6.5, 1.5, 9.25],
			"rotation": {"angle": 0, "axis": "y", "origin": [7.67659, 1.87134, 8.80793]},
			"faces": {
				"north": {"uv": [2, 2, 3.25, 2.25], "texture": "#0"},
				"east": {"uv": [2, 2, 3.25, 2.25], "texture": "#0"},
				"south": {"uv": [2, 2, 3.25, 2.25], "texture": "#0"},
				"west": {"uv": [2, 2, 3.25, 2.25], "texture": "#0"},
				"up": {"uv": [2, 2, 3.25, 2.25], "texture": "#0"},
				"down": {"uv": [2, 2, 3.25, 2.25], "texture": "#0"}
			}
		},
		{
			"from": [7.25, 2.5, 12.5],
			"to": [7.75, 2.75, 12.75],
			"rotation": {"angle": 0, "axis": "y", "origin": [7.67659, 1.87134, 8.80793]},
			"faces": {
				"north": {"uv": [2, 2, 2.25, 2.25], "texture": "#0"},
				"east": {"uv": [2, 2, 2.25, 2.25], "texture": "#0"},
				"south": {"uv": [2, 2, 2.25, 2.25], "texture": "#0"},
				"west": {"uv": [2, 2, 2.25, 2.25], "texture": "#0"},
				"up": {"uv": [2, 2, 2.25, 2.25], "texture": "#0"},
				"down": {"uv": [2, 2, 2.25, 2.25], "texture": "#0"}
			}
		},
		{
			"from": [7, 2, 13],
			"to": [8, 2.75, 13.5],
			"rotation": {"angle": 0, "axis": "y", "origin": [7.67659, 1.87134, 8.80793]},
			"faces": {
				"north": {"uv": [2, 2, 2.5, 2.75], "texture": "#0"},
				"east": {"uv": [2, 2, 2.5, 2.75], "texture": "#0"},
				"south": {"uv": [2, 2, 2.5, 2.75], "texture": "#0"},
				"west": {"uv": [2, 2, 2.5, 2.75], "texture": "#0"},
				"up": {"uv": [2, 2, 2.5, 2.75], "texture": "#0"},
				"down": {"uv": [2, 2, 2.5, 2.75], "texture": "#0"}
			}
		},
		{
			"from": [8, 0.75, 13],
			"to": [8.25, 1.75, 14],
			"rotation": {"angle": 0, "axis": "y", "origin": [7.67659, 1.87134, 8.80793]},
			"faces": {
				"north": {"uv": [2, 2, 3, 3], "rotation": 180, "texture": "#0"},
				"east": {"uv": [2, 2, 3, 3], "rotation": 180, "texture": "#0"},
				"south": {"uv": [2, 2, 3, 3], "rotation": 180, "texture": "#0"},
				"west": {"uv": [2, 2, 3, 3], "rotation": 180, "texture": "#0"},
				"up": {"uv": [2, 2, 3, 3], "rotation": 180, "texture": "#0"},
				"down": {"uv": [2, 2, 3, 3], "rotation": 180, "texture": "#0"}
			}
		},
		{
			"from": [6.75, 0.75, 13],
			"to": [7, 1.75, 14],
			"rotation": {"angle": 0, "axis": "y", "origin": [7.67659, 1.87134, 8.80793]},
			"faces": {
				"north": {"uv": [0, 2, 1, 3], "texture": "#0"},
				"east": {"uv": [0, 2, 1, 3], "texture": "#0"},
				"south": {"uv": [0, 2, 1, 3], "texture": "#0"},
				"west": {"uv": [0, 2, 1, 3], "texture": "#0"},
				"up": {"uv": [0, 2, 1, 3], "texture": "#0"},
				"down": {"uv": [0, 2, 1, 3], "texture": "#0"}
			}
		},
		{
			"from": [7, 0.75, 12.75],
			"to": [8, 1.75, 13],
			"rotation": {"angle": 0, "axis": "y", "origin": [7.67659, 1.87134, 8.80793]},
			"faces": {
				"north": {"uv": [0, 2, 1, 3], "rotation": 270, "texture": "#0"},
				"east": {"uv": [0, 2, 1, 3], "rotation": 270, "texture": "#0"},
				"south": {"uv": [0, 2, 1, 3], "rotation": 270, "texture": "#0"},
				"west": {"uv": [0, 2, 1, 3], "rotation": 270, "texture": "#0"},
				"up": {"uv": [0, 2, 1, 3], "rotation": 270, "texture": "#0"},
				"down": {"uv": [0, 2, 1, 3], "rotation": 270, "texture": "#0"}
			}
		},
		{
			"from": [7, 0.75, 14],
			"to": [8, 1.75, 14.25],
			"rotation": {"angle": 0, "axis": "y", "origin": [7.67659, 1.87134, 8.80793]},
			"faces": {
				"north": {"uv": [0, 2, 1, 3], "rotation": 270, "texture": "#0"},
				"east": {"uv": [0, 2, 1, 3], "rotation": 270, "texture": "#0"},
				"south": {"uv": [0, 2, 1, 3], "rotation": 270, "texture": "#0"},
				"west": {"uv": [0, 2, 1, 3], "rotation": 270, "texture": "#0"},
				"up": {"uv": [0, 2, 1, 3], "rotation": 270, "texture": "#0"},
				"down": {"uv": [0, 2, 1, 3], "rotation": 270, "texture": "#0"}
			}
		},
		{
			"from": [7, 3, 10.5],
			"to": [8, 5, 11.5],
			"faces": {
				"north": {"uv": [3, 7, 4, 8], "texture": "#0"},
				"east": {"uv": [3, 7, 4, 8], "texture": "#0"},
				"south": {"uv": [3, 7, 4, 8], "texture": "#0"},
				"west": {"uv": [3, 7, 4, 8], "texture": "#0"},
				"up": {"uv": [3, 7, 4, 8], "texture": "#0"},
				"down": {"uv": [3, 7, 4, 8], "texture": "#0"}
			}
		},
		{
			"from": [6.5, 5.25, 10.5],
			"to": [8.5, 6.25, 11],
			"faces": {
				"north": {"uv": [3, 7, 4, 8], "texture": "#0"},
				"east": {"uv": [3, 7, 4, 8], "texture": "#0"},
				"south": {"uv": [3, 7, 4, 8], "texture": "#0"},
				"west": {"uv": [3, 7, 4, 8], "texture": "#0"},
				"up": {"uv": [3, 7, 4, 8], "texture": "#0"},
				"down": {"uv": [3, 7, 4, 8], "texture": "#0"}
			}
		},
		{
			"from": [7, 6.25, 10.5],
			"to": [8, 10, 11],
			"faces": {
				"north": {"uv": [2, 7, 3, 8], "texture": "#0"},
				"east": {"uv": [2, 7, 3, 8], "texture": "#0"},
				"south": {"uv": [2, 7, 3, 8], "texture": "#0"},
				"west": {"uv": [2, 7, 3, 8], "texture": "#0"},
				"up": {"uv": [2, 7, 3, 8], "texture": "#0"},
				"down": {"uv": [2, 7, 3, 8], "texture": "#0"}
			}
		},
		{
			"from": [6.5, 6.25, 11],
			"to": [6.75, 10.75, 11.5],
			"faces": {
				"north": {"uv": [2, 7, 3, 8], "texture": "#0"},
				"east": {"uv": [2, 7, 3, 8], "texture": "#0"},
				"south": {"uv": [2, 7, 3, 8], "texture": "#0"},
				"west": {"uv": [2, 7, 3, 8], "texture": "#0"},
				"up": {"uv": [2, 7, 3, 8], "texture": "#0"},
				"down": {"uv": [2, 7, 3, 8], "texture": "#0"}
			}
		},
		{
			"from": [6.5, 10.75, 11.25],
			"to": [6.75, 12, 11.5],
			"faces": {
				"north": {"uv": [2, 7, 3, 8], "texture": "#0"},
				"east": {"uv": [2, 7, 3, 8], "texture": "#0"},
				"south": {"uv": [2, 7, 3, 8], "texture": "#0"},
				"west": {"uv": [2, 7, 3, 8], "texture": "#0"},
				"up": {"uv": [2, 7, 3, 8], "texture": "#0"},
				"down": {"uv": [2, 7, 3, 8], "texture": "#0"}
			}
		},
		{
			"from": [6.25, 6.25, 11.75],
			"to": [6.5, 12.25, 12.25],
			"faces": {
				"north": {"uv": [2, 7, 3, 8], "texture": "#0"},
				"east": {"uv": [2, 7, 3, 8], "texture": "#0"},
				"south": {"uv": [2, 7, 3, 8], "texture": "#0"},
				"west": {"uv": [2, 7, 3, 8], "texture": "#0"},
				"up": {"uv": [2, 7, 3, 8], "texture": "#0"},
				"down": {"uv": [2, 7, 3, 8], "texture": "#0"}
			}
		},
		{
			"from": [6.25, 8.25, 12.25],
			"to": [6.5, 10, 12.5],
			"faces": {
				"north": {"uv": [2, 7, 3, 8], "texture": "#0"},
				"east": {"uv": [2, 7, 3, 8], "texture": "#0"},
				"south": {"uv": [2, 7, 3, 8], "texture": "#0"},
				"west": {"uv": [2, 7, 3, 8], "texture": "#0"},
				"up": {"uv": [2, 7, 3, 8], "texture": "#0"},
				"down": {"uv": [2, 7, 3, 8], "texture": "#0"}
			}
		},
		{
			"from": [8.5, 8.25, 12.25],
			"to": [8.75, 10, 12.5],
			"faces": {
				"north": {"uv": [2, 7, 3, 8], "texture": "#0"},
				"east": {"uv": [2, 7, 3, 8], "texture": "#0"},
				"south": {"uv": [2, 7, 3, 8], "texture": "#0"},
				"west": {"uv": [2, 7, 3, 8], "texture": "#0"},
				"up": {"uv": [2, 7, 3, 8], "texture": "#0"},
				"down": {"uv": [2, 7, 3, 8], "texture": "#0"}
			}
		},
		{
			"from": [6.5, 6.25, 12.5],
			"to": [6.75, 10, 13],
			"faces": {
				"north": {"uv": [2, 7, 3, 8], "texture": "#0"},
				"east": {"uv": [2, 7, 3, 8], "texture": "#0"},
				"south": {"uv": [2, 7, 3, 8], "texture": "#0"},
				"west": {"uv": [2, 7, 3, 8], "texture": "#0"},
				"up": {"uv": [2, 7, 3, 8], "texture": "#0"},
				"down": {"uv": [2, 7, 3, 8], "texture": "#0"}
			}
		},
		{
			"from": [6.5, 9, 13],
			"to": [6.75, 10.25, 13.5],
			"faces": {
				"north": {"uv": [2, 7, 3, 8], "texture": "#0"},
				"east": {"uv": [2, 7, 3, 8], "texture": "#0"},
				"south": {"uv": [2, 7, 3, 8], "texture": "#0"},
				"west": {"uv": [2, 7, 3, 8], "texture": "#0"},
				"up": {"uv": [2, 7, 3, 8], "texture": "#0"},
				"down": {"uv": [2, 7, 3, 8], "texture": "#0"}
			}
		},
		{
			"from": [8.25, 6.25, 12.25],
			"to": [8.5, 10, 13],
			"faces": {
				"north": {"uv": [2, 7, 3, 8], "texture": "#0"},
				"east": {"uv": [2, 7, 3, 8], "texture": "#0"},
				"south": {"uv": [2, 7, 3, 8], "texture": "#0"},
				"west": {"uv": [2, 7, 3, 8], "texture": "#0"},
				"up": {"uv": [2, 7, 3, 8], "texture": "#0"},
				"down": {"uv": [2, 7, 3, 8], "texture": "#0"}
			}
		},
		{
			"from": [8.25, 9, 12.75],
			"to": [8.5, 10.25, 13.5],
			"faces": {
				"north": {"uv": [2, 7, 3, 8], "texture": "#0"},
				"east": {"uv": [2, 7, 3, 8], "texture": "#0"},
				"south": {"uv": [2, 7, 3, 8], "texture": "#0"},
				"west": {"uv": [2, 7, 3, 8], "texture": "#0"},
				"up": {"uv": [2, 7, 3, 8], "texture": "#0"},
				"down": {"uv": [2, 7, 3, 8], "texture": "#0"}
			}
		},
		{
			"from": [8.5, 6.25, 11.75],
			"to": [8.75, 12, 12.25],
			"faces": {
				"north": {"uv": [2, 7, 3, 8], "texture": "#0"},
				"east": {"uv": [2, 7, 3, 8], "texture": "#0"},
				"south": {"uv": [2, 7, 3, 8], "texture": "#0"},
				"west": {"uv": [2, 7, 3, 8], "texture": "#0"},
				"up": {"uv": [2, 7, 3, 8], "texture": "#0"},
				"down": {"uv": [2, 7, 3, 8], "texture": "#0"}
			}
		},
		{
			"from": [8.25, 6.25, 11],
			"to": [8.5, 10.75, 11.5],
			"faces": {
				"north": {"uv": [2, 7, 3, 8], "texture": "#0"},
				"east": {"uv": [2, 7, 3, 8], "texture": "#0"},
				"south": {"uv": [2, 7, 3, 8], "texture": "#0"},
				"west": {"uv": [2, 7, 3, 8], "texture": "#0"},
				"up": {"uv": [2, 7, 3, 8], "texture": "#0"},
				"down": {"uv": [2, 7, 3, 8], "texture": "#0"}
			}
		},
		{
			"from": [8.25, 10.75, 11.25],
			"to": [8.5, 12, 11.5],
			"faces": {
				"north": {"uv": [2, 7, 3, 8], "texture": "#0"},
				"east": {"uv": [2, 7, 3, 8], "texture": "#0"},
				"south": {"uv": [2, 7, 3, 8], "texture": "#0"},
				"west": {"uv": [2, 7, 3, 8], "texture": "#0"},
				"up": {"uv": [2, 7, 3, 8], "texture": "#0"},
				"down": {"uv": [2, 7, 3, 8], "texture": "#0"}
			}
		},
		{
			"from": [7, 10, 11],
			"to": [8, 12.5, 11.5],
			"faces": {
				"north": {"uv": [2, 7, 3, 8], "texture": "#0"},
				"east": {"uv": [2, 7, 3, 8], "texture": "#0"},
				"south": {"uv": [2, 7, 3, 8], "texture": "#0"},
				"west": {"uv": [2, 7, 3, 8], "texture": "#0"},
				"up": {"uv": [2, 7, 3, 8], "texture": "#0"},
				"down": {"uv": [2, 7, 3, 8], "texture": "#0"}
			}
		},
		{
			"from": [8, 12.5, 11],
			"to": [8.25, 14, 11.5],
			"faces": {
				"north": {"uv": [2, 7, 3, 8], "texture": "#0"},
				"east": {"uv": [2, 7, 3, 8], "texture": "#0"},
				"south": {"uv": [2, 7, 3, 8], "texture": "#0"},
				"west": {"uv": [2, 7, 3, 8], "texture": "#0"},
				"up": {"uv": [2, 7, 3, 8], "texture": "#0"},
				"down": {"uv": [2, 7, 3, 8], "texture": "#0"}
			}
		},
		{
			"from": [8, 15.5, 11],
			"to": [8.25, 17, 11.5],
			"faces": {
				"north": {"uv": [2, 7, 3, 8], "texture": "#0"},
				"east": {"uv": [2, 7, 3, 8], "texture": "#0"},
				"south": {"uv": [2, 7, 3, 8], "texture": "#0"},
				"west": {"uv": [2, 7, 3, 8], "texture": "#0"},
				"up": {"uv": [2, 7, 3, 8], "texture": "#0"},
				"down": {"uv": [2, 7, 3, 8], "texture": "#0"}
			}
		},
		{
			"from": [6.5, 17, 11.25],
			"to": [8.5, 17.5, 11.75],
			"faces": {
				"north": {"uv": [2, 7, 3, 8], "texture": "#0"},
				"east": {"uv": [2, 7, 3, 8], "texture": "#0"},
				"south": {"uv": [2, 7, 3, 8], "texture": "#0"},
				"west": {"uv": [2, 7, 3, 8], "texture": "#0"},
				"up": {"uv": [2, 7, 3, 8], "texture": "#0"},
				"down": {"uv": [2, 7, 3, 8], "texture": "#0"}
			}
		},
		{
			"from": [8.5, 17, 11.5],
			"to": [9, 17.5, 14.25],
			"faces": {
				"north": {"uv": [2, 7, 3, 8], "texture": "#0"},
				"east": {"uv": [2, 7, 3, 8], "texture": "#0"},
				"south": {"uv": [2, 7, 3, 8], "texture": "#0"},
				"west": {"uv": [2, 7, 3, 8], "texture": "#0"},
				"up": {"uv": [2, 7, 3, 8], "rotation": 270, "texture": "#0"},
				"down": {"uv": [2, 7, 3, 8], "rotation": 90, "texture": "#0"}
			}
		},
		{
			"from": [6, 17, 11.5],
			"to": [6.5, 17.5, 14.25],
			"faces": {
				"north": {"uv": [2, 7, 3, 8], "texture": "#0"},
				"east": {"uv": [2, 7, 3, 8], "texture": "#0"},
				"south": {"uv": [2, 7, 3, 8], "texture": "#0"},
				"west": {"uv": [2, 7, 3, 8], "texture": "#0"},
				"up": {"uv": [2, 7, 3, 8], "rotation": 270, "texture": "#0"},
				"down": {"uv": [2, 7, 3, 8], "rotation": 90, "texture": "#0"}
			}
		},
		{
			"from": [6, 16.5, 11.5],
			"to": [6.5, 17, 13.75],
			"faces": {
				"north": {"uv": [2, 7, 3, 8], "texture": "#0"},
				"east": {"uv": [2, 7, 3, 8], "texture": "#0"},
				"south": {"uv": [2, 7, 3, 8], "texture": "#0"},
				"west": {"uv": [2, 7, 3, 8], "texture": "#0"},
				"up": {"uv": [2, 7, 3, 8], "rotation": 270, "texture": "#0"},
				"down": {"uv": [2, 7, 3, 8], "rotation": 90, "texture": "#0"}
			}
		},
		{
			"from": [8.25, 16.5, 11.5],
			"to": [9, 17, 13.75],
			"faces": {
				"north": {"uv": [2, 7, 3, 8], "texture": "#0"},
				"east": {"uv": [2, 7, 3, 8], "texture": "#0"},
				"south": {"uv": [2, 7, 3, 8], "texture": "#0"},
				"west": {"uv": [2, 7, 3, 8], "texture": "#0"},
				"up": {"uv": [2, 7, 3, 8], "rotation": 270, "texture": "#0"},
				"down": {"uv": [2, 7, 3, 8], "rotation": 90, "texture": "#0"}
			}
		},
		{
			"from": [6, 12, 11.5],
			"to": [6.75, 16.5, 13],
			"faces": {
				"north": {"uv": [2, 7, 3, 8], "texture": "#0"},
				"east": {"uv": [2, 7, 3, 8], "texture": "#0"},
				"south": {"uv": [2, 7, 3, 8], "texture": "#0"},
				"west": {"uv": [2, 7, 3, 8], "texture": "#0"},
				"up": {"uv": [2, 7, 3, 8], "rotation": 270, "texture": "#0"},
				"down": {"uv": [2, 7, 3, 8], "rotation": 90, "texture": "#0"}
			}
		},
		{
			"from": [8.25, 12, 11.5],
			"to": [9, 16.5, 13],
			"faces": {
				"north": {"uv": [2, 7, 3, 8], "texture": "#0"},
				"east": {"uv": [2, 7, 3, 8], "texture": "#0"},
				"south": {"uv": [2, 7, 3, 8], "texture": "#0"},
				"west": {"uv": [2, 7, 3, 8], "texture": "#0"},
				"up": {"uv": [2, 7, 3, 8], "rotation": 270, "texture": "#0"},
				"down": {"uv": [2, 7, 3, 8], "rotation": 90, "texture": "#0"}
			}
		},
		{
			"from": [8.25, 14, 11],
			"to": [8.5, 15.5, 11.5],
			"faces": {
				"north": {"uv": [2, 7, 3, 8], "texture": "#0"},
				"east": {"uv": [2, 7, 3, 8], "texture": "#0"},
				"south": {"uv": [2, 7, 3, 8], "texture": "#0"},
				"west": {"uv": [2, 7, 3, 8], "texture": "#0"},
				"up": {"uv": [2, 7, 3, 8], "texture": "#0"},
				"down": {"uv": [2, 7, 3, 8], "texture": "#0"}
			}
		},
		{
			"from": [6.75, 12.5, 11],
			"to": [7, 14, 11.5],
			"faces": {
				"north": {"uv": [2, 7, 3, 8], "texture": "#0"},
				"east": {"uv": [2, 7, 3, 8], "texture": "#0"},
				"south": {"uv": [2, 7, 3, 8], "texture": "#0"},
				"west": {"uv": [2, 7, 3, 8], "texture": "#0"},
				"up": {"uv": [2, 7, 3, 8], "texture": "#0"},
				"down": {"uv": [2, 7, 3, 8], "texture": "#0"}
			}
		},
		{
			"from": [6.75, 15.5, 11],
			"to": [7, 17, 11.5],
			"faces": {
				"north": {"uv": [2, 7, 3, 8], "texture": "#0"},
				"east": {"uv": [2, 7, 3, 8], "texture": "#0"},
				"south": {"uv": [2, 7, 3, 8], "texture": "#0"},
				"west": {"uv": [2, 7, 3, 8], "texture": "#0"},
				"up": {"uv": [2, 7, 3, 8], "texture": "#0"},
				"down": {"uv": [2, 7, 3, 8], "texture": "#0"}
			}
		},
		{
			"from": [6.5, 14, 11],
			"to": [6.75, 15.5, 11.5],
			"faces": {
				"north": {"uv": [2, 7, 3, 8], "texture": "#0"},
				"east": {"uv": [2, 7, 3, 8], "texture": "#0"},
				"south": {"uv": [2, 7, 3, 8], "texture": "#0"},
				"west": {"uv": [2, 7, 3, 8], "texture": "#0"},
				"up": {"uv": [2, 7, 3, 8], "texture": "#0"},
				"down": {"uv": [2, 7, 3, 8], "texture": "#0"}
			}
		},
		{
			"from": [6.5, 3, 11.5],
			"to": [8.5, 10, 12.5],
			"faces": {
				"north": {"uv": [3, 9, 4, 10], "texture": "#0"},
				"east": {"uv": [3, 9, 4, 10], "texture": "#0"},
				"south": {"uv": [3, 9, 4, 10], "texture": "#0"},
				"west": {"uv": [3, 9, 4, 10], "texture": "#0"},
				"up": {"uv": [3, 9, 4, 10], "texture": "#0"},
				"down": {"uv": [3, 9, 4, 10], "texture": "#0"}
			}
		},
		{
			"from": [7, 3, 12.75],
			"to": [8, 5, 13.75],
			"faces": {
				"north": {"uv": [2, 7, 3, 8], "texture": "#0"},
				"east": {"uv": [2, 7, 3, 8], "texture": "#0"},
				"south": {"uv": [2, 7, 3, 8], "texture": "#0"},
				"west": {"uv": [2, 7, 3, 8], "texture": "#0"},
				"up": {"uv": [2, 7, 3, 8], "texture": "#0"},
				"down": {"uv": [2, 7, 3, 8], "texture": "#0"}
			}
		},
		{
			"from": [7, 5, 12.75],
			"to": [8, 7, 13.5],
			"faces": {
				"north": {"uv": [2, 7, 3, 8], "texture": "#0"},
				"east": {"uv": [2, 7, 3, 8], "texture": "#0"},
				"south": {"uv": [2, 7, 3, 8], "texture": "#0"},
				"west": {"uv": [2, 7, 3, 8], "texture": "#0"},
				"up": {"uv": [2, 7, 3, 8], "texture": "#0"},
				"down": {"uv": [2, 7, 3, 8], "texture": "#0"}
			}
		},
		{
			"from": [7.25, 7, 13],
			"to": [7.75, 9.25, 13.5],
			"faces": {
				"north": {"uv": [3, 6, 4, 7], "texture": "#0"},
				"east": {"uv": [3, 6, 4, 7], "texture": "#0"},
				"south": {"uv": [3, 6, 4, 7], "texture": "#0"},
				"west": {"uv": [3, 6, 4, 7], "texture": "#0"},
				"up": {"uv": [3, 6, 4, 7], "texture": "#0"},
				"down": {"uv": [3, 6, 4, 7], "texture": "#0"}
			}
		},
		{
			"from": [7.25, 9.25, 12.75],
			"to": [7.75, 11.5, 13.25],
			"faces": {
				"north": {"uv": [3, 6, 4, 7], "texture": "#0"},
				"east": {"uv": [3, 6, 4, 7], "texture": "#0"},
				"south": {"uv": [3, 6, 4, 7], "texture": "#0"},
				"west": {"uv": [3, 6, 4, 7], "texture": "#0"},
				"up": {"uv": [3, 6, 4, 7], "texture": "#0"},
				"down": {"uv": [3, 6, 4, 7], "texture": "#0"}
			}
		},
		{
			"from": [7.25, 9.25, 13.5],
			"to": [7.75, 12.75, 13.75],
			"faces": {
				"north": {"uv": [3, 6, 4, 7], "texture": "#0"},
				"east": {"uv": [3, 6, 4, 7], "texture": "#0"},
				"south": {"uv": [3, 6, 4, 7], "texture": "#0"},
				"west": {"uv": [3, 6, 4, 7], "texture": "#0"},
				"up": {"uv": [3, 6, 4, 7], "texture": "#0"},
				"down": {"uv": [3, 6, 4, 7], "texture": "#0"}
			}
		},
		{
			"from": [6.75, 8.5, 12],
			"to": [8.25, 12.75, 13],
			"faces": {
				"north": {"uv": [3, 8, 4, 9], "texture": "#0"},
				"east": {"uv": [3, 8, 4, 9], "texture": "#0"},
				"south": {"uv": [3, 8, 4, 9], "texture": "#0"},
				"west": {"uv": [3, 8, 4, 9], "texture": "#0"},
				"up": {"uv": [3, 8, 4, 9], "texture": "#0"},
				"down": {"uv": [3, 8, 4, 9], "texture": "#0"}
			}
		},
		{
			"from": [6.75, 12.75, 12.5],
			"to": [8.25, 17, 13.5],
			"faces": {
				"north": {"uv": [3, 8, 4, 9], "texture": "#0"},
				"east": {"uv": [3, 8, 4, 9], "texture": "#0"},
				"south": {"uv": [3, 8, 4, 9], "texture": "#0"},
				"west": {"uv": [3, 8, 4, 9], "texture": "#0"},
				"up": {"uv": [3, 8, 4, 9], "texture": "#0"},
				"down": {"uv": [3, 8, 4, 9], "texture": "#0"}
			}
		},
		{
			"from": [7, 17, 12.5],
			"to": [8, 19, 13.5],
			"faces": {
				"north": {"uv": [3, 8, 4, 9], "texture": "#0"},
				"east": {"uv": [3, 8, 4, 9], "texture": "#0"},
				"south": {"uv": [3, 8, 4, 9], "texture": "#0"},
				"west": {"uv": [3, 8, 4, 9], "texture": "#0"},
				"up": {"uv": [3, 8, 4, 9], "texture": "#0"},
				"down": {"uv": [3, 8, 4, 9], "texture": "#0"}
			}
		},
		{
			"from": [8.5, 3.75, 10.75],
			"to": [8.75, 6.25, 12.75],
			"faces": {
				"north": {"uv": [3, 7, 4, 8], "texture": "#0"},
				"east": {"uv": [3, 7, 4, 8], "texture": "#0"},
				"south": {"uv": [3, 7, 4, 8], "texture": "#0"},
				"west": {"uv": [3, 7, 4, 8], "texture": "#0"},
				"up": {"uv": [3, 7, 4, 8], "texture": "#0"},
				"down": {"uv": [3, 7, 4, 8], "texture": "#0"}
			}
		},
		{
			"from": [6.25, 3.75, 10.75],
			"to": [6.5, 6.25, 12.75],
			"faces": {
				"north": {"uv": [3, 7, 4, 8], "texture": "#0"},
				"east": {"uv": [3, 7, 4, 8], "texture": "#0"},
				"south": {"uv": [3, 7, 4, 8], "texture": "#0"},
				"west": {"uv": [3, 7, 4, 8], "texture": "#0"},
				"up": {"uv": [3, 7, 4, 8], "texture": "#0"},
				"down": {"uv": [3, 7, 4, 8], "texture": "#0"}
			}
		},
		{
			"from": [8.75, 3.25, 10.75],
			"to": [9, 3.75, 12.75],
			"faces": {
				"north": {"uv": [3, 7, 4, 8], "texture": "#0"},
				"east": {"uv": [3, 7, 4, 8], "texture": "#0"},
				"south": {"uv": [3, 7, 4, 8], "texture": "#0"},
				"west": {"uv": [3, 7, 4, 8], "texture": "#0"},
				"up": {"uv": [3, 7, 4, 8], "texture": "#0"},
				"down": {"uv": [3, 7, 4, 8], "texture": "#0"}
			}
		},
		{
			"from": [6, 3.25, 10.75],
			"to": [6.25, 3.75, 12.75],
			"faces": {
				"north": {"uv": [3, 7, 4, 8], "texture": "#0"},
				"east": {"uv": [3, 7, 4, 8], "texture": "#0"},
				"south": {"uv": [3, 7, 4, 8], "texture": "#0"},
				"west": {"uv": [3, 7, 4, 8], "texture": "#0"},
				"up": {"uv": [3, 7, 4, 8], "texture": "#0"},
				"down": {"uv": [3, 7, 4, 8], "texture": "#0"}
			}
		},
		{
			"from": [6.5, 3.25, 12.75],
			"to": [6.75, 5.25, 13.5],
			"faces": {
				"north": {"uv": [3, 7, 4, 8], "texture": "#0"},
				"east": {"uv": [3, 7, 4, 8], "texture": "#0"},
				"south": {"uv": [3, 7, 4, 8], "texture": "#0"},
				"west": {"uv": [3, 7, 4, 8], "texture": "#0"},
				"up": {"uv": [3, 7, 4, 8], "texture": "#0"},
				"down": {"uv": [3, 7, 4, 8], "texture": "#0"}
			}
		},
		{
			"from": [8.25, 3.25, 12.75],
			"to": [8.5, 5.25, 13.5],
			"faces": {
				"north": {"uv": [3, 7, 4, 8], "texture": "#0"},
				"east": {"uv": [3, 7, 4, 8], "texture": "#0"},
				"south": {"uv": [3, 7, 4, 8], "texture": "#0"},
				"west": {"uv": [3, 7, 4, 8], "texture": "#0"},
				"up": {"uv": [3, 7, 4, 8], "texture": "#0"},
				"down": {"uv": [3, 7, 4, 8], "texture": "#0"}
			}
		},
		{
			"from": [8, 3.25, 13.5],
			"to": [8.25, 6.75, 13.75],
			"faces": {
				"north": {"uv": [3, 7, 4, 8], "texture": "#0"},
				"east": {"uv": [3, 7, 4, 8], "texture": "#0"},
				"south": {"uv": [3, 7, 4, 8], "texture": "#0"},
				"west": {"uv": [3, 7, 4, 8], "texture": "#0"},
				"up": {"uv": [3, 7, 4, 8], "texture": "#0"},
				"down": {"uv": [3, 7, 4, 8], "texture": "#0"}
			}
		},
		{
			"from": [6.75, 3.25, 13.5],
			"to": [7, 6.75, 13.75],
			"faces": {
				"north": {"uv": [3, 7, 4, 8], "texture": "#0"},
				"east": {"uv": [3, 7, 4, 8], "texture": "#0"},
				"south": {"uv": [3, 7, 4, 8], "texture": "#0"},
				"west": {"uv": [3, 7, 4, 8], "texture": "#0"},
				"up": {"uv": [3, 7, 4, 8], "texture": "#0"},
				"down": {"uv": [3, 7, 4, 8], "texture": "#0"}
			}
		},
		{
			"from": [8, 6.75, 13.25],
			"to": [8.25, 10.25, 13.5],
			"faces": {
				"north": {"uv": [3, 7, 4, 8], "texture": "#0"},
				"east": {"uv": [3, 7, 4, 8], "texture": "#0"},
				"south": {"uv": [3, 7, 4, 8], "texture": "#0"},
				"west": {"uv": [3, 7, 4, 8], "texture": "#0"},
				"up": {"uv": [3, 7, 4, 8], "texture": "#0"},
				"down": {"uv": [3, 7, 4, 8], "texture": "#0"}
			}
		},
		{
			"from": [6.75, 6.75, 13.25],
			"to": [7, 10.25, 13.5],
			"faces": {
				"north": {"uv": [3, 7, 4, 8], "texture": "#0"},
				"east": {"uv": [3, 7, 4, 8], "texture": "#0"},
				"south": {"uv": [3, 7, 4, 8], "texture": "#0"},
				"west": {"uv": [3, 7, 4, 8], "texture": "#0"},
				"up": {"uv": [3, 7, 4, 8], "texture": "#0"},
				"down": {"uv": [3, 7, 4, 8], "texture": "#0"}
			}
		}
	],
	"display": {
		"head": {
			"translation": [0, 15, -6.5],
			"scale": [1.49, 1.49, 1.49]
		}
	},
	"groups": [0, 1, 2, 3, 4, 5, 6, 7, 8, 9, 10, 11, 12, 13, 14, 15, 16, 17, 18, 19, 20, 21, 22, 23, 24, 25, 26, 27, 28, 29, 30, 31, 32, 33, 34, 35, 36, 37, 38, 39, 40, 41, 42, 43, 44, 45, 46, 47, 48, 49, 50, 51, 52, 53, 54, 55, 56, 57, 58, 59, 60, 61, 62, 63, 64, 65, 66, 67, 68, 69, 70, 71, 72, 73, 74, 75, 76, 77, 78,
		{
			"name": "foreleg",
			"origin": [8, 8, 8],
			"children": [79, 80, 81, 82, 83, 84, 85, 86, 87, 88, 89, 90, 91, 92, 93, 94, 95, 96, 97, 98, 99, 100, 101, 102, 103, 104, 105, 106, 107, 108, 109, 110, 111, 112, 113, 114, 115, 116, 117, 118, 119, 120, 121, 122, 123, 124, 125, 126]
		}
	]
}