{
	"credit": "Made with Blockbench",
	"texture_size": [30, 30],
	"textures": {
		"0": "block/blue_concrete",
		"1": "block/black_concrete",
		"particle": "block/blue_concrete"
	},
	"elements": [
		{
			"from": [0, 0.5, 0.5],
			"to": [16, 15.5, 15.5],
			"rotation": {"angle": 0, "axis": "y", "origin": [0, 0, 0]},
			"faces": {
				"north": {"uv": [0, 0, 16, 16], "texture": "#0"},
				"east": {"uv": [0, 0, 8, 8], "texture": "#0"},
				"south": {"uv": [0, 0, 8.53333, 8], "texture": "#0"},
				"west": {"uv": [0, 0, 8, 8], "texture": "#0"},
				"up": {"uv": [0, 0, 8, 8.53333], "rotation": 270, "texture": "#0"},
				"down": {"uv": [0, 0, 8, 8.53333], "rotation": 90, "texture": "#0"}
			}
		},
		{
			"from": [0.5, 0.5, 0],
			"to": [15.5, 15.5, 16],
			"rotation": {"angle": 0, "axis": "y", "origin": [9, 8.5, 9]},
			"faces": {
				"north": {"uv": [0, 0, 16, 16], "texture": "#0"},
				"east": {"uv": [0, 0, 8.53333, 8], "texture": "#0"},
				"south": {"uv": [0, 0, 8, 8], "texture": "#0"},
				"west": {"uv": [0, 0, 8.53333, 8], "texture": "#0"},
				"up": {"uv": [0, 0, 8, 8.53333], "texture": "#0"},
				"down": {"uv": [0, 0, 8, 8.53333], "texture": "#0"}
			}
		},
		{
			"from": [0.25, 0.5, 0.25],
			"to": [15.75, 15.5, 15.75],
			"rotation": {"angle": 0, "axis": "y", "origin": [9.25, 8.5, 9.25]},
			"faces": {
				"north": {"uv": [0, 0, 16, 16], "texture": "#1"},
				"east": {"uv": [0, 0, 8.26667, 8], "texture": "#1"},
				"south": {"uv": [0, 0, 8.26667, 8], "texture": "#1"},
				"west": {"uv": [0, 0, 8.26667, 8], "texture": "#1"},
				"up": {"uv": [0, 0, 8.26667, 8.26667], "texture": "#1"},
				"down": {"uv": [0, 0, 8.26667, 8.26667], "texture": "#1"}
			}
		},
		{
			"from": [0.5, 0, 0.5],
			"to": [15.5, 16, 15.5],
			"rotation": {"angle": 0, "axis": "y", "origin": [8.75, 7.60355, 9]},
			"faces": {
				"north": {"uv": [0, 0, 16, 16], "texture": "#0"},
				"east": {"uv": [0, 0, 8, 8.53333], "texture": "#0"},
				"south": {"uv": [0, 0, 8, 8.53333], "texture": "#0"},
				"west": {"uv": [0, 0, 8, 8.53333], "texture": "#0"},
				"up": {"uv": [0, 0, 8, 8], "texture": "#0"},
				"down": {"uv": [0, 0, 8, 8], "texture": "#0"}
			}
		},
		{
			"from": [0.25, 15.5, 0.5],
			"to": [0.5, 15.75, 15.5],
			"rotation": {"angle": 0, "axis": "y", "origin": [8.5, 9.35355, 9]},
			"faces": {
				"north": {"uv": [0, 0, 8, 0.13333], "texture": "#1"},
				"east": {"uv": [0, 0, 8, 0.13333], "texture": "#1"},
				"south": {"uv": [0, 0, 8, 0.13333], "texture": "#1"},
				"west": {"uv": [0, 0, 8, 0.13333], "texture": "#1"},
				"up": {"uv": [0, 0, 8, 0.13333], "texture": "#1"},
				"down": {"uv": [0, 0, 8, 0.13333], "texture": "#1"}
			}
		},
		{
			"from": [0.5, 15.5, 15.5],
			"to": [15.5, 15.75, 15.75],
			"rotation": {"angle": 0, "axis": "y", "origin": [9, 8.75, 8.75]},
			"faces": {
				"north": {"uv": [0, 0, 8, 0.13333], "texture": "#1"},
				"east": {"uv": [0, 0, 8, 0.13333], "texture": "#1"},
				"south": {"uv": [0, 0, 8, 0.13333], "texture": "#1"},
				"west": {"uv": [0, 0, 8, 0.13333], "texture": "#1"},
				"up": {"uv": [0, 0, 8, 0.13333], "texture": "#1"},
				"down": {"uv": [0, 0, 8, 0.13333], "texture": "#1"}
			}
		},
		{
			"from": [0.5, 15.5, 0.25],
			"to": [15.5, 15.75, 0.5],
			"rotation": {"angle": 0, "axis": "y", "origin": [9, 8.75, 9.25]},
			"faces": {
				"north": {"uv": [0, 0, 16, 16], "texture": "#1"},
				"east": {"uv": [0, 0, 16, 16], "texture": "#1"},
				"south": {"uv": [0, 0, 16, 16], "texture": "#1"},
				"west": {"uv": [0, 0, 16, 16], "texture": "#1"},
				"up": {"uv": [0, 0, 16, 16], "texture": "#1"},
				"down": {"uv": [0, 0, 16, 16], "texture": "#1"}
			}
		},
		{
			"from": [15.5, 15.5, 0.5],
			"to": [15.75, 15.75, 15.5],
			"rotation": {"angle": 0, "axis": "y", "origin": [7.75, 8.25, 8]},
			"faces": {
				"north": {"uv": [0, 0, 8, 0.13333], "texture": "#1"},
				"east": {"uv": [0, 0, 8, 0.13333], "texture": "#1"},
				"south": {"uv": [0, 0, 8, 0.13333], "texture": "#1"},
				"west": {"uv": [0, 0, 8, 0.13333], "texture": "#1"},
				"up": {"uv": [0, 0, 8, 0.13333], "texture": "#1"},
				"down": {"uv": [0, 0, 8, 0.13333], "texture": "#1"}
			}
		},
		{
			"from": [0.5, 0.25, 0.25],
			"to": [15.5, 0.5, 0.5],
			"rotation": {"angle": 0, "axis": "y", "origin": [9, -6.5, 9.25]},
			"faces": {
				"north": {"uv": [0, 0, 16, 16], "texture": "#1"},
				"east": {"uv": [0, 0, 16, 16], "texture": "#1"},
				"south": {"uv": [0, 0, 16, 16], "texture": "#1"},
				"west": {"uv": [0, 0, 16, 16], "texture": "#1"},
				"up": {"uv": [0, 0, 16, 16], "texture": "#1"},
				"down": {"uv": [0, 0, 16, 16], "texture": "#1"}
			}
		},
		{
			"from": [0.25, 0.25, 0.5],
			"to": [0.5, 0.5, 15.5],
			"rotation": {"angle": 0, "axis": "y", "origin": [8.5, -5.89645, 9]},
			"faces": {
				"north": {"uv": [0, 0, 8, 0.13333], "texture": "#1"},
				"east": {"uv": [0, 0, 8, 0.13333], "texture": "#1"},
				"south": {"uv": [0, 0, 8, 0.13333], "texture": "#1"},
				"west": {"uv": [0, 0, 8, 0.13333], "texture": "#1"},
				"up": {"uv": [0, 0, 8, 0.13333], "texture": "#1"},
				"down": {"uv": [0, 0, 8, 0.13333], "texture": "#1"}
			}
		},
		{
			"from": [0.5, 0.25, 15.5],
			"to": [15.5, 0.5, 15.75],
			"rotation": {"angle": 0, "axis": "y", "origin": [9, -6.5, 8.75]},
			"faces": {
				"north": {"uv": [0, 0, 8, 0.13333], "texture": "#1"},
				"east": {"uv": [0, 0, 8, 0.13333], "texture": "#1"},
				"south": {"uv": [0, 0, 8, 0.13333], "texture": "#1"},
				"west": {"uv": [0, 0, 8, 0.13333], "texture": "#1"},
				"up": {"uv": [0, 0, 8, 0.13333], "texture": "#1"},
				"down": {"uv": [0, 0, 8, 0.13333], "texture": "#1"}
			}
		},
		{
			"from": [15.5, 0.25, 0.5],
			"to": [15.75, 0.5, 15.5],
			"rotation": {"angle": 0, "axis": "y", "origin": [7.75, -7, 8]},
			"faces": {
				"north": {"uv": [0, 0, 8, 0.13333], "texture": "#1"},
				"east": {"uv": [0, 0, 8, 0.13333], "texture": "#1"},
				"south": {"uv": [0, 0, 8, 0.13333], "texture": "#1"},
				"west": {"uv": [0, 0, 8, 0.13333], "texture": "#1"},
				"up": {"uv": [0, 0, 8, 0.13333], "texture": "#1"},
				"down": {"uv": [0, 0, 8, 0.13333], "texture": "#1"}
			}
		},
		{
			"name": "hexadecagon",
			"from": [16, 1.60082, 13.5],
			"to": [16.25, 1.89918, 15],
			"rotation": {"angle": -45, "axis": "x", "origin": [16.5, 1.75, 14.25]},
			"faces": {
				"north": {"uv": [0, 0, 0.53333, 0.53333], "texture": "#1"},
				"east": {"uv": [0, 0, 0.53333, 0.53333], "texture": "#1"},
				"south": {"uv": [0, 0, 0.53333, 0.53333], "texture": "#1"},
				"west": {"uv": [0, 0, 0.53333, 0.53333], "texture": "#1"},
				"up": {"uv": [0, 0, 0.53333, 0.53333], "texture": "#1"},
				"down": {"uv": [0, 0, 0.53333, 0.53333], "texture": "#1"}
			}
		},
		{
			"name": "hexadecagon",
			"from": [16, 1.60082, 1],
			"to": [16.25, 1.89918, 2.5],
			"rotation": {"angle": -45, "axis": "x", "origin": [16.5, 1.75, 1.75]},
			"faces": {
				"north": {"uv": [0, 0, 0.53333, 0.53333], "texture": "#1"},
				"east": {"uv": [0, 0, 0.53333, 0.53333], "texture": "#1"},
				"south": {"uv": [0, 0, 0.53333, 0.53333], "texture": "#1"},
				"west": {"uv": [0, 0, 0.53333, 0.53333], "texture": "#1"},
				"up": {"uv": [0, 0, 0.53333, 0.53333], "texture": "#1"},
				"down": {"uv": [0, 0, 0.53333, 0.53333], "texture": "#1"}
			}
		},
		{
			"name": "hexadecagon",
			"from": [16, 1.60082, 13.5],
			"to": [16.25, 1.89918, 15],
			"rotation": {"angle": -22.5, "axis": "x", "origin": [16.5, 1.75, 14.25]},
			"faces": {
				"north": {"uv": [0, 0, 0.53333, 0.53333], "texture": "#1"},
				"east": {"uv": [0, 0, 0.53333, 0.53333], "texture": "#1"},
				"south": {"uv": [0, 0, 0.53333, 0.53333], "texture": "#1"},
				"west": {"uv": [0, 0, 0.53333, 0.53333], "texture": "#1"},
				"up": {"uv": [0, 0, 0.53333, 0.53333], "texture": "#1"},
				"down": {"uv": [0, 0, 0.53333, 0.53333], "texture": "#1"}
			}
		},
		{
			"name": "hexadecagon",
			"from": [16, 1.60082, 1],
			"to": [16.25, 1.89918, 2.5],
			"rotation": {"angle": -22.5, "axis": "x", "origin": [16.5, 1.75, 1.75]},
			"faces": {
				"north": {"uv": [0, 0, 0.53333, 0.53333], "texture": "#1"},
				"east": {"uv": [0, 0, 0.53333, 0.53333], "texture": "#1"},
				"south": {"uv": [0, 0, 0.53333, 0.53333], "texture": "#1"},
				"west": {"uv": [0, 0, 0.53333, 0.53333], "texture": "#1"},
				"up": {"uv": [0, 0, 0.53333, 0.53333], "texture": "#1"},
				"down": {"uv": [0, 0, 0.53333, 0.53333], "texture": "#1"}
			}
		},
		{
			"name": "hexadecagon",
			"from": [16, 1.60082, 13.5],
			"to": [16.25, 1.89918, 15],
			"rotation": {"angle": 0, "axis": "x", "origin": [16.5, 1.75, 14.25]},
			"faces": {
				"north": {"uv": [0, 0, 0.53333, 0.53333], "texture": "#1"},
				"east": {"uv": [0, 0, 0.53333, 0.53333], "texture": "#1"},
				"south": {"uv": [0, 0, 0.53333, 0.53333], "texture": "#1"},
				"west": {"uv": [0, 0, 0.53333, 0.53333], "texture": "#1"},
				"up": {"uv": [0, 0, 0.53333, 0.53333], "texture": "#1"},
				"down": {"uv": [0, 0, 0.53333, 0.53333], "texture": "#1"}
			}
		},
		{
			"name": "hexadecagon",
			"from": [16, 1.60082, 1],
			"to": [16.25, 1.89918, 2.5],
			"rotation": {"angle": 0, "axis": "x", "origin": [16.5, 1.75, 1.75]},
			"faces": {
				"north": {"uv": [0, 0, 0.53333, 0.53333], "texture": "#1"},
				"east": {"uv": [0, 0, 0.53333, 0.53333], "texture": "#1"},
				"south": {"uv": [0, 0, 0.53333, 0.53333], "texture": "#1"},
				"west": {"uv": [0, 0, 0.53333, 0.53333], "texture": "#1"},
				"up": {"uv": [0, 0, 0.53333, 0.53333], "texture": "#1"},
				"down": {"uv": [0, 0, 0.53333, 0.53333], "texture": "#1"}
			}
		},
		{
			"name": "hexadecagon",
			"from": [16, 1.60082, 13.5],
			"to": [16.25, 1.89918, 15],
			"rotation": {"angle": 22.5, "axis": "x", "origin": [16.5, 1.75, 14.25]},
			"faces": {
				"north": {"uv": [0, 0, 0.53333, 0.53333], "texture": "#1"},
				"east": {"uv": [0, 0, 0.53333, 0.53333], "texture": "#1"},
				"south": {"uv": [0, 0, 0.53333, 0.53333], "texture": "#1"},
				"west": {"uv": [0, 0, 0.53333, 0.53333], "texture": "#1"},
				"up": {"uv": [0, 0, 0.53333, 0.53333], "texture": "#1"},
				"down": {"uv": [0, 0, 0.53333, 0.53333], "texture": "#1"}
			}
		},
		{
			"name": "hexadecagon",
			"from": [16, 1.60082, 1],
			"to": [16.25, 1.89918, 2.5],
			"rotation": {"angle": 22.5, "axis": "x", "origin": [16.5, 1.75, 1.75]},
			"faces": {
				"north": {"uv": [0, 0, 0.53333, 0.53333], "texture": "#1"},
				"east": {"uv": [0, 0, 0.53333, 0.53333], "texture": "#1"},
				"south": {"uv": [0, 0, 0.53333, 0.53333], "texture": "#1"},
				"west": {"uv": [0, 0, 0.53333, 0.53333], "texture": "#1"},
				"up": {"uv": [0, 0, 0.53333, 0.53333], "texture": "#1"},
				"down": {"uv": [0, 0, 0.53333, 0.53333], "texture": "#1"}
			}
		},
		{
			"name": "hexadecagon",
			"from": [16, 1.60082, 13.5],
			"to": [16.25, 1.89918, 15],
			"rotation": {"angle": 45, "axis": "x", "origin": [16.5, 1.75, 14.25]},
			"faces": {
				"north": {"uv": [0, 0, 0.53333, 0.53333], "texture": "#1"},
				"east": {"uv": [0, 0, 0.53333, 0.53333], "texture": "#1"},
				"south": {"uv": [0, 0, 0.53333, 0.53333], "texture": "#1"},
				"west": {"uv": [0, 0, 0.53333, 0.53333], "texture": "#1"},
				"up": {"uv": [0, 0, 0.53333, 0.53333], "texture": "#1"},
				"down": {"uv": [0, 0, 0.53333, 0.53333], "texture": "#1"}
			}
		},
		{
			"name": "hexadecagon",
			"from": [16, 1.60082, 1],
			"to": [16.25, 1.89918, 2.5],
			"rotation": {"angle": 45, "axis": "x", "origin": [16.5, 1.75, 1.75]},
			"faces": {
				"north": {"uv": [0, 0, 0.53333, 0.53333], "texture": "#1"},
				"east": {"uv": [0, 0, 0.53333, 0.53333], "texture": "#1"},
				"south": {"uv": [0, 0, 0.53333, 0.53333], "texture": "#1"},
				"west": {"uv": [0, 0, 0.53333, 0.53333], "texture": "#1"},
				"up": {"uv": [0, 0, 0.53333, 0.53333], "texture": "#1"},
				"down": {"uv": [0, 0, 0.53333, 0.53333], "texture": "#1"}
			}
		},
		{
			"name": "hexadecagon",
			"from": [16, 1, 14.10082],
			"to": [16.25, 2.5, 14.39918],
			"rotation": {"angle": -22.5, "axis": "x", "origin": [16.5, 1.75, 14.25]},
			"faces": {
				"north": {"uv": [0, 0, 0.53333, 0.53333], "texture": "#1"},
				"east": {"uv": [0, 0, 0.53333, 0.53333], "texture": "#1"},
				"south": {"uv": [0, 0, 0.53333, 0.53333], "texture": "#1"},
				"west": {"uv": [0, 0, 0.53333, 0.53333], "texture": "#1"},
				"up": {"uv": [0, 0, 0.53333, 0.53333], "texture": "#1"},
				"down": {"uv": [0, 0, 0.53333, 0.53333], "texture": "#1"}
			}
		},
		{
			"name": "hexadecagon",
			"from": [16, 1, 1.60082],
			"to": [16.25, 2.5, 1.89918],
			"rotation": {"angle": -22.5, "axis": "x", "origin": [16.5, 1.75, 1.75]},
			"faces": {
				"north": {"uv": [0, 0, 0.53333, 0.53333], "texture": "#1"},
				"east": {"uv": [0, 0, 0.53333, 0.53333], "texture": "#1"},
				"south": {"uv": [0, 0, 0.53333, 0.53333], "texture": "#1"},
				"west": {"uv": [0, 0, 0.53333, 0.53333], "texture": "#1"},
				"up": {"uv": [0, 0, 0.53333, 0.53333], "texture": "#1"},
				"down": {"uv": [0, 0, 0.53333, 0.53333], "texture": "#1"}
			}
		},
		{
			"name": "hexadecagon",
			"from": [16, 1, 14.10082],
			"to": [16.25, 2.5, 14.39918],
			"rotation": {"angle": 0, "axis": "x", "origin": [16.5, 1.75, 14.25]},
			"faces": {
				"north": {"uv": [0, 0, 0.53333, 0.53333], "texture": "#1"},
				"east": {"uv": [0, 0, 0.53333, 0.53333], "texture": "#1"},
				"south": {"uv": [0, 0, 0.53333, 0.53333], "texture": "#1"},
				"west": {"uv": [0, 0, 0.53333, 0.53333], "texture": "#1"},
				"up": {"uv": [0, 0, 0.53333, 0.53333], "texture": "#1"},
				"down": {"uv": [0, 0, 0.53333, 0.53333], "texture": "#1"}
			}
		},
		{
			"name": "hexadecagon",
			"from": [16, 1, 1.60082],
			"to": [16.25, 2.5, 1.89918],
			"rotation": {"angle": 0, "axis": "x", "origin": [16.5, 1.75, 1.75]},
			"faces": {
				"north": {"uv": [0, 0, 0.53333, 0.53333], "texture": "#1"},
				"east": {"uv": [0, 0, 0.53333, 0.53333], "texture": "#1"},
				"south": {"uv": [0, 0, 0.53333, 0.53333], "texture": "#1"},
				"west": {"uv": [0, 0, 0.53333, 0.53333], "texture": "#1"},
				"up": {"uv": [0, 0, 0.53333, 0.53333], "texture": "#1"},
				"down": {"uv": [0, 0, 0.53333, 0.53333], "texture": "#1"}
			}
		},
		{
			"name": "hexadecagon",
			"from": [16, 1, 14.10082],
			"to": [16.25, 2.5, 14.39918],
			"rotation": {"angle": 22.5, "axis": "x", "origin": [16.5, 1.75, 14.25]},
			"faces": {
				"north": {"uv": [0, 0, 0.53333, 0.53333], "texture": "#1"},
				"east": {"uv": [0, 0, 0.53333, 0.53333], "texture": "#1"},
				"south": {"uv": [0, 0, 0.53333, 0.53333], "texture": "#1"},
				"west": {"uv": [0, 0, 0.53333, 0.53333], "texture": "#1"},
				"up": {"uv": [0, 0, 0.53333, 0.53333], "texture": "#1"},
				"down": {"uv": [0, 0, 0.53333, 0.53333], "texture": "#1"}
			}
		},
		{
			"name": "hexadecagon",
			"from": [16, 1, 1.60082],
			"to": [16.25, 2.5, 1.89918],
			"rotation": {"angle": 22.5, "axis": "x", "origin": [16.5, 1.75, 1.75]},
			"faces": {
				"north": {"uv": [0, 0, 0.53333, 0.53333], "texture": "#1"},
				"east": {"uv": [0, 0, 0.53333, 0.53333], "texture": "#1"},
				"south": {"uv": [0, 0, 0.53333, 0.53333], "texture": "#1"},
				"west": {"uv": [0, 0, 0.53333, 0.53333], "texture": "#1"},
				"up": {"uv": [0, 0, 0.53333, 0.53333], "texture": "#1"},
				"down": {"uv": [0, 0, 0.53333, 0.53333], "texture": "#1"}
			}
		},
		{
			"name": "hexadecagon",
			"from": [16, 14.10082, 13.5],
			"to": [16.25, 14.39918, 15],
			"rotation": {"angle": -45, "axis": "x", "origin": [16.5, 14.25, 14.25]},
			"faces": {
				"north": {"uv": [0, 0, 0.53333, 0.53333], "texture": "#1"},
				"east": {"uv": [0, 0, 0.53333, 0.53333], "texture": "#1"},
				"south": {"uv": [0, 0, 0.53333, 0.53333], "texture": "#1"},
				"west": {"uv": [0, 0, 0.53333, 0.53333], "texture": "#1"},
				"up": {"uv": [0, 0, 0.53333, 0.53333], "texture": "#1"},
				"down": {"uv": [0, 0, 0.53333, 0.53333], "texture": "#1"}
			}
		},
		{
			"name": "hexadecagon",
			"from": [16, 14.10082, 1],
			"to": [16.25, 14.39918, 2.5],
			"rotation": {"angle": -45, "axis": "x", "origin": [16.5, 14.25, 1.75]},
			"faces": {
				"north": {"uv": [0, 0, 0.53333, 0.53333], "texture": "#1"},
				"east": {"uv": [0, 0, 0.53333, 0.53333], "texture": "#1"},
				"south": {"uv": [0, 0, 0.53333, 0.53333], "texture": "#1"},
				"west": {"uv": [0, 0, 0.53333, 0.53333], "texture": "#1"},
				"up": {"uv": [0, 0, 0.53333, 0.53333], "texture": "#1"},
				"down": {"uv": [0, 0, 0.53333, 0.53333], "texture": "#1"}
			}
		},
		{
			"name": "hexadecagon",
			"from": [16, 14.10082, 13.5],
			"to": [16.25, 14.39918, 15],
			"rotation": {"angle": -22.5, "axis": "x", "origin": [16.5, 14.25, 14.25]},
			"faces": {
				"north": {"uv": [0, 0, 0.53333, 0.53333], "texture": "#1"},
				"east": {"uv": [0, 0, 0.53333, 0.53333], "texture": "#1"},
				"south": {"uv": [0, 0, 0.53333, 0.53333], "texture": "#1"},
				"west": {"uv": [0, 0, 0.53333, 0.53333], "texture": "#1"},
				"up": {"uv": [0, 0, 0.53333, 0.53333], "texture": "#1"},
				"down": {"uv": [0, 0, 0.53333, 0.53333], "texture": "#1"}
			}
		},
		{
			"name": "hexadecagon",
			"from": [16, 14.10082, 1],
			"to": [16.25, 14.39918, 2.5],
			"rotation": {"angle": -22.5, "axis": "x", "origin": [16.5, 14.25, 1.75]},
			"faces": {
				"north": {"uv": [0, 0, 0.53333, 0.53333], "texture": "#1"},
				"east": {"uv": [0, 0, 0.53333, 0.53333], "texture": "#1"},
				"south": {"uv": [0, 0, 0.53333, 0.53333], "texture": "#1"},
				"west": {"uv": [0, 0, 0.53333, 0.53333], "texture": "#1"},
				"up": {"uv": [0, 0, 0.53333, 0.53333], "texture": "#1"},
				"down": {"uv": [0, 0, 0.53333, 0.53333], "texture": "#1"}
			}
		},
		{
			"name": "hexadecagon",
			"from": [16, 14.10082, 13.5],
			"to": [16.25, 14.39918, 15],
			"rotation": {"angle": 0, "axis": "x", "origin": [16.5, 14.25, 14.25]},
			"faces": {
				"north": {"uv": [0, 0, 0.53333, 0.53333], "texture": "#1"},
				"east": {"uv": [0, 0, 0.53333, 0.53333], "texture": "#1"},
				"south": {"uv": [0, 0, 0.53333, 0.53333], "texture": "#1"},
				"west": {"uv": [0, 0, 0.53333, 0.53333], "texture": "#1"},
				"up": {"uv": [0, 0, 0.53333, 0.53333], "texture": "#1"},
				"down": {"uv": [0, 0, 0.53333, 0.53333], "texture": "#1"}
			}
		},
		{
			"name": "hexadecagon",
			"from": [16, 14.10082, 1],
			"to": [16.25, 14.39918, 2.5],
			"rotation": {"angle": 0, "axis": "x", "origin": [16.5, 14.25, 1.75]},
			"faces": {
				"north": {"uv": [0, 0, 0.53333, 0.53333], "texture": "#1"},
				"east": {"uv": [0, 0, 0.53333, 0.53333], "texture": "#1"},
				"south": {"uv": [0, 0, 0.53333, 0.53333], "texture": "#1"},
				"west": {"uv": [0, 0, 0.53333, 0.53333], "texture": "#1"},
				"up": {"uv": [0, 0, 0.53333, 0.53333], "texture": "#1"},
				"down": {"uv": [0, 0, 0.53333, 0.53333], "texture": "#1"}
			}
		},
		{
			"name": "hexadecagon",
			"from": [16, 14.10082, 13.5],
			"to": [16.25, 14.39918, 15],
			"rotation": {"angle": 22.5, "axis": "x", "origin": [16.5, 14.25, 14.25]},
			"faces": {
				"north": {"uv": [0, 0, 0.53333, 0.53333], "texture": "#1"},
				"east": {"uv": [0, 0, 0.53333, 0.53333], "texture": "#1"},
				"south": {"uv": [0, 0, 0.53333, 0.53333], "texture": "#1"},
				"west": {"uv": [0, 0, 0.53333, 0.53333], "texture": "#1"},
				"up": {"uv": [0, 0, 0.53333, 0.53333], "texture": "#1"},
				"down": {"uv": [0, 0, 0.53333, 0.53333], "texture": "#1"}
			}
		},
		{
			"name": "hexadecagon",
			"from": [16, 14.10082, 1],
			"to": [16.25, 14.39918, 2.5],
			"rotation": {"angle": 22.5, "axis": "x", "origin": [16.5, 14.25, 1.75]},
			"faces": {
				"north": {"uv": [0, 0, 0.53333, 0.53333], "texture": "#1"},
				"east": {"uv": [0, 0, 0.53333, 0.53333], "texture": "#1"},
				"south": {"uv": [0, 0, 0.53333, 0.53333], "texture": "#1"},
				"west": {"uv": [0, 0, 0.53333, 0.53333], "texture": "#1"},
				"up": {"uv": [0, 0, 0.53333, 0.53333], "texture": "#1"},
				"down": {"uv": [0, 0, 0.53333, 0.53333], "texture": "#1"}
			}
		},
		{
			"name": "hexadecagon",
			"from": [16, 14.10082, 13.5],
			"to": [16.25, 14.39918, 15],
			"rotation": {"angle": 45, "axis": "x", "origin": [16.5, 14.25, 14.25]},
			"faces": {
				"north": {"uv": [0, 0, 0.53333, 0.53333], "texture": "#1"},
				"east": {"uv": [0, 0, 0.53333, 0.53333], "texture": "#1"},
				"south": {"uv": [0, 0, 0.53333, 0.53333], "texture": "#1"},
				"west": {"uv": [0, 0, 0.53333, 0.53333], "texture": "#1"},
				"up": {"uv": [0, 0, 0.53333, 0.53333], "texture": "#1"},
				"down": {"uv": [0, 0, 0.53333, 0.53333], "texture": "#1"}
			}
		},
		{
			"name": "hexadecagon",
			"from": [16, 14.10082, 1],
			"to": [16.25, 14.39918, 2.5],
			"rotation": {"angle": 45, "axis": "x", "origin": [16.5, 14.25, 1.75]},
			"faces": {
				"north": {"uv": [0, 0, 0.53333, 0.53333], "texture": "#1"},
				"east": {"uv": [0, 0, 0.53333, 0.53333], "texture": "#1"},
				"south": {"uv": [0, 0, 0.53333, 0.53333], "texture": "#1"},
				"west": {"uv": [0, 0, 0.53333, 0.53333], "texture": "#1"},
				"up": {"uv": [0, 0, 0.53333, 0.53333], "texture": "#1"},
				"down": {"uv": [0, 0, 0.53333, 0.53333], "texture": "#1"}
			}
		},
		{
			"name": "hexadecagon",
			"from": [16, 13.5, 14.10082],
			"to": [16.25, 15, 14.39918],
			"rotation": {"angle": -22.5, "axis": "x", "origin": [16.5, 14.25, 14.25]},
			"faces": {
				"north": {"uv": [0, 0, 0.53333, 0.53333], "texture": "#1"},
				"east": {"uv": [0, 0, 0.53333, 0.53333], "texture": "#1"},
				"south": {"uv": [0, 0, 0.53333, 0.53333], "texture": "#1"},
				"west": {"uv": [0, 0, 0.53333, 0.53333], "texture": "#1"},
				"up": {"uv": [0, 0, 0.53333, 0.53333], "texture": "#1"},
				"down": {"uv": [0, 0, 0.53333, 0.53333], "texture": "#1"}
			}
		},
		{
			"name": "hexadecagon",
			"from": [16, 13.5, 1.60082],
			"to": [16.25, 15, 1.89918],
			"rotation": {"angle": -22.5, "axis": "x", "origin": [16.5, 14.25, 1.75]},
			"faces": {
				"north": {"uv": [0, 0, 0.53333, 0.53333], "texture": "#1"},
				"east": {"uv": [0, 0, 0.53333, 0.53333], "texture": "#1"},
				"south": {"uv": [0, 0, 0.53333, 0.53333], "texture": "#1"},
				"west": {"uv": [0, 0, 0.53333, 0.53333], "texture": "#1"},
				"up": {"uv": [0, 0, 0.53333, 0.53333], "texture": "#1"},
				"down": {"uv": [0, 0, 0.53333, 0.53333], "texture": "#1"}
			}
		},
		{
			"name": "hexadecagon",
			"from": [16, 13.5, 14.10082],
			"to": [16.25, 15, 14.39918],
			"rotation": {"angle": 0, "axis": "x", "origin": [16.5, 14.25, 14.25]},
			"faces": {
				"north": {"uv": [0, 0, 0.53333, 0.53333], "texture": "#1"},
				"east": {"uv": [0, 0, 0.53333, 0.53333], "texture": "#1"},
				"south": {"uv": [0, 0, 0.53333, 0.53333], "texture": "#1"},
				"west": {"uv": [0, 0, 0.53333, 0.53333], "texture": "#1"},
				"up": {"uv": [0, 0, 0.53333, 0.53333], "texture": "#1"},
				"down": {"uv": [0, 0, 0.53333, 0.53333], "texture": "#1"}
			}
		},
		{
			"name": "hexadecagon",
			"from": [16, 13.5, 1.60082],
			"to": [16.25, 15, 1.89918],
			"rotation": {"angle": 0, "axis": "x", "origin": [16.5, 14.25, 1.75]},
			"faces": {
				"north": {"uv": [0, 0, 0.53333, 0.53333], "texture": "#1"},
				"east": {"uv": [0, 0, 0.53333, 0.53333], "texture": "#1"},
				"south": {"uv": [0, 0, 0.53333, 0.53333], "texture": "#1"},
				"west": {"uv": [0, 0, 0.53333, 0.53333], "texture": "#1"},
				"up": {"uv": [0, 0, 0.53333, 0.53333], "texture": "#1"},
				"down": {"uv": [0, 0, 0.53333, 0.53333], "texture": "#1"}
			}
		},
		{
			"name": "hexadecagon",
			"from": [16, 13.5, 14.10082],
			"to": [16.25, 15, 14.39918],
			"rotation": {"angle": 22.5, "axis": "x", "origin": [16.5, 14.25, 14.25]},
			"faces": {
				"north": {"uv": [0, 0, 0.53333, 0.53333], "texture": "#1"},
				"east": {"uv": [0, 0, 0.53333, 0.53333], "texture": "#1"},
				"south": {"uv": [0, 0, 0.53333, 0.53333], "texture": "#1"},
				"west": {"uv": [0, 0, 0.53333, 0.53333], "texture": "#1"},
				"up": {"uv": [0, 0, 0.53333, 0.53333], "texture": "#1"},
				"down": {"uv": [0, 0, 0.53333, 0.53333], "texture": "#1"}
			}
		},
		{
			"name": "hexadecagon",
			"from": [16, 13.5, 1.60082],
			"to": [16.25, 15, 1.89918],
			"rotation": {"angle": 22.5, "axis": "x", "origin": [16.5, 14.25, 1.75]},
			"faces": {
				"north": {"uv": [0, 0, 0.53333, 0.53333], "texture": "#1"},
				"east": {"uv": [0, 0, 0.53333, 0.53333], "texture": "#1"},
				"south": {"uv": [0, 0, 0.53333, 0.53333], "texture": "#1"},
				"west": {"uv": [0, 0, 0.53333, 0.53333], "texture": "#1"},
				"up": {"uv": [0, 0, 0.53333, 0.53333], "texture": "#1"},
				"down": {"uv": [0, 0, 0.53333, 0.53333], "texture": "#1"}
			}
		},
		{
			"name": "hexadecagon",
			"from": [-0.25, 1.60082, 13.5],
			"to": [0, 1.89918, 15],
			"rotation": {"angle": -45, "axis": "x", "origin": [0.25, 1.75, 14.25]},
			"faces": {
				"north": {"uv": [0, 0, 0.53333, 0.53333], "texture": "#1"},
				"east": {"uv": [0, 0, 0.53333, 0.53333], "texture": "#1"},
				"south": {"uv": [0, 0, 0.53333, 0.53333], "texture": "#1"},
				"west": {"uv": [0, 0, 0.53333, 0.53333], "texture": "#1"},
				"up": {"uv": [0, 0, 0.53333, 0.53333], "texture": "#1"},
				"down": {"uv": [0, 0, 0.53333, 0.53333], "texture": "#1"}
			}
		},
		{
			"name": "hexadecagon",
			"from": [-0.25, 1.60082, 1],
			"to": [0, 1.89918, 2.5],
			"rotation": {"angle": -45, "axis": "x", "origin": [0.25, 1.75, 1.75]},
			"faces": {
				"north": {"uv": [0, 0, 0.53333, 0.53333], "texture": "#1"},
				"east": {"uv": [0, 0, 0.53333, 0.53333], "texture": "#1"},
				"south": {"uv": [0, 0, 0.53333, 0.53333], "texture": "#1"},
				"west": {"uv": [0, 0, 0.53333, 0.53333], "texture": "#1"},
				"up": {"uv": [0, 0, 0.53333, 0.53333], "texture": "#1"},
				"down": {"uv": [0, 0, 0.53333, 0.53333], "texture": "#1"}
			}
		},
		{
			"name": "hexadecagon",
			"from": [-0.25, 1.60082, 13.5],
			"to": [0, 1.89918, 15],
			"rotation": {"angle": -22.5, "axis": "x", "origin": [0.25, 1.75, 14.25]},
			"faces": {
				"north": {"uv": [0, 0, 0.53333, 0.53333], "texture": "#1"},
				"east": {"uv": [0, 0, 0.53333, 0.53333], "texture": "#1"},
				"south": {"uv": [0, 0, 0.53333, 0.53333], "texture": "#1"},
				"west": {"uv": [0, 0, 0.53333, 0.53333], "texture": "#1"},
				"up": {"uv": [0, 0, 0.53333, 0.53333], "texture": "#1"},
				"down": {"uv": [0, 0, 0.53333, 0.53333], "texture": "#1"}
			}
		},
		{
			"name": "hexadecagon",
			"from": [-0.25, 1.60082, 1],
			"to": [0, 1.89918, 2.5],
			"rotation": {"angle": -22.5, "axis": "x", "origin": [0.25, 1.75, 1.75]},
			"faces": {
				"north": {"uv": [0, 0, 0.53333, 0.53333], "texture": "#1"},
				"east": {"uv": [0, 0, 0.53333, 0.53333], "texture": "#1"},
				"south": {"uv": [0, 0, 0.53333, 0.53333], "texture": "#1"},
				"west": {"uv": [0, 0, 0.53333, 0.53333], "texture": "#1"},
				"up": {"uv": [0, 0, 0.53333, 0.53333], "texture": "#1"},
				"down": {"uv": [0, 0, 0.53333, 0.53333], "texture": "#1"}
			}
		},
		{
			"name": "hexadecagon",
			"from": [-0.25, 1.60082, 13.5],
			"to": [0, 1.89918, 15],
			"rotation": {"angle": 0, "axis": "x", "origin": [0.25, 1.75, 14.25]},
			"faces": {
				"north": {"uv": [0, 0, 0.53333, 0.53333], "texture": "#1"},
				"east": {"uv": [0, 0, 0.53333, 0.53333], "texture": "#1"},
				"south": {"uv": [0, 0, 0.53333, 0.53333], "texture": "#1"},
				"west": {"uv": [0, 0, 0.53333, 0.53333], "texture": "#1"},
				"up": {"uv": [0, 0, 0.53333, 0.53333], "texture": "#1"},
				"down": {"uv": [0, 0, 0.53333, 0.53333], "texture": "#1"}
			}
		},
		{
			"name": "hexadecagon",
			"from": [-0.25, 1.60082, 1],
			"to": [0, 1.89918, 2.5],
			"rotation": {"angle": 0, "axis": "x", "origin": [0.25, 1.75, 1.75]},
			"faces": {
				"north": {"uv": [0, 0, 0.53333, 0.53333], "texture": "#1"},
				"east": {"uv": [0, 0, 0.53333, 0.53333], "texture": "#1"},
				"south": {"uv": [0, 0, 0.53333, 0.53333], "texture": "#1"},
				"west": {"uv": [0, 0, 0.53333, 0.53333], "texture": "#1"},
				"up": {"uv": [0, 0, 0.53333, 0.53333], "texture": "#1"},
				"down": {"uv": [0, 0, 0.53333, 0.53333], "texture": "#1"}
			}
		},
		{
			"name": "hexadecagon",
			"from": [-0.25, 1.60082, 13.5],
			"to": [0, 1.89918, 15],
			"rotation": {"angle": 22.5, "axis": "x", "origin": [0.25, 1.75, 14.25]},
			"faces": {
				"north": {"uv": [0, 0, 0.53333, 0.53333], "texture": "#1"},
				"east": {"uv": [0, 0, 0.53333, 0.53333], "texture": "#1"},
				"south": {"uv": [0, 0, 0.53333, 0.53333], "texture": "#1"},
				"west": {"uv": [0, 0, 0.53333, 0.53333], "texture": "#1"},
				"up": {"uv": [0, 0, 0.53333, 0.53333], "texture": "#1"},
				"down": {"uv": [0, 0, 0.53333, 0.53333], "texture": "#1"}
			}
		},
		{
			"name": "hexadecagon",
			"from": [-0.25, 1.60082, 1],
			"to": [0, 1.89918, 2.5],
			"rotation": {"angle": 22.5, "axis": "x", "origin": [0.25, 1.75, 1.75]},
			"faces": {
				"north": {"uv": [0, 0, 0.53333, 0.53333], "texture": "#1"},
				"east": {"uv": [0, 0, 0.53333, 0.53333], "texture": "#1"},
				"south": {"uv": [0, 0, 0.53333, 0.53333], "texture": "#1"},
				"west": {"uv": [0, 0, 0.53333, 0.53333], "texture": "#1"},
				"up": {"uv": [0, 0, 0.53333, 0.53333], "texture": "#1"},
				"down": {"uv": [0, 0, 0.53333, 0.53333], "texture": "#1"}
			}
		},
		{
			"name": "hexadecagon",
			"from": [-0.25, 1.60082, 13.5],
			"to": [0, 1.89918, 15],
			"rotation": {"angle": 45, "axis": "x", "origin": [0.25, 1.75, 14.25]},
			"faces": {
				"north": {"uv": [0, 0, 0.53333, 0.53333], "texture": "#1"},
				"east": {"uv": [0, 0, 0.53333, 0.53333], "texture": "#1"},
				"south": {"uv": [0, 0, 0.53333, 0.53333], "texture": "#1"},
				"west": {"uv": [0, 0, 0.53333, 0.53333], "texture": "#1"},
				"up": {"uv": [0, 0, 0.53333, 0.53333], "texture": "#1"},
				"down": {"uv": [0, 0, 0.53333, 0.53333], "texture": "#1"}
			}
		},
		{
			"name": "hexadecagon",
			"from": [-0.25, 1.60082, 1],
			"to": [0, 1.89918, 2.5],
			"rotation": {"angle": 45, "axis": "x", "origin": [0.25, 1.75, 1.75]},
			"faces": {
				"north": {"uv": [0, 0, 0.53333, 0.53333], "texture": "#1"},
				"east": {"uv": [0, 0, 0.53333, 0.53333], "texture": "#1"},
				"south": {"uv": [0, 0, 0.53333, 0.53333], "texture": "#1"},
				"west": {"uv": [0, 0, 0.53333, 0.53333], "texture": "#1"},
				"up": {"uv": [0, 0, 0.53333, 0.53333], "texture": "#1"},
				"down": {"uv": [0, 0, 0.53333, 0.53333], "texture": "#1"}
			}
		},
		{
			"name": "hexadecagon",
			"from": [-0.25, 1, 14.10082],
			"to": [0, 2.5, 14.39918],
			"rotation": {"angle": -22.5, "axis": "x", "origin": [0.25, 1.75, 14.25]},
			"faces": {
				"north": {"uv": [0, 0, 0.53333, 0.53333], "texture": "#1"},
				"east": {"uv": [0, 0, 0.53333, 0.53333], "texture": "#1"},
				"south": {"uv": [0, 0, 0.53333, 0.53333], "texture": "#1"},
				"west": {"uv": [0, 0, 0.53333, 0.53333], "texture": "#1"},
				"up": {"uv": [0, 0, 0.53333, 0.53333], "texture": "#1"},
				"down": {"uv": [0, 0, 0.53333, 0.53333], "texture": "#1"}
			}
		},
		{
			"name": "hexadecagon",
			"from": [-0.25, 1, 1.60082],
			"to": [0, 2.5, 1.89918],
			"rotation": {"angle": -22.5, "axis": "x", "origin": [0.25, 1.75, 1.75]},
			"faces": {
				"north": {"uv": [0, 0, 0.53333, 0.53333], "texture": "#1"},
				"east": {"uv": [0, 0, 0.53333, 0.53333], "texture": "#1"},
				"south": {"uv": [0, 0, 0.53333, 0.53333], "texture": "#1"},
				"west": {"uv": [0, 0, 0.53333, 0.53333], "texture": "#1"},
				"up": {"uv": [0, 0, 0.53333, 0.53333], "texture": "#1"},
				"down": {"uv": [0, 0, 0.53333, 0.53333], "texture": "#1"}
			}
		},
		{
			"name": "hexadecagon",
			"from": [-0.25, 1, 14.10082],
			"to": [0, 2.5, 14.39918],
			"rotation": {"angle": 0, "axis": "x", "origin": [0.25, 1.75, 14.25]},
			"faces": {
				"north": {"uv": [0, 0, 0.53333, 0.53333], "texture": "#1"},
				"east": {"uv": [0, 0, 0.53333, 0.53333], "texture": "#1"},
				"south": {"uv": [0, 0, 0.53333, 0.53333], "texture": "#1"},
				"west": {"uv": [0, 0, 0.53333, 0.53333], "texture": "#1"},
				"up": {"uv": [0, 0, 0.53333, 0.53333], "texture": "#1"},
				"down": {"uv": [0, 0, 0.53333, 0.53333], "texture": "#1"}
			}
		},
		{
			"name": "hexadecagon",
			"from": [-0.25, 1, 1.60082],
			"to": [0, 2.5, 1.89918],
			"rotation": {"angle": 0, "axis": "x", "origin": [0.25, 1.75, 1.75]},
			"faces": {
				"north": {"uv": [0, 0, 0.53333, 0.53333], "texture": "#1"},
				"east": {"uv": [0, 0, 0.53333, 0.53333], "texture": "#1"},
				"south": {"uv": [0, 0, 0.53333, 0.53333], "texture": "#1"},
				"west": {"uv": [0, 0, 0.53333, 0.53333], "texture": "#1"},
				"up": {"uv": [0, 0, 0.53333, 0.53333], "texture": "#1"},
				"down": {"uv": [0, 0, 0.53333, 0.53333], "texture": "#1"}
			}
		},
		{
			"name": "hexadecagon",
			"from": [-0.25, 1, 14.10082],
			"to": [0, 2.5, 14.39918],
			"rotation": {"angle": 22.5, "axis": "x", "origin": [0.25, 1.75, 14.25]},
			"faces": {
				"north": {"uv": [0, 0, 0.53333, 0.53333], "texture": "#1"},
				"east": {"uv": [0, 0, 0.53333, 0.53333], "texture": "#1"},
				"south": {"uv": [0, 0, 0.53333, 0.53333], "texture": "#1"},
				"west": {"uv": [0, 0, 0.53333, 0.53333], "texture": "#1"},
				"up": {"uv": [0, 0, 0.53333, 0.53333], "texture": "#1"},
				"down": {"uv": [0, 0, 0.53333, 0.53333], "texture": "#1"}
			}
		},
		{
			"name": "hexadecagon",
			"from": [-0.25, 1, 1.60082],
			"to": [0, 2.5, 1.89918],
			"rotation": {"angle": 22.5, "axis": "x", "origin": [0.25, 1.75, 1.75]},
			"faces": {
				"north": {"uv": [0, 0, 0.53333, 0.53333], "texture": "#1"},
				"east": {"uv": [0, 0, 0.53333, 0.53333], "texture": "#1"},
				"south": {"uv": [0, 0, 0.53333, 0.53333], "texture": "#1"},
				"west": {"uv": [0, 0, 0.53333, 0.53333], "texture": "#1"},
				"up": {"uv": [0, 0, 0.53333, 0.53333], "texture": "#1"},
				"down": {"uv": [0, 0, 0.53333, 0.53333], "texture": "#1"}
			}
		},
		{
			"name": "hexadecagon",
			"from": [-0.25, 14.10082, 13.5],
			"to": [0, 14.39918, 15],
			"rotation": {"angle": -45, "axis": "x", "origin": [0.25, 14.25, 14.25]},
			"faces": {
				"north": {"uv": [0, 0, 0.53333, 0.53333], "texture": "#1"},
				"east": {"uv": [0, 0, 0.53333, 0.53333], "texture": "#1"},
				"south": {"uv": [0, 0, 0.53333, 0.53333], "texture": "#1"},
				"west": {"uv": [0, 0, 0.53333, 0.53333], "texture": "#1"},
				"up": {"uv": [0, 0, 0.53333, 0.53333], "texture": "#1"},
				"down": {"uv": [0, 0, 0.53333, 0.53333], "texture": "#1"}
			}
		},
		{
			"name": "hexadecagon",
			"from": [-0.25, 14.10082, 1],
			"to": [0, 14.39918, 2.5],
			"rotation": {"angle": -45, "axis": "x", "origin": [0.25, 14.25, 1.75]},
			"faces": {
				"north": {"uv": [0, 0, 0.53333, 0.53333], "texture": "#1"},
				"east": {"uv": [0, 0, 0.53333, 0.53333], "texture": "#1"},
				"south": {"uv": [0, 0, 0.53333, 0.53333], "texture": "#1"},
				"west": {"uv": [0, 0, 0.53333, 0.53333], "texture": "#1"},
				"up": {"uv": [0, 0, 0.53333, 0.53333], "texture": "#1"},
				"down": {"uv": [0, 0, 0.53333, 0.53333], "texture": "#1"}
			}
		},
		{
			"name": "hexadecagon",
			"from": [-0.25, 14.10082, 13.5],
			"to": [0, 14.39918, 15],
			"rotation": {"angle": -22.5, "axis": "x", "origin": [0.25, 14.25, 14.25]},
			"faces": {
				"north": {"uv": [0, 0, 0.53333, 0.53333], "texture": "#1"},
				"east": {"uv": [0, 0, 0.53333, 0.53333], "texture": "#1"},
				"south": {"uv": [0, 0, 0.53333, 0.53333], "texture": "#1"},
				"west": {"uv": [0, 0, 0.53333, 0.53333], "texture": "#1"},
				"up": {"uv": [0, 0, 0.53333, 0.53333], "texture": "#1"},
				"down": {"uv": [0, 0, 0.53333, 0.53333], "texture": "#1"}
			}
		},
		{
			"name": "hexadecagon",
			"from": [-0.25, 14.10082, 1],
			"to": [0, 14.39918, 2.5],
			"rotation": {"angle": -22.5, "axis": "x", "origin": [0.25, 14.25, 1.75]},
			"faces": {
				"north": {"uv": [0, 0, 0.53333, 0.53333], "texture": "#1"},
				"east": {"uv": [0, 0, 0.53333, 0.53333], "texture": "#1"},
				"south": {"uv": [0, 0, 0.53333, 0.53333], "texture": "#1"},
				"west": {"uv": [0, 0, 0.53333, 0.53333], "texture": "#1"},
				"up": {"uv": [0, 0, 0.53333, 0.53333], "texture": "#1"},
				"down": {"uv": [0, 0, 0.53333, 0.53333], "texture": "#1"}
			}
		},
		{
			"name": "hexadecagon",
			"from": [-0.25, 14.10082, 13.5],
			"to": [0, 14.39918, 15],
			"rotation": {"angle": 0, "axis": "x", "origin": [0.25, 14.25, 14.25]},
			"faces": {
				"north": {"uv": [0, 0, 0.53333, 0.53333], "texture": "#1"},
				"east": {"uv": [0, 0, 0.53333, 0.53333], "texture": "#1"},
				"south": {"uv": [0, 0, 0.53333, 0.53333], "texture": "#1"},
				"west": {"uv": [0, 0, 0.53333, 0.53333], "texture": "#1"},
				"up": {"uv": [0, 0, 0.53333, 0.53333], "texture": "#1"},
				"down": {"uv": [0, 0, 0.53333, 0.53333], "texture": "#1"}
			}
		},
		{
			"name": "hexadecagon",
			"from": [-0.25, 14.10082, 1],
			"to": [0, 14.39918, 2.5],
			"rotation": {"angle": 0, "axis": "x", "origin": [0.25, 14.25, 1.75]},
			"faces": {
				"north": {"uv": [0, 0, 0.53333, 0.53333], "texture": "#1"},
				"east": {"uv": [0, 0, 0.53333, 0.53333], "texture": "#1"},
				"south": {"uv": [0, 0, 0.53333, 0.53333], "texture": "#1"},
				"west": {"uv": [0, 0, 0.53333, 0.53333], "texture": "#1"},
				"up": {"uv": [0, 0, 0.53333, 0.53333], "texture": "#1"},
				"down": {"uv": [0, 0, 0.53333, 0.53333], "texture": "#1"}
			}
		},
		{
			"name": "hexadecagon",
			"from": [-0.25, 14.10082, 13.5],
			"to": [0, 14.39918, 15],
			"rotation": {"angle": 22.5, "axis": "x", "origin": [0.25, 14.25, 14.25]},
			"faces": {
				"north": {"uv": [0, 0, 0.53333, 0.53333], "texture": "#1"},
				"east": {"uv": [0, 0, 0.53333, 0.53333], "texture": "#1"},
				"south": {"uv": [0, 0, 0.53333, 0.53333], "texture": "#1"},
				"west": {"uv": [0, 0, 0.53333, 0.53333], "texture": "#1"},
				"up": {"uv": [0, 0, 0.53333, 0.53333], "texture": "#1"},
				"down": {"uv": [0, 0, 0.53333, 0.53333], "texture": "#1"}
			}
		},
		{
			"name": "hexadecagon",
			"from": [-0.25, 14.10082, 1],
			"to": [0, 14.39918, 2.5],
			"rotation": {"angle": 22.5, "axis": "x", "origin": [0.25, 14.25, 1.75]},
			"faces": {
				"north": {"uv": [0, 0, 0.53333, 0.53333], "texture": "#1"},
				"east": {"uv": [0, 0, 0.53333, 0.53333], "texture": "#1"},
				"south": {"uv": [0, 0, 0.53333, 0.53333], "texture": "#1"},
				"west": {"uv": [0, 0, 0.53333, 0.53333], "texture": "#1"},
				"up": {"uv": [0, 0, 0.53333, 0.53333], "texture": "#1"},
				"down": {"uv": [0, 0, 0.53333, 0.53333], "texture": "#1"}
			}
		},
		{
			"name": "hexadecagon",
			"from": [-0.25, 14.10082, 13.5],
			"to": [0, 14.39918, 15],
			"rotation": {"angle": 45, "axis": "x", "origin": [0.25, 14.25, 14.25]},
			"faces": {
				"north": {"uv": [0, 0, 0.53333, 0.53333], "texture": "#1"},
				"east": {"uv": [0, 0, 0.53333, 0.53333], "texture": "#1"},
				"south": {"uv": [0, 0, 0.53333, 0.53333], "texture": "#1"},
				"west": {"uv": [0, 0, 0.53333, 0.53333], "texture": "#1"},
				"up": {"uv": [0, 0, 0.53333, 0.53333], "texture": "#1"},
				"down": {"uv": [0, 0, 0.53333, 0.53333], "texture": "#1"}
			}
		},
		{
			"name": "hexadecagon",
			"from": [-0.25, 14.10082, 1],
			"to": [0, 14.39918, 2.5],
			"rotation": {"angle": 45, "axis": "x", "origin": [0.25, 14.25, 1.75]},
			"faces": {
				"north": {"uv": [0, 0, 0.53333, 0.53333], "texture": "#1"},
				"east": {"uv": [0, 0, 0.53333, 0.53333], "texture": "#1"},
				"south": {"uv": [0, 0, 0.53333, 0.53333], "texture": "#1"},
				"west": {"uv": [0, 0, 0.53333, 0.53333], "texture": "#1"},
				"up": {"uv": [0, 0, 0.53333, 0.53333], "texture": "#1"},
				"down": {"uv": [0, 0, 0.53333, 0.53333], "texture": "#1"}
			}
		},
		{
			"name": "hexadecagon",
			"from": [-0.25, 13.5, 14.10082],
			"to": [0, 15, 14.39918],
			"rotation": {"angle": -22.5, "axis": "x", "origin": [0.25, 14.25, 14.25]},
			"faces": {
				"north": {"uv": [0, 0, 0.53333, 0.53333], "texture": "#1"},
				"east": {"uv": [0, 0, 0.53333, 0.53333], "texture": "#1"},
				"south": {"uv": [0, 0, 0.53333, 0.53333], "texture": "#1"},
				"west": {"uv": [0, 0, 0.53333, 0.53333], "texture": "#1"},
				"up": {"uv": [0, 0, 0.53333, 0.53333], "texture": "#1"},
				"down": {"uv": [0, 0, 0.53333, 0.53333], "texture": "#1"}
			}
		},
		{
			"name": "hexadecagon",
			"from": [-0.25, 13.5, 1.60082],
			"to": [0, 15, 1.89918],
			"rotation": {"angle": -22.5, "axis": "x", "origin": [0.25, 14.25, 1.75]},
			"faces": {
				"north": {"uv": [0, 0, 0.53333, 0.53333], "texture": "#1"},
				"east": {"uv": [0, 0, 0.53333, 0.53333], "texture": "#1"},
				"south": {"uv": [0, 0, 0.53333, 0.53333], "texture": "#1"},
				"west": {"uv": [0, 0, 0.53333, 0.53333], "texture": "#1"},
				"up": {"uv": [0, 0, 0.53333, 0.53333], "texture": "#1"},
				"down": {"uv": [0, 0, 0.53333, 0.53333], "texture": "#1"}
			}
		},
		{
			"name": "hexadecagon",
			"from": [-0.25, 13.5, 14.10082],
			"to": [0, 15, 14.39918],
			"rotation": {"angle": 0, "axis": "x", "origin": [0.25, 14.25, 14.25]},
			"faces": {
				"north": {"uv": [0, 0, 0.53333, 0.53333], "texture": "#1"},
				"east": {"uv": [0, 0, 0.53333, 0.53333], "texture": "#1"},
				"south": {"uv": [0, 0, 0.53333, 0.53333], "texture": "#1"},
				"west": {"uv": [0, 0, 0.53333, 0.53333], "texture": "#1"},
				"up": {"uv": [0, 0, 0.53333, 0.53333], "texture": "#1"},
				"down": {"uv": [0, 0, 0.53333, 0.53333], "texture": "#1"}
			}
		},
		{
			"name": "hexadecagon",
			"from": [-0.25, 13.5, 1.60082],
			"to": [0, 15, 1.89918],
			"rotation": {"angle": 0, "axis": "x", "origin": [0.25, 14.25, 1.75]},
			"faces": {
				"north": {"uv": [0, 0, 0.53333, 0.53333], "texture": "#1"},
				"east": {"uv": [0, 0, 0.53333, 0.53333], "texture": "#1"},
				"south": {"uv": [0, 0, 0.53333, 0.53333], "texture": "#1"},
				"west": {"uv": [0, 0, 0.53333, 0.53333], "texture": "#1"},
				"up": {"uv": [0, 0, 0.53333, 0.53333], "texture": "#1"},
				"down": {"uv": [0, 0, 0.53333, 0.53333], "texture": "#1"}
			}
		},
		{
			"name": "hexadecagon",
			"from": [-0.25, 13.5, 14.10082],
			"to": [0, 15, 14.39918],
			"rotation": {"angle": 22.5, "axis": "x", "origin": [0.25, 14.25, 14.25]},
			"faces": {
				"north": {"uv": [0, 0, 0.53333, 0.53333], "texture": "#1"},
				"east": {"uv": [0, 0, 0.53333, 0.53333], "texture": "#1"},
				"south": {"uv": [0, 0, 0.53333, 0.53333], "texture": "#1"},
				"west": {"uv": [0, 0, 0.53333, 0.53333], "texture": "#1"},
				"up": {"uv": [0, 0, 0.53333, 0.53333], "texture": "#1"},
				"down": {"uv": [0, 0, 0.53333, 0.53333], "texture": "#1"}
			}
		},
		{
			"name": "hexadecagon",
			"from": [-0.25, 13.5, 1.60082],
			"to": [0, 15, 1.89918],
			"rotation": {"angle": 22.5, "axis": "x", "origin": [0.25, 14.25, 1.75]},
			"faces": {
				"north": {"uv": [0, 0, 0.53333, 0.53333], "texture": "#1"},
				"east": {"uv": [0, 0, 0.53333, 0.53333], "texture": "#1"},
				"south": {"uv": [0, 0, 0.53333, 0.53333], "texture": "#1"},
				"west": {"uv": [0, 0, 0.53333, 0.53333], "texture": "#1"},
				"up": {"uv": [0, 0, 0.53333, 0.53333], "texture": "#1"},
				"down": {"uv": [0, 0, 0.53333, 0.53333], "texture": "#1"}
			}
		},
		{
			"name": "hexadecagon",
			"from": [1.60082, 13.5, 16],
			"to": [1.89918, 15, 16.25],
			"rotation": {"angle": -45, "axis": "z", "origin": [1.75, 14.25, 15.75]},
			"faces": {
				"north": {"uv": [0, 0, 0.53333, 0.53333], "texture": "#1"},
				"east": {"uv": [0, 0, 0.53333, 0.53333], "texture": "#1"},
				"south": {"uv": [0, 0, 0.53333, 0.53333], "texture": "#1"},
				"west": {"uv": [0, 0, 0.53333, 0.53333], "texture": "#1"},
				"up": {"uv": [0, 0, 0.53333, 0.53333], "texture": "#1"},
				"down": {"uv": [0, 0, 0.53333, 0.53333], "texture": "#1"}
			}
		},
		{
			"name": "hexadecagon",
			"from": [1.60082, 1, 16],
			"to": [1.89918, 2.5, 16.25],
			"rotation": {"angle": -45, "axis": "z", "origin": [1.75, 1.75, 15.75]},
			"faces": {
				"north": {"uv": [0, 0, 0.53333, 0.53333], "texture": "#1"},
				"east": {"uv": [0, 0, 0.53333, 0.53333], "texture": "#1"},
				"south": {"uv": [0, 0, 0.53333, 0.53333], "texture": "#1"},
				"west": {"uv": [0, 0, 0.53333, 0.53333], "texture": "#1"},
				"up": {"uv": [0, 0, 0.53333, 0.53333], "texture": "#1"},
				"down": {"uv": [0, 0, 0.53333, 0.53333], "texture": "#1"}
			}
		},
		{
			"name": "hexadecagon",
			"from": [1.60082, 13.5, 16],
			"to": [1.89918, 15, 16.25],
			"rotation": {"angle": -22.5, "axis": "z", "origin": [1.75, 14.25, 15.75]},
			"faces": {
				"north": {"uv": [0, 0, 0.53333, 0.53333], "texture": "#1"},
				"east": {"uv": [0, 0, 0.53333, 0.53333], "texture": "#1"},
				"south": {"uv": [0, 0, 0.53333, 0.53333], "texture": "#1"},
				"west": {"uv": [0, 0, 0.53333, 0.53333], "texture": "#1"},
				"up": {"uv": [0, 0, 0.53333, 0.53333], "texture": "#1"},
				"down": {"uv": [0, 0, 0.53333, 0.53333], "texture": "#1"}
			}
		},
		{
			"name": "hexadecagon",
			"from": [1.60082, 1, 16],
			"to": [1.89918, 2.5, 16.25],
			"rotation": {"angle": -22.5, "axis": "z", "origin": [1.75, 1.75, 15.75]},
			"faces": {
				"north": {"uv": [0, 0, 0.53333, 0.53333], "texture": "#1"},
				"east": {"uv": [0, 0, 0.53333, 0.53333], "texture": "#1"},
				"south": {"uv": [0, 0, 0.53333, 0.53333], "texture": "#1"},
				"west": {"uv": [0, 0, 0.53333, 0.53333], "texture": "#1"},
				"up": {"uv": [0, 0, 0.53333, 0.53333], "texture": "#1"},
				"down": {"uv": [0, 0, 0.53333, 0.53333], "texture": "#1"}
			}
		},
		{
			"name": "hexadecagon",
			"from": [1.60082, 13.5, 16],
			"to": [1.89918, 15, 16.25],
			"rotation": {"angle": 0, "axis": "z", "origin": [1.75, 14.25, 15.75]},
			"faces": {
				"north": {"uv": [0, 0, 0.53333, 0.53333], "texture": "#1"},
				"east": {"uv": [0, 0, 0.53333, 0.53333], "texture": "#1"},
				"south": {"uv": [0, 0, 0.53333, 0.53333], "texture": "#1"},
				"west": {"uv": [0, 0, 0.53333, 0.53333], "texture": "#1"},
				"up": {"uv": [0, 0, 0.53333, 0.53333], "texture": "#1"},
				"down": {"uv": [0, 0, 0.53333, 0.53333], "texture": "#1"}
			}
		},
		{
			"name": "hexadecagon",
			"from": [1.60082, 1, 16],
			"to": [1.89918, 2.5, 16.25],
			"rotation": {"angle": 0, "axis": "z", "origin": [1.75, 1.75, 15.75]},
			"faces": {
				"north": {"uv": [0, 0, 0.53333, 0.53333], "texture": "#1"},
				"east": {"uv": [0, 0, 0.53333, 0.53333], "texture": "#1"},
				"south": {"uv": [0, 0, 0.53333, 0.53333], "texture": "#1"},
				"west": {"uv": [0, 0, 0.53333, 0.53333], "texture": "#1"},
				"up": {"uv": [0, 0, 0.53333, 0.53333], "texture": "#1"},
				"down": {"uv": [0, 0, 0.53333, 0.53333], "texture": "#1"}
			}
		},
		{
			"name": "hexadecagon",
			"from": [1.60082, 13.5, 16],
			"to": [1.89918, 15, 16.25],
			"rotation": {"angle": 22.5, "axis": "z", "origin": [1.75, 14.25, 15.75]},
			"faces": {
				"north": {"uv": [0, 0, 0.53333, 0.53333], "texture": "#1"},
				"east": {"uv": [0, 0, 0.53333, 0.53333], "texture": "#1"},
				"south": {"uv": [0, 0, 0.53333, 0.53333], "texture": "#1"},
				"west": {"uv": [0, 0, 0.53333, 0.53333], "texture": "#1"},
				"up": {"uv": [0, 0, 0.53333, 0.53333], "texture": "#1"},
				"down": {"uv": [0, 0, 0.53333, 0.53333], "texture": "#1"}
			}
		},
		{
			"name": "hexadecagon",
			"from": [1.60082, 1, 16],
			"to": [1.89918, 2.5, 16.25],
			"rotation": {"angle": 22.5, "axis": "z", "origin": [1.75, 1.75, 15.75]},
			"faces": {
				"north": {"uv": [0, 0, 0.53333, 0.53333], "texture": "#1"},
				"east": {"uv": [0, 0, 0.53333, 0.53333], "texture": "#1"},
				"south": {"uv": [0, 0, 0.53333, 0.53333], "texture": "#1"},
				"west": {"uv": [0, 0, 0.53333, 0.53333], "texture": "#1"},
				"up": {"uv": [0, 0, 0.53333, 0.53333], "texture": "#1"},
				"down": {"uv": [0, 0, 0.53333, 0.53333], "texture": "#1"}
			}
		},
		{
			"name": "hexadecagon",
			"from": [1.60082, 13.5, 16],
			"to": [1.89918, 15, 16.25],
			"rotation": {"angle": 45, "axis": "z", "origin": [1.75, 14.25, 15.75]},
			"faces": {
				"north": {"uv": [0, 0, 0.53333, 0.53333], "texture": "#1"},
				"east": {"uv": [0, 0, 0.53333, 0.53333], "texture": "#1"},
				"south": {"uv": [0, 0, 0.53333, 0.53333], "texture": "#1"},
				"west": {"uv": [0, 0, 0.53333, 0.53333], "texture": "#1"},
				"up": {"uv": [0, 0, 0.53333, 0.53333], "texture": "#1"},
				"down": {"uv": [0, 0, 0.53333, 0.53333], "texture": "#1"}
			}
		},
		{
			"name": "hexadecagon",
			"from": [1.60082, 1, 16],
			"to": [1.89918, 2.5, 16.25],
			"rotation": {"angle": 45, "axis": "z", "origin": [1.75, 1.75, 15.75]},
			"faces": {
				"north": {"uv": [0, 0, 0.53333, 0.53333], "texture": "#1"},
				"east": {"uv": [0, 0, 0.53333, 0.53333], "texture": "#1"},
				"south": {"uv": [0, 0, 0.53333, 0.53333], "texture": "#1"},
				"west": {"uv": [0, 0, 0.53333, 0.53333], "texture": "#1"},
				"up": {"uv": [0, 0, 0.53333, 0.53333], "texture": "#1"},
				"down": {"uv": [0, 0, 0.53333, 0.53333], "texture": "#1"}
			}
		},
		{
			"name": "hexadecagon",
			"from": [1, 14.10082, 16],
			"to": [2.5, 14.39918, 16.25],
			"rotation": {"angle": -22.5, "axis": "z", "origin": [1.75, 14.25, 15.75]},
			"faces": {
				"north": {"uv": [0, 0, 0.53333, 0.53333], "texture": "#1"},
				"east": {"uv": [0, 0, 0.53333, 0.53333], "texture": "#1"},
				"south": {"uv": [0, 0, 0.53333, 0.53333], "texture": "#1"},
				"west": {"uv": [0, 0, 0.53333, 0.53333], "texture": "#1"},
				"up": {"uv": [0, 0, 0.53333, 0.53333], "texture": "#1"},
				"down": {"uv": [0, 0, 0.53333, 0.53333], "texture": "#1"}
			}
		},
		{
			"name": "hexadecagon",
			"from": [1, 1.60082, 16],
			"to": [2.5, 1.89918, 16.25],
			"rotation": {"angle": -22.5, "axis": "z", "origin": [1.75, 1.75, 15.75]},
			"faces": {
				"north": {"uv": [0, 0, 0.53333, 0.53333], "texture": "#1"},
				"east": {"uv": [0, 0, 0.53333, 0.53333], "texture": "#1"},
				"south": {"uv": [0, 0, 0.53333, 0.53333], "texture": "#1"},
				"west": {"uv": [0, 0, 0.53333, 0.53333], "texture": "#1"},
				"up": {"uv": [0, 0, 0.53333, 0.53333], "texture": "#1"},
				"down": {"uv": [0, 0, 0.53333, 0.53333], "texture": "#1"}
			}
		},
		{
			"name": "hexadecagon",
			"from": [1, 14.10082, 16],
			"to": [2.5, 14.39918, 16.25],
			"rotation": {"angle": 0, "axis": "z", "origin": [1.75, 14.25, 15.75]},
			"faces": {
				"north": {"uv": [0, 0, 0.53333, 0.53333], "texture": "#1"},
				"east": {"uv": [0, 0, 0.53333, 0.53333], "texture": "#1"},
				"south": {"uv": [0, 0, 0.53333, 0.53333], "texture": "#1"},
				"west": {"uv": [0, 0, 0.53333, 0.53333], "texture": "#1"},
				"up": {"uv": [0, 0, 0.53333, 0.53333], "texture": "#1"},
				"down": {"uv": [0, 0, 0.53333, 0.53333], "texture": "#1"}
			}
		},
		{
			"name": "hexadecagon",
			"from": [1, 1.60082, 16],
			"to": [2.5, 1.89918, 16.25],
			"rotation": {"angle": 0, "axis": "z", "origin": [1.75, 1.75, 15.75]},
			"faces": {
				"north": {"uv": [0, 0, 0.53333, 0.53333], "texture": "#1"},
				"east": {"uv": [0, 0, 0.53333, 0.53333], "texture": "#1"},
				"south": {"uv": [0, 0, 0.53333, 0.53333], "texture": "#1"},
				"west": {"uv": [0, 0, 0.53333, 0.53333], "texture": "#1"},
				"up": {"uv": [0, 0, 0.53333, 0.53333], "texture": "#1"},
				"down": {"uv": [0, 0, 0.53333, 0.53333], "texture": "#1"}
			}
		},
		{
			"name": "hexadecagon",
			"from": [1, 14.10082, 16],
			"to": [2.5, 14.39918, 16.25],
			"rotation": {"angle": 22.5, "axis": "z", "origin": [1.75, 14.25, 15.75]},
			"faces": {
				"north": {"uv": [0, 0, 0.53333, 0.53333], "texture": "#1"},
				"east": {"uv": [0, 0, 0.53333, 0.53333], "texture": "#1"},
				"south": {"uv": [0, 0, 0.53333, 0.53333], "texture": "#1"},
				"west": {"uv": [0, 0, 0.53333, 0.53333], "texture": "#1"},
				"up": {"uv": [0, 0, 0.53333, 0.53333], "texture": "#1"},
				"down": {"uv": [0, 0, 0.53333, 0.53333], "texture": "#1"}
			}
		},
		{
			"name": "hexadecagon",
			"from": [1, 1.60082, 16],
			"to": [2.5, 1.89918, 16.25],
			"rotation": {"angle": 22.5, "axis": "z", "origin": [1.75, 1.75, 15.75]},
			"faces": {
				"north": {"uv": [0, 0, 0.53333, 0.53333], "texture": "#1"},
				"east": {"uv": [0, 0, 0.53333, 0.53333], "texture": "#1"},
				"south": {"uv": [0, 0, 0.53333, 0.53333], "texture": "#1"},
				"west": {"uv": [0, 0, 0.53333, 0.53333], "texture": "#1"},
				"up": {"uv": [0, 0, 0.53333, 0.53333], "texture": "#1"},
				"down": {"uv": [0, 0, 0.53333, 0.53333], "texture": "#1"}
			}
		},
		{
			"name": "hexadecagon",
			"from": [14.10082, 13.5, 16],
			"to": [14.39918, 15, 16.25],
			"rotation": {"angle": -45, "axis": "z", "origin": [14.25, 14.25, 15.75]},
			"faces": {
				"north": {"uv": [0, 0, 0.53333, 0.53333], "texture": "#1"},
				"east": {"uv": [0, 0, 0.53333, 0.53333], "texture": "#1"},
				"south": {"uv": [0, 0, 0.53333, 0.53333], "texture": "#1"},
				"west": {"uv": [0, 0, 0.53333, 0.53333], "texture": "#1"},
				"up": {"uv": [0, 0, 0.53333, 0.53333], "texture": "#1"},
				"down": {"uv": [0, 0, 0.53333, 0.53333], "texture": "#1"}
			}
		},
		{
			"name": "hexadecagon",
			"from": [14.10082, 1, 16],
			"to": [14.39918, 2.5, 16.25],
			"rotation": {"angle": -45, "axis": "z", "origin": [14.25, 1.75, 15.75]},
			"faces": {
				"north": {"uv": [0, 0, 0.53333, 0.53333], "texture": "#1"},
				"east": {"uv": [0, 0, 0.53333, 0.53333], "texture": "#1"},
				"south": {"uv": [0, 0, 0.53333, 0.53333], "texture": "#1"},
				"west": {"uv": [0, 0, 0.53333, 0.53333], "texture": "#1"},
				"up": {"uv": [0, 0, 0.53333, 0.53333], "texture": "#1"},
				"down": {"uv": [0, 0, 0.53333, 0.53333], "texture": "#1"}
			}
		},
		{
			"name": "hexadecagon",
			"from": [14.10082, 13.5, 16],
			"to": [14.39918, 15, 16.25],
			"rotation": {"angle": -22.5, "axis": "z", "origin": [14.25, 14.25, 15.75]},
			"faces": {
				"north": {"uv": [0, 0, 0.53333, 0.53333], "texture": "#1"},
				"east": {"uv": [0, 0, 0.53333, 0.53333], "texture": "#1"},
				"south": {"uv": [0, 0, 0.53333, 0.53333], "texture": "#1"},
				"west": {"uv": [0, 0, 0.53333, 0.53333], "texture": "#1"},
				"up": {"uv": [0, 0, 0.53333, 0.53333], "texture": "#1"},
				"down": {"uv": [0, 0, 0.53333, 0.53333], "texture": "#1"}
			}
		},
		{
			"name": "hexadecagon",
			"from": [14.10082, 1, 16],
			"to": [14.39918, 2.5, 16.25],
			"rotation": {"angle": -22.5, "axis": "z", "origin": [14.25, 1.75, 15.75]},
			"faces": {
				"north": {"uv": [0, 0, 0.53333, 0.53333], "texture": "#1"},
				"east": {"uv": [0, 0, 0.53333, 0.53333], "texture": "#1"},
				"south": {"uv": [0, 0, 0.53333, 0.53333], "texture": "#1"},
				"west": {"uv": [0, 0, 0.53333, 0.53333], "texture": "#1"},
				"up": {"uv": [0, 0, 0.53333, 0.53333], "texture": "#1"},
				"down": {"uv": [0, 0, 0.53333, 0.53333], "texture": "#1"}
			}
		},
		{
			"name": "hexadecagon",
			"from": [14.10082, 13.5, 16],
			"to": [14.39918, 15, 16.25],
			"rotation": {"angle": 0, "axis": "z", "origin": [14.25, 14.25, 15.75]},
			"faces": {
				"north": {"uv": [0, 0, 0.53333, 0.53333], "texture": "#1"},
				"east": {"uv": [0, 0, 0.53333, 0.53333], "texture": "#1"},
				"south": {"uv": [0, 0, 0.53333, 0.53333], "texture": "#1"},
				"west": {"uv": [0, 0, 0.53333, 0.53333], "texture": "#1"},
				"up": {"uv": [0, 0, 0.53333, 0.53333], "texture": "#1"},
				"down": {"uv": [0, 0, 0.53333, 0.53333], "texture": "#1"}
			}
		},
		{
			"name": "hexadecagon",
			"from": [14.10082, 1, 16],
			"to": [14.39918, 2.5, 16.25],
			"rotation": {"angle": 0, "axis": "z", "origin": [14.25, 1.75, 15.75]},
			"faces": {
				"north": {"uv": [0, 0, 0.53333, 0.53333], "texture": "#1"},
				"east": {"uv": [0, 0, 0.53333, 0.53333], "texture": "#1"},
				"south": {"uv": [0, 0, 0.53333, 0.53333], "texture": "#1"},
				"west": {"uv": [0, 0, 0.53333, 0.53333], "texture": "#1"},
				"up": {"uv": [0, 0, 0.53333, 0.53333], "texture": "#1"},
				"down": {"uv": [0, 0, 0.53333, 0.53333], "texture": "#1"}
			}
		},
		{
			"name": "hexadecagon",
			"from": [14.10082, 13.5, 16],
			"to": [14.39918, 15, 16.25],
			"rotation": {"angle": 22.5, "axis": "z", "origin": [14.25, 14.25, 15.75]},
			"faces": {
				"north": {"uv": [0, 0, 0.53333, 0.53333], "texture": "#1"},
				"east": {"uv": [0, 0, 0.53333, 0.53333], "texture": "#1"},
				"south": {"uv": [0, 0, 0.53333, 0.53333], "texture": "#1"},
				"west": {"uv": [0, 0, 0.53333, 0.53333], "texture": "#1"},
				"up": {"uv": [0, 0, 0.53333, 0.53333], "texture": "#1"},
				"down": {"uv": [0, 0, 0.53333, 0.53333], "texture": "#1"}
			}
		},
		{
			"name": "hexadecagon",
			"from": [14.10082, 1, 16],
			"to": [14.39918, 2.5, 16.25],
			"rotation": {"angle": 22.5, "axis": "z", "origin": [14.25, 1.75, 15.75]},
			"faces": {
				"north": {"uv": [0, 0, 0.53333, 0.53333], "texture": "#1"},
				"east": {"uv": [0, 0, 0.53333, 0.53333], "texture": "#1"},
				"south": {"uv": [0, 0, 0.53333, 0.53333], "texture": "#1"},
				"west": {"uv": [0, 0, 0.53333, 0.53333], "texture": "#1"},
				"up": {"uv": [0, 0, 0.53333, 0.53333], "texture": "#1"},
				"down": {"uv": [0, 0, 0.53333, 0.53333], "texture": "#1"}
			}
		},
		{
			"name": "hexadecagon",
			"from": [14.10082, 13.5, 16],
			"to": [14.39918, 15, 16.25],
			"rotation": {"angle": 45, "axis": "z", "origin": [14.25, 14.25, 15.75]},
			"faces": {
				"north": {"uv": [0, 0, 0.53333, 0.53333], "texture": "#1"},
				"east": {"uv": [0, 0, 0.53333, 0.53333], "texture": "#1"},
				"south": {"uv": [0, 0, 0.53333, 0.53333], "texture": "#1"},
				"west": {"uv": [0, 0, 0.53333, 0.53333], "texture": "#1"},
				"up": {"uv": [0, 0, 0.53333, 0.53333], "texture": "#1"},
				"down": {"uv": [0, 0, 0.53333, 0.53333], "texture": "#1"}
			}
		},
		{
			"name": "hexadecagon",
			"from": [14.10082, 1, 16],
			"to": [14.39918, 2.5, 16.25],
			"rotation": {"angle": 45, "axis": "z", "origin": [14.25, 1.75, 15.75]},
			"faces": {
				"north": {"uv": [0, 0, 0.53333, 0.53333], "texture": "#1"},
				"east": {"uv": [0, 0, 0.53333, 0.53333], "texture": "#1"},
				"south": {"uv": [0, 0, 0.53333, 0.53333], "texture": "#1"},
				"west": {"uv": [0, 0, 0.53333, 0.53333], "texture": "#1"},
				"up": {"uv": [0, 0, 0.53333, 0.53333], "texture": "#1"},
				"down": {"uv": [0, 0, 0.53333, 0.53333], "texture": "#1"}
			}
		},
		{
			"name": "hexadecagon",
			"from": [13.5, 14.10082, 16],
			"to": [15, 14.39918, 16.25],
			"rotation": {"angle": -22.5, "axis": "z", "origin": [14.25, 14.25, 15.75]},
			"faces": {
				"north": {"uv": [0, 0, 0.53333, 0.53333], "texture": "#1"},
				"east": {"uv": [0, 0, 0.53333, 0.53333], "texture": "#1"},
				"south": {"uv": [0, 0, 0.53333, 0.53333], "texture": "#1"},
				"west": {"uv": [0, 0, 0.53333, 0.53333], "texture": "#1"},
				"up": {"uv": [0, 0, 0.53333, 0.53333], "texture": "#1"},
				"down": {"uv": [0, 0, 0.53333, 0.53333], "texture": "#1"}
			}
		},
		{
			"name": "hexadecagon",
			"from": [13.5, 1.60082, 16],
			"to": [15, 1.89918, 16.25],
			"rotation": {"angle": -22.5, "axis": "z", "origin": [14.25, 1.75, 15.75]},
			"faces": {
				"north": {"uv": [0, 0, 0.53333, 0.53333], "texture": "#1"},
				"east": {"uv": [0, 0, 0.53333, 0.53333], "texture": "#1"},
				"south": {"uv": [0, 0, 0.53333, 0.53333], "texture": "#1"},
				"west": {"uv": [0, 0, 0.53333, 0.53333], "texture": "#1"},
				"up": {"uv": [0, 0, 0.53333, 0.53333], "texture": "#1"},
				"down": {"uv": [0, 0, 0.53333, 0.53333], "texture": "#1"}
			}
		},
		{
			"name": "hexadecagon",
			"from": [13.5, 14.10082, 16],
			"to": [15, 14.39918, 16.25],
			"rotation": {"angle": 0, "axis": "z", "origin": [14.25, 14.25, 15.75]},
			"faces": {
				"north": {"uv": [0, 0, 0.53333, 0.53333], "texture": "#1"},
				"east": {"uv": [0, 0, 0.53333, 0.53333], "texture": "#1"},
				"south": {"uv": [0, 0, 0.53333, 0.53333], "texture": "#1"},
				"west": {"uv": [0, 0, 0.53333, 0.53333], "texture": "#1"},
				"up": {"uv": [0, 0, 0.53333, 0.53333], "texture": "#1"},
				"down": {"uv": [0, 0, 0.53333, 0.53333], "texture": "#1"}
			}
		},
		{
			"name": "hexadecagon",
			"from": [13.5, 1.60082, 16],
			"to": [15, 1.89918, 16.25],
			"rotation": {"angle": 0, "axis": "z", "origin": [14.25, 1.75, 15.75]},
			"faces": {
				"north": {"uv": [0, 0, 0.53333, 0.53333], "texture": "#1"},
				"east": {"uv": [0, 0, 0.53333, 0.53333], "texture": "#1"},
				"south": {"uv": [0, 0, 0.53333, 0.53333], "texture": "#1"},
				"west": {"uv": [0, 0, 0.53333, 0.53333], "texture": "#1"},
				"up": {"uv": [0, 0, 0.53333, 0.53333], "texture": "#1"},
				"down": {"uv": [0, 0, 0.53333, 0.53333], "texture": "#1"}
			}
		},
		{
			"name": "hexadecagon",
			"from": [13.5, 14.10082, 16],
			"to": [15, 14.39918, 16.25],
			"rotation": {"angle": 22.5, "axis": "z", "origin": [14.25, 14.25, 15.75]},
			"faces": {
				"north": {"uv": [0, 0, 0.53333, 0.53333], "texture": "#1"},
				"east": {"uv": [0, 0, 0.53333, 0.53333], "texture": "#1"},
				"south": {"uv": [0, 0, 0.53333, 0.53333], "texture": "#1"},
				"west": {"uv": [0, 0, 0.53333, 0.53333], "texture": "#1"},
				"up": {"uv": [0, 0, 0.53333, 0.53333], "texture": "#1"},
				"down": {"uv": [0, 0, 0.53333, 0.53333], "texture": "#1"}
			}
		},
		{
			"name": "hexadecagon",
			"from": [13.5, 1.60082, 16],
			"to": [15, 1.89918, 16.25],
			"rotation": {"angle": 22.5, "axis": "z", "origin": [14.25, 1.75, 15.75]},
			"faces": {
				"north": {"uv": [0, 0, 0.53333, 0.53333], "texture": "#1"},
				"east": {"uv": [0, 0, 0.53333, 0.53333], "texture": "#1"},
				"south": {"uv": [0, 0, 0.53333, 0.53333], "texture": "#1"},
				"west": {"uv": [0, 0, 0.53333, 0.53333], "texture": "#1"},
				"up": {"uv": [0, 0, 0.53333, 0.53333], "texture": "#1"},
				"down": {"uv": [0, 0, 0.53333, 0.53333], "texture": "#1"}
			}
		},
		{
			"name": "hexadecagon",
			"from": [1.60082, 13.5, -0.25],
			"to": [1.89918, 15, 0],
			"rotation": {"angle": -45, "axis": "z", "origin": [1.75, 14.25, -0.5]},
			"faces": {
				"north": {"uv": [0, 0, 0.53333, 0.53333], "texture": "#1"},
				"east": {"uv": [0, 0, 0.53333, 0.53333], "texture": "#1"},
				"south": {"uv": [0, 0, 0.53333, 0.53333], "texture": "#1"},
				"west": {"uv": [0, 0, 0.53333, 0.53333], "texture": "#1"},
				"up": {"uv": [0, 0, 0.53333, 0.53333], "texture": "#1"},
				"down": {"uv": [0, 0, 0.53333, 0.53333], "texture": "#1"}
			}
		},
		{
			"name": "hexadecagon",
			"from": [1.60082, 1, -0.25],
			"to": [1.89918, 2.5, 0],
			"rotation": {"angle": -45, "axis": "z", "origin": [1.75, 1.75, -0.5]},
			"faces": {
				"north": {"uv": [0, 0, 0.53333, 0.53333], "texture": "#1"},
				"east": {"uv": [0, 0, 0.53333, 0.53333], "texture": "#1"},
				"south": {"uv": [0, 0, 0.53333, 0.53333], "texture": "#1"},
				"west": {"uv": [0, 0, 0.53333, 0.53333], "texture": "#1"},
				"up": {"uv": [0, 0, 0.53333, 0.53333], "texture": "#1"},
				"down": {"uv": [0, 0, 0.53333, 0.53333], "texture": "#1"}
			}
		},
		{
			"name": "hexadecagon",
			"from": [1.60082, 13.5, -0.25],
			"to": [1.89918, 15, 0],
			"rotation": {"angle": -22.5, "axis": "z", "origin": [1.75, 14.25, -0.5]},
			"faces": {
				"north": {"uv": [0, 0, 0.53333, 0.53333], "texture": "#1"},
				"east": {"uv": [0, 0, 0.53333, 0.53333], "texture": "#1"},
				"south": {"uv": [0, 0, 0.53333, 0.53333], "texture": "#1"},
				"west": {"uv": [0, 0, 0.53333, 0.53333], "texture": "#1"},
				"up": {"uv": [0, 0, 0.53333, 0.53333], "texture": "#1"},
				"down": {"uv": [0, 0, 0.53333, 0.53333], "texture": "#1"}
			}
		},
		{
			"name": "hexadecagon",
			"from": [1.60082, 1, -0.25],
			"to": [1.89918, 2.5, 0],
			"rotation": {"angle": -22.5, "axis": "z", "origin": [1.75, 1.75, -0.5]},
			"faces": {
				"north": {"uv": [0, 0, 0.53333, 0.53333], "texture": "#1"},
				"east": {"uv": [0, 0, 0.53333, 0.53333], "texture": "#1"},
				"south": {"uv": [0, 0, 0.53333, 0.53333], "texture": "#1"},
				"west": {"uv": [0, 0, 0.53333, 0.53333], "texture": "#1"},
				"up": {"uv": [0, 0, 0.53333, 0.53333], "texture": "#1"},
				"down": {"uv": [0, 0, 0.53333, 0.53333], "texture": "#1"}
			}
		},
		{
			"name": "hexadecagon",
			"from": [1.60082, 13.5, -0.25],
			"to": [1.89918, 15, 0],
			"rotation": {"angle": 0, "axis": "z", "origin": [1.75, 14.25, -0.5]},
			"faces": {
				"north": {"uv": [0, 0, 0.53333, 0.53333], "texture": "#1"},
				"east": {"uv": [0, 0, 0.53333, 0.53333], "texture": "#1"},
				"south": {"uv": [0, 0, 0.53333, 0.53333], "texture": "#1"},
				"west": {"uv": [0, 0, 0.53333, 0.53333], "texture": "#1"},
				"up": {"uv": [0, 0, 0.53333, 0.53333], "texture": "#1"},
				"down": {"uv": [0, 0, 0.53333, 0.53333], "texture": "#1"}
			}
		},
		{
			"name": "hexadecagon",
			"from": [1.60082, 1, -0.25],
			"to": [1.89918, 2.5, 0],
			"rotation": {"angle": 0, "axis": "z", "origin": [1.75, 1.75, -0.5]},
			"faces": {
				"north": {"uv": [0, 0, 0.53333, 0.53333], "texture": "#1"},
				"east": {"uv": [0, 0, 0.53333, 0.53333], "texture": "#1"},
				"south": {"uv": [0, 0, 0.53333, 0.53333], "texture": "#1"},
				"west": {"uv": [0, 0, 0.53333, 0.53333], "texture": "#1"},
				"up": {"uv": [0, 0, 0.53333, 0.53333], "texture": "#1"},
				"down": {"uv": [0, 0, 0.53333, 0.53333], "texture": "#1"}
			}
		},
		{
			"name": "hexadecagon",
			"from": [1.60082, 13.5, -0.25],
			"to": [1.89918, 15, 0],
			"rotation": {"angle": 22.5, "axis": "z", "origin": [1.75, 14.25, -0.5]},
			"faces": {
				"north": {"uv": [0, 0, 0.53333, 0.53333], "texture": "#1"},
				"east": {"uv": [0, 0, 0.53333, 0.53333], "texture": "#1"},
				"south": {"uv": [0, 0, 0.53333, 0.53333], "texture": "#1"},
				"west": {"uv": [0, 0, 0.53333, 0.53333], "texture": "#1"},
				"up": {"uv": [0, 0, 0.53333, 0.53333], "texture": "#1"},
				"down": {"uv": [0, 0, 0.53333, 0.53333], "texture": "#1"}
			}
		},
		{
			"name": "hexadecagon",
			"from": [1.60082, 1, -0.25],
			"to": [1.89918, 2.5, 0],
			"rotation": {"angle": 22.5, "axis": "z", "origin": [1.75, 1.75, -0.5]},
			"faces": {
				"north": {"uv": [0, 0, 0.53333, 0.53333], "texture": "#1"},
				"east": {"uv": [0, 0, 0.53333, 0.53333], "texture": "#1"},
				"south": {"uv": [0, 0, 0.53333, 0.53333], "texture": "#1"},
				"west": {"uv": [0, 0, 0.53333, 0.53333], "texture": "#1"},
				"up": {"uv": [0, 0, 0.53333, 0.53333], "texture": "#1"},
				"down": {"uv": [0, 0, 0.53333, 0.53333], "texture": "#1"}
			}
		},
		{
			"name": "hexadecagon",
			"from": [1.60082, 13.5, -0.25],
			"to": [1.89918, 15, 0],
			"rotation": {"angle": 45, "axis": "z", "origin": [1.75, 14.25, -0.5]},
			"faces": {
				"north": {"uv": [0, 0, 0.53333, 0.53333], "texture": "#1"},
				"east": {"uv": [0, 0, 0.53333, 0.53333], "texture": "#1"},
				"south": {"uv": [0, 0, 0.53333, 0.53333], "texture": "#1"},
				"west": {"uv": [0, 0, 0.53333, 0.53333], "texture": "#1"},
				"up": {"uv": [0, 0, 0.53333, 0.53333], "texture": "#1"},
				"down": {"uv": [0, 0, 0.53333, 0.53333], "texture": "#1"}
			}
		},
		{
			"name": "hexadecagon",
			"from": [1.60082, 1, -0.25],
			"to": [1.89918, 2.5, 0],
			"rotation": {"angle": 45, "axis": "z", "origin": [1.75, 1.75, -0.5]},
			"faces": {
				"north": {"uv": [0, 0, 0.53333, 0.53333], "texture": "#1"},
				"east": {"uv": [0, 0, 0.53333, 0.53333], "texture": "#1"},
				"south": {"uv": [0, 0, 0.53333, 0.53333], "texture": "#1"},
				"west": {"uv": [0, 0, 0.53333, 0.53333], "texture": "#1"},
				"up": {"uv": [0, 0, 0.53333, 0.53333], "texture": "#1"},
				"down": {"uv": [0, 0, 0.53333, 0.53333], "texture": "#1"}
			}
		},
		{
			"name": "hexadecagon",
			"from": [1, 14.10082, -0.25],
			"to": [2.5, 14.39918, 0],
			"rotation": {"angle": -22.5, "axis": "z", "origin": [1.75, 14.25, -0.5]},
			"faces": {
				"north": {"uv": [0, 0, 0.53333, 0.53333], "texture": "#1"},
				"east": {"uv": [0, 0, 0.53333, 0.53333], "texture": "#1"},
				"south": {"uv": [0, 0, 0.53333, 0.53333], "texture": "#1"},
				"west": {"uv": [0, 0, 0.53333, 0.53333], "texture": "#1"},
				"up": {"uv": [0, 0, 0.53333, 0.53333], "texture": "#1"},
				"down": {"uv": [0, 0, 0.53333, 0.53333], "texture": "#1"}
			}
		},
		{
			"name": "hexadecagon",
			"from": [1, 1.60082, -0.25],
			"to": [2.5, 1.89918, 0],
			"rotation": {"angle": -22.5, "axis": "z", "origin": [1.75, 1.75, -0.5]},
			"faces": {
				"north": {"uv": [0, 0, 0.53333, 0.53333], "texture": "#1"},
				"east": {"uv": [0, 0, 0.53333, 0.53333], "texture": "#1"},
				"south": {"uv": [0, 0, 0.53333, 0.53333], "texture": "#1"},
				"west": {"uv": [0, 0, 0.53333, 0.53333], "texture": "#1"},
				"up": {"uv": [0, 0, 0.53333, 0.53333], "texture": "#1"},
				"down": {"uv": [0, 0, 0.53333, 0.53333], "texture": "#1"}
			}
		},
		{
			"name": "hexadecagon",
			"from": [1, 14.10082, -0.25],
			"to": [2.5, 14.39918, 0],
			"rotation": {"angle": 0, "axis": "z", "origin": [1.75, 14.25, -0.5]},
			"faces": {
				"north": {"uv": [0, 0, 0.53333, 0.53333], "texture": "#1"},
				"east": {"uv": [0, 0, 0.53333, 0.53333], "texture": "#1"},
				"south": {"uv": [0, 0, 0.53333, 0.53333], "texture": "#1"},
				"west": {"uv": [0, 0, 0.53333, 0.53333], "texture": "#1"},
				"up": {"uv": [0, 0, 0.53333, 0.53333], "texture": "#1"},
				"down": {"uv": [0, 0, 0.53333, 0.53333], "texture": "#1"}
			}
		},
		{
			"name": "hexadecagon",
			"from": [1, 1.60082, -0.25],
			"to": [2.5, 1.89918, 0],
			"rotation": {"angle": 0, "axis": "z", "origin": [1.75, 1.75, -0.5]},
			"faces": {
				"north": {"uv": [0, 0, 0.53333, 0.53333], "texture": "#1"},
				"east": {"uv": [0, 0, 0.53333, 0.53333], "texture": "#1"},
				"south": {"uv": [0, 0, 0.53333, 0.53333], "texture": "#1"},
				"west": {"uv": [0, 0, 0.53333, 0.53333], "texture": "#1"},
				"up": {"uv": [0, 0, 0.53333, 0.53333], "texture": "#1"},
				"down": {"uv": [0, 0, 0.53333, 0.53333], "texture": "#1"}
			}
		},
		{
			"name": "hexadecagon",
			"from": [1, 14.10082, -0.25],
			"to": [2.5, 14.39918, 0],
			"rotation": {"angle": 22.5, "axis": "z", "origin": [1.75, 14.25, -0.5]},
			"faces": {
				"north": {"uv": [0, 0, 0.53333, 0.53333], "texture": "#1"},
				"east": {"uv": [0, 0, 0.53333, 0.53333], "texture": "#1"},
				"south": {"uv": [0, 0, 0.53333, 0.53333], "texture": "#1"},
				"west": {"uv": [0, 0, 0.53333, 0.53333], "texture": "#1"},
				"up": {"uv": [0, 0, 0.53333, 0.53333], "texture": "#1"},
				"down": {"uv": [0, 0, 0.53333, 0.53333], "texture": "#1"}
			}
		},
		{
			"name": "hexadecagon",
			"from": [1, 1.60082, -0.25],
			"to": [2.5, 1.89918, 0],
			"rotation": {"angle": 22.5, "axis": "z", "origin": [1.75, 1.75, -0.5]},
			"faces": {
				"north": {"uv": [0, 0, 0.53333, 0.53333], "texture": "#1"},
				"east": {"uv": [0, 0, 0.53333, 0.53333], "texture": "#1"},
				"south": {"uv": [0, 0, 0.53333, 0.53333], "texture": "#1"},
				"west": {"uv": [0, 0, 0.53333, 0.53333], "texture": "#1"},
				"up": {"uv": [0, 0, 0.53333, 0.53333], "texture": "#1"},
				"down": {"uv": [0, 0, 0.53333, 0.53333], "texture": "#1"}
			}
		},
		{
			"name": "hexadecagon",
			"from": [14.10082, 13.5, -0.25],
			"to": [14.39918, 15, 0],
			"rotation": {"angle": -45, "axis": "z", "origin": [14.25, 14.25, -0.5]},
			"faces": {
				"north": {"uv": [0, 0, 0.53333, 0.53333], "texture": "#1"},
				"east": {"uv": [0, 0, 0.53333, 0.53333], "texture": "#1"},
				"south": {"uv": [0, 0, 0.53333, 0.53333], "texture": "#1"},
				"west": {"uv": [0, 0, 0.53333, 0.53333], "texture": "#1"},
				"up": {"uv": [0, 0, 0.53333, 0.53333], "texture": "#1"},
				"down": {"uv": [0, 0, 0.53333, 0.53333], "texture": "#1"}
			}
		},
		{
			"name": "hexadecagon",
			"from": [14.10082, 1, -0.25],
			"to": [14.39918, 2.5, 0],
			"rotation": {"angle": -45, "axis": "z", "origin": [14.25, 1.75, -0.5]},
			"faces": {
				"north": {"uv": [0, 0, 0.53333, 0.53333], "texture": "#1"},
				"east": {"uv": [0, 0, 0.53333, 0.53333], "texture": "#1"},
				"south": {"uv": [0, 0, 0.53333, 0.53333], "texture": "#1"},
				"west": {"uv": [0, 0, 0.53333, 0.53333], "texture": "#1"},
				"up": {"uv": [0, 0, 0.53333, 0.53333], "texture": "#1"},
				"down": {"uv": [0, 0, 0.53333, 0.53333], "texture": "#1"}
			}
		},
		{
			"name": "hexadecagon",
			"from": [14.10082, 13.5, -0.25],
			"to": [14.39918, 15, 0],
			"rotation": {"angle": -22.5, "axis": "z", "origin": [14.25, 14.25, -0.5]},
			"faces": {
				"north": {"uv": [0, 0, 0.53333, 0.53333], "texture": "#1"},
				"east": {"uv": [0, 0, 0.53333, 0.53333], "texture": "#1"},
				"south": {"uv": [0, 0, 0.53333, 0.53333], "texture": "#1"},
				"west": {"uv": [0, 0, 0.53333, 0.53333], "texture": "#1"},
				"up": {"uv": [0, 0, 0.53333, 0.53333], "texture": "#1"},
				"down": {"uv": [0, 0, 0.53333, 0.53333], "texture": "#1"}
			}
		},
		{
			"name": "hexadecagon",
			"from": [14.10082, 1, -0.25],
			"to": [14.39918, 2.5, 0],
			"rotation": {"angle": -22.5, "axis": "z", "origin": [14.25, 1.75, -0.5]},
			"faces": {
				"north": {"uv": [0, 0, 0.53333, 0.53333], "texture": "#1"},
				"east": {"uv": [0, 0, 0.53333, 0.53333], "texture": "#1"},
				"south": {"uv": [0, 0, 0.53333, 0.53333], "texture": "#1"},
				"west": {"uv": [0, 0, 0.53333, 0.53333], "texture": "#1"},
				"up": {"uv": [0, 0, 0.53333, 0.53333], "texture": "#1"},
				"down": {"uv": [0, 0, 0.53333, 0.53333], "texture": "#1"}
			}
		},
		{
			"name": "hexadecagon",
			"from": [14.10082, 13.5, -0.25],
			"to": [14.39918, 15, 0],
			"rotation": {"angle": 0, "axis": "z", "origin": [14.25, 14.25, -0.5]},
			"faces": {
				"north": {"uv": [0, 0, 0.53333, 0.53333], "texture": "#1"},
				"east": {"uv": [0, 0, 0.53333, 0.53333], "texture": "#1"},
				"south": {"uv": [0, 0, 0.53333, 0.53333], "texture": "#1"},
				"west": {"uv": [0, 0, 0.53333, 0.53333], "texture": "#1"},
				"up": {"uv": [0, 0, 0.53333, 0.53333], "texture": "#1"},
				"down": {"uv": [0, 0, 0.53333, 0.53333], "texture": "#1"}
			}
		},
		{
			"name": "hexadecagon",
			"from": [14.10082, 1, -0.25],
			"to": [14.39918, 2.5, 0],
			"rotation": {"angle": 0, "axis": "z", "origin": [14.25, 1.75, -0.5]},
			"faces": {
				"north": {"uv": [0, 0, 0.53333, 0.53333], "texture": "#1"},
				"east": {"uv": [0, 0, 0.53333, 0.53333], "texture": "#1"},
				"south": {"uv": [0, 0, 0.53333, 0.53333], "texture": "#1"},
				"west": {"uv": [0, 0, 0.53333, 0.53333], "texture": "#1"},
				"up": {"uv": [0, 0, 0.53333, 0.53333], "texture": "#1"},
				"down": {"uv": [0, 0, 0.53333, 0.53333], "texture": "#1"}
			}
		},
		{
			"name": "hexadecagon",
			"from": [14.10082, 13.5, -0.25],
			"to": [14.39918, 15, 0],
			"rotation": {"angle": 22.5, "axis": "z", "origin": [14.25, 14.25, -0.5]},
			"faces": {
				"north": {"uv": [0, 0, 0.53333, 0.53333], "texture": "#1"},
				"east": {"uv": [0, 0, 0.53333, 0.53333], "texture": "#1"},
				"south": {"uv": [0, 0, 0.53333, 0.53333], "texture": "#1"},
				"west": {"uv": [0, 0, 0.53333, 0.53333], "texture": "#1"},
				"up": {"uv": [0, 0, 0.53333, 0.53333], "texture": "#1"},
				"down": {"uv": [0, 0, 0.53333, 0.53333], "texture": "#1"}
			}
		},
		{
			"name": "hexadecagon",
			"from": [14.10082, 1, -0.25],
			"to": [14.39918, 2.5, 0],
			"rotation": {"angle": 22.5, "axis": "z", "origin": [14.25, 1.75, -0.5]},
			"faces": {
				"north": {"uv": [0, 0, 0.53333, 0.53333], "texture": "#1"},
				"east": {"uv": [0, 0, 0.53333, 0.53333], "texture": "#1"},
				"south": {"uv": [0, 0, 0.53333, 0.53333], "texture": "#1"},
				"west": {"uv": [0, 0, 0.53333, 0.53333], "texture": "#1"},
				"up": {"uv": [0, 0, 0.53333, 0.53333], "texture": "#1"},
				"down": {"uv": [0, 0, 0.53333, 0.53333], "texture": "#1"}
			}
		},
		{
			"name": "hexadecagon",
			"from": [14.10082, 13.5, -0.25],
			"to": [14.39918, 15, 0],
			"rotation": {"angle": 45, "axis": "z", "origin": [14.25, 14.25, -0.5]},
			"faces": {
				"north": {"uv": [0, 0, 0.53333, 0.53333], "texture": "#1"},
				"east": {"uv": [0, 0, 0.53333, 0.53333], "texture": "#1"},
				"south": {"uv": [0, 0, 0.53333, 0.53333], "texture": "#1"},
				"west": {"uv": [0, 0, 0.53333, 0.53333], "texture": "#1"},
				"up": {"uv": [0, 0, 0.53333, 0.53333], "texture": "#1"},
				"down": {"uv": [0, 0, 0.53333, 0.53333], "texture": "#1"}
			}
		},
		{
			"name": "hexadecagon",
			"from": [14.10082, 1, -0.25],
			"to": [14.39918, 2.5, 0],
			"rotation": {"angle": 45, "axis": "z", "origin": [14.25, 1.75, -0.5]},
			"faces": {
				"north": {"uv": [0, 0, 0.53333, 0.53333], "texture": "#1"},
				"east": {"uv": [0, 0, 0.53333, 0.53333], "texture": "#1"},
				"south": {"uv": [0, 0, 0.53333, 0.53333], "texture": "#1"},
				"west": {"uv": [0, 0, 0.53333, 0.53333], "texture": "#1"},
				"up": {"uv": [0, 0, 0.53333, 0.53333], "texture": "#1"},
				"down": {"uv": [0, 0, 0.53333, 0.53333], "texture": "#1"}
			}
		},
		{
			"name": "hexadecagon",
			"from": [13.5, 14.10082, -0.25],
			"to": [15, 14.39918, 0],
			"rotation": {"angle": -22.5, "axis": "z", "origin": [14.25, 14.25, -0.5]},
			"faces": {
				"north": {"uv": [0, 0, 0.53333, 0.53333], "texture": "#1"},
				"east": {"uv": [0, 0, 0.53333, 0.53333], "texture": "#1"},
				"south": {"uv": [0, 0, 0.53333, 0.53333], "texture": "#1"},
				"west": {"uv": [0, 0, 0.53333, 0.53333], "texture": "#1"},
				"up": {"uv": [0, 0, 0.53333, 0.53333], "texture": "#1"},
				"down": {"uv": [0, 0, 0.53333, 0.53333], "texture": "#1"}
			}
		},
		{
			"name": "hexadecagon",
			"from": [13.5, 1.60082, -0.25],
			"to": [15, 1.89918, 0],
			"rotation": {"angle": -22.5, "axis": "z", "origin": [14.25, 1.75, -0.5]},
			"faces": {
				"north": {"uv": [0, 0, 0.53333, 0.53333], "texture": "#1"},
				"east": {"uv": [0, 0, 0.53333, 0.53333], "texture": "#1"},
				"south": {"uv": [0, 0, 0.53333, 0.53333], "texture": "#1"},
				"west": {"uv": [0, 0, 0.53333, 0.53333], "texture": "#1"},
				"up": {"uv": [0, 0, 0.53333, 0.53333], "texture": "#1"},
				"down": {"uv": [0, 0, 0.53333, 0.53333], "texture": "#1"}
			}
		},
		{
			"name": "hexadecagon",
			"from": [13.5, 14.10082, -0.25],
			"to": [15, 14.39918, 0],
			"rotation": {"angle": 0, "axis": "z", "origin": [14.25, 14.25, -0.5]},
			"faces": {
				"north": {"uv": [0, 0, 0.53333, 0.53333], "texture": "#1"},
				"east": {"uv": [0, 0, 0.53333, 0.53333], "texture": "#1"},
				"south": {"uv": [0, 0, 0.53333, 0.53333], "texture": "#1"},
				"west": {"uv": [0, 0, 0.53333, 0.53333], "texture": "#1"},
				"up": {"uv": [0, 0, 0.53333, 0.53333], "texture": "#1"},
				"down": {"uv": [0, 0, 0.53333, 0.53333], "texture": "#1"}
			}
		},
		{
			"name": "hexadecagon",
			"from": [13.5, 1.60082, -0.25],
			"to": [15, 1.89918, 0],
			"rotation": {"angle": 0, "axis": "z", "origin": [14.25, 1.75, -0.5]},
			"faces": {
				"north": {"uv": [0, 0, 0.53333, 0.53333], "texture": "#1"},
				"east": {"uv": [0, 0, 0.53333, 0.53333], "texture": "#1"},
				"south": {"uv": [0, 0, 0.53333, 0.53333], "texture": "#1"},
				"west": {"uv": [0, 0, 0.53333, 0.53333], "texture": "#1"},
				"up": {"uv": [0, 0, 0.53333, 0.53333], "texture": "#1"},
				"down": {"uv": [0, 0, 0.53333, 0.53333], "texture": "#1"}
			}
		},
		{
			"name": "hexadecagon",
			"from": [13.5, 14.10082, -0.25],
			"to": [15, 14.39918, 0],
			"rotation": {"angle": 22.5, "axis": "z", "origin": [14.25, 14.25, -0.5]},
			"faces": {
				"north": {"uv": [0, 0, 0.53333, 0.53333], "texture": "#1"},
				"east": {"uv": [0, 0, 0.53333, 0.53333], "texture": "#1"},
				"south": {"uv": [0, 0, 0.53333, 0.53333], "texture": "#1"},
				"west": {"uv": [0, 0, 0.53333, 0.53333], "texture": "#1"},
				"up": {"uv": [0, 0, 0.53333, 0.53333], "texture": "#1"},
				"down": {"uv": [0, 0, 0.53333, 0.53333], "texture": "#1"}
			}
		},
		{
			"name": "hexadecagon",
			"from": [13.5, 1.60082, -0.25],
			"to": [15, 1.89918, 0],
			"rotation": {"angle": 22.5, "axis": "z", "origin": [14.25, 1.75, -0.5]},
			"faces": {
				"north": {"uv": [0, 0, 0.53333, 0.53333], "texture": "#1"},
				"east": {"uv": [0, 0, 0.53333, 0.53333], "texture": "#1"},
				"south": {"uv": [0, 0, 0.53333, 0.53333], "texture": "#1"},
				"west": {"uv": [0, 0, 0.53333, 0.53333], "texture": "#1"},
				"up": {"uv": [0, 0, 0.53333, 0.53333], "texture": "#1"},
				"down": {"uv": [0, 0, 0.53333, 0.53333], "texture": "#1"}
			}
		}
	],
	"display": {
		"thirdperson_righthand": {
			"rotation": [31, 29, 4],
			"scale": [0.35, 0.35, 0.35]
		},
		"thirdperson_lefthand": {
			"rotation": [31, 29, 4],
			"scale": [0.35, 0.35, 0.35]
		},
		"firstperson_righthand": {
			"rotation": [0, 14, 0],
			"scale": [0.45, 0.45, 0.45]
		},
		"firstperson_lefthand": {
			"rotation": [0, 14, 0],
			"scale": [0.45, 0.45, 0.45]
		},
		"ground": {
			"scale": [0.5, 0.5, 0.5]
		},
		"gui": {
			"rotation": [14, -18, 0],
			"scale": [0.7, 0.7, 0.7]
		},
		"head": {
			"scale": [1.5, 1.5, 1.5]
		},
		"fixed": {
			"translation": [0, 0, 4.5],
			"scale": [0.9, 0.9, 0.9]
		}
	},
	"groups": [
		{
			"name": "Main Block",
			"origin": [8.75, -8.39645, 9],
			"children": [0, 1, 2, 3,
				{
					"name": "Top Block Detail",
					"origin": [7.75, -7.75, 8],
					"children": [4, 5, 6, 7]
				},
				{
					"name": "Bottom Block Detail",
					"origin": [7.75, -7, 8],
					"children": [8, 9, 10, 11]
				}
			]
		},
		{
			"name": "hexadecagon",
			"origin": [8, 8, 8],
			"children": [12, 13, 14, 15, 16, 17, 18, 19, 20, 21, 22, 23, 24, 25, 26, 27,
				{
					"name": "hexadecagon",
					"origin": [8, 8, 8],
					"children": [28, 29, 30, 31, 32, 33, 34, 35, 36, 37, 38, 39, 40, 41, 42, 43]
				},
				{
					"name": "hexadecagon",
					"origin": [8, 8, 8],
					"children": [44, 45, 46, 47, 48, 49, 50, 51, 52, 53, 54, 55, 56, 57, 58, 59,
						{
							"name": "hexadecagon",
							"origin": [8, 8, 8],
							"children": [60, 61, 62, 63, 64, 65, 66, 67, 68, 69, 70, 71, 72, 73, 74, 75]
						}
					]
				}
			]
		},
		{
			"name": "hexadecagon",
			"origin": [8, 8, 8],
			"children": [76, 77, 78, 79, 80, 81, 82, 83, 84, 85, 86, 87, 88, 89, 90, 91,
				{
					"name": "hexadecagon",
					"origin": [8, 8, 8],
					"children": [92, 93, 94, 95, 96, 97, 98, 99, 100, 101, 102, 103, 104, 105, 106, 107]
				},
				{
					"name": "hexadecagon",
					"origin": [8, 8, 8],
					"children": [108, 109, 110, 111, 112, 113, 114, 115, 116, 117, 118, 119, 120, 121, 122, 123,
						{
							"name": "hexadecagon",
							"origin": [8, 8, 8],
							"children": [124, 125, 126, 127, 128, 129, 130, 131, 132, 133, 134, 135, 136, 137, 138, 139]
						}
					]
				}
			]
		}
	]
}