{
	"credit": "Made with Blockbench",
	"textures": {
		"0": "block/black_concrete",
		"1": "block/white_concrete",
		"2": "block/light_gray_concrete",
		"3": "block/light_blue_concrete",
		"6": "block/red_concrete",
		"7": "block/lapis_block",
		"particle": "block/black_concrete"
	},
	"elements": [
		{
			"from": [-4.15, 0, -3.1],
			"to": [20, 3, 23.45],
			"rotation": {"angle": 0, "axis": "y", "origin": [8, 12, 27.95]},
			"faces": {
				"north": {"uv": [0, 0, 16, 1], "texture": "#0"},
				"east": {"uv": [0, 0, 16, 1], "texture": "#0"},
				"south": {"uv": [0, 0, 16, 1], "texture": "#0"},
				"west": {"uv": [0, 0, 16, 1], "texture": "#0"},
				"up": {"uv": [0, 0, 16, 16], "texture": "#0"},
				"down": {"uv": [0, 0, 16, 16], "texture": "#0"}
			}
		},
		{
			"from": [-2.5, 3, -3.55],
			"to": [18.5, 3.3, 23.45],
			"rotation": {"angle": 0, "axis": "y", "origin": [8, 15, 27.95]},
			"faces": {
				"north": {"uv": [0, 0, 16, 1], "texture": "#1"},
				"east": {"uv": [0, 0, 16, 1], "texture": "#1"},
				"south": {"uv": [0, 0, 16, 1], "texture": "#1"},
				"west": {"uv": [0, 0, 16, 1], "texture": "#1"},
				"up": {"uv": [0, 0, 16, 16], "texture": "#1"},
				"down": {"uv": [0, 0, 16, 16], "texture": "#1"}
			}
		},
		{
			"from": [-4.12168, 3, -3.1],
			"to": [-1.12168, 5.85, 23.45],
			"rotation": {"angle": 0, "axis": "y", "origin": [7.87832, 13.5, 27.95]},
			"faces": {
				"north": {"uv": [0, 0, 2, 2.5], "texture": "#1"},
				"east": {"uv": [0, 0, 16, 2.5], "texture": "#1"},
				"south": {"uv": [0, 0, 2, 2.5], "texture": "#1"},
				"west": {"uv": [0, 0, 16, 2.5], "texture": "#1"},
				"up": {"uv": [0, 0, 2, 16], "texture": "#1"},
				"down": {"uv": [0, 0, 2, 16], "texture": "#1"}
			}
		},
		{
			"from": [-4.45, 22.5, -5.05],
			"to": [-0.7, 23.85, -1.3],
			"rotation": {"angle": 0, "axis": "y", "origin": [7.55, 34.5, 26.45]},
			"faces": {
				"north": {"uv": [0, 0, 2.5, 0.9], "texture": "#0"},
				"east": {"uv": [0, 0, 2.5, 0.9], "texture": "#0"},
				"south": {"uv": [0, 0, 2.5, 0.9], "texture": "#0"},
				"west": {"uv": [0, 0, 2.5, 0.9], "texture": "#0"},
				"up": {"uv": [0, 0, 2.5, 2.5], "texture": "#0"},
				"down": {"uv": [0, 0, 2.5, 2.5], "texture": "#0"}
			}
		},
		{
			"from": [-4.45, 22.5, 18.05],
			"to": [-0.7, 23.85, 21.8],
			"rotation": {"angle": 0, "axis": "y", "origin": [7.55, 34.5, 49.55]},
			"faces": {
				"north": {"uv": [0, 0, 2.5, 0.9], "texture": "#0"},
				"east": {"uv": [0, 0, 2.5, 0.9], "texture": "#0"},
				"south": {"uv": [0, 0, 2.5, 0.9], "texture": "#0"},
				"west": {"uv": [0, 0, 2.5, 0.9], "texture": "#0"},
				"up": {"uv": [0, 0, 2.5, 2.5], "texture": "#0"},
				"down": {"uv": [0, 0, 2.5, 2.5], "texture": "#0"}
			}
		},
		{
			"from": [-4.6, 23.85, -8.05],
			"to": [20.6, 24.6, 22.7],
			"rotation": {"angle": 0, "axis": "y", "origin": [7.55, 35.85, 71.45]},
			"faces": {
				"north": {"uv": [0, 0, 16, 0.9], "texture": "#1"},
				"east": {"uv": [0, 0, 16, 0.9], "texture": "#1"},
				"south": {"uv": [0, 0, 16, 0.9], "texture": "#1"},
				"west": {"uv": [0, 0, 16, 0.9], "texture": "#1"},
				"up": {"uv": [0, 0, 16, 16], "texture": "#1"},
				"down": {"uv": [0, 0, 16, 16], "texture": "#1"}
			}
		},
		{
			"from": [19.1, 24.6, -8.05],
			"to": [20.6, 25.05, 22.7],
			"rotation": {"angle": 0, "axis": "y", "origin": [7.85, 36.6, 71.45]},
			"faces": {
				"north": {"uv": [0, 0, 1, 0.5], "texture": "#1"},
				"east": {"uv": [0, 0, 16, 0.5], "texture": "#1"},
				"south": {"uv": [0, 0, 1, 0.5], "texture": "#1"},
				"west": {"uv": [0, 0, 16, 0.5], "texture": "#1"},
				"up": {"uv": [0, 0, 1, 16], "texture": "#1"},
				"down": {"uv": [0, 0, 1, 16], "texture": "#1"}
			}
		},
		{
			"from": [-4.6, 24.6, -8.05],
			"to": [-3.1, 25.05, 22.7],
			"rotation": {"angle": 0, "axis": "y", "origin": [-15.85, 36.6, 71.45]},
			"faces": {
				"north": {"uv": [0, 0, 1, 0.5], "texture": "#1"},
				"east": {"uv": [0, 0, 16, 0.5], "texture": "#1"},
				"south": {"uv": [0, 0, 1, 0.5], "texture": "#1"},
				"west": {"uv": [0, 0, 16, 0.5], "texture": "#1"},
				"up": {"uv": [0, 0, 1, 16], "texture": "#1"},
				"down": {"uv": [0, 0, 1, 16], "texture": "#1"}
			}
		},
		{
			"from": [-3.1, 24.6, -8.05],
			"to": [19.1, 25.05, -6.55],
			"rotation": {"angle": 0, "axis": "y", "origin": [-14.2, 36.6, 71.45]},
			"faces": {
				"north": {"uv": [0, 0, 14.5, 0.5], "texture": "#1"},
				"east": {"uv": [0, 0, 1, 0.5], "texture": "#1"},
				"south": {"uv": [0, 0, 14.5, 0.5], "texture": "#1"},
				"west": {"uv": [0, 0, 1, 0.5], "texture": "#1"},
				"up": {"uv": [0, 0, 14.5, 1], "texture": "#1"},
				"down": {"uv": [0, 0, 14.5, 1], "texture": "#1"}
			}
		},
		{
			"from": [16.7, 22.5, -5.05],
			"to": [20.45, 23.85, -1.3],
			"rotation": {"angle": 0, "axis": "y", "origin": [28.7, 34.5, 26.45]},
			"faces": {
				"north": {"uv": [0, 0, 2.5, 0.9], "texture": "#0"},
				"east": {"uv": [0, 0, 2.5, 0.9], "texture": "#0"},
				"south": {"uv": [0, 0, 2.5, 0.9], "texture": "#0"},
				"west": {"uv": [0, 0, 2.5, 0.9], "texture": "#0"},
				"up": {"uv": [0, 0, 2.5, 2.5], "texture": "#0"},
				"down": {"uv": [0, 0, 2.5, 2.5], "texture": "#0"}
			}
		},
		{
			"from": [16.7, 22.5, 18.05],
			"to": [20.45, 23.85, 21.8],
			"rotation": {"angle": 0, "axis": "y", "origin": [28.7, 34.5, 49.55]},
			"faces": {
				"north": {"uv": [0, 0, 2.5, 0.9], "texture": "#0"},
				"east": {"uv": [0, 0, 2.5, 0.9], "texture": "#0"},
				"south": {"uv": [0, 0, 2.5, 0.9], "texture": "#0"},
				"west": {"uv": [0, 0, 2.5, 0.9], "texture": "#0"},
				"up": {"uv": [0, 0, 2.5, 2.5], "texture": "#0"},
				"down": {"uv": [0, 0, 2.5, 2.5], "texture": "#0"}
			}
		},
		{
			"from": [17, 3, -3.1],
			"to": [20, 5.85, 23.45],
			"rotation": {"angle": 0, "axis": "y", "origin": [29, 13.5, 27.95]},
			"faces": {
				"north": {"uv": [0, 0, 2, 2.5], "texture": "#1"},
				"east": {"uv": [0, 0, 16, 2.5], "texture": "#1"},
				"south": {"uv": [0, 0, 2, 2.5], "texture": "#1"},
				"west": {"uv": [0, 0, 16, 2.5], "texture": "#1"},
				"up": {"uv": [0, 0, 2, 16], "texture": "#1"},
				"down": {"uv": [0, 0, 2, 16], "texture": "#1"}
			}
		},
		{
			"from": [19.4, 5.1, 21.95],
			"to": [19.85, 6.9, 23.45],
			"rotation": {"angle": 0, "axis": "y", "origin": [29.75, 17.1, 27.95]},
			"faces": {
				"north": {"uv": [0, 0, 2, 2.5], "texture": "#2"},
				"east": {"uv": [0, 0, 16, 2.5], "texture": "#2"},
				"south": {"uv": [0, 0, 2, 2.5], "texture": "#2"},
				"west": {"uv": [0, 0, 16, 2.5], "texture": "#2"},
				"up": {"uv": [0, 0, 2, 16], "texture": "#2"},
				"down": {"uv": [0, 0, 2, 16], "texture": "#2"}
			}
		},
		{
			"from": [19.4, 6.9, 21.95],
			"to": [19.85, 7.95, 23.45],
			"rotation": {"angle": 0, "axis": "y", "origin": [29.75, 18.9, 27.95]},
			"faces": {
				"north": {"uv": [0, 0, 2, 2.5], "texture": "#2"},
				"east": {"uv": [0, 0, 16, 2.5], "texture": "#2"},
				"south": {"uv": [0, 0, 2, 2.5], "texture": "#2"},
				"west": {"uv": [0, 0, 16, 2.5], "texture": "#2"},
				"up": {"uv": [0, 0, 2, 16], "texture": "#2"},
				"down": {"uv": [0, 0, 2, 16], "texture": "#2"}
			}
		},
		{
			"from": [19.4, 7.95, 21.95],
			"to": [19.85, 8.4, 23.45],
			"rotation": {"angle": 0, "axis": "y", "origin": [29.75, 19.95, 27.95]},
			"faces": {
				"north": {"uv": [0, 0, 2, 2.5], "texture": "#2"},
				"east": {"uv": [0, 0, 16, 2.5], "texture": "#2"},
				"south": {"uv": [0, 0, 2, 2.5], "texture": "#2"},
				"west": {"uv": [0, 0, 16, 2.5], "texture": "#2"},
				"up": {"uv": [0, 0, 2, 16], "texture": "#2"},
				"down": {"uv": [0, 0, 2, 16], "texture": "#2"}
			}
		},
		{
			"from": [19.55, 7.65, 14.45],
			"to": [19.85, 7.95, 21.95],
			"rotation": {"angle": 0, "axis": "y", "origin": [29.75, 19.65, 12.95]},
			"faces": {
				"north": {"uv": [0, 0, 2, 2.5], "texture": "#2"},
				"east": {"uv": [0, 0, 16, 2.5], "texture": "#2"},
				"south": {"uv": [0, 0, 2, 2.5], "texture": "#2"},
				"west": {"uv": [0, 0, 16, 2.5], "texture": "#2"},
				"up": {"uv": [0, 0, 2, 16], "texture": "#2"},
				"down": {"uv": [0, 0, 2, 16], "texture": "#2"}
			}
		},
		{
			"from": [19.55, 6, 14.45],
			"to": [19.85, 6.3, 21.95],
			"rotation": {"angle": 0, "axis": "y", "origin": [29.75, 18, 12.95]},
			"faces": {
				"north": {"uv": [0, 0, 2, 2.5], "texture": "#2"},
				"east": {"uv": [0, 0, 16, 2.5], "texture": "#2"},
				"south": {"uv": [0, 0, 2, 2.5], "texture": "#2"},
				"west": {"uv": [0, 0, 16, 2.5], "texture": "#2"},
				"up": {"uv": [0, 0, 2, 16], "texture": "#2"},
				"down": {"uv": [0, 0, 2, 16], "texture": "#2"}
			}
		},
		{
			"from": [19.4, 7.95, 8.45],
			"to": [19.7, 8.25, 14.45],
			"rotation": {"angle": 0, "axis": "y", "origin": [29.6, 19.95, 5.45]},
			"faces": {
				"north": {"uv": [0, 0, 2, 2.5], "texture": "#2"},
				"east": {"uv": [0, 0, 16, 2.5], "texture": "#2"},
				"south": {"uv": [0, 0, 2, 2.5], "texture": "#2"},
				"west": {"uv": [0, 0, 16, 2.5], "texture": "#2"},
				"up": {"uv": [0, 0, 2, 16], "texture": "#2"},
				"down": {"uv": [0, 0, 2, 16], "texture": "#2"}
			}
		},
		{
			"from": [19.4, 6.15, 8.45],
			"to": [19.7, 6.45, 14.45],
			"rotation": {"angle": 0, "axis": "y", "origin": [29.6, 18.15, 5.45]},
			"faces": {
				"north": {"uv": [0, 0, 2, 2.5], "texture": "#2"},
				"east": {"uv": [0, 0, 16, 2.5], "texture": "#2"},
				"south": {"uv": [0, 0, 2, 2.5], "texture": "#2"},
				"west": {"uv": [0, 0, 16, 2.5], "texture": "#2"},
				"up": {"uv": [0, 0, 2, 16], "texture": "#2"},
				"down": {"uv": [0, 0, 2, 16], "texture": "#2"}
			}
		},
		{
			"from": [19.25, 8.25, 2.45],
			"to": [19.55, 8.55, 8.45],
			"rotation": {"angle": 0, "axis": "y", "origin": [29.45, 20.25, -0.55]},
			"faces": {
				"north": {"uv": [0, 0, 2, 2.5], "texture": "#2"},
				"east": {"uv": [0, 0, 16, 2.5], "texture": "#2"},
				"south": {"uv": [0, 0, 2, 2.5], "texture": "#2"},
				"west": {"uv": [0, 0, 16, 2.5], "texture": "#2"},
				"up": {"uv": [0, 0, 2, 16], "texture": "#2"},
				"down": {"uv": [0, 0, 2, 16], "texture": "#2"}
			}
		},
		{
			"from": [19.25, 6.3, 2.45],
			"to": [19.55, 6.6, 8.45],
			"rotation": {"angle": 0, "axis": "y", "origin": [29.45, 18.3, -0.55]},
			"faces": {
				"north": {"uv": [0, 0, 2, 2.5], "texture": "#2"},
				"east": {"uv": [0, 0, 16, 2.5], "texture": "#2"},
				"south": {"uv": [0, 0, 2, 2.5], "texture": "#2"},
				"west": {"uv": [0, 0, 16, 2.5], "texture": "#2"},
				"up": {"uv": [0, 0, 2, 16], "texture": "#2"},
				"down": {"uv": [0, 0, 2, 16], "texture": "#2"}
			}
		},
		{
			"from": [19.1, 8.55, -3.4],
			"to": [19.4, 8.85, 2.6],
			"rotation": {"angle": 0, "axis": "y", "origin": [29.3, 20.55, -6.4]},
			"faces": {
				"north": {"uv": [0, 0, 2, 2.5], "texture": "#2"},
				"east": {"uv": [0, 0, 16, 2.5], "texture": "#2"},
				"south": {"uv": [0, 0, 2, 2.5], "texture": "#2"},
				"west": {"uv": [0, 0, 16, 2.5], "texture": "#2"},
				"up": {"uv": [0, 0, 2, 16], "texture": "#2"},
				"down": {"uv": [0, 0, 2, 16], "texture": "#2"}
			}
		},
		{
			"from": [19.1, 6.45, -3.4],
			"to": [19.4, 6.75, 2.6],
			"rotation": {"angle": 0, "axis": "y", "origin": [29.3, 18.45, -6.4]},
			"faces": {
				"north": {"uv": [0, 0, 2, 2.5], "texture": "#2"},
				"east": {"uv": [0, 0, 16, 2.5], "texture": "#2"},
				"south": {"uv": [0, 0, 2, 2.5], "texture": "#2"},
				"west": {"uv": [0, 0, 16, 2.5], "texture": "#2"},
				"up": {"uv": [0, 0, 2, 16], "texture": "#2"},
				"down": {"uv": [0, 0, 2, 16], "texture": "#2"}
			}
		},
		{
			"from": [0.43916, 0, -7.66084],
			"to": [15.43916, 3, -2.71084],
			"rotation": {"angle": 0, "axis": "y", "origin": [7.93916, 12, 23.68916]},
			"faces": {
				"north": {"uv": [0, 0, 10, 3.5], "texture": "#0"},
				"east": {"uv": [0, 0, 3, 3.5], "texture": "#0"},
				"south": {"uv": [0, 0, 10, 3.5], "texture": "#0"},
				"west": {"uv": [0, 0, 3, 3.5], "texture": "#0"},
				"up": {"uv": [0, 0, 10, 3], "texture": "#0"},
				"down": {"uv": [0, 0, 10, 3], "texture": "#0"}
			}
		},
		{
			"from": [0.43916, 3, -7.66084],
			"to": [15.43916, 5.85, -3.16084],
			"rotation": {"angle": 0, "axis": "y", "origin": [7.93916, 15, 23.83916]},
			"faces": {
				"north": {"uv": [0, 0, 10, 3.5], "texture": "#1"},
				"east": {"uv": [0, 0, 3, 3.5], "texture": "#1"},
				"south": {"uv": [0, 0, 10, 3.5], "texture": "#1"},
				"west": {"uv": [0, 0, 3, 3.5], "texture": "#1"},
				"up": {"uv": [0, 0, 10, 3], "texture": "#1"},
				"down": {"uv": [0, 0, 10, 3], "texture": "#1"}
			}
		},
		{
			"from": [14.6, 5.1, -6.55],
			"to": [16.1, 10.5, -5.05],
			"rotation": {"angle": 0, "axis": "y", "origin": [8.6, 18.75, 24.95]},
			"faces": {
				"north": {"uv": [0, 0, 10, 3.5], "texture": "#1"},
				"east": {"uv": [0, 0, 3, 3.5], "texture": "#1"},
				"south": {"uv": [0, 0, 10, 3.5], "texture": "#1"},
				"west": {"uv": [0, 0, 3, 3.5], "texture": "#1"},
				"up": {"uv": [0, 0, 10, 3], "texture": "#1"},
				"down": {"uv": [0, 0, 10, 3], "texture": "#1"}
			}
		},
		{
			"from": [-0.25, 5.1, -6.55],
			"to": [1.25, 10.5, -5.05],
			"rotation": {"angle": 0, "axis": "y", "origin": [-6.25, 18.75, 24.95]},
			"faces": {
				"north": {"uv": [0, 0, 10, 3.5], "texture": "#1"},
				"east": {"uv": [0, 0, 3, 3.5], "texture": "#1"},
				"south": {"uv": [0, 0, 10, 3.5], "texture": "#1"},
				"west": {"uv": [0, 0, 3, 3.5], "texture": "#1"},
				"up": {"uv": [0, 0, 10, 3], "texture": "#1"},
				"down": {"uv": [0, 0, 10, 3], "texture": "#1"}
			}
		},
		{
			"from": [9.99265, 11.22792, -6.55],
			"to": [11.49265, 13.32792, -5.05],
			"rotation": {"angle": -45, "axis": "z", "origin": [3.99264, 23.22792, 24.95]},
			"faces": {
				"north": {"uv": [0, 0, 10, 3.5], "texture": "#1"},
				"east": {"uv": [0, 0, 3, 3.5], "texture": "#1"},
				"south": {"uv": [0, 0, 10, 3.5], "texture": "#1"},
				"west": {"uv": [0, 0, 3, 3.5], "texture": "#1"},
				"up": {"uv": [0, 0, 10, 3], "texture": "#1"},
				"down": {"uv": [0, 0, 10, 3], "texture": "#1"}
			}
		},
		{
			"from": [15.34299, 0.24228, -6.55],
			"to": [17.443, 1.74228, -5.05],
			"rotation": {"angle": -45, "axis": "z", "origin": [27.343, 7.74228, 24.95]},
			"faces": {
				"north": {"uv": [0, 0, 10, 3.5], "rotation": 270, "texture": "#1"},
				"east": {"uv": [0, 0, 10, 3], "rotation": 90, "texture": "#1"},
				"south": {"uv": [0, 0, 10, 3.5], "rotation": 90, "texture": "#1"},
				"west": {"uv": [0, 0, 10, 3], "rotation": 90, "texture": "#1"},
				"up": {"uv": [0, 0, 3, 3.5], "rotation": 90, "texture": "#1"},
				"down": {"uv": [0, 0, 3, 3.5], "rotation": 90, "texture": "#1"}
			}
		},
		{
			"from": [1.25, 5.1, -6.7],
			"to": [14.6, 12, -4.9],
			"rotation": {"angle": 0, "axis": "y", "origin": [-3.4, 18.75, 24.95]},
			"faces": {
				"north": {"uv": [0, 0, 10, 3.5], "texture": "#0"},
				"east": {"uv": [0, 0, 3, 3.5], "texture": "#0"},
				"south": {"uv": [0, 0, 10, 3.5], "texture": "#0"},
				"west": {"uv": [0, 0, 3, 3.5], "texture": "#0"},
				"up": {"uv": [0, 0, 10, 3], "texture": "#0"},
				"down": {"uv": [0, 0, 10, 3], "texture": "#0"}
			}
		},
		{
			"from": [-3.14577, 0, -7.40606],
			"to": [-0.14577, 3, -0.95607],
			"rotation": {"angle": -45, "axis": "y", "origin": [-1.04576, 0.75, -3.20607]},
			"faces": {
				"north": {"uv": [0, 0, 2.1, 3.5], "texture": "#0"},
				"east": {"uv": [0, 0, 4.3, 3.5], "texture": "#0"},
				"south": {"uv": [0, 0, 2.1, 3.5], "texture": "#0"},
				"west": {"uv": [0, 0, 4.3, 3.5], "texture": "#0"},
				"up": {"uv": [0, 0, 2.1, 4.3], "texture": "#0"},
				"down": {"uv": [0, 0, 2.1, 4.3], "texture": "#0"}
			}
		},
		{
			"from": [-3.1897, 3, -7.3],
			"to": [-0.0397, 5.85, -0.85],
			"rotation": {"angle": -45, "axis": "y", "origin": [-0.9397, 3.75, -3.1]},
			"faces": {
				"north": {"uv": [0, 0, 2.1, 3.5], "texture": "#1"},
				"east": {"uv": [0, 0, 4.3, 3.5], "texture": "#1"},
				"south": {"uv": [0, 0, 2.1, 3.5], "texture": "#1"},
				"west": {"uv": [0, 0, 4.3, 3.5], "texture": "#1"},
				"up": {"uv": [0, 0, 2.1, 4.3], "texture": "#1"},
				"down": {"uv": [0, 0, 2.1, 4.3], "texture": "#1"}
			}
		},
		{
			"from": [13.27703, 0, -6.94099],
			"to": [19.72703, 3, -3.79099],
			"rotation": {"angle": -45, "axis": "y", "origin": [15.22703, 0.75, -4.69099]},
			"faces": {
				"north": {"uv": [0, 0, 4.3, 3.5], "texture": "#0"},
				"east": {"uv": [0, 0, 2.1, 3.5], "texture": "#0"},
				"south": {"uv": [0, 0, 4.3, 3.5], "texture": "#0"},
				"west": {"uv": [0, 0, 2.1, 3.5], "texture": "#0"},
				"up": {"uv": [0, 0, 2.1, 4.3], "rotation": 90, "texture": "#0"},
				"down": {"uv": [0, 0, 2.1, 4.3], "rotation": 270, "texture": "#0"}
			}
		},
		{
			"from": [13.18916, 3, -6.72886],
			"to": [19.63916, 5.85, -3.57886],
			"rotation": {"angle": -45, "axis": "y", "origin": [15.43916, 3.75, -4.47886]},
			"faces": {
				"north": {"uv": [0, 0, 4.3, 3.5], "texture": "#1"},
				"east": {"uv": [0, 0, 2.1, 3.5], "texture": "#1"},
				"south": {"uv": [0, 0, 4.3, 3.5], "texture": "#1"},
				"west": {"uv": [0, 0, 2.1, 3.5], "texture": "#1"},
				"up": {"uv": [0, 0, 2.1, 4.3], "rotation": 90, "texture": "#1"},
				"down": {"uv": [0, 0, 2.1, 4.3], "rotation": 270, "texture": "#1"}
			}
		},
		{
			"from": [-4.42297, 3.3, -3.25],
			"to": [-3.22297, 3.9, 23.45],
			"rotation": {"angle": 0, "axis": "y", "origin": [-7.42297, 14.7, 71.45]},
			"faces": {
				"north": {"uv": [0, 0, 1, 2.5], "texture": "#6"},
				"east": {"uv": [0, 0, 2, 2.5], "texture": "#6"},
				"south": {"uv": [0, 0, 1, 2.5], "texture": "#6"},
				"west": {"uv": [0, 0, 2, 2.5], "texture": "#6"},
				"up": {"uv": [0, 0, 1, 2], "texture": "#6"},
				"down": {"uv": [0, 0, 1, 2], "texture": "#6"}
			}
		},
		{
			"from": [-4.42297, 4.2, -3.25],
			"to": [-3.22297, 5.4, 23.45],
			"rotation": {"angle": 0, "axis": "y", "origin": [-7.42297, 15.6, 71.45]},
			"faces": {
				"north": {"uv": [0, 0, 1, 2.5], "texture": "#7"},
				"east": {"uv": [0, 0, 2, 2.5], "texture": "#7"},
				"south": {"uv": [0, 0, 1, 2.5], "texture": "#7"},
				"west": {"uv": [0, 0, 2, 2.5], "texture": "#7"},
				"up": {"uv": [0, 0, 1, 2], "texture": "#7"},
				"down": {"uv": [0, 0, 1, 2], "texture": "#7"}
			}
		},
		{
			"from": [0.13916, 3.3, -7.81084],
			"to": [15.58916, 3.9, -7.51084],
			"rotation": {"angle": 0, "axis": "y", "origin": [-7.21084, 14.7, 66.88916]},
			"faces": {
				"north": {"uv": [0, 0, 1, 2.5], "texture": "#6"},
				"east": {"uv": [0, 0, 2, 2.5], "texture": "#6"},
				"south": {"uv": [0, 0, 1, 2.5], "texture": "#6"},
				"west": {"uv": [0, 0, 2, 2.5], "texture": "#6"},
				"up": {"uv": [0, 0, 1, 2], "texture": "#6"},
				"down": {"uv": [0, 0, 1, 2], "texture": "#6"}
			}
		},
		{
			"from": [0.13916, 4.2, -7.81084],
			"to": [15.58916, 5.4, -7.51084],
			"rotation": {"angle": 0, "axis": "y", "origin": [-7.21084, 15.6, 66.88916]},
			"faces": {
				"north": {"uv": [0, 0, 1, 2.5], "texture": "#7"},
				"east": {"uv": [0, 0, 2, 2.5], "texture": "#7"},
				"south": {"uv": [0, 0, 1, 2.5], "texture": "#7"},
				"west": {"uv": [0, 0, 2, 2.5], "texture": "#7"},
				"up": {"uv": [0, 0, 1, 2], "texture": "#7"},
				"down": {"uv": [0, 0, 1, 2], "texture": "#7"}
			}
		},
		{
			"from": [14.84605, 3.3, -6.31681],
			"to": [21.29605, 3.9, -6.01681],
			"rotation": {"angle": -45, "axis": "y", "origin": [17.02105, 3.6, -6.16681]},
			"faces": {
				"north": {"uv": [0, 0, 1, 2.5], "texture": "#6"},
				"east": {"uv": [0, 0, 2, 2.5], "texture": "#6"},
				"south": {"uv": [0, 0, 1, 2.5], "texture": "#6"},
				"west": {"uv": [0, 0, 2, 2.5], "texture": "#6"},
				"up": {"uv": [0, 0, 1, 2], "texture": "#6"},
				"down": {"uv": [0, 0, 1, 2], "texture": "#6"}
			}
		},
		{
			"from": [14.84605, 4.2, -6.31681],
			"to": [21.29605, 5.4, -6.01681],
			"rotation": {"angle": -45, "axis": "y", "origin": [17.02105, 4.5, -6.16681]},
			"faces": {
				"north": {"uv": [0, 0, 1, 2.5], "texture": "#7"},
				"east": {"uv": [0, 0, 2, 2.5], "texture": "#7"},
				"south": {"uv": [0, 0, 1, 2.5], "texture": "#7"},
				"west": {"uv": [0, 0, 2, 2.5], "texture": "#7"},
				"up": {"uv": [0, 0, 1, 2], "texture": "#7"},
				"down": {"uv": [0, 0, 1, 2], "texture": "#7"}
			}
		},
		{
			"from": [-1.76746, 3.3, -8.5],
			"to": [-1.61746, 3.9, -2.05],
			"rotation": {"angle": -45, "axis": "y", "origin": [-1.66369, 4.2, -5.79481]},
			"faces": {
				"north": {"uv": [0, 0, 2, 2.5], "texture": "#6"},
				"east": {"uv": [0, 0, 1, 2.5], "texture": "#6"},
				"south": {"uv": [0, 0, 2, 2.5], "texture": "#6"},
				"west": {"uv": [0, 0, 1, 2.5], "texture": "#6"},
				"up": {"uv": [0, 0, 1, 2], "rotation": 90, "texture": "#6"},
				"down": {"uv": [0, 0, 1, 2], "rotation": 270, "texture": "#6"}
			}
		},
		{
			"from": [-1.78494, 4.2, -8.5],
			"to": [-1.48493, 5.4, -2.05],
			"rotation": {"angle": -45, "axis": "y", "origin": [-1.66369, 4.2, -5.79481]},
			"faces": {
				"north": {"uv": [0, 0, 2, 2.5], "texture": "#7"},
				"east": {"uv": [0, 0, 1, 2.5], "texture": "#7"},
				"south": {"uv": [0, 0, 2, 2.5], "texture": "#7"},
				"west": {"uv": [0, 0, 1, 2.5], "texture": "#7"},
				"up": {"uv": [0, 0, 1, 2], "rotation": 90, "texture": "#7"},
				"down": {"uv": [0, 0, 1, 2], "rotation": 270, "texture": "#7"}
			}
		},
		{
			"from": [19.25, 3.3, -3.25],
			"to": [20.15, 3.9, 23.45],
			"rotation": {"angle": 0, "axis": "y", "origin": [16.25, 14.7, 71.45]},
			"faces": {
				"north": {"uv": [0, 0, 1, 2.5], "texture": "#6"},
				"east": {"uv": [0, 0, 2, 2.5], "texture": "#6"},
				"south": {"uv": [0, 0, 1, 2.5], "texture": "#6"},
				"west": {"uv": [0, 0, 2, 2.5], "texture": "#6"},
				"up": {"uv": [0, 0, 1, 2], "texture": "#6"},
				"down": {"uv": [0, 0, 1, 2], "texture": "#6"}
			}
		},
		{
			"from": [19.25, 4.2, -3.25],
			"to": [20.15, 5.4, 23.45],
			"rotation": {"angle": 0, "axis": "y", "origin": [16.25, 15.6, 71.45]},
			"faces": {
				"north": {"uv": [0, 0, 1, 2.5], "texture": "#7"},
				"east": {"uv": [0, 0, 2, 2.5], "texture": "#7"},
				"south": {"uv": [0, 0, 1, 2.5], "texture": "#7"},
				"west": {"uv": [0, 0, 2, 2.5], "texture": "#7"},
				"up": {"uv": [0, 0, 1, 2], "texture": "#7"},
				"down": {"uv": [0, 0, 1, 2], "texture": "#7"}
			}
		},
		{
			"name": "hexadecagon",
			"from": [-2.79919, 5.25, -4],
			"to": [-2.50081, 23.25, -2.5],
			"rotation": {"angle": -45, "axis": "y", "origin": [-2.65, 6, -3.25]},
			"faces": {
				"north": {"uv": [0, 0, 1, 1], "texture": "#2"},
				"east": {"uv": [0, 0, 1, 1], "texture": "#2"},
				"south": {"uv": [0, 0, 1, 1], "texture": "#2"},
				"west": {"uv": [0, 0, 1, 1], "texture": "#2"},
				"up": {"uv": [0, 0, 1, 1], "texture": "#2"},
				"down": {"uv": [0, 0, 1, 1], "texture": "#2"}
			}
		},
		{
			"name": "hexadecagon",
			"from": [-2.79919, 5.25, -4],
			"to": [-2.50081, 23.25, -2.5],
			"rotation": {"angle": -22.5, "axis": "y", "origin": [-2.65, 6, -3.25]},
			"faces": {
				"north": {"uv": [0, 0, 1, 1], "texture": "#2"},
				"east": {"uv": [0, 0, 1, 1], "texture": "#2"},
				"south": {"uv": [0, 0, 1, 1], "texture": "#2"},
				"west": {"uv": [0, 0, 1, 1], "texture": "#2"},
				"up": {"uv": [0, 0, 1, 1], "texture": "#2"},
				"down": {"uv": [0, 0, 1, 1], "texture": "#2"}
			}
		},
		{
			"name": "hexadecagon",
			"from": [-2.79919, 5.25, -4],
			"to": [-2.50081, 23.25, -2.5],
			"rotation": {"angle": 0, "axis": "y", "origin": [-2.65, 6, -3.25]},
			"faces": {
				"north": {"uv": [0, 0, 1, 1], "texture": "#2"},
				"east": {"uv": [0, 0, 1, 1], "texture": "#2"},
				"south": {"uv": [0, 0, 1, 1], "texture": "#2"},
				"west": {"uv": [0, 0, 1, 1], "texture": "#2"},
				"up": {"uv": [0, 0, 1, 1], "texture": "#2"},
				"down": {"uv": [0, 0, 1, 1], "texture": "#2"}
			}
		},
		{
			"name": "hexadecagon",
			"from": [-2.79919, 5.25, -4],
			"to": [-2.50081, 23.25, -2.5],
			"rotation": {"angle": 22.5, "axis": "y", "origin": [-2.65, 6, -3.25]},
			"faces": {
				"north": {"uv": [0, 0, 1, 1], "texture": "#2"},
				"east": {"uv": [0, 0, 1, 1], "texture": "#2"},
				"south": {"uv": [0, 0, 1, 1], "texture": "#2"},
				"west": {"uv": [0, 0, 1, 1], "texture": "#2"},
				"up": {"uv": [0, 0, 1, 1], "texture": "#2"},
				"down": {"uv": [0, 0, 1, 1], "texture": "#2"}
			}
		},
		{
			"name": "hexadecagon",
			"from": [-2.79919, 5.25, -4],
			"to": [-2.50081, 23.25, -2.5],
			"rotation": {"angle": 45, "axis": "y", "origin": [-2.65, 6, -3.25]},
			"faces": {
				"north": {"uv": [0, 0, 1, 1], "texture": "#2"},
				"east": {"uv": [0, 0, 1, 1], "texture": "#2"},
				"south": {"uv": [0, 0, 1, 1], "texture": "#2"},
				"west": {"uv": [0, 0, 1, 1], "texture": "#2"},
				"up": {"uv": [0, 0, 1, 1], "texture": "#2"},
				"down": {"uv": [0, 0, 1, 1], "texture": "#2"}
			}
		},
		{
			"name": "hexadecagon",
			"from": [-3.4, 5.25, -3.39919],
			"to": [-1.9, 23.25, -3.10081],
			"rotation": {"angle": -22.5, "axis": "y", "origin": [-2.65, 6, -3.25]},
			"faces": {
				"north": {"uv": [0, 0, 1, 1], "texture": "#2"},
				"east": {"uv": [0, 0, 1, 1], "texture": "#2"},
				"south": {"uv": [0, 0, 1, 1], "texture": "#2"},
				"west": {"uv": [0, 0, 1, 1], "texture": "#2"},
				"up": {"uv": [0, 0, 1, 1], "texture": "#2"},
				"down": {"uv": [0, 0, 1, 1], "texture": "#2"}
			}
		},
		{
			"name": "hexadecagon",
			"from": [-3.4, 5.25, -3.39919],
			"to": [-1.9, 23.25, -3.10081],
			"rotation": {"angle": 0, "axis": "y", "origin": [-2.65, 6, -3.25]},
			"faces": {
				"north": {"uv": [0, 0, 1, 1], "texture": "#2"},
				"east": {"uv": [0, 0, 1, 1], "texture": "#2"},
				"south": {"uv": [0, 0, 1, 1], "texture": "#2"},
				"west": {"uv": [0, 0, 1, 1], "texture": "#2"},
				"up": {"uv": [0, 0, 1, 1], "texture": "#2"},
				"down": {"uv": [0, 0, 1, 1], "texture": "#2"}
			}
		},
		{
			"name": "hexadecagon",
			"from": [-3.4, 5.25, -3.39919],
			"to": [-1.9, 23.25, -3.10081],
			"rotation": {"angle": 22.5, "axis": "y", "origin": [-2.65, 6, -3.25]},
			"faces": {
				"north": {"uv": [0, 0, 1, 1], "texture": "#2"},
				"east": {"uv": [0, 0, 1, 1], "texture": "#2"},
				"south": {"uv": [0, 0, 1, 1], "texture": "#2"},
				"west": {"uv": [0, 0, 1, 1], "texture": "#2"},
				"up": {"uv": [0, 0, 1, 1], "texture": "#2"},
				"down": {"uv": [0, 0, 1, 1], "texture": "#2"}
			}
		},
		{
			"name": "hexadecagon",
			"from": [18.50081, 5.25, 19.1],
			"to": [18.79919, 23.25, 20.6],
			"rotation": {"angle": -45, "axis": "y", "origin": [18.65, 6, 19.85]},
			"faces": {
				"north": {"uv": [0, 0, 1, 1], "texture": "#2"},
				"east": {"uv": [0, 0, 1, 1], "texture": "#2"},
				"south": {"uv": [0, 0, 1, 1], "texture": "#2"},
				"west": {"uv": [0, 0, 1, 1], "texture": "#2"},
				"up": {"uv": [0, 0, 1, 1], "texture": "#2"},
				"down": {"uv": [0, 0, 1, 1], "texture": "#2"}
			}
		},
		{
			"name": "hexadecagon",
			"from": [-2.79919, 5.25, 19.1],
			"to": [-2.50081, 23.25, 20.6],
			"rotation": {"angle": -45, "axis": "y", "origin": [-2.65, 6, 19.85]},
			"faces": {
				"north": {"uv": [0, 0, 1, 1], "texture": "#2"},
				"east": {"uv": [0, 0, 1, 1], "texture": "#2"},
				"south": {"uv": [0, 0, 1, 1], "texture": "#2"},
				"west": {"uv": [0, 0, 1, 1], "texture": "#2"},
				"up": {"uv": [0, 0, 1, 1], "texture": "#2"},
				"down": {"uv": [0, 0, 1, 1], "texture": "#2"}
			}
		},
		{
			"name": "hexadecagon",
			"from": [18.50081, 5.25, -4],
			"to": [18.79919, 23.25, -2.5],
			"rotation": {"angle": -45, "axis": "y", "origin": [18.65, 6, -3.25]},
			"faces": {
				"north": {"uv": [0, 0, 1, 1], "texture": "#2"},
				"east": {"uv": [0, 0, 1, 1], "texture": "#2"},
				"south": {"uv": [0, 0, 1, 1], "texture": "#2"},
				"west": {"uv": [0, 0, 1, 1], "texture": "#2"},
				"up": {"uv": [0, 0, 1, 1], "texture": "#2"},
				"down": {"uv": [0, 0, 1, 1], "texture": "#2"}
			}
		},
		{
			"name": "hexadecagon",
			"from": [18.50081, 5.25, 19.1],
			"to": [18.79919, 23.25, 20.6],
			"rotation": {"angle": -22.5, "axis": "y", "origin": [18.65, 6, 19.85]},
			"faces": {
				"north": {"uv": [0, 0, 1, 1], "texture": "#2"},
				"east": {"uv": [0, 0, 1, 1], "texture": "#2"},
				"south": {"uv": [0, 0, 1, 1], "texture": "#2"},
				"west": {"uv": [0, 0, 1, 1], "texture": "#2"},
				"up": {"uv": [0, 0, 1, 1], "texture": "#2"},
				"down": {"uv": [0, 0, 1, 1], "texture": "#2"}
			}
		},
		{
			"name": "hexadecagon",
			"from": [-2.79919, 5.25, 19.1],
			"to": [-2.50081, 23.25, 20.6],
			"rotation": {"angle": -22.5, "axis": "y", "origin": [-2.65, 6, 19.85]},
			"faces": {
				"north": {"uv": [0, 0, 1, 1], "texture": "#2"},
				"east": {"uv": [0, 0, 1, 1], "texture": "#2"},
				"south": {"uv": [0, 0, 1, 1], "texture": "#2"},
				"west": {"uv": [0, 0, 1, 1], "texture": "#2"},
				"up": {"uv": [0, 0, 1, 1], "texture": "#2"},
				"down": {"uv": [0, 0, 1, 1], "texture": "#2"}
			}
		},
		{
			"name": "hexadecagon",
			"from": [18.50081, 5.25, -4],
			"to": [18.79919, 23.25, -2.5],
			"rotation": {"angle": -22.5, "axis": "y", "origin": [18.65, 6, -3.25]},
			"faces": {
				"north": {"uv": [0, 0, 1, 1], "texture": "#2"},
				"east": {"uv": [0, 0, 1, 1], "texture": "#2"},
				"south": {"uv": [0, 0, 1, 1], "texture": "#2"},
				"west": {"uv": [0, 0, 1, 1], "texture": "#2"},
				"up": {"uv": [0, 0, 1, 1], "texture": "#2"},
				"down": {"uv": [0, 0, 1, 1], "texture": "#2"}
			}
		},
		{
			"name": "hexadecagon",
			"from": [18.50081, 5.25, 19.1],
			"to": [18.79919, 23.25, 20.6],
			"rotation": {"angle": 0, "axis": "y", "origin": [18.65, 6, 19.85]},
			"faces": {
				"north": {"uv": [0, 0, 1, 1], "texture": "#2"},
				"east": {"uv": [0, 0, 1, 1], "texture": "#2"},
				"south": {"uv": [0, 0, 1, 1], "texture": "#2"},
				"west": {"uv": [0, 0, 1, 1], "texture": "#2"},
				"up": {"uv": [0, 0, 1, 1], "texture": "#2"},
				"down": {"uv": [0, 0, 1, 1], "texture": "#2"}
			}
		},
		{
			"name": "hexadecagon",
			"from": [-2.79919, 5.25, 19.1],
			"to": [-2.50081, 23.25, 20.6],
			"rotation": {"angle": 0, "axis": "y", "origin": [-2.65, 6, 19.85]},
			"faces": {
				"north": {"uv": [0, 0, 1, 1], "texture": "#2"},
				"east": {"uv": [0, 0, 1, 1], "texture": "#2"},
				"south": {"uv": [0, 0, 1, 1], "texture": "#2"},
				"west": {"uv": [0, 0, 1, 1], "texture": "#2"},
				"up": {"uv": [0, 0, 1, 1], "texture": "#2"},
				"down": {"uv": [0, 0, 1, 1], "texture": "#2"}
			}
		},
		{
			"name": "hexadecagon",
			"from": [18.50081, 5.25, -4],
			"to": [18.79919, 23.25, -2.5],
			"rotation": {"angle": 0, "axis": "y", "origin": [18.65, 6, -3.25]},
			"faces": {
				"north": {"uv": [0, 0, 1, 1], "texture": "#2"},
				"east": {"uv": [0, 0, 1, 1], "texture": "#2"},
				"south": {"uv": [0, 0, 1, 1], "texture": "#2"},
				"west": {"uv": [0, 0, 1, 1], "texture": "#2"},
				"up": {"uv": [0, 0, 1, 1], "texture": "#2"},
				"down": {"uv": [0, 0, 1, 1], "texture": "#2"}
			}
		},
		{
			"name": "hexadecagon",
			"from": [18.50081, 5.25, 19.1],
			"to": [18.79919, 23.25, 20.6],
			"rotation": {"angle": 22.5, "axis": "y", "origin": [18.65, 6, 19.85]},
			"faces": {
				"north": {"uv": [0, 0, 1, 1], "texture": "#2"},
				"east": {"uv": [0, 0, 1, 1], "texture": "#2"},
				"south": {"uv": [0, 0, 1, 1], "texture": "#2"},
				"west": {"uv": [0, 0, 1, 1], "texture": "#2"},
				"up": {"uv": [0, 0, 1, 1], "texture": "#2"},
				"down": {"uv": [0, 0, 1, 1], "texture": "#2"}
			}
		},
		{
			"name": "hexadecagon",
			"from": [-2.79919, 5.25, 19.1],
			"to": [-2.50081, 23.25, 20.6],
			"rotation": {"angle": 22.5, "axis": "y", "origin": [-2.65, 6, 19.85]},
			"faces": {
				"north": {"uv": [0, 0, 1, 1], "texture": "#2"},
				"east": {"uv": [0, 0, 1, 1], "texture": "#2"},
				"south": {"uv": [0, 0, 1, 1], "texture": "#2"},
				"west": {"uv": [0, 0, 1, 1], "texture": "#2"},
				"up": {"uv": [0, 0, 1, 1], "texture": "#2"},
				"down": {"uv": [0, 0, 1, 1], "texture": "#2"}
			}
		},
		{
			"name": "hexadecagon",
			"from": [18.50081, 5.25, -4],
			"to": [18.79919, 23.25, -2.5],
			"rotation": {"angle": 22.5, "axis": "y", "origin": [18.65, 6, -3.25]},
			"faces": {
				"north": {"uv": [0, 0, 1, 1], "texture": "#2"},
				"east": {"uv": [0, 0, 1, 1], "texture": "#2"},
				"south": {"uv": [0, 0, 1, 1], "texture": "#2"},
				"west": {"uv": [0, 0, 1, 1], "texture": "#2"},
				"up": {"uv": [0, 0, 1, 1], "texture": "#2"},
				"down": {"uv": [0, 0, 1, 1], "texture": "#2"}
			}
		},
		{
			"name": "hexadecagon",
			"from": [18.50081, 5.25, -4],
			"to": [18.79919, 23.25, -2.5],
			"rotation": {"angle": 45, "axis": "y", "origin": [18.65, 6, -3.25]},
			"faces": {
				"north": {"uv": [0, 0, 1, 1], "texture": "#2"},
				"east": {"uv": [0, 0, 1, 1], "texture": "#2"},
				"south": {"uv": [0, 0, 1, 1], "texture": "#2"},
				"west": {"uv": [0, 0, 1, 1], "texture": "#2"},
				"up": {"uv": [0, 0, 1, 1], "texture": "#2"},
				"down": {"uv": [0, 0, 1, 1], "texture": "#2"}
			}
		},
		{
			"name": "hexadecagon",
			"from": [17.9, 5.25, 19.70081],
			"to": [19.4, 23.25, 19.99919],
			"rotation": {"angle": -22.5, "axis": "y", "origin": [18.65, 6, 19.85]},
			"faces": {
				"north": {"uv": [0, 0, 1, 1], "texture": "#2"},
				"east": {"uv": [0, 0, 1, 1], "texture": "#2"},
				"south": {"uv": [0, 0, 1, 1], "texture": "#2"},
				"west": {"uv": [0, 0, 1, 1], "texture": "#2"},
				"up": {"uv": [0, 0, 1, 1], "texture": "#2"},
				"down": {"uv": [0, 0, 1, 1], "texture": "#2"}
			}
		},
		{
			"name": "hexadecagon",
			"from": [-3.4, 5.25, 19.70081],
			"to": [-1.9, 23.25, 19.99919],
			"rotation": {"angle": -22.5, "axis": "y", "origin": [-2.65, 6, 19.85]},
			"faces": {
				"north": {"uv": [0, 0, 1, 1], "texture": "#2"},
				"east": {"uv": [0, 0, 1, 1], "texture": "#2"},
				"south": {"uv": [0, 0, 1, 1], "texture": "#2"},
				"west": {"uv": [0, 0, 1, 1], "texture": "#2"},
				"up": {"uv": [0, 0, 1, 1], "texture": "#2"},
				"down": {"uv": [0, 0, 1, 1], "texture": "#2"}
			}
		},
		{
			"name": "hexadecagon",
			"from": [17.9, 5.25, -3.39919],
			"to": [19.4, 23.25, -3.10081],
			"rotation": {"angle": -22.5, "axis": "y", "origin": [18.65, 6, -3.25]},
			"faces": {
				"north": {"uv": [0, 0, 1, 1], "texture": "#2"},
				"east": {"uv": [0, 0, 1, 1], "texture": "#2"},
				"south": {"uv": [0, 0, 1, 1], "texture": "#2"},
				"west": {"uv": [0, 0, 1, 1], "texture": "#2"},
				"up": {"uv": [0, 0, 1, 1], "texture": "#2"},
				"down": {"uv": [0, 0, 1, 1], "texture": "#2"}
			}
		},
		{
			"name": "hexadecagon",
			"from": [17.9, 5.25, 19.70081],
			"to": [19.4, 23.25, 19.99919],
			"rotation": {"angle": 0, "axis": "y", "origin": [18.65, 6, 19.85]},
			"faces": {
				"north": {"uv": [0, 0, 1, 1], "texture": "#2"},
				"east": {"uv": [0, 0, 1, 1], "texture": "#2"},
				"south": {"uv": [0, 0, 1, 1], "texture": "#2"},
				"west": {"uv": [0, 0, 1, 1], "texture": "#2"},
				"up": {"uv": [0, 0, 1, 1], "texture": "#2"},
				"down": {"uv": [0, 0, 1, 1], "texture": "#2"}
			}
		},
		{
			"name": "hexadecagon",
			"from": [-3.4, 5.25, 19.70081],
			"to": [-1.9, 23.25, 19.99919],
			"rotation": {"angle": 0, "axis": "y", "origin": [-2.65, 6, 19.85]},
			"faces": {
				"north": {"uv": [0, 0, 1, 1], "texture": "#2"},
				"east": {"uv": [0, 0, 1, 1], "texture": "#2"},
				"south": {"uv": [0, 0, 1, 1], "texture": "#2"},
				"west": {"uv": [0, 0, 1, 1], "texture": "#2"},
				"up": {"uv": [0, 0, 1, 1], "texture": "#2"},
				"down": {"uv": [0, 0, 1, 1], "texture": "#2"}
			}
		},
		{
			"name": "hexadecagon",
			"from": [17.9, 5.25, -3.39919],
			"to": [19.4, 23.25, -3.10081],
			"rotation": {"angle": 0, "axis": "y", "origin": [18.65, 6, -3.25]},
			"faces": {
				"north": {"uv": [0, 0, 1, 1], "texture": "#2"},
				"east": {"uv": [0, 0, 1, 1], "texture": "#2"},
				"south": {"uv": [0, 0, 1, 1], "texture": "#2"},
				"west": {"uv": [0, 0, 1, 1], "texture": "#2"},
				"up": {"uv": [0, 0, 1, 1], "texture": "#2"},
				"down": {"uv": [0, 0, 1, 1], "texture": "#2"}
			}
		},
		{
			"name": "hexadecagon",
			"from": [17.9, 5.25, 19.70081],
			"to": [19.4, 23.25, 19.99919],
			"rotation": {"angle": 22.5, "axis": "y", "origin": [18.65, 6, 19.85]},
			"faces": {
				"north": {"uv": [0, 0, 1, 1], "texture": "#2"},
				"east": {"uv": [0, 0, 1, 1], "texture": "#2"},
				"south": {"uv": [0, 0, 1, 1], "texture": "#2"},
				"west": {"uv": [0, 0, 1, 1], "texture": "#2"},
				"up": {"uv": [0, 0, 1, 1], "texture": "#2"},
				"down": {"uv": [0, 0, 1, 1], "texture": "#2"}
			}
		},
		{
			"name": "hexadecagon",
			"from": [-3.4, 5.25, 19.70081],
			"to": [-1.9, 23.25, 19.99919],
			"rotation": {"angle": 22.5, "axis": "y", "origin": [-2.65, 6, 19.85]},
			"faces": {
				"north": {"uv": [0, 0, 1, 1], "texture": "#2"},
				"east": {"uv": [0, 0, 1, 1], "texture": "#2"},
				"south": {"uv": [0, 0, 1, 1], "texture": "#2"},
				"west": {"uv": [0, 0, 1, 1], "texture": "#2"},
				"up": {"uv": [0, 0, 1, 1], "texture": "#2"},
				"down": {"uv": [0, 0, 1, 1], "texture": "#2"}
			}
		},
		{
			"name": "hexadecagon",
			"from": [17.9, 5.25, -3.39919],
			"to": [19.4, 23.25, -3.10081],
			"rotation": {"angle": 22.5, "axis": "y", "origin": [18.65, 6, -3.25]},
			"faces": {
				"north": {"uv": [0, 0, 1, 1], "texture": "#2"},
				"east": {"uv": [0, 0, 1, 1], "texture": "#2"},
				"south": {"uv": [0, 0, 1, 1], "texture": "#2"},
				"west": {"uv": [0, 0, 1, 1], "texture": "#2"},
				"up": {"uv": [0, 0, 1, 1], "texture": "#2"},
				"down": {"uv": [0, 0, 1, 1], "texture": "#2"}
			}
		},
		{
			"from": [-0.85, 2.85, -0.85],
			"to": [16.85, 4.35, 4.25],
			"rotation": {"angle": 0, "axis": "y", "origin": [11.15, 14.85, 11.15]},
			"faces": {
				"north": {"uv": [0, 0, 11.8, 1], "texture": "#1"},
				"east": {"uv": [0, 0, 3.4, 1], "texture": "#1"},
				"south": {"uv": [0, 0, 11.8, 1], "texture": "#1"},
				"west": {"uv": [0, 0, 3.4, 1], "texture": "#1"},
				"up": {"uv": [0, 0, 11.8, 3.4], "texture": "#1"},
				"down": {"uv": [0, 0, 11.8, 3.4], "texture": "#1"}
			}
		},
		{
			"from": [-0.85, 2.85, 8],
			"to": [16.85, 4.35, 13.1],
			"rotation": {"angle": 0, "axis": "y", "origin": [11.15, 14.85, 20]},
			"faces": {
				"north": {"uv": [0, 0, 11.8, 1], "texture": "#1"},
				"east": {"uv": [0, 0, 3.4, 1], "texture": "#1"},
				"south": {"uv": [0, 0, 11.8, 1], "texture": "#1"},
				"west": {"uv": [0, 0, 3.4, 1], "texture": "#1"},
				"up": {"uv": [0, 0, 11.8, 3.4], "texture": "#1"},
				"down": {"uv": [0, 0, 11.8, 3.4], "texture": "#1"}
			}
		},
		{
			"from": [-0.85, 2.85, 17.45],
			"to": [16.85, 4.35, 22.55],
			"rotation": {"angle": 0, "axis": "y", "origin": [11.15, 14.85, 29.45]},
			"faces": {
				"north": {"uv": [0, 0, 11.8, 1], "texture": "#1"},
				"east": {"uv": [0, 0, 3.4, 1], "texture": "#1"},
				"south": {"uv": [0, 0, 11.8, 1], "texture": "#1"},
				"west": {"uv": [0, 0, 3.4, 1], "texture": "#1"},
				"up": {"uv": [0, 0, 11.8, 3.4], "texture": "#1"},
				"down": {"uv": [0, 0, 11.8, 3.4], "texture": "#1"}
			}
		},
		{
			"from": [-0.85, 4.2, -0.85],
			"to": [16.85, 5.1, 5],
			"rotation": {"angle": 0, "axis": "y", "origin": [11.15, 16.2, 11.15]},
			"faces": {
				"north": {"uv": [0, 0, 11.8, 0.6], "texture": "#3"},
				"east": {"uv": [0, 0, 3.9, 0.6], "texture": "#3"},
				"south": {"uv": [0, 0, 11.8, 0.6], "texture": "#3"},
				"west": {"uv": [0, 0, 3.9, 0.6], "texture": "#3"},
				"up": {"uv": [0, 0, 11.8, 3.9], "texture": "#3"},
				"down": {"uv": [0, 0, 11.8, 3.9], "texture": "#3"}
			}
		},
		{
			"from": [-0.85, 4.2, 8],
			"to": [16.85, 5.1, 13.85],
			"rotation": {"angle": 0, "axis": "y", "origin": [11.15, 16.2, 20]},
			"faces": {
				"north": {"uv": [0, 0, 11.8, 0.6], "texture": "#3"},
				"east": {"uv": [0, 0, 3.9, 0.6], "texture": "#3"},
				"south": {"uv": [0, 0, 11.8, 0.6], "texture": "#3"},
				"west": {"uv": [0, 0, 3.9, 0.6], "texture": "#3"},
				"up": {"uv": [0, 0, 11.8, 3.9], "texture": "#3"},
				"down": {"uv": [0, 0, 11.8, 3.9], "texture": "#3"}
			}
		},
		{
			"from": [-0.85, 4.2, 17.45],
			"to": [16.85, 5.1, 23.3],
			"rotation": {"angle": 0, "axis": "y", "origin": [11.15, 16.2, 29.45]},
			"faces": {
				"north": {"uv": [0, 0, 11.8, 0.6], "texture": "#3"},
				"east": {"uv": [0, 0, 3.9, 0.6], "texture": "#3"},
				"south": {"uv": [0, 0, 11.8, 0.6], "texture": "#3"},
				"west": {"uv": [0, 0, 3.9, 0.6], "texture": "#3"},
				"up": {"uv": [0, 0, 11.8, 3.9], "texture": "#3"},
				"down": {"uv": [0, 0, 11.8, 3.9], "texture": "#3"}
			}
		},
		{
			"from": [-0.85, 5.1, -0.85],
			"to": [16.85, 9.45, 0.5],
			"rotation": {"angle": 0, "axis": "y", "origin": [11.15, 17.1, 11.15]},
			"faces": {
				"north": {"uv": [0, 0, 11.8, 2.9], "texture": "#3"},
				"east": {"uv": [0, 0, 0.9, 2.9], "texture": "#3"},
				"south": {"uv": [0, 0, 11.8, 2.9], "texture": "#3"},
				"west": {"uv": [0, 0, 0.9, 2.9], "texture": "#3"},
				"up": {"uv": [0, 0, 11.8, 0.9], "texture": "#3"},
				"down": {"uv": [0, 0, 11.8, 0.9], "texture": "#3"}
			}
		},
		{
			"from": [-0.85, 5.1, 8],
			"to": [16.85, 9.45, 9.35],
			"rotation": {"angle": 0, "axis": "y", "origin": [11.15, 17.1, 20]},
			"faces": {
				"north": {"uv": [0, 0, 11.8, 2.9], "texture": "#3"},
				"east": {"uv": [0, 0, 0.9, 2.9], "texture": "#3"},
				"south": {"uv": [0, 0, 11.8, 2.9], "texture": "#3"},
				"west": {"uv": [0, 0, 0.9, 2.9], "texture": "#3"},
				"up": {"uv": [0, 0, 11.8, 0.9], "texture": "#3"},
				"down": {"uv": [0, 0, 11.8, 0.9], "texture": "#3"}
			}
		},
		{
			"from": [-0.85, 5.1, 17.45],
			"to": [16.85, 9.45, 18.8],
			"rotation": {"angle": 0, "axis": "y", "origin": [11.15, 17.1, 29.45]},
			"faces": {
				"north": {"uv": [0, 0, 11.8, 2.9], "texture": "#3"},
				"east": {"uv": [0, 0, 0.9, 2.9], "texture": "#3"},
				"south": {"uv": [0, 0, 11.8, 2.9], "texture": "#3"},
				"west": {"uv": [0, 0, 0.9, 2.9], "texture": "#3"},
				"up": {"uv": [0, 0, 11.8, 0.9], "texture": "#3"},
				"down": {"uv": [0, 0, 11.8, 0.9], "texture": "#3"}
			}
		},
		{
			"from": [0.65, 10.35, -0.55],
			"to": [15.35, 10.8, 0.2],
			"rotation": {"angle": 0, "axis": "y", "origin": [11.15, 22.35, 11.15]},
			"faces": {
				"north": {"uv": [0, 0, 9.8, 0.3], "texture": "#2"},
				"east": {"uv": [0, 0, 0.5, 0.3], "texture": "#2"},
				"south": {"uv": [0, 0, 9.8, 0.3], "texture": "#2"},
				"west": {"uv": [0, 0, 0.5, 0.3], "texture": "#2"},
				"up": {"uv": [0, 0, 9.8, 0.5], "texture": "#2"},
				"down": {"uv": [0, 0, 9.8, 0.5], "texture": "#2"}
			}
		},
		{
			"from": [0.65, 10.35, 8.3],
			"to": [15.35, 10.8, 9.05],
			"rotation": {"angle": 0, "axis": "y", "origin": [11.15, 22.35, 20]},
			"faces": {
				"north": {"uv": [0, 0, 9.8, 0.3], "texture": "#2"},
				"east": {"uv": [0, 0, 0.5, 0.3], "texture": "#2"},
				"south": {"uv": [0, 0, 9.8, 0.3], "texture": "#2"},
				"west": {"uv": [0, 0, 0.5, 0.3], "texture": "#2"},
				"up": {"uv": [0, 0, 9.8, 0.5], "texture": "#2"},
				"down": {"uv": [0, 0, 9.8, 0.5], "texture": "#2"}
			}
		},
		{
			"from": [0.65, 10.35, 17.75],
			"to": [15.35, 10.8, 18.5],
			"rotation": {"angle": 0, "axis": "y", "origin": [11.15, 22.35, 29.45]},
			"faces": {
				"north": {"uv": [0, 0, 9.8, 0.3], "texture": "#2"},
				"east": {"uv": [0, 0, 0.5, 0.3], "texture": "#2"},
				"south": {"uv": [0, 0, 9.8, 0.3], "texture": "#2"},
				"west": {"uv": [0, 0, 0.5, 0.3], "texture": "#2"},
				"up": {"uv": [0, 0, 9.8, 0.5], "texture": "#2"},
				"down": {"uv": [0, 0, 9.8, 0.5], "texture": "#2"}
			}
		},
		{
			"from": [20.44171, -0.45754, -0.55],
			"to": [22.54171, -0.00754, 0.2],
			"rotation": {"angle": -45, "axis": "z", "origin": [30.94171, 11.54246, 11.15]},
			"faces": {
				"north": {"uv": [0, 0, 1.4, 0.3], "texture": "#2"},
				"east": {"uv": [0, 0, 0.5, 0.3], "texture": "#2"},
				"south": {"uv": [0, 0, 1.4, 0.3], "texture": "#2"},
				"west": {"uv": [0, 0, 0.5, 0.3], "texture": "#2"},
				"up": {"uv": [0, 0, 1.4, 0.5], "texture": "#2"},
				"down": {"uv": [0, 0, 1.4, 0.5], "texture": "#2"}
			}
		},
		{
			"from": [20.44171, -0.45754, 8.3],
			"to": [22.54171, -0.00754, 9.05],
			"rotation": {"angle": -45, "axis": "z", "origin": [30.94171, 11.54246, 20]},
			"faces": {
				"north": {"uv": [0, 0, 1.4, 0.3], "texture": "#2"},
				"east": {"uv": [0, 0, 0.5, 0.3], "texture": "#2"},
				"south": {"uv": [0, 0, 1.4, 0.3], "texture": "#2"},
				"west": {"uv": [0, 0, 0.5, 0.3], "texture": "#2"},
				"up": {"uv": [0, 0, 1.4, 0.5], "texture": "#2"},
				"down": {"uv": [0, 0, 1.4, 0.5], "texture": "#2"}
			}
		},
		{
			"from": [20.44171, -0.45754, 17.75],
			"to": [22.54171, -0.00754, 18.5],
			"rotation": {"angle": -45, "axis": "z", "origin": [30.94171, 11.54246, 29.45]},
			"faces": {
				"north": {"uv": [0, 0, 1.4, 0.3], "texture": "#2"},
				"east": {"uv": [0, 0, 0.5, 0.3], "texture": "#2"},
				"south": {"uv": [0, 0, 1.4, 0.3], "texture": "#2"},
				"west": {"uv": [0, 0, 0.5, 0.3], "texture": "#2"},
				"up": {"uv": [0, 0, 1.4, 0.5], "texture": "#2"},
				"down": {"uv": [0, 0, 1.4, 0.5], "texture": "#2"}
			}
		},
		{
			"from": [-10.28934, 3.2901, -0.55],
			"to": [-9.83933, 5.3901, 0.2],
			"rotation": {"angle": -45, "axis": "z", "origin": [1.71066, -5.1099, 11.15]},
			"faces": {
				"north": {"uv": [0, 0, 1.4, 0.3], "rotation": 270, "texture": "#2"},
				"east": {"uv": [0, 0, 1.4, 0.5], "rotation": 90, "texture": "#2"},
				"south": {"uv": [0, 0, 1.4, 0.3], "rotation": 90, "texture": "#2"},
				"west": {"uv": [0, 0, 1.4, 0.5], "rotation": 90, "texture": "#2"},
				"up": {"uv": [0, 0, 0.5, 0.3], "rotation": 90, "texture": "#2"},
				"down": {"uv": [0, 0, 0.5, 0.3], "rotation": 90, "texture": "#2"}
			}
		},
		{
			"from": [-10.28934, 3.2901, 8.3],
			"to": [-9.83933, 5.3901, 9.05],
			"rotation": {"angle": -45, "axis": "z", "origin": [1.71066, -5.1099, 20]},
			"faces": {
				"north": {"uv": [0, 0, 1.4, 0.3], "rotation": 270, "texture": "#2"},
				"east": {"uv": [0, 0, 1.4, 0.5], "rotation": 90, "texture": "#2"},
				"south": {"uv": [0, 0, 1.4, 0.3], "rotation": 90, "texture": "#2"},
				"west": {"uv": [0, 0, 1.4, 0.5], "rotation": 90, "texture": "#2"},
				"up": {"uv": [0, 0, 0.5, 0.3], "rotation": 90, "texture": "#2"},
				"down": {"uv": [0, 0, 0.5, 0.3], "rotation": 90, "texture": "#2"}
			}
		},
		{
			"from": [-10.28934, 3.2901, 17.75],
			"to": [-9.83933, 5.3901, 18.5],
			"rotation": {"angle": -45, "axis": "z", "origin": [1.71066, -5.1099, 29.45]},
			"faces": {
				"north": {"uv": [0, 0, 1.4, 0.3], "rotation": 270, "texture": "#2"},
				"east": {"uv": [0, 0, 1.4, 0.5], "rotation": 90, "texture": "#2"},
				"south": {"uv": [0, 0, 1.4, 0.3], "rotation": 90, "texture": "#2"},
				"west": {"uv": [0, 0, 1.4, 0.5], "rotation": 90, "texture": "#2"},
				"up": {"uv": [0, 0, 0.5, 0.3], "rotation": 90, "texture": "#2"},
				"down": {"uv": [0, 0, 0.5, 0.3], "rotation": 90, "texture": "#2"}
			}
		}
	],
	"display": {
		"thirdperson_righthand": {
			"rotation": [67, -180, 0],
			"translation": [-6, -64.75, 49.5],
			"scale": [4, 4, 4]
		},
		"thirdperson_lefthand": {
			"rotation": [67, -180, 0],
			"translation": [-6, -64.75, 49.5],
			"scale": [4, 4, 4]
		},
		"firstperson_righthand": {
			"rotation": [0, -136, 0],
			"translation": [-1.75, 4, 1.5],
			"scale": [0.2, 0.2, 0.2]
		},
		"firstperson_lefthand": {
			"rotation": [0, -136, 0],
			"translation": [-1.75, 4, 1.5],
			"scale": [0.2, 0.2, 0.2]
		},
		"ground": {
			"translation": [0, 5, 0],
			"scale": [0.5, 0.5, 0.5]
		},
		"gui": {
			"rotation": [10, 45, 0],
			"translation": [1, -1.75, 0],
			"scale": [0.4, 0.4, 0.4]
		},
		"head": {
			"rotation": [0, -180, 0],
			"translation": [0, -13, 0],
			"scale": [4, 4, 4]
		},
		"fixed": {
			"rotation": [0, 90, 0],
			"translation": [4, 0, -8.75]
		}
	},
	"groups": [0, 1, 2, 3, 4, 5, 6, 7, 8, 9, 10, 11, 12, 13, 14, 15, 16, 17, 18, 19, 20, 21, 22, 23, 24, 25, 26, 27, 28, 29, 30, 31, 32, 33, 34, 35, 36, 37, 38, 39, 40, 41, 42, 43,
		{
			"name": "hexadecagon",
			"origin": [8, 8, 8],
			"children": [44, 45, 46, 47, 48, 49, 50, 51]
		},
		{
			"name": "hexadecagon",
			"origin": [8, 8, 8],
			"children": [52, 53, 54, 55, 56, 57, 58, 59, 60, 61, 62, 63, 64, 65, 66, 67, 68, 69, 70, 71, 72, 73]
		},
		{
			"name": "hexadecagon",
			"origin": [8, 8, 8],
			"children": []
		},
		{
			"name": "hexadecagon",
			"origin": [8, 8, 8],
			"children": []
		},
		{
			"name": "hexadecagon",
			"origin": [8, 8, 8],
			"children": []
		}, 74, 75, 76, 77, 78, 79, 80, 81, 82, 83, 84, 85, 86, 87, 88, 89, 90, 91]
}