{
	"credit": "Made with Blockbench",
	"textures": {
		"0": "block/blue_glazed_terracotta",
		"1": "block/quartz_block_bottom",
		"2": "block/blue_glazed_terracotta",
		"3": "custom/captainhat",
		"4": "block/yellow_terracotta",
		"particle": "block/blue_glazed_terracotta"
	},
	"elements": [
		{
			"from": [6.25, 1, 4],
			"to": [7.25, 2, 6.25],
			"faces": {
				"north": {"uv": [1, 11, 2, 12], "texture": "#0"},
				"east": {"uv": [1, 11, 2, 12], "texture": "#0"},
				"south": {"uv": [1, 11, 2, 12], "texture": "#0"},
				"west": {"uv": [1, 11, 2, 12], "texture": "#0"},
				"up": {"uv": [1, 11, 2, 12], "texture": "#0"},
				"down": {"uv": [1, 11, 2, 12], "texture": "#0"}
			}
		},
		{
			"from": [5.75, 1.25, 6.25],
			"to": [6.25, 2.25, 9.75],
			"faces": {
				"north": {"uv": [1, 11, 2, 12], "texture": "#0"},
				"east": {"uv": [1, 11, 2, 12], "texture": "#0"},
				"south": {"uv": [1, 11, 2, 12], "texture": "#0"},
				"west": {"uv": [1, 11, 2, 12], "texture": "#0"},
				"up": {"uv": [1, 11, 2, 12], "texture": "#0"},
				"down": {"uv": [1, 11, 2, 12], "texture": "#0"}
			}
		},
		{
			"from": [4.75, 0.25, 4.75],
			"to": [5.25, 1, 11],
			"faces": {
				"north": {"uv": [10, 1, 11, 2], "rotation": 90, "texture": "#2"},
				"east": {"uv": [10, 1, 11, 2], "rotation": 90, "texture": "#2"},
				"south": {"uv": [10, 1, 11, 2], "rotation": 90, "texture": "#2"},
				"west": {"uv": [10, 1, 11, 2], "rotation": 90, "texture": "#2"},
				"up": {"uv": [10, 1, 11, 2], "rotation": 90, "texture": "#2"},
				"down": {"uv": [10, 1, 11, 2], "rotation": 90, "texture": "#2"}
			}
		},
		{
			"from": [4.25, 0, 5.5],
			"to": [4.75, 0.75, 10.5],
			"faces": {
				"north": {"uv": [10, 1, 11, 2], "rotation": 90, "texture": "#2"},
				"east": {"uv": [10, 1, 11, 2], "rotation": 90, "texture": "#2"},
				"south": {"uv": [10, 1, 11, 2], "rotation": 90, "texture": "#2"},
				"west": {"uv": [10, 1, 11, 2], "rotation": 90, "texture": "#2"},
				"up": {"uv": [10, 1, 11, 2], "rotation": 90, "texture": "#2"},
				"down": {"uv": [10, 1, 11, 2], "rotation": 90, "texture": "#2"}
			}
		},
		{
			"from": [4.5, 0.25, 10.5],
			"to": [4.75, 0.75, 10.75],
			"faces": {
				"north": {"uv": [10, 1, 11, 2], "rotation": 90, "texture": "#2"},
				"east": {"uv": [10, 1, 11, 2], "rotation": 90, "texture": "#2"},
				"south": {"uv": [10, 1, 11, 2], "rotation": 90, "texture": "#2"},
				"west": {"uv": [10, 1, 11, 2], "rotation": 90, "texture": "#2"},
				"up": {"uv": [10, 1, 11, 2], "rotation": 90, "texture": "#2"},
				"down": {"uv": [10, 1, 11, 2], "rotation": 90, "texture": "#2"}
			}
		},
		{
			"from": [5, 0.5, 11],
			"to": [5.25, 1, 11.25],
			"faces": {
				"north": {"uv": [10, 1, 11, 2], "rotation": 90, "texture": "#2"},
				"east": {"uv": [10, 1, 11, 2], "rotation": 90, "texture": "#2"},
				"south": {"uv": [10, 1, 11, 2], "rotation": 90, "texture": "#2"},
				"west": {"uv": [10, 1, 11, 2], "rotation": 90, "texture": "#2"},
				"up": {"uv": [10, 1, 11, 2], "rotation": 90, "texture": "#2"},
				"down": {"uv": [10, 1, 11, 2], "rotation": 90, "texture": "#2"}
			}
		},
		{
			"from": [5, 0.5, 4.5],
			"to": [5.25, 1, 4.75],
			"faces": {
				"north": {"uv": [10, 1, 11, 2], "rotation": 90, "texture": "#2"},
				"east": {"uv": [10, 1, 11, 2], "rotation": 90, "texture": "#2"},
				"south": {"uv": [10, 1, 11, 2], "rotation": 90, "texture": "#2"},
				"west": {"uv": [10, 1, 11, 2], "rotation": 90, "texture": "#2"},
				"up": {"uv": [10, 1, 11, 2], "rotation": 90, "texture": "#2"},
				"down": {"uv": [10, 1, 11, 2], "rotation": 90, "texture": "#2"}
			}
		},
		{
			"from": [4, 0, 9.5],
			"to": [4.25, 0.5, 10],
			"faces": {
				"north": {"uv": [10, 1, 11, 2], "rotation": 90, "texture": "#2"},
				"east": {"uv": [10, 1, 11, 2], "rotation": 90, "texture": "#2"},
				"south": {"uv": [10, 1, 11, 2], "rotation": 90, "texture": "#2"},
				"west": {"uv": [10, 1, 11, 2], "rotation": 90, "texture": "#2"},
				"up": {"uv": [10, 1, 11, 2], "rotation": 90, "texture": "#2"},
				"down": {"uv": [10, 1, 11, 2], "rotation": 90, "texture": "#2"}
			}
		},
		{
			"from": [4, 0, 6],
			"to": [4.25, 0.5, 6.5],
			"faces": {
				"north": {"uv": [10, 1, 11, 2], "rotation": 90, "texture": "#2"},
				"east": {"uv": [10, 1, 11, 2], "rotation": 90, "texture": "#2"},
				"south": {"uv": [10, 1, 11, 2], "rotation": 90, "texture": "#2"},
				"west": {"uv": [10, 1, 11, 2], "rotation": 90, "texture": "#2"},
				"up": {"uv": [10, 1, 11, 2], "rotation": 90, "texture": "#2"},
				"down": {"uv": [10, 1, 11, 2], "rotation": 90, "texture": "#2"}
			}
		},
		{
			"from": [4.5, 0.25, 5.25],
			"to": [4.75, 0.75, 5.5],
			"faces": {
				"north": {"uv": [10, 1, 11, 2], "rotation": 90, "texture": "#2"},
				"east": {"uv": [10, 1, 11, 2], "rotation": 90, "texture": "#2"},
				"south": {"uv": [10, 1, 11, 2], "rotation": 90, "texture": "#2"},
				"west": {"uv": [10, 1, 11, 2], "rotation": 90, "texture": "#2"},
				"up": {"uv": [10, 1, 11, 2], "rotation": 90, "texture": "#2"},
				"down": {"uv": [10, 1, 11, 2], "rotation": 90, "texture": "#2"}
			}
		},
		{
			"from": [4.5, 0.75, 6],
			"to": [4.75, 1, 6.25],
			"faces": {
				"north": {"uv": [10, 1, 11, 2], "rotation": 90, "texture": "#2"},
				"east": {"uv": [10, 1, 11, 2], "rotation": 90, "texture": "#2"},
				"south": {"uv": [10, 1, 11, 2], "rotation": 90, "texture": "#2"},
				"west": {"uv": [10, 1, 11, 2], "rotation": 90, "texture": "#2"},
				"up": {"uv": [10, 1, 11, 2], "rotation": 90, "texture": "#2"},
				"down": {"uv": [10, 1, 11, 2], "rotation": 90, "texture": "#2"}
			}
		},
		{
			"from": [4.5, 0.75, 9.75],
			"to": [4.75, 1, 10],
			"faces": {
				"north": {"uv": [10, 1, 11, 2], "rotation": 90, "texture": "#2"},
				"east": {"uv": [10, 1, 11, 2], "rotation": 90, "texture": "#2"},
				"south": {"uv": [10, 1, 11, 2], "rotation": 90, "texture": "#2"},
				"west": {"uv": [10, 1, 11, 2], "rotation": 90, "texture": "#2"},
				"up": {"uv": [10, 1, 11, 2], "rotation": 90, "texture": "#2"},
				"down": {"uv": [10, 1, 11, 2], "rotation": 90, "texture": "#2"}
			}
		},
		{
			"from": [5, 1, 9.75],
			"to": [5.25, 1.25, 10],
			"faces": {
				"north": {"uv": [10, 1, 11, 2], "rotation": 90, "texture": "#2"},
				"east": {"uv": [10, 1, 11, 2], "rotation": 90, "texture": "#2"},
				"south": {"uv": [10, 1, 11, 2], "rotation": 90, "texture": "#2"},
				"west": {"uv": [10, 1, 11, 2], "rotation": 90, "texture": "#2"},
				"up": {"uv": [10, 1, 11, 2], "rotation": 90, "texture": "#2"},
				"down": {"uv": [10, 1, 11, 2], "rotation": 90, "texture": "#2"}
			}
		},
		{
			"from": [5.25, 1.25, 9.75],
			"to": [5.5, 1.5, 10],
			"faces": {
				"north": {"uv": [10, 1, 11, 2], "rotation": 90, "texture": "#2"},
				"east": {"uv": [10, 1, 11, 2], "rotation": 90, "texture": "#2"},
				"south": {"uv": [10, 1, 11, 2], "rotation": 90, "texture": "#2"},
				"west": {"uv": [10, 1, 11, 2], "rotation": 90, "texture": "#2"},
				"up": {"uv": [10, 1, 11, 2], "rotation": 90, "texture": "#2"},
				"down": {"uv": [10, 1, 11, 2], "rotation": 90, "texture": "#2"}
			}
		},
		{
			"from": [5.25, 1.25, 6],
			"to": [5.5, 1.5, 6.25],
			"faces": {
				"north": {"uv": [10, 1, 11, 2], "rotation": 90, "texture": "#2"},
				"east": {"uv": [10, 1, 11, 2], "rotation": 90, "texture": "#2"},
				"south": {"uv": [10, 1, 11, 2], "rotation": 90, "texture": "#2"},
				"west": {"uv": [10, 1, 11, 2], "rotation": 90, "texture": "#2"},
				"up": {"uv": [10, 1, 11, 2], "rotation": 90, "texture": "#2"},
				"down": {"uv": [10, 1, 11, 2], "rotation": 90, "texture": "#2"}
			}
		},
		{
			"from": [3.75, -0.25, 6.5],
			"to": [4.25, 0.5, 9.5],
			"faces": {
				"north": {"uv": [10, 1, 11, 2], "rotation": 90, "texture": "#2"},
				"east": {"uv": [10, 1, 11, 2], "rotation": 90, "texture": "#2"},
				"south": {"uv": [10, 1, 11, 2], "rotation": 90, "texture": "#2"},
				"west": {"uv": [10, 1, 11, 2], "rotation": 90, "texture": "#2"},
				"up": {"uv": [10, 1, 11, 2], "rotation": 90, "texture": "#2"},
				"down": {"uv": [10, 1, 11, 2], "rotation": 90, "texture": "#2"}
			}
		},
		{
			"from": [5.25, 1.25, 6.25],
			"to": [5.75, 1.75, 9.75],
			"faces": {
				"north": {"uv": [10, 1, 11, 2], "texture": "#2"},
				"east": {"uv": [10, 1, 11, 2], "texture": "#2"},
				"south": {"uv": [10, 1, 11, 2], "texture": "#2"},
				"west": {"uv": [10, 1, 11, 2], "texture": "#2"},
				"up": {"uv": [10, 1, 11, 2], "texture": "#2"},
				"down": {"uv": [10, 1, 11, 2], "texture": "#2"}
			}
		},
		{
			"from": [4.75, 1, 6.25],
			"to": [5.25, 1.5, 9.75],
			"faces": {
				"north": {"uv": [10, 1, 11, 2], "texture": "#2"},
				"east": {"uv": [10, 1, 11, 2], "texture": "#2"},
				"south": {"uv": [10, 1, 11, 2], "texture": "#2"},
				"west": {"uv": [10, 1, 11, 2], "texture": "#2"},
				"up": {"uv": [10, 1, 11, 2], "texture": "#2"},
				"down": {"uv": [10, 1, 11, 2], "texture": "#2"}
			}
		},
		{
			"from": [4.5, 0.75, 6.25],
			"to": [4.75, 1.25, 9.75],
			"faces": {
				"north": {"uv": [10, 1, 11, 2], "texture": "#2"},
				"east": {"uv": [10, 1, 11, 2], "texture": "#2"},
				"south": {"uv": [10, 1, 11, 2], "texture": "#2"},
				"west": {"uv": [10, 1, 11, 2], "texture": "#2"},
				"up": {"uv": [10, 1, 11, 2], "texture": "#2"},
				"down": {"uv": [10, 1, 11, 2], "texture": "#2"}
			}
		},
		{
			"from": [4.25, 0.75, 6.25],
			"to": [4.5, 1, 9.75],
			"faces": {
				"north": {"uv": [10, 1, 11, 2], "texture": "#2"},
				"east": {"uv": [10, 1, 11, 2], "texture": "#2"},
				"south": {"uv": [10, 1, 11, 2], "texture": "#2"},
				"west": {"uv": [10, 1, 11, 2], "texture": "#2"},
				"up": {"uv": [10, 1, 11, 2], "texture": "#2"},
				"down": {"uv": [10, 1, 11, 2], "texture": "#2"}
			}
		},
		{
			"from": [4, 0.5, 6.25],
			"to": [4.25, 0.75, 9.75],
			"faces": {
				"north": {"uv": [10, 1, 11, 2], "texture": "#2"},
				"east": {"uv": [10, 1, 11, 2], "texture": "#2"},
				"south": {"uv": [10, 1, 11, 2], "texture": "#2"},
				"west": {"uv": [10, 1, 11, 2], "texture": "#2"},
				"up": {"uv": [10, 1, 11, 2], "texture": "#2"},
				"down": {"uv": [10, 1, 11, 2], "texture": "#2"}
			}
		},
		{
			"from": [3.5, 0, 7],
			"to": [3.75, 0.25, 9],
			"faces": {
				"north": {"uv": [10, 1, 11, 2], "texture": "#2"},
				"east": {"uv": [10, 1, 11, 2], "texture": "#2"},
				"south": {"uv": [10, 1, 11, 2], "texture": "#2"},
				"west": {"uv": [10, 1, 11, 2], "texture": "#2"},
				"up": {"uv": [10, 1, 11, 2], "texture": "#2"},
				"down": {"uv": [10, 1, 11, 2], "texture": "#2"}
			}
		},
		{
			"from": [5.25, 0.5, 4.5],
			"to": [5.75, 1.25, 11.25],
			"faces": {
				"north": {"uv": [10, 1, 11, 2], "rotation": 90, "texture": "#2"},
				"east": {"uv": [10, 1, 11, 2], "rotation": 90, "texture": "#2"},
				"south": {"uv": [10, 1, 11, 2], "rotation": 90, "texture": "#2"},
				"west": {"uv": [10, 1, 11, 2], "rotation": 90, "texture": "#2"},
				"up": {"uv": [10, 1, 11, 2], "rotation": 90, "texture": "#2"},
				"down": {"uv": [10, 1, 11, 2], "rotation": 90, "texture": "#2"}
			}
		},
		{
			"from": [6.25, 0.75, 9.75],
			"to": [7, 2, 12],
			"faces": {
				"north": {"uv": [1, 11, 2, 12], "texture": "#0"},
				"east": {"uv": [1, 11, 2, 12], "texture": "#0"},
				"south": {"uv": [1, 11, 2, 12], "texture": "#0"},
				"west": {"uv": [1, 11, 2, 12], "texture": "#0"},
				"up": {"uv": [1, 11, 2, 12], "texture": "#0"},
				"down": {"uv": [1, 11, 2, 12], "texture": "#0"}
			}
		},
		{
			"from": [5.75, 1, 9.75],
			"to": [6.25, 2, 11.5],
			"faces": {
				"north": {"uv": [1, 11, 2, 12], "texture": "#0"},
				"east": {"uv": [1, 11, 2, 12], "texture": "#0"},
				"south": {"uv": [1, 11, 2, 12], "texture": "#0"},
				"west": {"uv": [1, 11, 2, 12], "texture": "#0"},
				"up": {"uv": [1, 11, 2, 12], "texture": "#0"},
				"down": {"uv": [1, 11, 2, 12], "texture": "#0"}
			}
		},
		{
			"from": [5.75, 1, 4.5],
			"to": [6.25, 2, 6.25],
			"faces": {
				"north": {"uv": [1, 11, 2, 12], "texture": "#0"},
				"east": {"uv": [1, 11, 2, 12], "texture": "#0"},
				"south": {"uv": [1, 11, 2, 12], "texture": "#0"},
				"west": {"uv": [1, 11, 2, 12], "texture": "#0"},
				"up": {"uv": [1, 11, 2, 12], "texture": "#0"},
				"down": {"uv": [1, 11, 2, 12], "texture": "#0"}
			}
		},
		{
			"from": [14, -0.25, 4],
			"to": [14.75, 1, 12],
			"faces": {
				"north": {"uv": [1, 11, 2, 12], "texture": "#0"},
				"east": {"uv": [1, 11, 2, 12], "texture": "#0"},
				"south": {"uv": [1, 11, 2, 12], "texture": "#0"},
				"west": {"uv": [1, 11, 2, 12], "texture": "#0"},
				"up": {"uv": [1, 11, 2, 12], "texture": "#0"},
				"down": {"uv": [1, 11, 2, 12], "texture": "#0"}
			}
		},
		{
			"from": [13.25, -0.25, 4],
			"to": [14, 0.5, 12],
			"faces": {
				"north": {"uv": [1, 11, 2, 12], "texture": "#0"},
				"east": {"uv": [1, 11, 2, 12], "texture": "#0"},
				"south": {"uv": [1, 11, 2, 12], "texture": "#0"},
				"west": {"uv": [1, 11, 2, 12], "texture": "#0"},
				"up": {"uv": [1, 11, 2, 12], "texture": "#0"},
				"down": {"uv": [1, 11, 2, 12], "texture": "#0"}
			}
		},
		{
			"from": [10, -0.25, 12],
			"to": [14.25, 1, 12.5],
			"rotation": {"angle": 0, "axis": "y", "origin": [6.75, 0.5, 8]},
			"faces": {
				"north": {"uv": [1, 11, 2, 12], "rotation": 90, "texture": "#0"},
				"east": {"uv": [1, 11, 2, 12], "rotation": 90, "texture": "#0"},
				"south": {"uv": [1, 11, 2, 12], "rotation": 90, "texture": "#0"},
				"west": {"uv": [1, 11, 2, 12], "rotation": 90, "texture": "#0"},
				"up": {"uv": [1, 11, 2, 12], "rotation": 90, "texture": "#0"},
				"down": {"uv": [1, 11, 2, 12], "rotation": 90, "texture": "#0"}
			}
		},
		{
			"from": [8.5, 0, 12],
			"to": [10, 1.25, 12.5],
			"rotation": {"angle": 0, "axis": "y", "origin": [6.75, 0.5, 8]},
			"faces": {
				"north": {"uv": [1, 11, 2, 12], "rotation": 90, "texture": "#0"},
				"east": {"uv": [1, 11, 2, 12], "rotation": 90, "texture": "#0"},
				"south": {"uv": [1, 11, 2, 12], "rotation": 90, "texture": "#0"},
				"west": {"uv": [1, 11, 2, 12], "rotation": 90, "texture": "#0"},
				"up": {"uv": [1, 11, 2, 12], "rotation": 90, "texture": "#0"},
				"down": {"uv": [1, 11, 2, 12], "rotation": 90, "texture": "#0"}
			}
		},
		{
			"from": [8, 0.25, 12],
			"to": [8.5, 1.25, 12.5],
			"rotation": {"angle": 0, "axis": "y", "origin": [6.75, 0.5, 8]},
			"faces": {
				"north": {"uv": [1, 11, 2, 12], "rotation": 90, "texture": "#0"},
				"east": {"uv": [1, 11, 2, 12], "rotation": 90, "texture": "#0"},
				"south": {"uv": [1, 11, 2, 12], "rotation": 90, "texture": "#0"},
				"west": {"uv": [1, 11, 2, 12], "rotation": 90, "texture": "#0"},
				"up": {"uv": [1, 11, 2, 12], "rotation": 90, "texture": "#0"},
				"down": {"uv": [1, 11, 2, 12], "rotation": 90, "texture": "#0"}
			}
		},
		{
			"from": [7, 0.5, 12],
			"to": [8, 1.75, 12.5],
			"rotation": {"angle": 0, "axis": "y", "origin": [6.75, 0.5, 8]},
			"faces": {
				"north": {"uv": [1, 11, 2, 12], "rotation": 90, "texture": "#0"},
				"east": {"uv": [1, 11, 2, 12], "rotation": 90, "texture": "#0"},
				"south": {"uv": [1, 11, 2, 12], "rotation": 90, "texture": "#0"},
				"west": {"uv": [1, 11, 2, 12], "rotation": 90, "texture": "#0"},
				"up": {"uv": [1, 11, 2, 12], "rotation": 90, "texture": "#0"},
				"down": {"uv": [1, 11, 2, 12], "rotation": 90, "texture": "#0"}
			}
		},
		{
			"from": [6.5, 0.75, 12],
			"to": [7, 1.75, 12.5],
			"rotation": {"angle": 0, "axis": "y", "origin": [6.75, 0.5, 8]},
			"faces": {
				"north": {"uv": [1, 11, 2, 12], "rotation": 90, "texture": "#0"},
				"east": {"uv": [1, 11, 2, 12], "rotation": 90, "texture": "#0"},
				"south": {"uv": [1, 11, 2, 12], "rotation": 90, "texture": "#0"},
				"west": {"uv": [1, 11, 2, 12], "rotation": 90, "texture": "#0"},
				"up": {"uv": [1, 11, 2, 12], "rotation": 90, "texture": "#0"},
				"down": {"uv": [1, 11, 2, 12], "rotation": 90, "texture": "#0"}
			}
		},
		{
			"from": [7, 1, 12.5],
			"to": [8, 1.25, 12.75],
			"rotation": {"angle": 0, "axis": "y", "origin": [6.75, 0.5, 8]},
			"faces": {
				"north": {"uv": [0, 0, 0.75, 8], "rotation": 90, "texture": "#4"},
				"east": {"uv": [1, 1, 1.75, 9], "rotation": 90, "texture": "#0"},
				"south": {"uv": [0, 0, 0.75, 8], "rotation": 90, "texture": "#4"},
				"west": {"uv": [0, 0, 0.75, 8], "rotation": 90, "texture": "#4"},
				"up": {"uv": [0, 0, 0.75, 8], "rotation": 90, "texture": "#4"},
				"down": {"uv": [0, 0, 0.75, 8], "rotation": 90, "texture": "#4"}
			}
		},
		{
			"from": [7, 1, 3.25],
			"to": [8, 1.25, 3.5],
			"rotation": {"angle": 0, "axis": "y", "origin": [6.75, 0.5, 8]},
			"faces": {
				"north": {"uv": [0, 0, 0.75, 8], "rotation": 90, "texture": "#4"},
				"east": {"uv": [0, 0, 0.75, 8], "rotation": 90, "texture": "#4"},
				"south": {"uv": [0, 0, 0.75, 8], "rotation": 90, "texture": "#4"},
				"west": {"uv": [0, 0, 0.75, 8], "rotation": 90, "texture": "#4"},
				"up": {"uv": [0, 0, 0.75, 8], "rotation": 90, "texture": "#4"},
				"down": {"uv": [0, 0, 0.75, 8], "rotation": 90, "texture": "#4"}
			}
		},
		{
			"from": [8, 0.75, 3.25],
			"to": [9.25, 1, 3.5],
			"rotation": {"angle": 0, "axis": "y", "origin": [6.75, 0.5, 8]},
			"faces": {
				"north": {"uv": [0, 0, 0.75, 8], "rotation": 90, "texture": "#4"},
				"east": {"uv": [0, 0, 0.75, 8], "rotation": 90, "texture": "#4"},
				"south": {"uv": [0, 0, 0.75, 8], "rotation": 90, "texture": "#4"},
				"west": {"uv": [0, 0, 0.75, 8], "rotation": 90, "texture": "#4"},
				"up": {"uv": [0, 0, 0.75, 8], "rotation": 90, "texture": "#4"},
				"down": {"uv": [0, 0, 0.75, 8], "rotation": 90, "texture": "#4"}
			}
		},
		{
			"from": [8, 0.75, 12.5],
			"to": [9.25, 1, 12.75],
			"rotation": {"angle": 0, "axis": "y", "origin": [6.75, 0.5, 8]},
			"faces": {
				"north": {"uv": [0, 0, 0.75, 8], "rotation": 90, "texture": "#4"},
				"east": {"uv": [0, 0, 0.75, 8], "rotation": 90, "texture": "#4"},
				"south": {"uv": [0, 0, 0.75, 8], "rotation": 90, "texture": "#4"},
				"west": {"uv": [0, 0, 0.75, 8], "rotation": 90, "texture": "#4"},
				"up": {"uv": [0, 0, 0.75, 8], "rotation": 90, "texture": "#4"},
				"down": {"uv": [0, 0, 0.75, 8], "rotation": 90, "texture": "#4"}
			}
		},
		{
			"from": [6.5, 1.25, 12.5],
			"to": [7, 1.5, 12.75],
			"rotation": {"angle": 0, "axis": "y", "origin": [6.75, 0.5, 8]},
			"faces": {
				"north": {"uv": [0, 0, 0.75, 8], "rotation": 90, "texture": "#4"},
				"east": {"uv": [0, 0, 0.75, 8], "rotation": 90, "texture": "#4"},
				"south": {"uv": [0, 0, 0.75, 8], "rotation": 90, "texture": "#4"},
				"west": {"uv": [0, 0, 0.75, 8], "rotation": 90, "texture": "#4"},
				"up": {"uv": [0, 0, 0.75, 8], "rotation": 90, "texture": "#4"},
				"down": {"uv": [0, 0, 0.75, 8], "rotation": 90, "texture": "#4"}
			}
		},
		{
			"from": [6.5, 1.25, 3.25],
			"to": [7, 1.5, 3.5],
			"rotation": {"angle": 0, "axis": "y", "origin": [6.75, 0.5, 8]},
			"faces": {
				"north": {"uv": [0, 0, 0.75, 8], "rotation": 90, "texture": "#4"},
				"east": {"uv": [0, 0, 0.75, 8], "rotation": 90, "texture": "#4"},
				"south": {"uv": [0, 0, 0.75, 8], "rotation": 90, "texture": "#4"},
				"west": {"uv": [0, 0, 0.75, 8], "rotation": 90, "texture": "#4"},
				"up": {"uv": [0, 0, 0.75, 8], "rotation": 90, "texture": "#4"},
				"down": {"uv": [0, 0, 0.75, 8], "rotation": 90, "texture": "#4"}
			}
		},
		{
			"from": [6.5, 1.25, 12.5],
			"to": [7, 1.5, 12.75],
			"rotation": {"angle": 0, "axis": "y", "origin": [6.75, 0.5, 8]},
			"faces": {
				"north": {"uv": [0, 0, 0.75, 8], "rotation": 90, "texture": "#4"},
				"east": {"uv": [0, 0, 0.75, 8], "rotation": 90, "texture": "#4"},
				"south": {"uv": [0, 0, 0.75, 8], "rotation": 90, "texture": "#4"},
				"west": {"uv": [0, 0, 0.75, 8], "rotation": 90, "texture": "#4"},
				"up": {"uv": [0, 0, 0.75, 8], "rotation": 90, "texture": "#4"},
				"down": {"uv": [0, 0, 0.75, 8], "rotation": 90, "texture": "#4"}
			}
		},
		{
			"from": [6.25, 1.25, 12],
			"to": [6.5, 1.5, 12.5],
			"rotation": {"angle": 0, "axis": "y", "origin": [6.75, 0.5, 8]},
			"faces": {
				"north": {"uv": [0, 0, 0.75, 8], "rotation": 90, "texture": "#4"},
				"east": {"uv": [0, 0, 0.75, 8], "rotation": 90, "texture": "#4"},
				"south": {"uv": [0, 0, 0.75, 8], "rotation": 90, "texture": "#4"},
				"west": {"uv": [0, 0, 0.75, 8], "rotation": 90, "texture": "#4"},
				"up": {"uv": [0, 0, 0.75, 8], "rotation": 90, "texture": "#4"},
				"down": {"uv": [0, 0, 0.75, 8], "rotation": 90, "texture": "#4"}
			}
		},
		{
			"from": [6.25, 1.25, 3.5],
			"to": [6.5, 1.5, 4],
			"rotation": {"angle": 0, "axis": "y", "origin": [6.75, 0.5, 8]},
			"faces": {
				"north": {"uv": [0, 0, 0.75, 8], "rotation": 90, "texture": "#4"},
				"east": {"uv": [0, 0, 0.75, 8], "rotation": 90, "texture": "#4"},
				"south": {"uv": [0, 0, 0.75, 8], "rotation": 90, "texture": "#4"},
				"west": {"uv": [0, 0, 0.75, 8], "rotation": 90, "texture": "#4"},
				"up": {"uv": [0, 0, 0.75, 8], "rotation": 90, "texture": "#4"},
				"down": {"uv": [0, 0, 0.75, 8], "rotation": 90, "texture": "#4"}
			}
		},
		{
			"from": [6.25, 1.25, 12],
			"to": [6.5, 1.5, 12.5],
			"rotation": {"angle": 0, "axis": "y", "origin": [6.75, 0.5, 8]},
			"faces": {
				"north": {"uv": [0, 0, 0.75, 8], "rotation": 90, "texture": "#4"},
				"east": {"uv": [0, 0, 0.75, 8], "rotation": 90, "texture": "#4"},
				"south": {"uv": [0, 0, 0.75, 8], "rotation": 90, "texture": "#4"},
				"west": {"uv": [0, 0, 0.75, 8], "rotation": 90, "texture": "#4"},
				"up": {"uv": [0, 0, 0.75, 8], "rotation": 90, "texture": "#4"},
				"down": {"uv": [0, 0, 0.75, 8], "rotation": 90, "texture": "#4"}
			}
		},
		{
			"from": [5.75, 1.25, 11.5],
			"to": [6, 1.5, 11.75],
			"rotation": {"angle": 0, "axis": "y", "origin": [6.75, 0.5, 8]},
			"faces": {
				"north": {"uv": [0, 0, 0.75, 8], "rotation": 90, "texture": "#4"},
				"east": {"uv": [0, 0, 0.75, 8], "rotation": 90, "texture": "#4"},
				"south": {"uv": [0, 0, 0.75, 8], "rotation": 90, "texture": "#4"},
				"west": {"uv": [0, 0, 0.75, 8], "rotation": 90, "texture": "#4"},
				"up": {"uv": [0, 0, 0.75, 8], "rotation": 90, "texture": "#4"},
				"down": {"uv": [0, 0, 0.75, 8], "rotation": 90, "texture": "#4"}
			}
		},
		{
			"from": [5.75, 1.25, 4.25],
			"to": [6, 1.5, 4.5],
			"rotation": {"angle": 0, "axis": "y", "origin": [6.75, 0.5, 8]},
			"faces": {
				"north": {"uv": [0, 0, 0.75, 8], "rotation": 90, "texture": "#4"},
				"east": {"uv": [0, 0, 0.75, 8], "rotation": 90, "texture": "#4"},
				"south": {"uv": [0, 0, 0.75, 8], "rotation": 90, "texture": "#4"},
				"west": {"uv": [0, 0, 0.75, 8], "rotation": 90, "texture": "#4"},
				"up": {"uv": [0, 0, 0.75, 8], "rotation": 90, "texture": "#4"},
				"down": {"uv": [0, 0, 0.75, 8], "rotation": 90, "texture": "#4"}
			}
		},
		{
			"from": [5.75, 1.25, 4.25],
			"to": [6, 1.5, 4.5],
			"rotation": {"angle": 0, "axis": "y", "origin": [6.75, 0.5, 8]},
			"faces": {
				"north": {"uv": [0, 0, 0.75, 8], "rotation": 90, "texture": "#4"},
				"east": {"uv": [0, 0, 0.75, 8], "rotation": 90, "texture": "#4"},
				"south": {"uv": [0, 0, 0.75, 8], "rotation": 90, "texture": "#4"},
				"west": {"uv": [0, 0, 0.75, 8], "rotation": 90, "texture": "#4"},
				"up": {"uv": [0, 0, 0.75, 8], "rotation": 90, "texture": "#4"},
				"down": {"uv": [0, 0, 0.75, 8], "rotation": 90, "texture": "#4"}
			}
		},
		{
			"from": [5.5, 1.5, 4.5],
			"to": [5.75, 1.75, 6],
			"rotation": {"angle": 0, "axis": "y", "origin": [6.75, 0.5, 8]},
			"faces": {
				"north": {"uv": [0, 0, 0.75, 8], "rotation": 90, "texture": "#4"},
				"east": {"uv": [0, 0, 0.75, 8], "rotation": 90, "texture": "#4"},
				"south": {"uv": [0, 0, 0.75, 8], "rotation": 90, "texture": "#4"},
				"west": {"uv": [0, 0, 0.75, 8], "rotation": 90, "texture": "#4"},
				"up": {"uv": [0, 0, 0.75, 8], "rotation": 90, "texture": "#4"},
				"down": {"uv": [0, 0, 0.75, 8], "rotation": 90, "texture": "#4"}
			}
		},
		{
			"from": [5.5, 1.5, 10],
			"to": [5.75, 1.75, 11.5],
			"rotation": {"angle": 0, "axis": "y", "origin": [6.75, 0.5, 8]},
			"faces": {
				"north": {"uv": [0, 0, 0.75, 8], "rotation": 90, "texture": "#4"},
				"east": {"uv": [0, 0, 0.75, 8], "rotation": 90, "texture": "#4"},
				"south": {"uv": [0, 0, 0.75, 8], "rotation": 90, "texture": "#4"},
				"west": {"uv": [0, 0, 0.75, 8], "rotation": 90, "texture": "#4"},
				"up": {"uv": [0, 0, 0.75, 8], "rotation": 90, "texture": "#4"},
				"down": {"uv": [0, 0, 0.75, 8], "rotation": 90, "texture": "#4"}
			}
		},
		{
			"from": [5.5, 1.5, 4.5],
			"to": [5.75, 1.75, 6],
			"rotation": {"angle": 0, "axis": "y", "origin": [6.75, 0.5, 8]},
			"faces": {
				"north": {"uv": [0, 0, 0.75, 8], "rotation": 90, "texture": "#4"},
				"east": {"uv": [0, 0, 0.75, 8], "rotation": 90, "texture": "#4"},
				"south": {"uv": [0, 0, 0.75, 8], "rotation": 90, "texture": "#4"},
				"west": {"uv": [0, 0, 0.75, 8], "rotation": 90, "texture": "#4"},
				"up": {"uv": [0, 0, 0.75, 8], "rotation": 90, "texture": "#4"},
				"down": {"uv": [0, 0, 0.75, 8], "rotation": 90, "texture": "#4"}
			}
		},
		{
			"from": [5.5, 1.5, 10],
			"to": [5.75, 1.75, 11.5],
			"rotation": {"angle": 0, "axis": "y", "origin": [6.75, 0.5, 8]},
			"faces": {
				"north": {"uv": [0, 0, 0.75, 8], "rotation": 90, "texture": "#4"},
				"east": {"uv": [0, 0, 0.75, 8], "rotation": 90, "texture": "#4"},
				"south": {"uv": [0, 0, 0.75, 8], "rotation": 90, "texture": "#4"},
				"west": {"uv": [0, 0, 0.75, 8], "rotation": 90, "texture": "#4"},
				"up": {"uv": [0, 0, 0.75, 8], "rotation": 90, "texture": "#4"},
				"down": {"uv": [0, 0, 0.75, 8], "rotation": 90, "texture": "#4"}
			}
		},
		{
			"from": [5.5, 1.75, 6],
			"to": [5.75, 2, 10],
			"rotation": {"angle": 0, "axis": "y", "origin": [6.75, 0.5, 8]},
			"faces": {
				"north": {"uv": [0, 0, 0.75, 8], "rotation": 90, "texture": "#4"},
				"east": {"uv": [0, 0, 0.75, 8], "rotation": 90, "texture": "#4"},
				"south": {"uv": [0, 0, 0.75, 8], "rotation": 90, "texture": "#4"},
				"west": {"uv": [0, 0, 0.75, 8], "rotation": 90, "texture": "#4"},
				"up": {"uv": [0, 0, 0.75, 8], "rotation": 90, "texture": "#4"},
				"down": {"uv": [0, 0, 0.75, 8], "rotation": 90, "texture": "#4"}
			}
		},
		{
			"from": [6, 1.25, 11.5],
			"to": [6.25, 1.5, 12],
			"rotation": {"angle": 0, "axis": "y", "origin": [6.75, 0.5, 8]},
			"faces": {
				"north": {"uv": [0, 0, 0.75, 8], "rotation": 90, "texture": "#4"},
				"east": {"uv": [0, 0, 0.75, 8], "rotation": 90, "texture": "#4"},
				"south": {"uv": [0, 0, 0.75, 8], "rotation": 90, "texture": "#4"},
				"west": {"uv": [0, 0, 0.75, 8], "rotation": 90, "texture": "#4"},
				"up": {"uv": [0, 0, 0.75, 8], "rotation": 90, "texture": "#4"},
				"down": {"uv": [0, 0, 0.75, 8], "rotation": 90, "texture": "#4"}
			}
		},
		{
			"from": [6, 1.25, 4],
			"to": [6.25, 1.5, 4.5],
			"rotation": {"angle": 0, "axis": "y", "origin": [6.75, 0.5, 8]},
			"faces": {
				"north": {"uv": [0, 0, 0.75, 8], "rotation": 90, "texture": "#4"},
				"east": {"uv": [0, 0, 0.75, 8], "rotation": 90, "texture": "#4"},
				"south": {"uv": [0, 0, 0.75, 8], "rotation": 90, "texture": "#4"},
				"west": {"uv": [0, 0, 0.75, 8], "rotation": 90, "texture": "#4"},
				"up": {"uv": [0, 0, 0.75, 8], "rotation": 90, "texture": "#4"},
				"down": {"uv": [0, 0, 0.75, 8], "rotation": 90, "texture": "#4"}
			}
		},
		{
			"from": [9.5, -0.25, 12.5],
			"to": [13.75, 1, 13],
			"rotation": {"angle": 0, "axis": "y", "origin": [6.75, 0.5, 8]},
			"faces": {
				"north": {"uv": [1, 11, 2, 12], "rotation": 90, "texture": "#0"},
				"east": {"uv": [1, 11, 2, 12], "rotation": 90, "texture": "#0"},
				"south": {"uv": [1, 11, 2, 12], "rotation": 90, "texture": "#0"},
				"west": {"uv": [1, 11, 2, 12], "rotation": 90, "texture": "#0"},
				"up": {"uv": [1, 11, 2, 12], "rotation": 90, "texture": "#0"},
				"down": {"uv": [1, 11, 2, 12], "rotation": 90, "texture": "#0"}
			}
		},
		{
			"from": [9.25, -0.25, 3],
			"to": [13.75, 1, 3.5],
			"rotation": {"angle": 0, "axis": "y", "origin": [6.75, 0.5, 8]},
			"faces": {
				"north": {"uv": [1, 11, 2, 12], "rotation": 90, "texture": "#0"},
				"east": {"uv": [1, 11, 2, 12], "rotation": 90, "texture": "#0"},
				"south": {"uv": [1, 11, 2, 12], "rotation": 90, "texture": "#0"},
				"west": {"uv": [1, 11, 2, 12], "rotation": 90, "texture": "#0"},
				"up": {"uv": [1, 11, 2, 12], "rotation": 90, "texture": "#0"},
				"down": {"uv": [1, 11, 2, 12], "rotation": 90, "texture": "#0"}
			}
		},
		{
			"from": [10, -0.25, 4],
			"to": [14.25, 0.5, 4.75],
			"rotation": {"angle": 0, "axis": "y", "origin": [6.75, 0.5, 8]},
			"faces": {
				"north": {"uv": [1, 11, 2, 12], "rotation": 90, "texture": "#0"},
				"east": {"uv": [1, 11, 2, 12], "rotation": 90, "texture": "#0"},
				"south": {"uv": [1, 11, 2, 12], "rotation": 90, "texture": "#0"},
				"west": {"uv": [1, 11, 2, 12], "rotation": 90, "texture": "#0"},
				"up": {"uv": [1, 11, 2, 12], "rotation": 90, "texture": "#0"},
				"down": {"uv": [1, 11, 2, 12], "rotation": 90, "texture": "#0"}
			}
		},
		{
			"from": [8, 0.25, 4],
			"to": [10, 1, 4.75],
			"rotation": {"angle": 0, "axis": "y", "origin": [6.75, 0.5, 8]},
			"faces": {
				"north": {"uv": [1, 11, 2, 12], "rotation": 90, "texture": "#0"},
				"east": {"uv": [1, 11, 2, 12], "rotation": 90, "texture": "#0"},
				"south": {"uv": [1, 11, 2, 12], "rotation": 90, "texture": "#0"},
				"west": {"uv": [1, 11, 2, 12], "rotation": 90, "texture": "#0"},
				"up": {"uv": [1, 11, 2, 12], "rotation": 90, "texture": "#0"},
				"down": {"uv": [1, 11, 2, 12], "rotation": 90, "texture": "#0"}
			}
		},
		{
			"from": [7.25, 0.5, 4],
			"to": [9.25, 1.25, 4.75],
			"rotation": {"angle": 0, "axis": "y", "origin": [6.75, 0.5, 8]},
			"faces": {
				"north": {"uv": [1, 11, 2, 12], "rotation": 90, "texture": "#0"},
				"east": {"uv": [1, 11, 2, 12], "rotation": 90, "texture": "#0"},
				"south": {"uv": [1, 11, 2, 12], "rotation": 90, "texture": "#0"},
				"west": {"uv": [1, 11, 2, 12], "rotation": 90, "texture": "#0"},
				"up": {"uv": [1, 11, 2, 12], "rotation": 90, "texture": "#0"},
				"down": {"uv": [1, 11, 2, 12], "rotation": 90, "texture": "#0"}
			}
		},
		{
			"from": [10, -0.25, 11.25],
			"to": [14.25, 0.5, 12],
			"rotation": {"angle": 0, "axis": "y", "origin": [6.75, 0.5, 8]},
			"faces": {
				"north": {"uv": [1, 11, 2, 12], "rotation": 90, "texture": "#0"},
				"east": {"uv": [1, 11, 2, 12], "rotation": 90, "texture": "#0"},
				"south": {"uv": [1, 11, 2, 12], "rotation": 90, "texture": "#0"},
				"west": {"uv": [1, 11, 2, 12], "rotation": 90, "texture": "#0"},
				"up": {"uv": [1, 11, 2, 12], "rotation": 90, "texture": "#0"},
				"down": {"uv": [1, 11, 2, 12], "rotation": 90, "texture": "#0"}
			}
		},
		{
			"from": [8, 0.25, 11.25],
			"to": [10, 1, 12],
			"rotation": {"angle": 0, "axis": "y", "origin": [6.75, 0.5, 8]},
			"faces": {
				"north": {"uv": [1, 11, 2, 12], "rotation": 90, "texture": "#0"},
				"east": {"uv": [1, 11, 2, 12], "rotation": 90, "texture": "#0"},
				"south": {"uv": [1, 11, 2, 12], "rotation": 90, "texture": "#0"},
				"west": {"uv": [1, 11, 2, 12], "rotation": 90, "texture": "#0"},
				"up": {"uv": [1, 11, 2, 12], "rotation": 90, "texture": "#0"},
				"down": {"uv": [1, 11, 2, 12], "rotation": 90, "texture": "#0"}
			}
		},
		{
			"from": [7.25, 0.5, 11.25],
			"to": [9.25, 1.25, 12],
			"rotation": {"angle": 0, "axis": "y", "origin": [6.75, 0.5, 8]},
			"faces": {
				"north": {"uv": [1, 11, 2, 12], "rotation": 90, "texture": "#0"},
				"east": {"uv": [1, 11, 2, 12], "rotation": 90, "texture": "#0"},
				"south": {"uv": [1, 11, 2, 12], "rotation": 90, "texture": "#0"},
				"west": {"uv": [1, 11, 2, 12], "rotation": 90, "texture": "#0"},
				"up": {"uv": [1, 11, 2, 12], "rotation": 90, "texture": "#0"},
				"down": {"uv": [1, 11, 2, 12], "rotation": 90, "texture": "#0"}
			}
		},
		{
			"from": [10, -0.25, 3.5],
			"to": [14.25, 1, 4],
			"rotation": {"angle": 0, "axis": "y", "origin": [6.75, 0.5, 8]},
			"faces": {
				"north": {"uv": [1, 11, 2, 12], "rotation": 90, "texture": "#0"},
				"east": {"uv": [1, 11, 2, 12], "rotation": 90, "texture": "#0"},
				"south": {"uv": [1, 11, 2, 12], "rotation": 90, "texture": "#0"},
				"west": {"uv": [1, 11, 2, 12], "rotation": 90, "texture": "#0"},
				"up": {"uv": [1, 11, 2, 12], "rotation": 90, "texture": "#0"},
				"down": {"uv": [1, 11, 2, 12], "rotation": 90, "texture": "#0"}
			}
		},
		{
			"from": [8, 0, 3.5],
			"to": [10, 1.25, 4],
			"rotation": {"angle": 0, "axis": "y", "origin": [6.75, 0.5, 8]},
			"faces": {
				"north": {"uv": [1, 11, 2, 12], "rotation": 90, "texture": "#0"},
				"east": {"uv": [1, 11, 2, 12], "rotation": 90, "texture": "#0"},
				"south": {"uv": [1, 11, 2, 12], "rotation": 90, "texture": "#0"},
				"west": {"uv": [1, 11, 2, 12], "rotation": 90, "texture": "#0"},
				"up": {"uv": [1, 11, 2, 12], "rotation": 90, "texture": "#0"},
				"down": {"uv": [1, 11, 2, 12], "rotation": 90, "texture": "#0"}
			}
		},
		{
			"from": [7, 0.5, 3.5],
			"to": [7.5, 1.75, 4],
			"rotation": {"angle": 0, "axis": "y", "origin": [6.75, 0.5, 8]},
			"faces": {
				"north": {"uv": [1, 11, 2, 12], "rotation": 90, "texture": "#0"},
				"east": {"uv": [1, 11, 2, 12], "rotation": 90, "texture": "#0"},
				"south": {"uv": [1, 11, 2, 12], "rotation": 90, "texture": "#0"},
				"west": {"uv": [1, 11, 2, 12], "rotation": 90, "texture": "#0"},
				"up": {"uv": [1, 11, 2, 12], "rotation": 90, "texture": "#0"},
				"down": {"uv": [1, 11, 2, 12], "rotation": 90, "texture": "#0"}
			}
		},
		{
			"from": [7.5, 0.25, 3.5],
			"to": [8, 1.75, 4],
			"rotation": {"angle": 0, "axis": "y", "origin": [6.75, 0.5, 8]},
			"faces": {
				"north": {"uv": [1, 11, 2, 12], "rotation": 90, "texture": "#0"},
				"east": {"uv": [1, 11, 2, 12], "rotation": 90, "texture": "#0"},
				"south": {"uv": [1, 11, 2, 12], "rotation": 90, "texture": "#0"},
				"west": {"uv": [1, 11, 2, 12], "rotation": 90, "texture": "#0"},
				"up": {"uv": [1, 11, 2, 12], "rotation": 90, "texture": "#0"},
				"down": {"uv": [1, 11, 2, 12], "rotation": 90, "texture": "#0"}
			}
		},
		{
			"from": [6.5, 0.75, 3.5],
			"to": [7, 1.75, 4],
			"rotation": {"angle": 0, "axis": "y", "origin": [6.75, 0.5, 8]},
			"faces": {
				"north": {"uv": [1, 11, 2, 12], "rotation": 90, "texture": "#0"},
				"east": {"uv": [1, 11, 2, 12], "rotation": 90, "texture": "#0"},
				"south": {"uv": [1, 11, 2, 12], "rotation": 90, "texture": "#0"},
				"west": {"uv": [1, 11, 2, 12], "rotation": 90, "texture": "#0"},
				"up": {"uv": [1, 11, 2, 12], "rotation": 90, "texture": "#0"},
				"down": {"uv": [1, 11, 2, 12], "rotation": 90, "texture": "#0"}
			}
		},
		{
			"from": [10, 0.5, 3.25],
			"to": [13.5, 2, 12.75],
			"faces": {
				"north": {"uv": [0, 0, 15, 13], "texture": "#1"},
				"east": {"uv": [0, 0, 15, 13], "texture": "#1"},
				"south": {"uv": [0, 0, 15, 13], "texture": "#1"},
				"west": {"uv": [0, 0, 15, 13], "texture": "#1"},
				"up": {"uv": [0, 0, 15, 13], "texture": "#1"},
				"down": {"uv": [0, 0, 15, 13], "texture": "#1"}
			}
		},
		{
			"from": [10, 2, 3.25],
			"to": [11.75, 2.75, 12.75],
			"faces": {
				"north": {"uv": [0, 0, 15, 13], "texture": "#1"},
				"east": {"uv": [0, 0, 15, 13], "texture": "#1"},
				"south": {"uv": [0, 0, 15, 13], "texture": "#1"},
				"west": {"uv": [0, 0, 15, 13], "texture": "#1"},
				"up": {"uv": [0, 0, 15, 13], "texture": "#1"},
				"down": {"uv": [0, 0, 15, 13], "texture": "#1"}
			}
		},
		{
			"from": [11.75, 2, 3.75],
			"to": [13.5, 2.5, 12.25],
			"faces": {
				"north": {"uv": [0, 0, 15, 13], "texture": "#1"},
				"east": {"uv": [0, 0, 15, 13], "texture": "#1"},
				"south": {"uv": [0, 0, 15, 13], "texture": "#1"},
				"west": {"uv": [0, 0, 15, 13], "texture": "#1"},
				"up": {"uv": [0, 0, 15, 13], "texture": "#1"},
				"down": {"uv": [0, 0, 15, 13], "texture": "#1"}
			}
		},
		{
			"from": [9, 2, 3.5],
			"to": [10, 3, 12.5],
			"faces": {
				"north": {"uv": [0, 0, 15, 13], "texture": "#1"},
				"east": {"uv": [0, 0, 15, 13], "texture": "#1"},
				"south": {"uv": [0, 0, 15, 13], "texture": "#1"},
				"west": {"uv": [0, 0, 15, 13], "texture": "#1"},
				"up": {"uv": [0, 0, 15, 13], "texture": "#1"},
				"down": {"uv": [0, 0, 15, 13], "texture": "#1"}
			}
		},
		{
			"from": [9, 1.25, 3.5],
			"to": [10, 2, 12.5],
			"faces": {
				"north": {"uv": [0, 0, 15, 13], "texture": "#1"},
				"east": {"uv": [0, 0, 15, 13], "texture": "#1"},
				"south": {"uv": [0, 0, 15, 13], "texture": "#1"},
				"west": {"uv": [0, 0, 15, 13], "texture": "#1"},
				"up": {"uv": [0, 0, 15, 13], "texture": "#1"},
				"down": {"uv": [0, 0, 15, 13], "texture": "#1"}
			}
		},
		{
			"from": [8, 1.25, 3.75],
			"to": [9, 3.25, 12.25],
			"faces": {
				"north": {"uv": [0, 0, 15, 13], "texture": "#1"},
				"east": {"uv": [0, 0, 15, 13], "texture": "#1"},
				"south": {"uv": [0, 0, 15, 13], "texture": "#1"},
				"west": {"uv": [0, 0, 15, 13], "texture": "#1"},
				"up": {"uv": [0, 0, 15, 13], "texture": "#1"},
				"down": {"uv": [0, 0, 15, 13], "texture": "#1"}
			}
		},
		{
			"from": [7, 1.5, 3.75],
			"to": [8, 3.75, 12.25],
			"faces": {
				"north": {"uv": [0, 0, 15, 13], "texture": "#1"},
				"east": {"uv": [0, 0, 15, 13], "texture": "#1"},
				"south": {"uv": [0, 0, 15, 13], "texture": "#1"},
				"west": {"uv": [0, 0, 15, 13], "texture": "#1"},
				"up": {"uv": [0, 0, 15, 13], "texture": "#1"},
				"down": {"uv": [0, 0, 15, 13], "texture": "#1"}
			}
		},
		{
			"from": [6.25, 2, 4.75],
			"to": [7, 4.25, 11.25],
			"faces": {
				"north": {"uv": [0, 0, 15, 13], "texture": "#1"},
				"east": {"uv": [0, 0, 15, 13], "texture": "#1"},
				"south": {"uv": [0, 0, 15, 13], "texture": "#1"},
				"west": {"uv": [0, 0, 15, 13], "texture": "#1"},
				"up": {"uv": [0, 0, 15, 13], "texture": "#1"},
				"down": {"uv": [0, 0, 15, 13], "texture": "#1"}
			}
		},
		{
			"from": [6.75, 2, 4],
			"to": [7, 3.5, 4.75],
			"faces": {
				"north": {"uv": [0, 0, 15, 13], "texture": "#1"},
				"east": {"uv": [0, 0, 15, 13], "texture": "#1"},
				"south": {"uv": [0, 0, 15, 13], "texture": "#1"},
				"west": {"uv": [0, 0, 15, 13], "texture": "#1"},
				"up": {"uv": [0, 0, 15, 13], "texture": "#1"},
				"down": {"uv": [0, 0, 15, 13], "texture": "#1"}
			}
		},
		{
			"from": [6.5, 2, 4.25],
			"to": [6.75, 3.5, 4.75],
			"faces": {
				"north": {"uv": [0, 0, 15, 13], "texture": "#1"},
				"east": {"uv": [0, 0, 15, 13], "texture": "#1"},
				"south": {"uv": [0, 0, 15, 13], "texture": "#1"},
				"west": {"uv": [0, 0, 15, 13], "texture": "#1"},
				"up": {"uv": [0, 0, 15, 13], "texture": "#1"},
				"down": {"uv": [0, 0, 15, 13], "texture": "#1"}
			}
		},
		{
			"from": [6.5, 2, 11.25],
			"to": [6.75, 3.5, 11.75],
			"faces": {
				"north": {"uv": [0, 0, 15, 13], "texture": "#1"},
				"east": {"uv": [0, 0, 15, 13], "texture": "#1"},
				"south": {"uv": [0, 0, 15, 13], "texture": "#1"},
				"west": {"uv": [0, 0, 15, 13], "texture": "#1"},
				"up": {"uv": [0, 0, 15, 13], "texture": "#1"},
				"down": {"uv": [0, 0, 15, 13], "texture": "#1"}
			}
		},
		{
			"from": [8.75, 1.25, 3.5],
			"to": [9, 2.75, 3.75],
			"faces": {
				"north": {"uv": [0, 0, 15, 13], "texture": "#1"},
				"east": {"uv": [0, 0, 15, 13], "texture": "#1"},
				"south": {"uv": [0, 0, 15, 13], "texture": "#1"},
				"west": {"uv": [0, 0, 15, 13], "texture": "#1"},
				"up": {"uv": [0, 0, 15, 13], "texture": "#1"},
				"down": {"uv": [0, 0, 15, 13], "texture": "#1"}
			}
		},
		{
			"from": [8.75, 1.25, 12.25],
			"to": [9, 2.75, 12.5],
			"faces": {
				"north": {"uv": [0, 0, 15, 13], "texture": "#1"},
				"east": {"uv": [0, 0, 15, 13], "texture": "#1"},
				"south": {"uv": [0, 0, 15, 13], "texture": "#1"},
				"west": {"uv": [0, 0, 15, 13], "texture": "#1"},
				"up": {"uv": [0, 0, 15, 13], "texture": "#1"},
				"down": {"uv": [0, 0, 15, 13], "texture": "#1"}
			}
		},
		{
			"from": [9.75, 1, 3.25],
			"to": [10, 2.5, 3.5],
			"faces": {
				"north": {"uv": [0, 0, 15, 13], "texture": "#1"},
				"east": {"uv": [0, 0, 15, 13], "texture": "#1"},
				"south": {"uv": [0, 0, 15, 13], "texture": "#1"},
				"west": {"uv": [0, 0, 15, 13], "texture": "#1"},
				"up": {"uv": [0, 0, 15, 13], "texture": "#1"},
				"down": {"uv": [0, 0, 15, 13], "texture": "#1"}
			}
		},
		{
			"from": [9.75, 1, 12.5],
			"to": [10, 2.5, 12.75],
			"faces": {
				"north": {"uv": [0, 0, 15, 13], "texture": "#1"},
				"east": {"uv": [0, 0, 15, 13], "texture": "#1"},
				"south": {"uv": [0, 0, 15, 13], "texture": "#1"},
				"west": {"uv": [0, 0, 15, 13], "texture": "#1"},
				"up": {"uv": [0, 0, 15, 13], "texture": "#1"},
				"down": {"uv": [0, 0, 15, 13], "texture": "#1"}
			}
		},
		{
			"from": [13.5, 1, 12.25],
			"to": [13.75, 1.75, 12.5],
			"faces": {
				"north": {"uv": [0, 0, 15, 13], "texture": "#1"},
				"east": {"uv": [0, 0, 15, 13], "texture": "#1"},
				"south": {"uv": [0, 0, 15, 13], "texture": "#1"},
				"west": {"uv": [0, 0, 15, 13], "texture": "#1"},
				"up": {"uv": [0, 0, 15, 13], "texture": "#1"},
				"down": {"uv": [0, 0, 15, 13], "texture": "#1"}
			}
		},
		{
			"from": [13.5, 1, 3.5],
			"to": [13.75, 1.75, 3.75],
			"faces": {
				"north": {"uv": [0, 0, 15, 13], "texture": "#1"},
				"east": {"uv": [0, 0, 15, 13], "texture": "#1"},
				"south": {"uv": [0, 0, 15, 13], "texture": "#1"},
				"west": {"uv": [0, 0, 15, 13], "texture": "#1"},
				"up": {"uv": [0, 0, 15, 13], "texture": "#1"},
				"down": {"uv": [0, 0, 15, 13], "texture": "#1"}
			}
		},
		{
			"from": [14, 1, 11.75],
			"to": [14.25, 1.75, 12],
			"faces": {
				"north": {"uv": [0, 0, 15, 13], "texture": "#1"},
				"east": {"uv": [0, 0, 15, 13], "texture": "#1"},
				"south": {"uv": [0, 0, 15, 13], "texture": "#1"},
				"west": {"uv": [0, 0, 15, 13], "texture": "#1"},
				"up": {"uv": [0, 0, 15, 13], "texture": "#1"},
				"down": {"uv": [0, 0, 15, 13], "texture": "#1"}
			}
		},
		{
			"from": [14, 1, 4],
			"to": [14.25, 1.75, 4.25],
			"faces": {
				"north": {"uv": [0, 0, 15, 13], "texture": "#1"},
				"east": {"uv": [0, 0, 15, 13], "texture": "#1"},
				"south": {"uv": [0, 0, 15, 13], "texture": "#1"},
				"west": {"uv": [0, 0, 15, 13], "texture": "#1"},
				"up": {"uv": [0, 0, 15, 13], "texture": "#1"},
				"down": {"uv": [0, 0, 15, 13], "texture": "#1"}
			}
		},
		{
			"from": [6.75, 2, 11.25],
			"to": [7, 3.5, 12],
			"faces": {
				"north": {"uv": [0, 0, 15, 13], "texture": "#1"},
				"east": {"uv": [0, 0, 15, 13], "texture": "#1"},
				"south": {"uv": [0, 0, 15, 13], "texture": "#1"},
				"west": {"uv": [0, 0, 15, 13], "texture": "#1"},
				"up": {"uv": [0, 0, 15, 13], "texture": "#1"},
				"down": {"uv": [0, 0, 15, 13], "texture": "#1"}
			}
		},
		{
			"from": [6, 2.5, 5.25],
			"to": [6.25, 4.25, 10.75],
			"faces": {
				"north": {"uv": [0, 0, 15, 13], "texture": "#1"},
				"east": {"uv": [0, 0, 15, 13], "texture": "#1"},
				"south": {"uv": [0, 0, 15, 13], "texture": "#1"},
				"west": {"uv": [0, 0, 15, 13], "texture": "#1"},
				"up": {"uv": [0, 0, 15, 13], "texture": "#1"},
				"down": {"uv": [0, 0, 15, 13], "texture": "#1"}
			}
		},
		{
			"from": [5.75, 3, 7],
			"to": [6, 4.25, 9],
			"faces": {
				"north": {"uv": [0, 0, 15, 13], "texture": "#4"},
				"east": {"uv": [0, 0, 15, 13], "texture": "#4"},
				"south": {"uv": [0, 0, 15, 13], "texture": "#4"},
				"west": {"uv": [0, 0, 15, 13], "texture": "#4"},
				"up": {"uv": [0, 0, 15, 13], "texture": "#4"},
				"down": {"uv": [0, 0, 15, 13], "texture": "#4"}
			}
		},
		{
			"from": [5.75, 2.5, 7],
			"to": [6, 3, 9],
			"faces": {
				"north": {"uv": [0, 0, 15, 13], "texture": "#4"},
				"east": {"uv": [0, 0, 15, 13], "texture": "#4"},
				"south": {"uv": [0, 0, 15, 13], "texture": "#4"},
				"west": {"uv": [0, 0, 15, 13], "texture": "#4"},
				"up": {"uv": [0, 0, 15, 13], "texture": "#4"},
				"down": {"uv": [0, 0, 15, 13], "texture": "#4"}
			}
		},
		{
			"from": [6, 2.25, 7.25],
			"to": [6.25, 2.5, 8.75],
			"faces": {
				"north": {"uv": [0, 0, 15, 13], "texture": "#4"},
				"east": {"uv": [0, 0, 15, 13], "texture": "#4"},
				"south": {"uv": [0, 0, 15, 13], "texture": "#4"},
				"west": {"uv": [0, 0, 15, 13], "texture": "#4"},
				"up": {"uv": [0, 0, 15, 13], "texture": "#4"},
				"down": {"uv": [0, 0, 15, 13], "texture": "#4"}
			}
		},
		{
			"from": [6, 2.25, 7],
			"to": [6.25, 2.5, 7.25],
			"faces": {
				"north": {"uv": [7, 0, 10, 3], "texture": "#0"},
				"east": {"uv": [7, 0, 10, 3], "texture": "#0"},
				"south": {"uv": [7, 0, 10, 3], "texture": "#0"},
				"west": {"uv": [7, 0, 10, 3], "texture": "#0"},
				"up": {"uv": [7, 0, 10, 3], "texture": "#0"},
				"down": {"uv": [7, 0, 10, 3], "texture": "#0"}
			}
		},
		{
			"from": [6, 2.25, 8.75],
			"to": [6.25, 2.5, 9],
			"faces": {
				"north": {"uv": [7, 0, 10, 3], "texture": "#0"},
				"east": {"uv": [7, 0, 10, 3], "texture": "#0"},
				"south": {"uv": [7, 0, 10, 3], "texture": "#0"},
				"west": {"uv": [7, 0, 10, 3], "texture": "#0"},
				"up": {"uv": [7, 0, 10, 3], "texture": "#0"},
				"down": {"uv": [7, 0, 10, 3], "texture": "#0"}
			}
		},
		{
			"from": [5.75, 2.5, 9],
			"to": [6, 3, 9.25],
			"faces": {
				"north": {"uv": [7, 0, 10, 3], "texture": "#0"},
				"east": {"uv": [7, 0, 10, 3], "texture": "#0"},
				"south": {"uv": [7, 0, 10, 3], "texture": "#0"},
				"west": {"uv": [7, 0, 10, 3], "texture": "#0"},
				"up": {"uv": [7, 0, 10, 3], "texture": "#0"},
				"down": {"uv": [7, 0, 10, 3], "texture": "#0"}
			}
		},
		{
			"from": [5.75, 2.5, 6.75],
			"to": [6, 3, 7],
			"faces": {
				"north": {"uv": [7, 0, 10, 3], "texture": "#0"},
				"east": {"uv": [7, 0, 10, 3], "texture": "#0"},
				"south": {"uv": [7, 0, 10, 3], "texture": "#0"},
				"west": {"uv": [7, 0, 10, 3], "texture": "#0"},
				"up": {"uv": [7, 0, 10, 3], "texture": "#0"},
				"down": {"uv": [7, 0, 10, 3], "texture": "#0"}
			}
		},
		{
			"from": [5.75, 3, 6.75],
			"to": [6, 4.25, 7],
			"faces": {
				"north": {"uv": [7, 0, 10, 3], "texture": "#0"},
				"east": {"uv": [7, 0, 10, 3], "texture": "#0"},
				"south": {"uv": [7, 0, 10, 3], "texture": "#0"},
				"west": {"uv": [7, 0, 10, 3], "texture": "#0"},
				"up": {"uv": [7, 0, 10, 3], "texture": "#0"},
				"down": {"uv": [7, 0, 10, 3], "texture": "#0"}
			}
		},
		{
			"from": [5.75, 4.25, 7],
			"to": [6, 4.5, 7.25],
			"faces": {
				"north": {"uv": [7, 0, 10, 3], "texture": "#0"},
				"east": {"uv": [7, 0, 10, 3], "texture": "#0"},
				"south": {"uv": [7, 0, 10, 3], "texture": "#0"},
				"west": {"uv": [7, 0, 10, 3], "texture": "#0"},
				"up": {"uv": [7, 0, 10, 3], "texture": "#0"},
				"down": {"uv": [7, 0, 10, 3], "texture": "#0"}
			}
		},
		{
			"from": [5.75, 4.25, 8.75],
			"to": [6, 4.5, 9],
			"faces": {
				"north": {"uv": [7, 0, 10, 3], "texture": "#0"},
				"east": {"uv": [7, 0, 10, 3], "texture": "#0"},
				"south": {"uv": [7, 0, 10, 3], "texture": "#0"},
				"west": {"uv": [7, 0, 10, 3], "texture": "#0"},
				"up": {"uv": [7, 0, 10, 3], "texture": "#0"},
				"down": {"uv": [7, 0, 10, 3], "texture": "#0"}
			}
		},
		{
			"from": [5.75, 3, 9],
			"to": [6, 4.25, 9.25],
			"faces": {
				"north": {"uv": [7, 0, 10, 3], "texture": "#0"},
				"east": {"uv": [7, 0, 10, 3], "texture": "#0"},
				"south": {"uv": [7, 0, 10, 3], "texture": "#0"},
				"west": {"uv": [7, 0, 10, 3], "texture": "#0"},
				"up": {"uv": [7, 0, 10, 3], "texture": "#0"},
				"down": {"uv": [7, 0, 10, 3], "texture": "#0"}
			}
		},
		{
			"from": [5.75, 4.5, 7.25],
			"to": [6, 4.75, 8.75],
			"faces": {
				"north": {"uv": [8, 0, 9, 2], "texture": "#2"},
				"east": {"uv": [8, 0, 9, 2], "texture": "#2"},
				"south": {"uv": [8, 0, 9, 2], "texture": "#2"},
				"west": {"uv": [8, 0, 9, 2], "texture": "#2"},
				"up": {"uv": [8, 0, 9, 2], "texture": "#2"},
				"down": {"uv": [8, 0, 9, 2], "texture": "#2"}
			}
		},
		{
			"from": [5.75, 4.25, 7.25],
			"to": [6, 4.5, 8.75],
			"faces": {
				"north": {"uv": [8, 0, 9, 2], "texture": "#4"},
				"east": {"uv": [8, 0, 9, 2], "texture": "#4"},
				"south": {"uv": [8, 0, 9, 2], "texture": "#4"},
				"west": {"uv": [8, 0, 9, 2], "texture": "#4"},
				"up": {"uv": [8, 0, 9, 2], "texture": "#4"},
				"down": {"uv": [8, 0, 9, 2], "texture": "#4"}
			}
		},
		{
			"from": [5.75, 4.75, 6.75],
			"to": [6.5, 5, 9.25],
			"faces": {
				"north": {"uv": [0, 0, 15, 13], "texture": "#1"},
				"east": {"uv": [0, 0, 15, 13], "texture": "#1"},
				"south": {"uv": [0, 0, 15, 13], "texture": "#1"},
				"west": {"uv": [0, 0, 15, 13], "texture": "#1"},
				"up": {"uv": [0, 0, 15, 13], "texture": "#1"},
				"down": {"uv": [0, 0, 15, 13], "texture": "#1"}
			}
		},
		{
			"from": [5.7, 2.5, 7],
			"to": [5.7, 4.25, 9],
			"faces": {
				"north": {"uv": [0, 0, 16, 16], "texture": "#3"},
				"east": {"uv": [0, 0, 16, 16], "texture": "#3"},
				"south": {"uv": [0, 0, 16, 16], "texture": "#3"},
				"west": {"uv": [0, 0, 16, 16], "texture": "#3"},
				"up": {"uv": [0, 0, 16, 16], "texture": "#3"},
				"down": {"uv": [0, 0, 16, 16], "texture": "#3"}
			}
		},
		{
			"from": [6, 4.25, 5.75],
			"to": [6.75, 4.75, 10.25],
			"faces": {
				"north": {"uv": [0, 0, 15, 13], "texture": "#1"},
				"east": {"uv": [0, 0, 15, 13], "texture": "#1"},
				"south": {"uv": [0, 0, 15, 13], "texture": "#1"},
				"west": {"uv": [0, 0, 15, 13], "texture": "#1"},
				"up": {"uv": [0, 0, 15, 13], "texture": "#1"},
				"down": {"uv": [0, 0, 15, 13], "texture": "#1"}
			}
		},
		{
			"from": [6.75, 4, 5.75],
			"to": [7, 4.5, 10.25],
			"faces": {
				"north": {"uv": [0, 0, 15, 13], "texture": "#1"},
				"east": {"uv": [0, 0, 15, 13], "texture": "#1"},
				"south": {"uv": [0, 0, 15, 13], "texture": "#1"},
				"west": {"uv": [0, 0, 15, 13], "texture": "#1"},
				"up": {"uv": [0, 0, 15, 13], "texture": "#1"},
				"down": {"uv": [0, 0, 15, 13], "texture": "#1"}
			}
		},
		{
			"from": [7.25, 3.75, 5.75],
			"to": [7.5, 4.25, 10.25],
			"faces": {
				"north": {"uv": [0, 0, 15, 13], "texture": "#1"},
				"east": {"uv": [0, 0, 15, 13], "texture": "#1"},
				"south": {"uv": [0, 0, 15, 13], "texture": "#1"},
				"west": {"uv": [0, 0, 15, 13], "texture": "#1"},
				"up": {"uv": [0, 0, 15, 13], "texture": "#1"},
				"down": {"uv": [0, 0, 15, 13], "texture": "#1"}
			}
		},
		{
			"from": [7, 4, 5.75],
			"to": [7.25, 4.25, 10.25],
			"faces": {
				"north": {"uv": [0, 0, 15, 13], "texture": "#1"},
				"east": {"uv": [0, 0, 15, 13], "texture": "#1"},
				"south": {"uv": [0, 0, 15, 13], "texture": "#1"},
				"west": {"uv": [0, 0, 15, 13], "texture": "#1"},
				"up": {"uv": [0, 0, 15, 13], "texture": "#1"},
				"down": {"uv": [0, 0, 15, 13], "texture": "#1"}
			}
		},
		{
			"from": [7, 3.75, 5],
			"to": [7.25, 4, 11],
			"faces": {
				"north": {"uv": [0, 0, 15, 13], "texture": "#1"},
				"east": {"uv": [0, 0, 15, 13], "texture": "#1"},
				"south": {"uv": [0, 0, 15, 13], "texture": "#1"},
				"west": {"uv": [0, 0, 15, 13], "texture": "#1"},
				"up": {"uv": [0, 0, 15, 13], "texture": "#1"},
				"down": {"uv": [0, 0, 15, 13], "texture": "#1"}
			}
		},
		{
			"from": [7.5, 3.75, 5.75],
			"to": [7.75, 4, 10.25],
			"faces": {
				"north": {"uv": [0, 0, 15, 13], "texture": "#1"},
				"east": {"uv": [0, 0, 15, 13], "texture": "#1"},
				"south": {"uv": [0, 0, 15, 13], "texture": "#1"},
				"west": {"uv": [0, 0, 15, 13], "texture": "#1"},
				"up": {"uv": [0, 0, 15, 13], "texture": "#1"},
				"down": {"uv": [0, 0, 15, 13], "texture": "#1"}
			}
		},
		{
			"from": [8, 3.25, 5.75],
			"to": [8.25, 3.5, 10.25],
			"faces": {
				"north": {"uv": [0, 0, 15, 13], "texture": "#1"},
				"east": {"uv": [0, 0, 15, 13], "texture": "#1"},
				"south": {"uv": [0, 0, 15, 13], "texture": "#1"},
				"west": {"uv": [0, 0, 15, 13], "texture": "#1"},
				"up": {"uv": [0, 0, 15, 13], "texture": "#1"},
				"down": {"uv": [0, 0, 15, 13], "texture": "#1"}
			}
		},
		{
			"from": [13.5, 2, 4.5],
			"to": [13.75, 2.25, 11.5],
			"faces": {
				"north": {"uv": [0, 0, 15, 13], "texture": "#1"},
				"east": {"uv": [0, 0, 15, 13], "texture": "#1"},
				"south": {"uv": [0, 0, 15, 13], "texture": "#1"},
				"west": {"uv": [0, 0, 15, 13], "texture": "#1"},
				"up": {"uv": [0, 0, 15, 13], "texture": "#1"},
				"down": {"uv": [0, 0, 15, 13], "texture": "#1"}
			}
		},
		{
			"from": [13.75, 2, 5],
			"to": [14, 2.25, 11],
			"faces": {
				"north": {"uv": [0, 0, 15, 13], "texture": "#1"},
				"east": {"uv": [0, 0, 15, 13], "texture": "#1"},
				"south": {"uv": [0, 0, 15, 13], "texture": "#1"},
				"west": {"uv": [0, 0, 15, 13], "texture": "#1"},
				"up": {"uv": [0, 0, 15, 13], "texture": "#1"},
				"down": {"uv": [0, 0, 15, 13], "texture": "#1"}
			}
		},
		{
			"from": [13.5, 2.25, 5.25],
			"to": [13.75, 2.5, 10.75],
			"faces": {
				"north": {"uv": [0, 0, 15, 13], "texture": "#1"},
				"east": {"uv": [0, 0, 15, 13], "texture": "#1"},
				"south": {"uv": [0, 0, 15, 13], "texture": "#1"},
				"west": {"uv": [0, 0, 15, 13], "texture": "#1"},
				"up": {"uv": [0, 0, 15, 13], "texture": "#1"},
				"down": {"uv": [0, 0, 15, 13], "texture": "#1"}
			}
		},
		{
			"from": [11.75, 2.5, 5.25],
			"to": [12, 2.75, 10.75],
			"faces": {
				"north": {"uv": [0, 0, 15, 13], "texture": "#1"},
				"east": {"uv": [0, 0, 15, 13], "texture": "#1"},
				"south": {"uv": [0, 0, 15, 13], "texture": "#1"},
				"west": {"uv": [0, 0, 15, 13], "texture": "#1"},
				"up": {"uv": [0, 0, 15, 13], "texture": "#1"},
				"down": {"uv": [0, 0, 15, 13], "texture": "#1"}
			}
		},
		{
			"from": [10, 2.75, 5.25],
			"to": [10.25, 3, 10.75],
			"faces": {
				"north": {"uv": [0, 0, 15, 13], "texture": "#1"},
				"east": {"uv": [0, 0, 15, 13], "texture": "#1"},
				"south": {"uv": [0, 0, 15, 13], "texture": "#1"},
				"west": {"uv": [0, 0, 15, 13], "texture": "#1"},
				"up": {"uv": [0, 0, 15, 13], "texture": "#1"},
				"down": {"uv": [0, 0, 15, 13], "texture": "#1"}
			}
		},
		{
			"from": [9, 3, 5.25],
			"to": [9.25, 3.25, 10.75],
			"faces": {
				"north": {"uv": [0, 0, 15, 13], "texture": "#1"},
				"east": {"uv": [0, 0, 15, 13], "texture": "#1"},
				"south": {"uv": [0, 0, 15, 13], "texture": "#1"},
				"west": {"uv": [0, 0, 15, 13], "texture": "#1"},
				"up": {"uv": [0, 0, 15, 13], "texture": "#1"},
				"down": {"uv": [0, 0, 15, 13], "texture": "#1"}
			}
		},
		{
			"from": [11.75, 2, 12.25],
			"to": [13.25, 2.25, 12.5],
			"faces": {
				"north": {"uv": [0, 0, 15, 13], "texture": "#1"},
				"east": {"uv": [0, 0, 15, 13], "texture": "#1"},
				"south": {"uv": [0, 0, 15, 13], "texture": "#1"},
				"west": {"uv": [0, 0, 15, 13], "texture": "#1"},
				"up": {"uv": [0, 0, 15, 13], "texture": "#1"},
				"down": {"uv": [0, 0, 15, 13], "texture": "#1"}
			}
		},
		{
			"from": [11.75, 2, 3.5],
			"to": [13.25, 2.25, 3.75],
			"faces": {
				"north": {"uv": [0, 0, 15, 13], "texture": "#1"},
				"east": {"uv": [0, 0, 15, 13], "texture": "#1"},
				"south": {"uv": [0, 0, 15, 13], "texture": "#1"},
				"west": {"uv": [0, 0, 15, 13], "texture": "#1"},
				"up": {"uv": [0, 0, 15, 13], "texture": "#1"},
				"down": {"uv": [0, 0, 15, 13], "texture": "#1"}
			}
		},
		{
			"from": [13.5, 0.5, 3.75],
			"to": [14, 2, 12.25],
			"faces": {
				"north": {"uv": [0, 0, 15, 13], "texture": "#1"},
				"east": {"uv": [0, 0, 15, 13], "texture": "#1"},
				"south": {"uv": [0, 0, 15, 13], "texture": "#1"},
				"west": {"uv": [0, 0, 15, 13], "texture": "#1"},
				"up": {"uv": [0, 0, 15, 13], "texture": "#1"},
				"down": {"uv": [0, 0, 15, 13], "texture": "#1"}
			}
		},
		{
			"from": [14, 0.5, 4.25],
			"to": [14.5, 2, 11.75],
			"faces": {
				"north": {"uv": [0, 0, 15, 13], "texture": "#1"},
				"east": {"uv": [0, 0, 15, 13], "texture": "#1"},
				"south": {"uv": [0, 0, 15, 13], "texture": "#1"},
				"west": {"uv": [0, 0, 15, 13], "texture": "#1"},
				"up": {"uv": [0, 0, 15, 13], "texture": "#1"},
				"down": {"uv": [0, 0, 15, 13], "texture": "#1"}
			}
		}
	],
	"display": {
		"thirdperson_righthand": {
			"rotation": [0, 90, 0],
			"translation": [0, 5.75, -4]
		},
		"thirdperson_lefthand": {
			"rotation": [0, -87, 0],
			"translation": [-0.25, 7, -3.5]
		},
		"firstperson_righthand": {
			"rotation": [0, 25, 0],
			"translation": [0.25, 5.5, 0],
			"scale": [0.44, 0.44, 0.44]
		},
		"ground": {
			"translation": [0, 8.5, 0]
		},
		"gui": {
			"rotation": [14, 130, 0],
			"translation": [3, 9.5, -5.5],
			"scale": [1.49, 1.49, 1.49]
		},
		"head": {
			"rotation": [5, -90, 0],
			"translation": [0, 17.5, -2.75],
			"scale": [1.85, 1.85, 1.85]
		},
		"fixed": {
			"rotation": [0, -90, 0],
			"translation": [0, 9.25, -9.5],
			"scale": [1.36, 1.36, 1.36]
		}
	}
}