{
    "providers": [
        {
            "type": "bitmap",
            "file": "paradisu:font/ranks/audio_engineer.png",
            "ascent": 7,
            "chars": ["\ue000"]
        },
        {
            "type": "bitmap",
            "file": "paradisu:font/ranks/builder.png",
            "ascent": 7,
            "chars": ["\ue001"]
        },
        {
            "type": "bitmap",
            "file": "paradisu:font/ranks/developer.png",
            "ascent": 7,
            "chars": ["\ue002"]
        },
        {
            "type": "bitmap",
            "file": "paradisu:font/ranks/graphic_designer.png",
            "ascent": 7,
            "chars": ["\ue003"]
        },
        {
            "type": "bitmap",
            "file": "paradisu:font/ranks/modeler.png",
            "ascent": 7,
            "chars": ["\ue004"]
        },
        {
            "type": "bitmap",
            "file": "paradisu:font/ranks/moderator.png",
            "ascent": 7,
            "chars": ["\ue005"]
        },
        {
            "type": "bitmap",
            "file": "paradisu:font/ranks/owner.png",
            "ascent": 7,
            "chars": ["\ue006"]
        },
        {
            "type": "bitmap",
            "file": "paradisu:font/ranks/staff.png",
            "ascent": 7,
            "chars": ["\ue007"]
        },
        {
            "type": "bitmap",
            "file": "paradisu:font/ranks/supporter.png",
            "ascent": 7,
            "chars": ["\ue008"]
        },
        {
            "type": "bitmap",
            "file": "paradisu:font/ranks/texture_artist.png",
            "ascent": 7,
            "chars": ["\ue009"]
        },
        {
            "type": "bitmap",
            "file": "paradisu:font/ranks/visitor.png",
            "ascent": 7,
            "chars": ["\ue00a"]
        }
    ]
}
